expected_cut,best_sampled_cut,optimizer,depth,noise_condition,optimizer_evaluations,circuit_executions,total_executed_shots,two_qubit_gates,circuit_depth,simulator_runtime_seconds,optimal_parameters,experiment_id,graph_id,graph_family,num_nodes,num_edges,graph_seed,config_id,shots_per_circuit,exact_optimum,run_seed,schema_version,expected_approximation_ratio,best_sampled_approximation_ratio,run_status,failure_reason
6.19140625,10,COBYLA,1,N0,28,29,7424,12,9,0.4144802390001132,"(2.571911315930139, 0.7021838283240782)",G0001_C01_N0_S1000,G0001,erdos_renyi,10,12,10000,C01,256,10,1000,1.0,0.619140625,1.0,success,
6.3984375,10,COBYLA,1,N0,27,28,7168,12,9,0.2036122960000739,"(2.399760218198843, 0.5280927795396901)",G0001_C01_N0_S1001,G0001,erdos_renyi,10,12,10000,C01,256,10,1001,1.0,0.63984375,1.0,success,
6.59765625,10,COBYLA,1,N0,31,32,16384,12,9,0.2925975729999663,"(2.39823335692199, 0.45944896792997253)",G0001_C02_N0_S1000,G0001,erdos_renyi,10,12,10000,C02,512,10,1000,1.0,0.659765625,1.0,success,
6.373046875,10,COBYLA,1,N0,27,28,14336,12,9,0.2810974179999448,"(2.090167101338823, 0.3859845814578535)",G0001_C02_N0_S1001,G0001,erdos_renyi,10,12,10000,C02,512,10,1001,1.0,0.6373046875,1.0,success,
6.296875,10,SPSA,1,N0,79,80,20480,12,9,0.4630708449999474,"(1.799791940575344, 0.3887379602600877)",G0001_C03_N0_S1000,G0001,erdos_renyi,10,12,10000,C03,256,10,1000,1.0,0.6296875,1.0,success,
6.4296875,10,SPSA,1,N0,79,80,20480,12,9,0.4471407649998582,"(2.264008024871755, 0.4437104330603415)",G0001_C03_N0_S1001,G0001,erdos_renyi,10,12,10000,C03,256,10,1001,1.0,0.64296875,1.0,success,
6.42578125,10,SPSA,1,N0,79,80,40960,12,9,0.6388234600001397,"(1.9616991983870595, 0.4520388153252217)",G0001_C04_N0_S1000,G0001,erdos_renyi,10,12,10000,C04,512,10,1000,1.0,0.642578125,1.0,success,
6.32421875,10,SPSA,1,N0,79,80,40960,12,9,0.6474409809998178,"(2.2631066631662025, 0.5092606427907661)",G0001_C04_N0_S1001,G0001,erdos_renyi,10,12,10000,C04,512,10,1001,1.0,0.632421875,1.0,success,
6.60546875,10,COBYLA,2,N0,41,42,10752,24,14,1.9142532280000069,"(1.6223100378661666, 1.949548267837853, 0.5367522584182681, 0.26117552070694044)",G0001_C05_N0_S1000,G0001,erdos_renyi,10,12,10000,C05,256,10,1000,1.0,0.660546875,1.0,success,
6.87890625,10,COBYLA,2,N0,40,41,10496,24,14,0.3359072550001656,"(1.5334660486404486, -0.3731021643179699, 1.0271732743867004, 0.963240198642843)",G0001_C05_N0_S1001,G0001,erdos_renyi,10,12,10000,C05,256,10,1001,1.0,0.687890625,1.0,success,
6.435546875,10,COBYLA,2,N0,37,38,19456,24,14,1.385307173000001,"(1.6281942994293197, 1.9924384212891217, 0.7231076311891622, 0.29616259601073835)",G0001_C06_N0_S1000,G0001,erdos_renyi,10,12,10000,C06,512,10,1000,1.0,0.6435546875,1.0,success,
6.279296875,10,COBYLA,2,N0,38,39,19968,24,14,0.4258214920000682,"(2.0359499561859686, 0.1379625357575181, 0.8227430360252068, 1.3121578956064652)",G0001_C06_N0_S1001,G0001,erdos_renyi,10,12,10000,C06,512,10,1001,1.0,0.6279296875,1.0,success,
7.76171875,10,SPSA,2,N0,79,80,20480,24,14,1.3627915829999893,"(1.0195948219047806, 1.630798862167741, 0.317098332144351, 0.2946372146439121)",G0001_C07_N0_S1000,G0001,erdos_renyi,10,12,10000,C07,256,10,1000,1.0,0.776171875,1.0,success,
6.32421875,9,SPSA,2,N0,79,80,20480,24,14,0.5174690300000293,"(2.289837825728687, -0.08424776827868086, 0.37134024887111083, 1.739397998803323)",G0001_C07_N0_S1001,G0001,erdos_renyi,10,12,10000,C07,256,10,1001,1.0,0.632421875,0.9,success,
6.939453125,10,SPSA,2,N0,79,80,40960,24,14,0.6468385199998465,"(1.549528981912293, 2.017689379948363, 0.5105834370885295, 0.5817452166681135)",G0001_C08_N0_S1000,G0001,erdos_renyi,10,12,10000,C08,512,10,1000,1.0,0.6939453125,1.0,success,
6.408203125,10,SPSA,2,N0,79,80,40960,24,14,0.8616557390000708,"(2.2700940232274913, -0.10241614744722953, 0.45579071780040553, 1.6621097871753052)",G0001_C08_N0_S1001,G0001,erdos_renyi,10,12,10000,C08,512,10,1001,1.0,0.6408203125,1.0,success,
6.74609375,10,COBYLA,3,N0,50,51,13056,36,19,0.4657008440001391,"(1.5198029985273882, 2.4674410940655567, 1.9960100193479837, 0.541254372715743, 0.7093117189479758, 0.20502003957545087)",G0001_C09_N0_S1000,G0001,erdos_renyi,10,12,10000,C09,256,10,1000,1.0,0.674609375,1.0,success,
6.19140625,10,COBYLA,3,N0,53,54,13824,36,19,1.2211459860000105,"(1.9369671773287052, 0.023575365384871212, 0.5923474767626072, 1.3522931859920246, 0.12254161505440812, 0.3174604395167424)",G0001_C09_N0_S1001,G0001,erdos_renyi,10,12,10000,C09,256,10,1001,1.0,0.619140625,1.0,success,
6.39453125,10,COBYLA,3,N0,54,55,28160,36,19,0.6196662710001419,"(1.639054312573697, 2.396978391418495, 2.004704962739324, 0.3368586989672444, 0.8340743452985987, 0.27704300027963114)",G0001_C10_N0_S1000,G0001,erdos_renyi,10,12,10000,C10,512,10,1000,1.0,0.639453125,1.0,success,
6.216796875,10,COBYLA,3,N0,54,55,28160,36,19,1.0742980269999407,"(1.9360129741077976, 0.03315018193913599, 0.5869365162732383, 1.3466432900435614, 0.12405903722850972, 0.31459622360796025)",G0001_C10_N0_S1001,G0001,erdos_renyi,10,12,10000,C10,512,10,1001,1.0,0.6216796875,1.0,success,
7.8828125,10,SPSA,3,N0,79,80,20480,36,19,0.5626684849999037,"(1.326646851493845, 2.2509910344723703, 2.010999302652437, 0.032150787560426414, 1.2233481049655328, -0.2507941129540549)",G0001_C11_N0_S1000,G0001,erdos_renyi,10,12,10000,C11,256,10,1000,1.0,0.78828125,1.0,success,
6.48046875,10,SPSA,3,N0,79,80,20480,36,19,0.5948094589998618,"(1.7151161626890403, -0.1642765056797802, 0.7202440186682711, 1.387302630199088, 0.24609894208591954, 0.5294727973712167)",G0001_C11_N0_S1001,G0001,erdos_renyi,10,12,10000,C11,256,10,1001,1.0,0.648046875,1.0,success,
7.931640625,10,SPSA,3,N0,79,80,40960,36,19,0.7000209360001008,"(1.2941053352293945, 2.2792210375690813, 1.8614111319194113, 0.03180069313775223, 1.2098677061548793, -0.2810317243573724)",G0001_C12_N0_S1000,G0001,erdos_renyi,10,12,10000,C12,512,10,1000,1.0,0.7931640625,1.0,success,
6.591796875,10,SPSA,3,N0,79,80,40960,36,19,0.7865720360000523,"(1.820750892835922, -0.11273933480214945, 0.6215062568472713, 1.38713317405448, 0.13626462205585013, 0.4610926323585068)",G0001_C12_N0_S1001,G0001,erdos_renyi,10,12,10000,C12,512,10,1001,1.0,0.6591796875,1.0,success,
7.640625,12,COBYLA,1,N0,24,25,6400,14,11,0.1798155220001263,"(2.1063628036840782, 0.9027410290092204)",G0002_C01_N0_S1000,G0002,erdos_renyi,10,14,10001,C01,256,12,1000,1.0,0.63671875,1.0,success,
7.6171875,12,COBYLA,1,N0,28,29,7424,14,11,0.208938807000095,"(2.3255376437174715, -0.22711867807161173)",G0002_C01_N0_S1001,G0002,erdos_renyi,10,14,10001,C01,256,12,1001,1.0,0.634765625,1.0,success,
7.7578125,12,COBYLA,1,N0,26,27,13824,14,11,0.240354453000009,"(2.083977952098982, 0.9423801977832252)",G0002_C02_N0_S1000,G0002,erdos_renyi,10,14,10001,C02,512,12,1000,1.0,0.646484375,1.0,success,
7.68359375,12,COBYLA,1,N0,28,29,14848,14,11,0.2849014830001124,"(2.3501777245684017, -0.339439686524254)",G0002_C02_N0_S1001,G0002,erdos_renyi,10,14,10001,C02,512,12,1001,1.0,0.6402994791666666,1.0,success,
7.9375,12,SPSA,1,N0,79,80,20480,14,11,0.4777441609999187,"(2.1176672496283198, 0.9944786068179889)",G0002_C03_N0_S1000,G0002,erdos_renyi,10,14,10001,C03,256,12,1000,1.0,0.6614583333333334,1.0,success,
7.79296875,12,SPSA,1,N0,79,80,20480,14,11,0.5302002320001975,"(2.129270334428175, -0.42572977886659896)",G0002_C03_N0_S1001,G0002,erdos_renyi,10,14,10001,C03,256,12,1001,1.0,0.6494140625,1.0,success,
7.9140625,12,SPSA,1,N0,79,80,40960,14,11,0.6191841980000845,"(2.1435563196223053, 1.1047915973066402)",G0002_C04_N0_S1000,G0002,erdos_renyi,10,14,10001,C04,512,12,1000,1.0,0.6595052083333334,1.0,success,
7.8828125,12,SPSA,1,N0,79,80,40960,14,11,1.486006227999951,"(2.0779512579513786, -0.45459497591184067)",G0002_C04_N0_S1001,G0002,erdos_renyi,10,14,10001,C04,512,12,1001,1.0,0.6569010416666666,1.0,success,
8.0078125,12,COBYLA,2,N0,37,38,9728,28,17,0.294698918999984,"(2.1479045668611816, 1.8369944348398068, 1.241232997838984, 0.3177683442744952)",G0002_C05_N0_S1000,G0002,erdos_renyi,10,14,10001,C05,256,12,1000,1.0,0.6673177083333334,1.0,success,
7.5703125,11,COBYLA,2,N0,43,44,11264,28,17,0.6201922640000248,"(3.1977989651486425, -0.7110184269703828, -0.6476273444889455, 0.9600047027780365)",G0002_C05_N0_S1001,G0002,erdos_renyi,10,14,10001,C05,256,12,1001,1.0,0.630859375,0.9166666666666666,success,
8.11328125,12,COBYLA,2,N0,37,38,19456,28,17,0.3706008159999783,"(2.199939824095459, 1.8874794058610551, 1.2396375262495012, 0.31940155372558676)",G0002_C06_N0_S1000,G0002,erdos_renyi,10,14,10001,C06,512,12,1000,1.0,0.6761067708333334,1.0,success,
7.783203125,12,COBYLA,2,N0,38,39,19968,28,17,0.4052398730000277,"(1.9079962124802323, -0.055206398794413476, -0.22609123007081386, 1.3264709377667432)",G0002_C06_N0_S1001,G0002,erdos_renyi,10,14,10001,C06,512,12,1001,1.0,0.6486002604166666,1.0,success,
8.21875,12,SPSA,2,N0,79,80,20480,28,17,0.5259476559999712,"(1.5419637161047173, 2.4302534053416127, 0.3360268303451895, 0.5777094054767555)",G0002_C07_N0_S1000,G0002,erdos_renyi,10,14,10001,C07,256,12,1000,1.0,0.6848958333333334,1.0,success,
7.85546875,12,SPSA,2,N0,79,80,20480,28,17,0.5761355690001437,"(1.7275436794981334, 0.3895594558407159, 0.04806152309490126, 1.0724655529940779)",G0002_C07_N0_S1001,G0002,erdos_renyi,10,14,10001,C07,256,12,1001,1.0,0.6546223958333334,1.0,success,
8.1953125,12,SPSA,2,N0,79,80,40960,28,17,0.7003987410000718,"(2.007588825549478, 1.8842289615828867, 1.1280359966891946, 0.18125010410253645)",G0002_C08_N0_S1000,G0002,erdos_renyi,10,14,10001,C08,512,12,1000,1.0,0.6829427083333334,1.0,success,
7.84375,12,SPSA,2,N0,79,80,40960,28,17,0.7030657660000088,"(1.5523332074868077, 0.46569051846773846, 0.1337517391059937, 1.148213160419253)",G0002_C08_N0_S1001,G0002,erdos_renyi,10,14,10001,C08,512,12,1001,1.0,0.6536458333333334,1.0,success,
8.07421875,12,COBYLA,3,N0,55,56,14336,42,23,0.5136757679999846,"(1.5763755961999355, 2.4100202796535384, 1.3400511712039673, 0.16373648321894838, 0.472241789513179, 0.06238432092899011)",G0002_C09_N0_S1000,G0002,erdos_renyi,10,14,10001,C09,256,12,1000,1.0,0.6728515625,1.0,success,
7.7421875,12,COBYLA,3,N0,50,51,13056,42,23,0.472285606000014,"(2.4205459925940755, 0.5371562118031261, 1.0966445213499092, 1.3423273052701605, 0.11365882472071875, 0.37125856928712053)",G0002_C09_N0_S1001,G0002,erdos_renyi,10,14,10001,C09,256,12,1001,1.0,0.6451822916666666,1.0,success,
8.24609375,11,COBYLA,3,N0,59,60,30720,42,23,0.6611825820000377,"(1.5539470250379805, 2.4944544896043714, 1.3474139290613165, 0.16490534237448, 0.48050511223059866, 0.04557980061425326)",G0002_C10_N0_S1000,G0002,erdos_renyi,10,14,10001,C10,512,12,1000,1.0,0.6871744791666666,0.9166666666666666,success,
7.85546875,12,COBYLA,3,N0,54,55,28160,42,23,0.6260628710001583,"(2.382752170111236, 0.5271681173442453, 1.1238707163531914, 1.3662254491341557, 0.08734950199102318, 0.3661370163188841)",G0002_C10_N0_S1001,G0002,erdos_renyi,10,14,10001,C10,512,12,1001,1.0,0.6546223958333334,1.0,success,
8.1328125,12,SPSA,3,N0,79,80,20480,42,23,0.5969957520001117,"(1.5703964677910465, 2.3708671131669994, 1.0681460127567939, 0.1442284005889642, 0.7127720985570396, 0.2110004014664113)",G0002_C11_N0_S1000,G0002,erdos_renyi,10,14,10001,C11,256,12,1000,1.0,0.677734375,1.0,success,
7.9375,12,SPSA,3,N0,79,80,20480,42,23,0.6046050049999394,"(2.290883414081738, 0.3559574242038226, 0.5319543789065718, 1.0959335039252511, 0.05361588681484515, 0.009238867487613885)",G0002_C11_N0_S1001,G0002,erdos_renyi,10,14,10001,C11,256,12,1001,1.0,0.6614583333333334,1.0,success,
8.408203125,12,SPSA,3,N0,79,80,40960,42,23,0.8357132370001636,"(1.5782212384752674, 2.2788519525890867, 1.0148657561302976, 0.2049729860651205, 0.6926147512070986, 0.2099402946956795)",G0002_C12_N0_S1000,G0002,erdos_renyi,10,14,10001,C12,512,12,1000,1.0,0.70068359375,1.0,success,
7.849609375,12,SPSA,3,N0,79,80,40960,42,23,0.7890705380000327,"(2.0344079708366745, 0.3310668200295357, 0.5772457553950534, 1.1392799959276305, -0.047446608415277106, -0.05907917808746352)",G0002_C12_N0_S1001,G0002,erdos_renyi,10,14,10001,C12,512,12,1001,1.0,0.6541341145833334,1.0,success,
7.7578125,12,COBYLA,1,N0,25,26,6656,15,9,0.1980412990001241,"(2.13798160410895, 1.4485125552425884)",G0003_C01_N0_S1000,G0003,erdos_renyi,10,15,10002,C01,256,12,1000,1.0,0.646484375,1.0,success,
7.42578125,12,COBYLA,1,N0,24,25,6400,15,9,0.2057854939998833,"(1.9015525619117777, 0.03224626486686689)",G0003_C01_N0_S1001,G0003,erdos_renyi,10,15,10002,C01,256,12,1001,1.0,0.6188151041666666,1.0,success,
8.736328125,12,COBYLA,1,N0,32,33,16896,15,9,0.3232295709999562,"(2.6731121597970224, 1.3117650215607168)",G0003_C02_N0_S1000,G0003,erdos_renyi,10,15,10002,C02,512,12,1000,1.0,0.72802734375,1.0,success,
8.75390625,12,COBYLA,1,N0,26,27,13824,15,9,0.5712439470000845,"(2.6121108646260724, -0.38052738978584216)",G0003_C02_N0_S1001,G0003,erdos_renyi,10,15,10002,C02,512,12,1001,1.0,0.7294921875,1.0,success,
7.98046875,12,SPSA,1,N0,79,80,20480,15,9,0.4996669180000026,"(2.1361097822183766, 1.0515283859172746)",G0003_C03_N0_S1000,G0003,erdos_renyi,10,15,10002,C03,256,12,1000,1.0,0.6650390625,1.0,success,
8.6640625,12,SPSA,1,N0,79,80,20480,15,9,0.4903237099999842,"(2.501375006607238, -0.35601967312745736)",G0003_C03_N0_S1001,G0003,erdos_renyi,10,15,10002,C03,256,12,1001,1.0,0.7220052083333334,1.0,success,
8.66796875,12,SPSA,1,N0,79,80,40960,15,9,0.651088609999988,"(2.3876726626706755, 1.1548856631794455)",G0003_C04_N0_S1000,G0003,erdos_renyi,10,15,10002,C04,512,12,1000,1.0,0.7223307291666666,1.0,success,
8.744140625,12,SPSA,1,N0,79,80,40960,15,9,0.7012123189999784,"(2.4779973422085892, -0.3577124804593715)",G0003_C04_N0_S1001,G0003,erdos_renyi,10,15,10002,C04,512,12,1001,1.0,0.7286783854166666,1.0,success,
8.24609375,12,COBYLA,2,N0,40,41,10496,30,14,0.3558932179998919,"(1.688480157847635, 2.4543887970419487, 1.2981276936309882, 0.2391505243068655)",G0003_C05_N0_S1000,G0003,erdos_renyi,10,15,10002,C05,256,12,1000,1.0,0.6871744791666666,1.0,success,
8.45703125,12,COBYLA,2,N0,40,41,10496,30,14,0.3379262399998879,"(1.597855905325524, 0.7324319697531163, 0.2392156729914961, 1.0756026896668445)",G0003_C05_N0_S1001,G0003,erdos_renyi,10,15,10002,C05,256,12,1001,1.0,0.7047526041666666,1.0,success,
8.42578125,12,COBYLA,2,N0,49,50,25600,30,14,0.509834101000024,"(1.6273417773304923, 2.3700778560906253, 1.3747073192826917, 0.3286564276195015)",G0003_C06_N0_S1000,G0003,erdos_renyi,10,15,10002,C06,512,12,1000,1.0,0.7021484375,1.0,success,
8.408203125,12,COBYLA,2,N0,42,43,22016,30,14,0.4658170819998304,"(1.6145602796843632, 0.8932122015968584, 0.22042913745232737, 0.988994004935643)",G0003_C06_N0_S1001,G0003,erdos_renyi,10,15,10002,C06,512,12,1001,1.0,0.70068359375,1.0,success,
7.5,12,SPSA,2,N0,79,80,20480,30,14,0.5645476299998791,"(1.4740910401359124, 1.8254136716198497, 0.854013750881672, 0.2605948519362776)",G0003_C07_N0_S1000,G0003,erdos_renyi,10,15,10002,C07,256,12,1000,1.0,0.625,1.0,success,
8.828125,12,SPSA,2,N0,79,80,20480,30,14,0.570093573999884,"(1.8730805856785409, 0.7689248027328, 0.10946276992157973, 1.1490633210473984)",G0003_C07_N0_S1001,G0003,erdos_renyi,10,15,10002,C07,256,12,1001,1.0,0.7356770833333334,1.0,success,
7.59765625,12,SPSA,2,N0,79,80,40960,30,14,0.7413186060000498,"(1.4846508499135012, 1.8071472344173625, 0.837645548488567, 0.3111200274577124)",G0003_C08_N0_S1000,G0003,erdos_renyi,10,15,10002,C08,512,12,1000,1.0,0.6331380208333334,1.0,success,
8.7734375,12,SPSA,2,N0,79,80,40960,30,14,0.7188385209999524,"(1.6914746677324957, 0.93347023917836, 0.10311811931393353, 1.1953479775570366)",G0003_C08_N0_S1001,G0003,erdos_renyi,10,15,10002,C08,512,12,1001,1.0,0.7311197916666666,1.0,success,
7.67578125,12,COBYLA,3,N0,52,53,13568,45,19,0.4889642309999544,"(2.1413727752785587, 1.881774376077538, 1.5628823873990103, 0.37738704902140113, 0.7847141905092041, 0.31359526876182986)",G0003_C09_N0_S1000,G0003,erdos_renyi,10,15,10002,C09,256,12,1000,1.0,0.6396484375,1.0,success,
8.89453125,12,COBYLA,3,N0,55,56,14336,45,19,0.5212948310002048,"(2.6446091481327345, 0.7892186621370595, 0.5107961247798435, 1.1908792010382512, 0.07129532406813757, 0.012685583153543487)",G0003_C09_N0_S1001,G0003,erdos_renyi,10,15,10002,C09,256,12,1001,1.0,0.7412109375,1.0,success,
7.68359375,12,COBYLA,3,N0,53,54,27648,45,19,1.4960394189999988,"(2.115957311423316, 1.866146321779015, 1.47539526120026, 0.326228561553269, 0.8211618349121654, 0.3502613129293828)",G0003_C10_N0_S1000,G0003,erdos_renyi,10,15,10002,C10,512,12,1000,1.0,0.6402994791666666,1.0,success,
8.6171875,12,COBYLA,3,N0,55,56,28672,45,19,0.6448682380000719,"(2.6354288757332287, 0.8088300307956279, 0.6071955961433031, 1.185704387925975, -0.042159770089156515, -0.009361846393338681)",G0003_C10_N0_S1001,G0003,erdos_renyi,10,15,10002,C10,512,12,1001,1.0,0.7180989583333334,1.0,success,
9.08203125,12,SPSA,3,N0,79,80,20480,45,19,1.0727314470000238,"(1.7517509014720682, 1.796329919116057, 0.9238608741444896, 0.06205842525948657, 0.6542529110771713, 0.280136966502626)",G0003_C11_N0_S1000,G0003,erdos_renyi,10,15,10002,C11,256,12,1000,1.0,0.7568359375,1.0,success,
8.7578125,12,SPSA,3,N0,79,80,20480,45,19,0.6284839739998915,"(3.241829989880415, 0.09859866895501265, 0.6780263526055103, 1.6602675858164608, 0.213026117088726, 0.36265488236625054)",G0003_C11_N0_S1001,G0003,erdos_renyi,10,15,10002,C11,256,12,1001,1.0,0.7298177083333334,1.0,success,
8.927734375,12,SPSA,3,N0,79,80,40960,45,19,1.3541371549999894,"(1.7611655452652162, 1.8970491191301802, 0.9055319036415626, 0.014104995115318222, 0.697954132934286, 0.4276808676533944)",G0003_C12_N0_S1000,G0003,erdos_renyi,10,15,10002,C12,512,12,1000,1.0,0.7439778645833334,1.0,success,
8.859375,12,SPSA,3,N0,79,80,40960,45,19,0.7848019040000054,"(2.9296475283754204, 0.32778111412242433, 0.41408668555423944, 1.3834566852001855, -0.0021335904184339744, 0.2976834462508514)",G0003_C12_N0_S1001,G0003,erdos_renyi,10,15,10002,C12,512,12,1001,1.0,0.73828125,1.0,success,
10.2734375,14,COBYLA,1,N0,38,39,9984,16,13,0.2877525989999867,"(0.4511444392752992, 0.33974823009738914)",G0004_C01_N0_S1000,G0004,erdos_renyi,10,16,10003,C01,256,14,1000,1.0,0.7338169642857143,1.0,success,
8.49609375,14,COBYLA,1,N0,25,26,6656,16,13,0.2115435799998977,"(2.6298174477329055, 0.38199308032277635)",G0004_C01_N0_S1001,G0004,erdos_renyi,10,16,10003,C01,256,14,1001,1.0,0.6068638392857143,1.0,success,
7.892578125,13,COBYLA,1,N0,28,29,14848,16,13,0.427328105000015,"(1.920543529500087, 0.8281261503376219)",G0004_C02_N0_S1000,G0004,erdos_renyi,10,16,10003,C02,512,14,1000,1.0,0.5637555803571429,0.9285714285714286,success,
8.53515625,14,COBYLA,1,N0,26,27,13824,16,13,0.2737485840000317,"(2.636163501952779, 0.3875559736181278)",G0004_C02_N0_S1001,G0004,erdos_renyi,10,16,10003,C02,512,14,1001,1.0,0.6096540178571429,1.0,success,
8.2734375,14,SPSA,1,N0,79,80,20480,16,13,1.3564358890000676,"(1.450470014912355, 0.4537167450925536)",G0004_C03_N0_S1000,G0004,erdos_renyi,10,16,10003,C03,256,14,1000,1.0,0.5909598214285714,1.0,success,
7.734375,12,SPSA,1,N0,79,80,20480,16,13,0.539983527000004,"(1.8444123326781607, 0.00901920223378777)",G0004_C03_N0_S1001,G0004,erdos_renyi,10,16,10003,C03,256,14,1001,1.0,0.5524553571428571,0.8571428571428571,success,
8.255859375,14,SPSA,1,N0,79,80,40960,16,13,0.987853017000134,"(1.6068962094602266, 0.4562416405190313)",G0004_C04_N0_S1000,G0004,erdos_renyi,10,16,10003,C04,512,14,1000,1.0,0.5897042410714286,1.0,success,
7.830078125,14,SPSA,1,N0,79,80,40960,16,13,0.7677415729999666,"(1.8480568655740552, 0.03064209287086768)",G0004_C04_N0_S1001,G0004,erdos_renyi,10,16,10003,C04,512,14,1001,1.0,0.5592912946428571,1.0,success,
8.05859375,13,COBYLA,2,N0,42,43,11008,32,21,0.3520636719999857,"(1.9566549895413505, 1.9831504523434902, 0.6084945796576717, 1.1080618046103679)",G0004_C05_N0_S1000,G0004,erdos_renyi,10,16,10003,C05,256,14,1000,1.0,0.5756138392857143,0.9285714285714286,success,
8.1796875,12,COBYLA,2,N0,40,41,10496,32,21,0.3492167959998369,"(2.4451651260682383, 0.6474241056419924, 0.5435451872905601, 1.899711796251246)",G0004_C05_N0_S1001,G0004,erdos_renyi,10,16,10003,C05,256,14,1001,1.0,0.5842633928571429,0.8571428571428571,success,
8.6640625,14,COBYLA,2,N0,41,42,21504,32,21,0.4480136009999569,"(2.595012298097269, 1.7038588972118782, 0.3807253007199542, 1.4449913708282351)",G0004_C06_N0_S1000,G0004,erdos_renyi,10,16,10003,C06,512,14,1000,1.0,0.6188616071428571,1.0,success,
8.115234375,14,COBYLA,2,N0,39,40,20480,32,21,0.415771647999918,"(2.4302659455214655, 0.5728919560468666, 0.5488998305829695, 1.888753455030521)",G0004_C06_N0_S1001,G0004,erdos_renyi,10,16,10003,C06,512,14,1001,1.0,0.5796595982142857,1.0,success,
8.609375,12,SPSA,2,N0,79,80,20480,32,21,0.5556871220001085,"(2.1830136267725617, 1.635061230008432, 0.2049943609267259, -0.3188212013142267)",G0004_C07_N0_S1000,G0004,erdos_renyi,10,16,10003,C07,256,14,1000,1.0,0.6149553571428571,0.8571428571428571,success,
8.296875,12,SPSA,2,N0,79,80,20480,32,21,0.5717167160000827,"(2.345425024964432, -0.03789844659346444, 0.4571874040503111, 1.5303251115147989)",G0004_C07_N0_S1001,G0004,erdos_renyi,10,16,10003,C07,256,14,1001,1.0,0.5926339285714286,0.8571428571428571,success,
8.33984375,14,SPSA,2,N0,79,80,40960,32,21,0.7297433209998871,"(1.434074661078816, 1.6708507840468831, 0.3173553355716238, -0.06358680353452525)",G0004_C08_N0_S1000,G0004,erdos_renyi,10,16,10003,C08,512,14,1000,1.0,0.595703125,1.0,success,
8.40625,12,SPSA,2,N0,79,80,40960,32,21,1.6990100320001602,"(2.4042790145258235, 0.03596684616955754, 0.38437805126391333, 1.6047926675594861)",G0004_C08_N0_S1001,G0004,erdos_renyi,10,16,10003,C08,512,14,1001,1.0,0.6004464285714286,0.8571428571428571,success,
8.3984375,14,COBYLA,3,N0,53,54,13824,48,29,0.50074057300003,"(2.2148119690704733, 1.891555841871834, 1.4968099434496769, 0.23094864749787192, 0.751958137295157, 0.2624573056322425)",G0004_C09_N0_S1000,G0004,erdos_renyi,10,16,10003,C09,256,14,1000,1.0,0.5998883928571429,1.0,success,
8.421875,14,COBYLA,3,N0,53,54,13824,48,29,0.927625055000135,"(1.9244184046344521, 0.04577866613124212, 0.5858287589585187, 1.3545624330299877, 0.11266447297724853, 0.3211887242751523)",G0004_C09_N0_S1001,G0004,erdos_renyi,10,16,10003,C09,256,14,1001,1.0,0.6015625,1.0,success,
8.34375,14,COBYLA,3,N0,59,60,30720,48,29,0.7056142779999846,"(2.0673531709054997, 1.9096885754785355, 1.43806318825566, 0.12725542386550154, 0.7913056996208004, 0.3406334922732452)",G0004_C10_N0_S1000,G0004,erdos_renyi,10,16,10003,C10,512,14,1000,1.0,0.5959821428571429,1.0,success,
8.46484375,14,COBYLA,3,N0,51,52,26624,48,29,0.6097061529999337,"(1.9190922679061657, 0.04765893071818336, 0.5898525243360422, 1.3493389164366323, 0.12343774607439786, 0.3200160152937101)",G0004_C10_N0_S1001,G0004,erdos_renyi,10,16,10003,C10,512,14,1001,1.0,0.6046316964285714,1.0,success,
8.3984375,14,SPSA,3,N0,79,80,20480,48,29,0.6284669530000428,"(1.7396724923028177, 2.107105622688173, 1.4637539216442725, 0.11811691209613123, 0.7946374116001765, 0.40225365768107385)",G0004_C11_N0_S1000,G0004,erdos_renyi,10,16,10003,C11,256,14,1000,1.0,0.5998883928571429,1.0,success,
8.3984375,14,SPSA,3,N0,79,80,20480,48,29,0.6467062719998466,"(2.0875063783162076, -0.08692237856179322, 0.7855889677901085, 1.4879486294875592, -0.004427701446392457, 0.3951116131806536)",G0004_C11_N0_S1001,G0004,erdos_renyi,10,16,10003,C11,256,14,1001,1.0,0.5998883928571429,1.0,success,
8.51953125,14,SPSA,3,N0,79,80,40960,48,29,0.7908706870000515,"(1.6088500776060104, 2.116093226546616, 1.423945083903929, 0.03574018809956618, 0.9872443300617731, 0.24693962628796606)",G0004_C12_N0_S1000,G0004,erdos_renyi,10,16,10003,C12,512,14,1000,1.0,0.6085379464285714,1.0,success,
8.587890625,13,SPSA,3,N0,79,80,40960,48,29,0.8194482540000081,"(2.0647133573318746, -0.046280066128140396, 0.5971072678457785, 1.4236889569012174, 0.05475208829044745, 0.4704268372923544)",G0004_C12_N0_S1001,G0004,erdos_renyi,10,16,10003,C12,512,14,1001,1.0,0.6134207589285714,0.9285714285714286,success,
6.4140625,10,COBYLA,1,N0,31,32,8192,12,10,0.2216592029999446,"(2.306648257641831, 0.5817069408323694)",G0005_C01_N0_S1000,G0005,erdos_renyi,10,12,10004,C01,256,10,1000,1.0,0.64140625,1.0,success,
6.83984375,10,COBYLA,1,N0,28,29,7424,12,10,0.3096034709999458,"(1.4679599566099837, 0.3527846143826487)",G0005_C01_N0_S1001,G0005,erdos_renyi,10,12,10004,C01,256,10,1001,1.0,0.683984375,1.0,success,
6.349609375,10,COBYLA,1,N0,34,35,17920,12,10,0.3387281790000997,"(2.5699202295636887, 0.48905368751760453)",G0005_C02_N0_S1000,G0005,erdos_renyi,10,12,10004,C02,512,10,1000,1.0,0.6349609375,1.0,success,
6.267578125,10,COBYLA,1,N0,25,26,13312,12,10,0.5246186049998869,"(2.4150289162383602, 0.46371937008859704)",G0005_C02_N0_S1001,G0005,erdos_renyi,10,12,10004,C02,512,10,1001,1.0,0.6267578125,1.0,success,
6.7734375,10,SPSA,1,N0,79,80,20480,12,10,0.4395540489999803,"(1.406595225562625, 0.3725669218068142)",G0005_C03_N0_S1000,G0005,erdos_renyi,10,12,10004,C03,256,10,1000,1.0,0.67734375,1.0,success,
6.6875,10,SPSA,1,N0,79,80,20480,12,10,1.1302000949999638,"(1.7742046650654466, 0.3749381961203101)",G0005_C03_N0_S1001,G0005,erdos_renyi,10,12,10004,C03,256,10,1001,1.0,0.66875,1.0,success,
7.091796875,10,SPSA,1,N0,79,80,40960,12,10,0.6171286070000406,"(1.2568349317231886, 0.4724386366815855)",G0005_C04_N0_S1000,G0005,erdos_renyi,10,12,10004,C04,512,10,1000,1.0,0.7091796875,1.0,success,
6.6171875,10,SPSA,1,N0,79,80,40960,12,10,0.7181256789999679,"(1.8106275254013169, 0.4070753150031078)",G0005_C04_N0_S1001,G0005,erdos_renyi,10,12,10004,C04,512,10,1001,1.0,0.66171875,1.0,success,
7.03125,10,COBYLA,2,N0,41,42,10752,24,17,0.3160487179998199,"(1.307395881553066, 2.9304042632025915, 0.3134930504814999, -0.16021822200886945)",G0005_C05_N0_S1000,G0005,erdos_renyi,10,12,10004,C05,256,10,1000,1.0,0.703125,1.0,success,
6.5234375,10,COBYLA,2,N0,34,35,8960,24,17,0.2900504960000489,"(1.931262063016895, 0.5782925069658855, 0.29872031854079045, 1.8455727615445483)",G0005_C05_N0_S1001,G0005,erdos_renyi,10,12,10004,C05,256,10,1001,1.0,0.65234375,1.0,success,
7.970703125,10,COBYLA,2,N0,48,49,25088,24,17,0.5050453040000775,"(0.8539460835009276, 2.4782132436345705, 0.33472279125135074, 0.0749796147453722)",G0005_C06_N0_S1000,G0005,erdos_renyi,10,12,10004,C06,512,10,1000,1.0,0.7970703125,1.0,success,
6.3828125,10,COBYLA,2,N0,37,38,19456,24,17,0.397517740000012,"(1.9340883965436104, 0.5761809805709961, 0.3454762771595955, 1.8560354216983863)",G0005_C06_N0_S1001,G0005,erdos_renyi,10,12,10004,C06,512,10,1001,1.0,0.63828125,1.0,success,
7.1640625,10,SPSA,2,N0,79,80,20480,24,17,0.5263364780000757,"(1.1834008319306175, 1.9071191031308992, 0.41522514809361466, 0.1089664839608059)",G0005_C07_N0_S1000,G0005,erdos_renyi,10,12,10004,C07,256,10,1000,1.0,0.71640625,1.0,success,
6.609375,10,SPSA,2,N0,79,80,20480,24,17,0.5333915659998638,"(1.8655855874173892, 0.058365690743867396, 0.5373323683931549, 1.413124999991844)",G0005_C07_N0_S1001,G0005,erdos_renyi,10,12,10004,C07,256,10,1001,1.0,0.6609375,1.0,success,
7.939453125,10,SPSA,2,N0,79,80,40960,24,17,0.6632266459998846,"(0.8419965425693527, 1.8672066022318405, 0.3256918422062275, 0.017509027055859105)",G0005_C08_N0_S1000,G0005,erdos_renyi,10,12,10004,C08,512,10,1000,1.0,0.7939453125,1.0,success,
6.525390625,10,SPSA,2,N0,79,80,40960,24,17,0.6856158539999342,"(1.9790930165144893, -0.004254706476890233, 0.40048217401572794, 1.5724945243183837)",G0005_C08_N0_S1001,G0005,erdos_renyi,10,12,10004,C08,512,10,1001,1.0,0.6525390625,1.0,success,
6.953125,10,COBYLA,3,N0,53,54,13824,36,24,0.4888044250001258,"(2.338619218067222, 2.249288104152752, 1.4702512037406739, 0.8277294564883882, 1.3490849091942123, 0.276771654817723)",G0005_C09_N0_S1000,G0005,erdos_renyi,10,12,10004,C09,256,10,1000,1.0,0.6953125,1.0,success,
6.40234375,10,COBYLA,3,N0,55,56,14336,36,24,0.5060356160001902,"(2.140638204182952, -0.23820307902162202, 0.16310582215407132, 2.0561361713808157, -0.20295314448069132, 0.05726652544930641)",G0005_C09_N0_S1001,G0005,erdos_renyi,10,12,10004,C09,256,10,1001,1.0,0.640234375,1.0,success,
6.26953125,10,COBYLA,3,N0,56,57,29184,36,24,0.6281343170001037,"(1.6524686040466652, 2.237896284459751, 1.4856703660657296, 0.797179933965007, 0.818057978699725, 0.28015062165050586)",G0005_C10_N0_S1000,G0005,erdos_renyi,10,12,10004,C10,512,10,1000,1.0,0.626953125,1.0,success,
6.58203125,10,COBYLA,3,N0,57,58,29696,36,24,0.6230201180001131,"(1.6979442413758836, -0.019597885710385125, 0.7168966030737886, 2.400478327693539, -0.49572289067161995, 0.22281526242391536)",G0005_C10_N0_S1001,G0005,erdos_renyi,10,12,10004,C10,512,10,1001,1.0,0.658203125,1.0,success,
8.1171875,10,SPSA,3,N0,79,80,20480,36,24,0.5872038840000187,"(1.3643237594578874, 2.121201211130788, 2.168726399901645, 0.06509848063789017, 1.3472714520139812, -0.3433891824893393)",G0005_C11_N0_S1000,G0005,erdos_renyi,10,12,10004,C11,256,10,1000,1.0,0.81171875,1.0,success,
8.0078125,10,SPSA,3,N0,79,80,20480,36,24,0.5898137229999065,"(1.2276558702945224, -0.4586260516611609, 0.6668826020477739, 1.2052060595705705, 0.5402004166370169, 0.17222150096293715)",G0005_C11_N0_S1001,G0005,erdos_renyi,10,12,10004,C11,256,10,1001,1.0,0.80078125,1.0,success,
8.1484375,10,SPSA,3,N0,79,80,40960,36,24,0.721055725000042,"(1.3624737744174245, 2.460153369575421, 1.7615327488539272, 0.0313089544617932, 1.470323719077952, -0.32022583579114616)",G0005_C12_N0_S1000,G0005,erdos_renyi,10,12,10004,C12,512,10,1000,1.0,0.81484375,1.0,success,
8.5390625,10,SPSA,3,N0,79,80,40960,36,24,0.7176742320000358,"(1.0555294539410005, -0.3656882638165977, 0.5897955503824089, 1.3266991981655565, 0.48429810046280664, 0.1291499119235583)",G0005_C12_N0_S1001,G0005,erdos_renyi,10,12,10004,C12,512,10,1001,1.0,0.85390625,1.0,success,
7.23828125,12,COBYLA,1,N0,24,25,6400,14,11,0.1857873779999863,"(2.13798160410895, 1.4485125552425884)",G0006_C01_N0_S1000,G0006,erdos_renyi,10,14,10005,C01,256,12,1000,1.0,0.6031901041666666,1.0,success,
7.453125,12,COBYLA,1,N0,23,24,6144,14,11,0.1737038189999111,"(1.9229920581563282, -0.42508067513719994)",G0006_C01_N0_S1001,G0006,erdos_renyi,10,14,10005,C01,256,12,1001,1.0,0.62109375,1.0,success,
7.54296875,12,COBYLA,1,N0,29,30,15360,14,11,0.2887111590000586,"(2.1575091874079972, 1.3087468757472838)",G0006_C02_N0_S1000,G0006,erdos_renyi,10,14,10005,C02,512,12,1000,1.0,0.6285807291666666,1.0,success,
7.421875,11,COBYLA,1,N0,30,31,15872,14,11,0.2894515640000463,"(2.3034373509667296, -0.29532814341228747)",G0006_C02_N0_S1001,G0006,erdos_renyi,10,14,10005,C02,512,12,1001,1.0,0.6184895833333334,0.9166666666666666,success,
7.40234375,12,SPSA,1,N0,79,80,20480,14,11,0.4985589179998442,"(2.0606659733722186, 1.2426749819991922)",G0006_C03_N0_S1000,G0006,erdos_renyi,10,14,10005,C03,256,12,1000,1.0,0.6168619791666666,1.0,success,
7.609375,11,SPSA,1,N0,79,80,20480,14,11,0.4780199159999938,"(2.029643761427019, -0.35683930091878713)",G0006_C03_N0_S1001,G0006,erdos_renyi,10,14,10005,C03,256,12,1001,1.0,0.6341145833333334,0.9166666666666666,success,
7.529296875,12,SPSA,1,N0,79,80,40960,14,11,0.6282918499998686,"(1.9014890894478522, 1.2104219457592935)",G0006_C04_N0_S1000,G0006,erdos_renyi,10,14,10005,C04,512,12,1000,1.0,0.62744140625,1.0,success,
7.55859375,12,SPSA,1,N0,79,80,40960,14,11,0.6506978869999784,"(2.021700890885285, -0.38395904352921795)",G0006_C04_N0_S1001,G0006,erdos_renyi,10,14,10005,C04,512,12,1001,1.0,0.6298828125,1.0,success,
7.82421875,12,COBYLA,2,N0,38,39,9984,28,18,0.5230677919998925,"(1.8767477997450017, 2.4833831855104425, 1.2423369012639034, 0.25583412454160287)",G0006_C05_N0_S1000,G0006,erdos_renyi,10,14,10005,C05,256,12,1000,1.0,0.6520182291666666,1.0,success,
7.15234375,12,COBYLA,2,N0,41,42,10752,28,18,0.3277825110001231,"(2.4479439113922394, -0.2297434949290712, -0.31789953911267466, 1.3363886474838247)",G0006_C05_N0_S1001,G0006,erdos_renyi,10,14,10005,C05,256,12,1001,1.0,0.5960286458333334,1.0,success,
7.888671875,12,COBYLA,2,N0,41,42,21504,28,18,0.7123698109999168,"(1.836088505863744, 2.409402722894429, 1.2729011874380984, 0.29399452327917314)",G0006_C06_N0_S1000,G0006,erdos_renyi,10,14,10005,C06,512,12,1000,1.0,0.6573893229166666,1.0,success,
7.421875,11,COBYLA,2,N0,42,43,22016,28,18,0.437025143000028,"(2.6701408304052436, -0.40589184061936096, 0.2472538918822506, 0.9940672391030844)",G0006_C06_N0_S1001,G0006,erdos_renyi,10,14,10005,C06,512,12,1001,1.0,0.6184895833333334,0.9166666666666666,success,
7.76953125,12,SPSA,2,N0,79,80,20480,28,18,0.8478729490000205,"(2.005024244270844, 2.142697750294998, 1.3284677908098435, 0.31940838347007816)",G0006_C07_N0_S1000,G0006,erdos_renyi,10,14,10005,C07,256,12,1000,1.0,0.6474609375,1.0,success,
7.58984375,11,SPSA,2,N0,79,80,20480,28,18,0.5512095870001303,"(1.6166594842509046, 0.31122335591876005, 0.18632052872388005, 1.124038804807648)",G0006_C07_N0_S1001,G0006,erdos_renyi,10,14,10005,C07,256,12,1001,1.0,0.6324869791666666,0.9166666666666666,success,
7.78515625,11,SPSA,2,N0,79,80,40960,28,18,1.7302878899999996,"(1.8650621851911184, 2.1636224850232297, 1.275192333216173, 0.3919182999556633)",G0006_C08_N0_S1000,G0006,erdos_renyi,10,14,10005,C08,512,12,1000,1.0,0.6487630208333334,0.9166666666666666,success,
7.58203125,12,SPSA,2,N0,79,80,40960,28,18,0.7444260470001609,"(1.648344503278904, 0.40485272136580763, 0.14027694545882824, 1.1803062655702443)",G0006_C08_N0_S1001,G0006,erdos_renyi,10,14,10005,C08,512,12,1001,1.0,0.6318359375,1.0,success,
7.08203125,11,COBYLA,3,N0,53,54,13824,42,25,0.7333420329998717,"(1.6116329391010984, 2.4134087310113754, 1.2897969026794345, 0.23218667499055223, 0.403724362076431, 0.12578372781329208)",G0006_C09_N0_S1000,G0006,erdos_renyi,10,14,10005,C09,256,12,1000,1.0,0.5901692708333334,0.9166666666666666,success,
6.97265625,12,COBYLA,3,N0,53,54,13824,42,25,0.5147937589999856,"(2.4245237272217217, 0.04932447436227646, 0.5896441958876469, 1.3475705621750358, 0.11969253481467036, 0.31587181732916003)",G0006_C09_N0_S1001,G0006,erdos_renyi,10,14,10005,C09,256,12,1001,1.0,0.5810546875,1.0,success,
7.634765625,11,COBYLA,3,N0,53,54,27648,42,25,0.6257294290001028,"(2.2413385498951364, 2.368042942507943, 1.4183064866797856, 0.8206005221350018, 1.3252644633736865, 0.31182960165304724)",G0006_C10_N0_S1000,G0006,erdos_renyi,10,14,10005,C10,512,12,1000,1.0,0.63623046875,0.9166666666666666,success,
7.37109375,11,COBYLA,3,N0,54,55,28160,42,25,0.6203258980001465,"(2.3307523031397848, -0.18314978497052756, 0.3092400580595, 1.0657055565412579, 0.027402618836397618, 0.20585373253612213)",G0006_C10_N0_S1001,G0006,erdos_renyi,10,14,10005,C10,512,12,1001,1.0,0.6142578125,0.9166666666666666,success,
7.64453125,12,SPSA,3,N0,79,80,20480,42,25,0.660795293000092,"(1.5702497059296503, 1.825473063895974, 1.0587026637667578, -0.18655975361196758, 0.6503193364315747, 0.41119226154491356)",G0006_C11_N0_S1000,G0006,erdos_renyi,10,14,10005,C11,256,12,1000,1.0,0.6370442708333334,1.0,success,
7.68359375,11,SPSA,3,N0,79,80,20480,42,25,0.6359504070001094,"(2.078116794044492, 0.14771998227140995, 0.8272247773949284, 1.1087676144621152, 0.07977625398855692, -0.05359398538316962)",G0006_C11_N0_S1001,G0006,erdos_renyi,10,14,10005,C11,256,12,1001,1.0,0.6402994791666666,0.9166666666666666,success,
7.681640625,12,SPSA,3,N0,79,80,40960,42,25,0.7915465880000738,"(1.6136386518579087, 1.6836446506780176, 1.1195690500299345, -0.02542499715580008, 0.8155978010481516, 0.39297409369540043)",G0006_C12_N0_S1000,G0006,erdos_renyi,10,14,10005,C12,512,12,1000,1.0,0.64013671875,1.0,success,
7.740234375,12,SPSA,3,N0,79,80,40960,42,25,0.8119451590000608,"(2.0935432866681314, 0.43140505817597075, 0.657562778265902, 1.1143575135942183, 0.07104654259011253, -0.220362646332238)",G0006_C12_N0_S1001,G0006,erdos_renyi,10,14,10005,C12,512,12,1001,1.0,0.64501953125,1.0,success,
7.75,12,COBYLA,1,N0,28,29,7424,16,12,0.53667607400007,"(2.1696405232774176, 0.9868845203669836)",G0007_C01_N0_S1000,G0007,erdos_renyi,10,16,10006,C01,256,13,1000,1.0,0.5961538461538461,0.9230769230769232,success,
8.33203125,12,COBYLA,1,N0,25,26,6656,16,12,0.1845857969999542,"(2.525551808559202, 0.6009728828010222)",G0007_C01_N0_S1001,G0007,erdos_renyi,10,16,10006,C01,256,13,1001,1.0,0.6409254807692307,0.9230769230769232,success,
8.0390625,13,COBYLA,1,N0,28,29,14848,16,12,0.7348189570000159,"(2.098088738454953, 0.8967031866193053)",G0007_C02_N0_S1000,G0007,erdos_renyi,10,16,10006,C02,512,13,1000,1.0,0.6183894230769231,1.0,success,
8.705078125,13,COBYLA,1,N0,24,25,12800,16,12,0.2532021829999848,"(2.6023522972333635, 0.41644450512972336)",G0007_C02_N0_S1001,G0007,erdos_renyi,10,16,10006,C02,512,13,1001,1.0,0.6696213942307693,1.0,success,
8.359375,13,SPSA,1,N0,79,80,20480,16,12,0.8467847720000918,"(1.58310190580744, 0.5400476506610409)",G0007_C03_N0_S1000,G0007,erdos_renyi,10,16,10006,C03,256,13,1000,1.0,0.6430288461538461,1.0,success,
7.85546875,13,SPSA,1,N0,79,80,20480,16,12,0.5073389389999647,"(1.953120228479922, -0.18742388021880774)",G0007_C03_N0_S1001,G0007,erdos_renyi,10,16,10006,C03,256,13,1001,1.0,0.6042668269230769,1.0,success,
7.904296875,12,SPSA,1,N0,79,80,40960,16,12,0.5957022640000105,"(1.7342744571306699, 0.662570298532498)",G0007_C04_N0_S1000,G0007,erdos_renyi,10,16,10006,C04,512,13,1000,1.0,0.6080228365384616,0.9230769230769232,success,
7.763671875,13,SPSA,1,N0,79,80,40960,16,12,0.7071741109998584,"(1.85811011623157, -0.04048549277802199)",G0007_C04_N0_S1001,G0007,erdos_renyi,10,16,10006,C04,512,13,1001,1.0,0.5972055288461539,1.0,success,
8.1015625,12,COBYLA,2,N0,39,40,10240,32,19,0.3293179209999834,"(1.6745421714092592, 2.5162457528749287, 1.2486630237880947, 0.31333435054036635)",G0007_C05_N0_S1000,G0007,erdos_renyi,10,16,10006,C05,256,13,1000,1.0,0.6231971153846154,0.9230769230769232,success,
8.62109375,12,COBYLA,2,N0,38,39,9984,32,19,0.3164594800000486,"(2.4645264768941266, 0.15623766734419284, 0.8499886457092508, 1.271665080359726)",G0007_C05_N0_S1001,G0007,erdos_renyi,10,16,10006,C05,256,13,1001,1.0,0.6631610576923077,0.9230769230769232,success,
8.767578125,13,COBYLA,2,N0,40,41,20992,32,19,0.4265402050000375,"(1.1979969253204574, 2.5913045253024514, 1.3529042116345245, 0.9153829991926556)",G0007_C06_N0_S1000,G0007,erdos_renyi,10,16,10006,C06,512,13,1000,1.0,0.6744290865384616,1.0,success,
8.4375,13,COBYLA,2,N0,38,39,19968,32,19,0.4057637930000055,"(2.383174818781182, 0.1667532854892482, 0.7289831370643453, 1.3438764941099248)",G0007_C06_N0_S1001,G0007,erdos_renyi,10,16,10006,C06,512,13,1001,1.0,0.6490384615384616,1.0,success,
10.07421875,13,SPSA,2,N0,79,80,20480,32,19,0.541876332000129,"(0.8426097449537691, 1.455614938252635, 0.3513738126226176, 0.1700409776955814)",G0007_C07_N0_S1000,G0007,erdos_renyi,10,16,10006,C07,256,13,1000,1.0,0.7749399038461539,1.0,success,
8.15625,13,SPSA,2,N0,79,80,20480,32,19,0.6067956680001316,"(1.3770562475986423, 0.26996431650912833, 0.32623278832418323, 1.1951891076109442)",G0007_C07_N0_S1001,G0007,erdos_renyi,10,16,10006,C07,256,13,1001,1.0,0.6274038461538461,1.0,success,
8.984375,13,SPSA,2,N0,79,80,40960,32,19,0.7467765129999862,"(1.1757634872424612, 1.689969966542322, 0.33234206040559544, -0.050173228141262634)",G0007_C08_N0_S1000,G0007,erdos_renyi,10,16,10006,C08,512,13,1000,1.0,0.6911057692307693,1.0,success,
8.076171875,13,SPSA,2,N0,79,80,40960,32,19,1.6852344799999628,"(1.6072497460759498, 0.2917145830225446, 0.054345673288450455, 1.1388591662417398)",G0007_C08_N0_S1001,G0007,erdos_renyi,10,16,10006,C08,512,13,1001,1.0,0.6212439903846154,1.0,success,
7.828125,13,COBYLA,3,N0,53,54,13824,48,26,0.5443507569998474,"(2.085814471792633, 1.8762873127045459, 1.4853190682841722, 0.3189430337292783, 0.8440351676702816, 0.3031935936225738)",G0007_C09_N0_S1000,G0007,erdos_renyi,10,16,10006,C09,256,13,1000,1.0,0.6021634615384616,1.0,success,
8.53125,12,COBYLA,3,N0,53,54,13824,48,26,0.8535164740001164,"(1.9222721382032866, 0.04391841105674116, 0.6137284953501597, 1.3233499705682603, 0.1512217872271113, 0.3010508599019205)",G0007_C09_N0_S1001,G0007,erdos_renyi,10,16,10006,C09,256,13,1001,1.0,0.65625,0.9230769230769232,success,
8.951171875,13,COBYLA,3,N0,60,61,31232,48,26,0.7146666670000741,"(2.73379509107298, 2.4865849048197624, 2.2899984394975803, 0.5553066679106048, 1.3922148267438688, -0.19247171765077561)",G0007_C10_N0_S1000,G0007,erdos_renyi,10,16,10006,C10,512,13,1000,1.0,0.6885516826923077,1.0,success,
8.681640625,13,COBYLA,3,N0,48,49,25088,48,26,0.6066493079999873,"(1.9313078947668567, 0.10468538494799852, 0.5931961377635863, 1.4088722335713584, 0.12777959689587784, 0.30837533430194447)",G0007_C10_N0_S1001,G0007,erdos_renyi,10,16,10006,C10,512,13,1001,1.0,0.6678185096153846,1.0,success,
8.07421875,13,SPSA,3,N0,79,80,20480,48,26,0.6339991009999721,"(1.6176039158412365, 1.7797785674406552, 1.6209559672190967, 0.5096329790036419, 0.7133261921591056, 0.3286245797104602)",G0007_C11_N0_S1000,G0007,erdos_renyi,10,16,10006,C11,256,13,1000,1.0,0.62109375,1.0,success,
8.78125,12,SPSA,3,N0,79,80,20480,48,26,0.6488616149999871,"(2.0385659165344254, 0.24643439812849177, 0.43050296836452107, 1.2498878287122919, 0.1391607116405425, 0.4515937134171665)",G0007_C11_N0_S1001,G0007,erdos_renyi,10,16,10006,C11,256,13,1001,1.0,0.6754807692307693,0.9230769230769232,success,
8.0859375,13,SPSA,3,N0,79,80,40960,48,26,0.826988467000092,"(1.6064298278192286, 1.8830510257663828, 1.3462864379107637, 0.5531216652933307, 0.6005289469260634, 0.5780818691726315)",G0007_C12_N0_S1000,G0007,erdos_renyi,10,16,10006,C12,512,13,1000,1.0,0.6219951923076923,1.0,success,
9.1328125,12,SPSA,3,N0,79,80,40960,48,26,0.7999942210001336,"(2.2504682511028196, -0.14034991968495228, 0.8247132880790116, 1.1478803378109708, 0.0832264312109964, 0.8928292509065732)",G0007_C12_N0_S1001,G0007,erdos_renyi,10,16,10006,C12,512,13,1001,1.0,0.7025240384615384,0.9230769230769232,success,
8.03515625,12,COBYLA,1,N0,32,33,8448,15,10,0.2560104909998699,"(2.4461928335563803, 0.32598784600272024)",G0008_C01_N0_S1000,G0008,erdos_renyi,10,15,10007,C01,256,12,1000,1.0,0.6695963541666666,1.0,success,
8.125,12,COBYLA,1,N0,29,30,7680,15,10,0.226233824000019,"(2.6348446832744568, 0.3721957351197999)",G0008_C01_N0_S1001,G0008,erdos_renyi,10,15,10007,C01,256,12,1001,1.0,0.6770833333333334,1.0,success,
8.134765625,12,COBYLA,1,N0,27,28,14336,15,10,0.2571215840000604,"(2.3620257754452494, 0.5325939505247531)",G0008_C02_N0_S1000,G0008,erdos_renyi,10,15,10007,C02,512,12,1000,1.0,0.6778971354166666,1.0,success,
8.166015625,12,COBYLA,1,N0,25,26,13312,15,10,0.5239297149998947,"(2.623526716737257, 0.37334201327210603)",G0008_C02_N0_S1001,G0008,erdos_renyi,10,15,10007,C02,512,12,1001,1.0,0.6805013020833334,1.0,success,
7.73046875,12,SPSA,1,N0,79,80,20480,15,10,0.4735719700001937,"(1.6994955764078423, 0.5437746672456159)",G0008_C03_N0_S1000,G0008,erdos_renyi,10,15,10007,C03,256,12,1000,1.0,0.6442057291666666,1.0,success,
7.7890625,12,SPSA,1,N0,79,80,20480,15,10,1.1038222119998409,"(2.1811112229088434, 0.3772512708886037)",G0008_C03_N0_S1001,G0008,erdos_renyi,10,15,10007,C03,256,12,1001,1.0,0.6490885416666666,1.0,success,
8.544921875,12,SPSA,1,N0,79,80,40960,15,10,0.632251290999875,"(1.2095031040375963, 0.3644620410119787)",G0008_C04_N0_S1000,G0008,erdos_renyi,10,15,10007,C04,512,12,1000,1.0,0.7120768229166666,1.0,success,
7.94140625,12,SPSA,1,N0,79,80,40960,15,10,1.028467395000007,"(2.2378031631895965, 0.40158662727936867)",G0008_C04_N0_S1001,G0008,erdos_renyi,10,15,10007,C04,512,12,1001,1.0,0.6617838541666666,1.0,success,
7.5625,12,COBYLA,2,N0,37,38,9728,30,17,0.3306917930001418,"(2.0847428838266167, 1.9006594699141257, 0.756320054485411, 0.31753364272275025)",G0008_C05_N0_S1000,G0008,erdos_renyi,10,15,10007,C05,256,12,1000,1.0,0.6302083333333334,1.0,success,
7.765625,12,COBYLA,2,N0,35,36,9216,30,17,0.3094060260000333,"(2.424523322171703, 0.5494668771658328, 0.29492558825837445, 1.8475867186680937)",G0008_C05_N0_S1001,G0008,erdos_renyi,10,15,10007,C05,256,12,1001,1.0,0.6471354166666666,1.0,success,
8.283203125,12,COBYLA,2,N0,44,45,23040,30,17,0.4505666560000918,"(2.662180517612011, 1.0033495217072794, 0.24940773911344238, -0.3105796878125284)",G0008_C06_N0_S1000,G0008,erdos_renyi,10,15,10007,C06,512,12,1000,1.0,0.6902669270833334,1.0,success,
7.72265625,12,COBYLA,2,N0,35,36,18432,30,17,0.3737462419999247,"(2.4245237272217217, 0.5493244743622765, 0.29482209794382347, 1.8475705621750358)",G0008_C06_N0_S1001,G0008,erdos_renyi,10,15,10007,C06,512,12,1001,1.0,0.6435546875,1.0,success,
9.0,12,SPSA,2,N0,79,80,20480,30,17,0.56330380899999,"(0.9120886066914538, 2.285152027652345, 0.3081525035141684, 0.3421272353580393)",G0008_C07_N0_S1000,G0008,erdos_renyi,10,15,10007,C07,256,12,1000,1.0,0.75,1.0,success,
7.99609375,12,SPSA,2,N0,79,80,20480,30,17,0.557698371000015,"(2.3948448090114955, -0.12549195439994168, 0.4836986490960034, 1.6164401891640208)",G0008_C07_N0_S1001,G0008,erdos_renyi,10,15,10007,C07,256,12,1001,1.0,0.6663411458333334,1.0,success,
9.166015625,12,SPSA,2,N0,79,80,40960,30,17,0.7203920070001004,"(1.0132711676305555, 1.8216315079932877, 0.3055722164653335, 0.1697346136622639)",G0008_C08_N0_S1000,G0008,erdos_renyi,10,15,10007,C08,512,12,1000,1.0,0.7638346354166666,1.0,success,
7.986328125,12,SPSA,2,N0,79,80,40960,30,17,0.7495914460000677,"(2.368601649571153, -0.09149506995020126, 0.425630568837393, 1.5709974384264922)",G0008_C08_N0_S1001,G0008,erdos_renyi,10,15,10007,C08,512,12,1001,1.0,0.66552734375,1.0,success,
7.73046875,12,COBYLA,3,N0,50,51,13056,45,24,0.4996219719998862,"(1.637954227557432, 2.3970171879415516, 1.4794941406617006, 0.3322136529123812, 0.8305892569008895, 0.27868689420839704)",G0008_C09_N0_S1000,G0008,erdos_renyi,10,15,10007,C09,256,12,1000,1.0,0.6442057291666666,1.0,success,
8.109375,12,COBYLA,3,N0,46,47,12032,45,24,0.5040250779998132,"(1.9826559286015062, 0.044200390716372676, 0.5912299737047186, 1.3930079386582215, 0.09972999422613729, 0.32049922322627167)",G0008_C09_N0_S1001,G0008,erdos_renyi,10,15,10007,C09,256,12,1001,1.0,0.67578125,1.0,success,
7.701171875,12,COBYLA,3,N0,47,48,24576,45,24,0.562727711999969,"(1.5673513819191573, 2.4091357232669415, 1.486173291882491, 0.33197558586543985, 0.8351127659976293, 0.2858520568637317)",G0008_C10_N0_S1000,G0008,erdos_renyi,10,15,10007,C10,512,12,1000,1.0,0.6417643229166666,1.0,success,
7.953125,12,COBYLA,3,N0,47,48,24576,45,24,0.5651801320000231,"(1.9363052275263661, 0.09727446322981032, 0.5870244934577751, 1.342159087309287, 0.12389938871725598, 0.3130169447621903)",G0008_C10_N0_S1001,G0008,erdos_renyi,10,15,10007,C10,512,12,1001,1.0,0.6627604166666666,1.0,success,
8.19921875,12,SPSA,3,N0,79,80,20480,45,24,0.6410725179998735,"(1.4919012805156753, 2.1800431568082317, 1.3268156134565052, 0.17995939377460932, 1.0493813383283654, 0.06166543627528841)",G0008_C11_N0_S1000,G0008,erdos_renyi,10,15,10007,C11,256,12,1000,1.0,0.6832682291666666,1.0,success,
8.25390625,12,SPSA,3,N0,79,80,20480,45,24,0.6463331390000349,"(1.8762359519663856, -0.017134768100351732, 0.5551186970155324, 1.4002675282544426, 0.06699556873526365, 0.3823310597917882)",G0008_C11_N0_S1001,G0008,erdos_renyi,10,15,10007,C11,256,12,1001,1.0,0.6878255208333334,1.0,success,
8.484375,12,SPSA,3,N0,79,80,40960,45,24,0.8023993120000341,"(1.344718869930594, 2.2285193627774977, 1.2703628126771989, 0.23126665292811494, 1.1015448077252723, 0.07484705385848665)",G0008_C12_N0_S1000,G0008,erdos_renyi,10,15,10007,C12,512,12,1000,1.0,0.70703125,1.0,success,
8.13671875,12,SPSA,3,N0,79,80,40960,45,24,0.8127945300000192,"(1.857963801980146, -0.0016331144805055656, 0.6600656628719302, 1.5105528921388676, 0.037828050656834755, 0.3875592451074243)",G0008_C12_N0_S1001,G0008,erdos_renyi,10,15,10007,C12,512,12,1001,1.0,0.6780598958333334,1.0,success,
8.87890625,14,COBYLA,1,N0,32,33,8448,17,12,0.2435876950000874,"(1.164622001968622, 1.7885204686854435)",G0009_C01_N0_S1000,G0009,erdos_renyi,10,17,10008,C01,256,15,1000,1.0,0.5919270833333333,0.9333333333333332,success,
8.4765625,14,COBYLA,1,N0,25,26,6656,17,12,0.2119531480000205,"(2.4136105137360855, 0.04715449743698902)",G0009_C01_N0_S1001,G0009,erdos_renyi,10,17,10008,C01,256,15,1001,1.0,0.5651041666666666,0.9333333333333332,success,
11.02734375,15,COBYLA,1,N0,32,33,16896,17,12,0.3072878810000929,"(0.4659927290757606, 1.9015343582653281)",G0009_C02_N0_S1000,G0009,erdos_renyi,10,17,10008,C02,512,15,1000,1.0,0.73515625,1.0,success,
8.576171875,14,COBYLA,1,N0,23,24,12288,17,12,0.2682836159999624,"(2.4245237272217217, 0.02466223718113823)",G0009_C02_N0_S1001,G0009,erdos_renyi,10,17,10008,C02,512,15,1001,1.0,0.5717447916666667,0.9333333333333332,success,
8.58203125,14,SPSA,1,N0,79,80,20480,17,12,0.5000754540001253,"(1.7135054033162855, 0.35228451307441844)",G0009_C03_N0_S1000,G0009,erdos_renyi,10,17,10008,C03,256,15,1000,1.0,0.5721354166666667,0.9333333333333332,success,
8.93359375,15,SPSA,1,N0,79,80,20480,17,12,0.4802269770000293,"(2.0071642870997106, 0.2776722387950624)",G0009_C03_N0_S1001,G0009,erdos_renyi,10,17,10008,C03,256,15,1001,1.0,0.5955729166666667,1.0,success,
8.572265625,14,SPSA,1,N0,79,80,40960,17,12,0.7017615339998429,"(1.7437902293336698, 0.358908901492076)",G0009_C04_N0_S1000,G0009,erdos_renyi,10,17,10008,C04,512,15,1000,1.0,0.571484375,0.9333333333333332,success,
8.904296875,15,SPSA,1,N0,79,80,40960,17,12,0.6896918959998857,"(2.0779912916711467, 0.3896383246561774)",G0009_C04_N0_S1001,G0009,erdos_renyi,10,17,10008,C04,512,15,1001,1.0,0.5936197916666667,1.0,success,
8.8125,15,COBYLA,2,N0,40,41,10496,34,19,0.3428718359998584,"(1.5685037652711893, 2.4330128003931106, 0.6748194040756063, 0.2613477842721575)",G0009_C05_N0_S1000,G0009,erdos_renyi,10,17,10008,C05,256,15,1000,1.0,0.5875,1.0,success,
8.625,14,COBYLA,2,N0,36,37,9472,34,19,0.3375263240000095,"(2.4245237272217217, 0.04932447436227646, 0.29482209794382347, 1.3475705621750358)",G0009_C05_N0_S1001,G0009,erdos_renyi,10,17,10008,C05,256,15,1001,1.0,0.575,0.9333333333333332,success,
8.791015625,15,COBYLA,2,N0,35,36,18432,34,19,0.4102612950000548,"(1.5587788482851628, 2.4402053150882708, 0.6615974750363827, 0.2821261456191407)",G0009_C06_N0_S1000,G0009,erdos_renyi,10,17,10008,C06,512,15,1000,1.0,0.5860677083333333,1.0,success,
8.779296875,15,COBYLA,2,N0,38,39,19968,34,19,0.4130509909998636,"(2.4518690842861917, 0.02403515918235327, 0.5381219017115624, 1.3037768700341932)",G0009_C06_N0_S1001,G0009,erdos_renyi,10,17,10008,C06,512,15,1001,1.0,0.5852864583333334,1.0,success,
8.8125,15,SPSA,2,N0,79,80,20480,34,19,0.5653253959999347,"(1.6695109475350673, 2.2398471523119445, 0.5769570142155336, 0.3085857452751377)",G0009_C07_N0_S1000,G0009,erdos_renyi,10,17,10008,C07,256,15,1000,1.0,0.5875,1.0,success,
8.8046875,15,SPSA,2,N0,79,80,20480,34,19,0.5826240300000336,"(2.1089461460280785, -0.0657263193367914, 0.4278157420061621, 1.5489968936261926)",G0009_C07_N0_S1001,G0009,erdos_renyi,10,17,10008,C07,256,15,1001,1.0,0.5869791666666667,1.0,success,
8.78515625,15,SPSA,2,N0,79,80,40960,34,19,0.791300579000108,"(1.6542205832215218, 2.2837942510957427, 0.6094406040973809, 0.29341816856359443)",G0009_C08_N0_S1000,G0009,erdos_renyi,10,17,10008,C08,512,15,1000,1.0,0.5856770833333333,1.0,success,
8.791015625,15,SPSA,2,N0,79,80,40960,34,19,0.7633671110002069,"(2.0370709170607473, -0.03184885400812851, 0.4802753580527356, 1.3749414754921807)",G0009_C08_N0_S1001,G0009,erdos_renyi,10,17,10008,C08,512,15,1001,1.0,0.5860677083333333,1.0,success,
9.08203125,15,COBYLA,3,N0,53,54,13824,51,26,1.362228234999975,"(2.1409121201438097, 2.384981902350715, 1.4751576901032764, 0.3361377771839145, 0.8420742688008539, 0.3000083523652443)",G0009_C09_N0_S1000,G0009,erdos_renyi,10,17,10008,C09,256,15,1000,1.0,0.60546875,1.0,success,
8.72265625,15,COBYLA,3,N0,52,53,13568,51,26,0.5038537689999885,"(1.8885815476378203, -0.06514404591141801, 0.5366173000483649, 1.3663943906256366, 0.14822334819251745, 0.30212051725496697)",G0009_C09_N0_S1001,G0009,erdos_renyi,10,17,10008,C09,256,15,1001,1.0,0.5815104166666667,1.0,success,
8.734375,15,COBYLA,3,N0,56,57,29184,51,26,1.0683592440000211,"(2.130602434423068, 2.388762617585509, 1.4808269123874898, 0.30879696863202916, 0.8712641663843264, 0.32636380794687797)",G0009_C10_N0_S1000,G0009,erdos_renyi,10,17,10008,C10,512,15,1000,1.0,0.5822916666666667,1.0,success,
9.01171875,15,COBYLA,3,N0,49,50,25600,51,26,0.610193241999923,"(2.020692335285185, 0.16027849327815025, 0.6169249330800743, 2.0029436124996014, 0.0715206831985736, 0.18364048349475207)",G0009_C10_N0_S1001,G0009,erdos_renyi,10,17,10008,C10,512,15,1001,1.0,0.60078125,1.0,success,
8.35546875,14,SPSA,3,N0,79,80,20480,51,26,0.6588144679999459,"(1.7473700990638616, 1.9213136386350804, 1.6460542900438186, 0.8371591928435198, 0.8592472213603489, 0.27056886451713025)",G0009_C11_N0_S1000,G0009,erdos_renyi,10,17,10008,C11,256,15,1000,1.0,0.55703125,0.9333333333333332,success,
8.765625,15,SPSA,3,N0,79,80,20480,51,26,0.6552266029998464,"(1.729117821558047, -0.06412581275114844, 0.4722457901719063, 1.3792467771106318, 0.029111226682807828, 0.37361066230347645)",G0009_C11_N0_S1001,G0009,erdos_renyi,10,17,10008,C11,256,15,1001,1.0,0.584375,1.0,success,
8.57421875,14,SPSA,3,N0,79,80,40960,51,26,0.8570892600000661,"(1.5145888906761311, 1.7778906582513916, 1.7440629597378352, 0.712363134409441, 0.7706798840029394, 0.20457194644463259)",G0009_C12_N0_S1000,G0009,erdos_renyi,10,17,10008,C12,512,15,1000,1.0,0.5716145833333334,0.9333333333333332,success,
8.78515625,15,SPSA,3,N0,79,80,40960,51,26,0.8179334319997906,"(1.591891308196656, -0.11803693192866821, 0.4660803376773932, 1.406173328839095, -0.027529133828384268, 0.3751541921390086)",G0009_C12_N0_S1001,G0009,erdos_renyi,10,17,10008,C12,512,15,1001,1.0,0.5856770833333333,1.0,success,
7.78515625,14,COBYLA,1,N0,25,26,6656,15,12,0.1980953599997974,"(2.13798160410895, 1.4485125552425884)",G0010_C01_N0_S1000,G0010,erdos_renyi,10,15,10009,C01,256,14,1000,1.0,0.5560825892857143,1.0,success,
9.8046875,14,COBYLA,1,N0,40,41,10496,15,12,0.289631682999925,"(0.6480804419452391, 0.4265386868663067)",G0010_C01_N0_S1001,G0010,erdos_renyi,10,15,10009,C01,256,14,1001,1.0,0.7003348214285714,1.0,success,
7.66796875,14,COBYLA,1,N0,23,24,12288,15,12,0.3039542740000343,"(2.6351522340460214, 1.5016290755350106)",G0010_C02_N0_S1000,G0010,erdos_renyi,10,15,10009,C02,512,14,1000,1.0,0.5477120535714286,1.0,success,
9.693359375,14,COBYLA,1,N0,38,39,19968,15,12,0.3497858959999576,"(0.7240381097254865, 0.4039260346812306)",G0010_C02_N0_S1001,G0010,erdos_renyi,10,15,10009,C02,512,14,1001,1.0,0.6923828125,1.0,success,
9.265625,14,SPSA,1,N0,79,80,20480,15,12,1.2647834419999526,"(0.8673514136238858, 0.4134686284873108)",G0010_C03_N0_S1000,G0010,erdos_renyi,10,15,10009,C03,256,14,1000,1.0,0.6618303571428571,1.0,success,
7.6484375,14,SPSA,1,N0,79,80,20480,15,12,0.4704761519999465,"(1.7397297318095668, 0.2690826361697851)",G0010_C03_N0_S1001,G0010,erdos_renyi,10,15,10009,C03,256,14,1001,1.0,0.5463169642857143,1.0,success,
8.490234375,13,SPSA,1,N0,79,80,40960,15,12,1.06697595799983,"(1.166012442131048, 0.4765597954823673)",G0010_C04_N0_S1000,G0010,erdos_renyi,10,15,10009,C04,512,14,1000,1.0,0.6064453125,0.9285714285714286,success,
7.89453125,14,SPSA,1,N0,79,80,40960,15,12,0.6881428490000872,"(1.6067711991702316, 0.27496140724770585)",G0010_C04_N0_S1001,G0010,erdos_renyi,10,15,10009,C04,512,14,1001,1.0,0.5638950892857143,1.0,success,
8.3515625,14,COBYLA,2,N0,41,42,10752,30,19,0.3426214010000876,"(1.356110737948647, 1.3684528450128084, 0.5116913998346713, 0.0922226612245252)",G0010_C05_N0_S1000,G0010,erdos_renyi,10,15,10009,C05,256,14,1000,1.0,0.5965401785714286,1.0,success,
8.01171875,13,COBYLA,2,N0,39,40,10240,30,19,0.3234351359999436,"(1.7454784941881567, 0.7201894608466312, -0.05690254707417684, 1.064102679739224)",G0010_C05_N0_S1001,G0010,erdos_renyi,10,15,10009,C05,256,14,1001,1.0,0.572265625,0.9285714285714286,success,
8.08203125,14,COBYLA,2,N0,41,42,21504,30,19,0.4392181640000672,"(1.263271496360209, 1.8484409908966608, 0.4257280034552267, -0.2427200857366007)",G0010_C06_N0_S1000,G0010,erdos_renyi,10,15,10009,C06,512,14,1000,1.0,0.5772879464285714,1.0,success,
8.59765625,14,COBYLA,2,N0,39,40,20480,30,19,0.4222734880002008,"(1.7875235251874886, 0.7950610476713362, 0.11811419206729934, 0.9819586073454656)",G0010_C06_N0_S1001,G0010,erdos_renyi,10,15,10009,C06,512,14,1001,1.0,0.6141183035714286,1.0,success,
8.70703125,14,SPSA,2,N0,79,80,20480,30,19,0.5476629510001203,"(1.3299858181168274, 2.2271544471091453, 0.2171678842375971, 0.30568754020029926)",G0010_C07_N0_S1000,G0010,erdos_renyi,10,15,10009,C07,256,14,1000,1.0,0.6219308035714286,1.0,success,
8.484375,13,SPSA,2,N0,79,80,20480,30,19,0.5506815630001256,"(2.1117380000604107, 0.60192317951298, 0.15289361843035604, 1.0385528457157531)",G0010_C07_N0_S1001,G0010,erdos_renyi,10,15,10009,C07,256,14,1001,1.0,0.6060267857142857,0.9285714285714286,success,
8.51171875,14,SPSA,2,N0,79,80,40960,30,19,0.7423157700000047,"(1.3496458668209783, 2.1489060964903253, 0.14111295275315533, 0.4232314608848358)",G0010_C08_N0_S1000,G0010,erdos_renyi,10,15,10009,C08,512,14,1000,1.0,0.6079799107142857,1.0,success,
8.357421875,14,SPSA,2,N0,79,80,40960,30,19,0.9237323250001735,"(2.0908558939660655, 0.4146344086396231, 0.021595746728112465, 1.2270171148030717)",G0010_C08_N0_S1001,G0010,erdos_renyi,10,15,10009,C08,512,14,1001,1.0,0.5969587053571429,1.0,success,
7.6015625,14,COBYLA,3,N0,54,55,14080,45,26,0.5191367539998737,"(2.1341538044212918, 2.347312798865801, 1.4791918667922734, 0.3166530747099376, 0.8300695752151056, 0.3026376141971917)",G0010_C09_N0_S1000,G0010,erdos_renyi,10,15,10009,C09,256,14,1000,1.0,0.54296875,1.0,success,
8.44921875,14,COBYLA,3,N0,53,54,13824,45,26,1.1915208180000718,"(2.474613037123553, 0.5967631648885501, 0.567262143087417, 1.31829089561876, 0.09787355252513799, 0.19551400732175217)",G0010_C09_N0_S1001,G0010,erdos_renyi,10,15,10009,C09,256,14,1001,1.0,0.603515625,1.0,success,
7.609375,14,COBYLA,3,N0,47,48,24576,45,26,0.5537424829999509,"(2.13798160410895, 2.3970251104851767, 1.4795072907359663, 0.3192611215778017, 0.8305727352036273, 0.30007908703546404)",G0010_C10_N0_S1000,G0010,erdos_renyi,10,15,10009,C10,512,14,1000,1.0,0.5435267857142857,1.0,success,
8.48828125,14,COBYLA,3,N0,55,56,28672,45,26,0.9594332019999,"(2.4966399500380154, 0.6245184636617677, 0.5744659335037088, 1.3220306500195906, 0.09157560343789858, 0.21392152798985442)",G0010_C10_N0_S1001,G0010,erdos_renyi,10,15,10009,C10,512,14,1001,1.0,0.6063058035714286,1.0,success,
8.25390625,12,SPSA,3,N0,79,80,20480,45,26,0.6372003019998829,"(1.7831794615300247, 1.9385014267261371, 1.1315537597554368, 0.04513999780534722, 0.6524539937690107, 0.3169390612890108)",G0010_C11_N0_S1000,G0010,erdos_renyi,10,15,10009,C11,256,14,1000,1.0,0.5895647321428571,0.8571428571428571,success,
10.41796875,14,SPSA,3,N0,79,80,20480,45,26,0.6089566680000189,"(1.083651668410273, -0.3998166916910322, 1.0367743763671138, 1.2948255071737231, 0.6078612309442741, 0.3292550024909502)",G0010_C11_N0_S1001,G0010,erdos_renyi,10,15,10009,C11,256,14,1001,1.0,0.744140625,1.0,success,
8.20703125,13,SPSA,3,N0,79,80,40960,45,26,0.7819926219999616,"(1.8733838851018951, 1.7851582742817669, 1.1386346024684058, 0.07574536902175566, 0.6627452486250742, 0.2788151425424617)",G0010_C12_N0_S1000,G0010,erdos_renyi,10,15,10009,C12,512,14,1000,1.0,0.5862165178571429,0.9285714285714286,success,
11.130859375,14,SPSA,3,N0,79,80,40960,45,26,0.7691094429999339,"(0.9081093732011767, -0.30028802700155577, 0.7021503629631531, 1.4025669701671408, 0.5939900303542365, 0.2682051286848476)",G0010_C12_N0_S1001,G0010,erdos_renyi,10,15,10009,C12,512,14,1001,1.0,0.7950613839285714,1.0,success,
12.78125,19,COBYLA,1,N0,27,28,7168,25,17,0.4715173530000811,"(2.2727802468391567, 1.2027331817496565)",G0011_C01_N0_S1000,G0011,erdos_renyi,12,25,10010,C01,256,20,1000,1.0,0.6390625,0.95,success,
12.72265625,20,COBYLA,1,N0,30,31,7936,25,17,0.2784709860000021,"(2.7202463090588864, -0.6256271876635154)",G0011_C01_N0_S1001,G0011,erdos_renyi,12,25,10010,C01,256,20,1001,1.0,0.6361328125,1.0,success,
12.85546875,20,COBYLA,1,N0,28,29,14848,25,17,0.3930961949999982,"(2.407376094336352, 1.2071158602570173)",G0011_C02_N0_S1000,G0011,erdos_renyi,12,25,10010,C02,512,20,1000,1.0,0.6427734375,1.0,success,
12.587890625,19,COBYLA,1,N0,24,25,12800,25,17,0.3520906730000206,"(1.9245237272217217, 0.5246622371811382)",G0011_C02_N0_S1001,G0011,erdos_renyi,12,25,10010,C02,512,20,1001,1.0,0.62939453125,0.95,success,
12.84375,20,SPSA,1,N0,79,80,20480,25,17,0.627267067000048,"(2.4015589114407327, 0.9016890557911752)",G0011_C03_N0_S1000,G0011,erdos_renyi,12,25,10010,C03,256,20,1000,1.0,0.6421875,1.0,success,
12.5078125,19,SPSA,1,N0,79,80,20480,25,17,0.6318588259998705,"(2.0232957863495002, -0.06304300097844953)",G0011_C03_N0_S1001,G0011,erdos_renyi,12,25,10010,C03,256,20,1001,1.0,0.625390625,0.95,success,
12.857421875,19,SPSA,1,N0,79,80,40960,25,17,0.9416744019999896,"(2.207771928195356, 0.874195575167756)",G0011_C04_N0_S1000,G0011,erdos_renyi,12,25,10010,C04,512,20,1000,1.0,0.64287109375,0.95,success,
12.7265625,19,SPSA,1,N0,79,80,40960,25,17,0.973954498000012,"(1.804969089478082, 0.08058265435767965)",G0011_C04_N0_S1001,G0011,erdos_renyi,12,25,10010,C04,512,20,1001,1.0,0.636328125,0.95,success,
12.78125,20,COBYLA,2,N0,36,37,9472,50,28,0.4279617540000799,"(1.6379174641503054, 2.3975683603711495, 0.7401429955375518, 0.31686311823315827)",G0011_C05_N0_S1000,G0011,erdos_renyi,12,25,10010,C05,256,20,1000,1.0,0.6390625,1.0,success,
12.51171875,19,COBYLA,2,N0,34,35,8960,50,28,0.4009323039999799,"(1.9245237272217217, 0.04932447436227646, 0.29482209794382347, 1.3475705621750358)",G0011_C05_N0_S1001,G0011,erdos_renyi,12,25,10010,C05,256,20,1001,1.0,0.6255859375,0.95,success,
15.072265625,20,COBYLA,2,N0,53,54,27648,50,28,0.8065318729998125,"(3.50022012693685, 2.294940379986126, 0.5073191880729832, -0.25142235569518095)",G0011_C06_N0_S1000,G0011,erdos_renyi,12,25,10010,C06,512,20,1000,1.0,0.75361328125,1.0,success,
12.658203125,20,COBYLA,2,N0,37,38,19456,50,28,0.5763162929999908,"(1.9245237272217217, 0.5493244743622765, 0.7948220979438234, 1.3475705621750358)",G0011_C06_N0_S1001,G0011,erdos_renyi,12,25,10010,C06,512,20,1001,1.0,0.63291015625,1.0,success,
14.3046875,20,SPSA,2,N0,79,80,20480,50,28,0.7834190429998671,"(1.2232970477519922, 2.318634150302193, 0.25365332798126805, 0.9184118765537134)",G0011_C07_N0_S1000,G0011,erdos_renyi,12,25,10010,C07,256,20,1000,1.0,0.715234375,1.0,success,
12.44921875,20,SPSA,2,N0,79,80,20480,50,28,0.7667126300000291,"(1.855759385769806, 0.20687875643136003, 0.006695428018806279, 0.8562502194604358)",G0011_C07_N0_S1001,G0011,erdos_renyi,12,25,10010,C07,256,20,1001,1.0,0.6224609375,1.0,success,
13.74609375,20,SPSA,2,N0,79,80,40960,50,28,1.1098793520000072,"(1.417941561412246, 2.198206825152674, 0.1644953584499196, 0.6478584539902827)",G0011_C08_N0_S1000,G0011,erdos_renyi,12,25,10010,C08,512,20,1000,1.0,0.6873046875,1.0,success,
12.59375,19,SPSA,2,N0,79,80,40960,50,28,1.0863159870000345,"(1.5623252840508972, 0.17647945375466678, 0.43403982841633, 1.3491580795693108)",G0011_C08_N0_S1001,G0011,erdos_renyi,12,25,10010,C08,512,20,1001,1.0,0.6296875,0.95,success,
12.546875,19,COBYLA,3,N0,51,52,13312,75,39,1.2093050780001704,"(2.1379631896484543, 1.8970525662418303, 1.4794692244565724, 0.31920466235558315, 0.830521423910354, 0.8000386203225578)",G0011_C09_N0_S1000,G0011,erdos_renyi,12,25,10010,C09,256,20,1000,1.0,0.62734375,0.95,success,
12.484375,20,COBYLA,3,N0,48,49,12544,75,39,0.6311636750001526,"(2.4245237272217217, 0.5493244743622765, 0.5896441958876469, 1.3475705621750358, 0.11969253481467036, 0.81587181732916)",G0011_C09_N0_S1001,G0011,erdos_renyi,12,25,10010,C09,256,20,1001,1.0,0.62421875,1.0,success,
12.94140625,20,COBYLA,3,N0,54,55,28160,75,39,1.594813639999984,"(1.7476397816128775, 2.3777331237368164, 1.4566341178138673, 0.2579033478409115, 0.8118381949860275, 0.26269962057564594)",G0011_C10_N0_S1000,G0011,erdos_renyi,12,25,10010,C10,512,20,1000,1.0,0.6470703125,1.0,success,
13.05078125,20,COBYLA,3,N0,50,51,26112,75,39,0.8525300619999143,"(2.5305571231962656, 0.5902112729712817, 0.39692807968489296, 0.9414539968319392, -0.03675826518495684, 0.31467323868987335)",G0011_C10_N0_S1001,G0011,erdos_renyi,12,25,10010,C10,512,20,1001,1.0,0.6525390625,1.0,success,
13.0546875,20,SPSA,3,N0,79,80,20480,75,39,0.8650558990000263,"(1.6208002080227915, 2.00532683839534, 1.5225216979584837, 0.1263452494648235, 0.9466569069044748, 0.10042625199647327)",G0011_C11_N0_S1000,G0011,erdos_renyi,12,25,10010,C11,256,20,1000,1.0,0.652734375,1.0,success,
12.98828125,20,SPSA,3,N0,79,80,20480,75,39,2.1516533650001293,"(2.1694714019326127, 0.24874589742976755, 0.6845207780442871, 1.4029698985646402, -0.3404151388286767, 0.36033592901406347)",G0011_C11_N0_S1001,G0011,erdos_renyi,12,25,10010,C11,256,20,1001,1.0,0.6494140625,1.0,success,
15.09375,20,SPSA,3,N0,79,80,40960,75,39,1.144038410000121,"(1.6685188638283128, 1.9142558065312985, 2.3183816997727162, -0.004376246751707405, 0.9830033374113306, -0.31751101771885226)",G0011_C12_N0_S1000,G0011,erdos_renyi,12,25,10010,C12,512,20,1000,1.0,0.7546875,1.0,success,
13.046875,20,SPSA,3,N0,79,80,40960,75,39,1.2221342129998902,"(1.8996946910562602, 0.156325761107942, 0.6131023948655051, 1.4098812661885123, 0.12215608369741923, 0.6239977911650876)",G0011_C12_N0_S1001,G0011,erdos_renyi,12,25,10010,C12,512,20,1001,1.0,0.65234375,1.0,success,
10.90234375,16,COBYLA,1,N0,25,26,6656,22,15,0.2684327689999009,"(2.137630459594564, 0.9485537563350074)",G0012_C01_N0_S1000,G0012,erdos_renyi,12,22,10011,C01,256,18,1000,1.0,0.6056857638888888,0.8888888888888888,success,
10.796875,17,COBYLA,1,N0,24,25,6400,22,15,0.227673126000127,"(1.900938145994404, 0.030852681497734378)",G0012_C01_N0_S1001,G0012,erdos_renyi,12,22,10011,C01,256,18,1001,1.0,0.5998263888888888,0.9444444444444444,success,
11.23046875,18,COBYLA,1,N0,28,29,14848,22,15,0.3740677359999154,"(2.187767292743663, 0.9448153450356538)",G0012_C02_N0_S1000,G0012,erdos_renyi,12,22,10011,C02,512,18,1000,1.0,0.6239149305555556,1.0,success,
11.28515625,18,COBYLA,1,N0,36,37,18944,22,15,0.4943004419999397,"(1.2897095018458378, 0.6582700563457915)",G0012_C02_N0_S1001,G0012,erdos_renyi,12,22,10011,C02,512,18,1001,1.0,0.626953125,1.0,success,
11.2890625,17,SPSA,1,N0,79,80,20480,22,15,0.6150297990000126,"(2.0777328004619613, 1.0038820894525584)",G0012_C03_N0_S1000,G0012,erdos_renyi,12,22,10011,C03,256,18,1000,1.0,0.6271701388888888,0.9444444444444444,success,
10.78125,17,SPSA,1,N0,79,80,20480,22,15,0.6403614759999527,"(1.8652357502675097, 0.09086697724046977)",G0012_C03_N0_S1001,G0012,erdos_renyi,12,22,10011,C03,256,18,1001,1.0,0.5989583333333334,0.9444444444444444,success,
11.197265625,17,SPSA,1,N0,79,80,40960,22,15,0.925244150000026,"(2.0665077247907004, 0.9606706537942108)",G0012_C04_N0_S1000,G0012,erdos_renyi,12,22,10011,C04,512,18,1000,1.0,0.6220703125,0.9444444444444444,success,
10.953125,17,SPSA,1,N0,79,80,40960,22,15,0.9900825709999026,"(1.858308117205697, 0.12476998641224804)",G0012_C04_N0_S1001,G0012,erdos_renyi,12,22,10011,C04,512,18,1001,1.0,0.6085069444444444,0.9444444444444444,success,
10.83203125,16,COBYLA,2,N0,39,40,10240,44,25,0.4320014370000535,"(1.6425214251235543, 1.8961165019162591, 0.7412285150578362, 0.31808247191746997)",G0012_C05_N0_S1000,G0012,erdos_renyi,12,22,10011,C05,256,18,1000,1.0,0.6017795138888888,0.8888888888888888,success,
10.87890625,16,COBYLA,2,N0,41,42,10752,44,25,0.4419696649999878,"(2.2155065020398625, 0.010425316079453524, 0.2575941810010686, 1.267018450626852)",G0012_C05_N0_S1001,G0012,erdos_renyi,12,22,10011,C05,256,18,1001,1.0,0.6043836805555556,0.8888888888888888,success,
13.708984375,18,COBYLA,2,N0,53,54,27648,44,25,0.7683587469998656,"(0.44622639977806516, 2.991740438409632, 0.37986879930612993, 0.11418875325786057)",G0012_C06_N0_S1000,G0012,erdos_renyi,12,22,10011,C06,512,18,1000,1.0,0.7616102430555556,1.0,success,
11.271484375,16,COBYLA,2,N0,46,47,24064,44,25,0.6663019550001081,"(2.6061415285728757, 0.11488366503438453, -0.09383410598379366, 2.1750197458932536)",G0012_C06_N0_S1001,G0012,erdos_renyi,12,22,10011,C06,512,18,1001,1.0,0.6261935763888888,0.8888888888888888,success,
11.5234375,18,SPSA,2,N0,79,80,20480,44,25,0.7314131460000226,"(1.3719592471414246, 2.3377444105247505, 0.40300673002200704, 0.2327776748421081)",G0012_C07_N0_S1000,G0012,erdos_renyi,12,22,10011,C07,256,18,1000,1.0,0.6401909722222222,1.0,success,
11.01171875,16,SPSA,2,N0,79,80,20480,44,25,0.7371103489999768,"(1.8060648045176995, 0.5222397845165613, 0.05522156074739213, 1.0866150423388747)",G0012_C07_N0_S1001,G0012,erdos_renyi,12,22,10011,C07,256,18,1001,1.0,0.6117621527777778,0.8888888888888888,success,
13.576171875,18,SPSA,2,N0,79,80,40960,44,25,1.0078352729999551,"(0.6756021511631641, 2.1628721622401392, 0.33257851445271547, -0.14046114712342514)",G0012_C08_N0_S1000,G0012,erdos_renyi,12,22,10011,C08,512,18,1000,1.0,0.7542317708333334,1.0,success,
11.150390625,18,SPSA,2,N0,79,80,40960,44,25,1.0076892750000752,"(1.8915399199345693, 0.2993032940408314, 0.05660414311229703, 1.0401133067507355)",G0012_C08_N0_S1001,G0012,erdos_renyi,12,22,10011,C08,512,18,1001,1.0,0.6194661458333334,1.0,success,
11.33984375,17,COBYLA,3,N0,52,53,13568,66,35,0.6525960810001834,"(1.638165734302744, 1.8934022310987773, 1.4802845001816463, 0.31942702992138183, 0.8339420787301369, 0.30088666718985146)",G0012_C09_N0_S1000,G0012,erdos_renyi,12,22,10011,C09,256,18,1000,1.0,0.6299913194444444,0.9444444444444444,success,
10.78125,15,COBYLA,3,N0,50,51,13056,66,35,0.6077135499999713,"(2.4250999751873445, 0.049677017868835265, 1.0876338783785697, 1.347293118895746, 0.11994456426465787, 0.31714137680154125)",G0012_C09_N0_S1001,G0012,erdos_renyi,12,22,10011,C09,256,18,1001,1.0,0.5989583333333334,0.8333333333333334,success,
12.43359375,18,COBYLA,3,N0,65,66,33792,66,35,1.078011669000034,"(0.5178070838361438, 1.4800496029296712, 0.9026671109870464, 0.29009921852748477, 0.4736238942698729, 0.3491389994154105)",G0012_C10_N0_S1000,G0012,erdos_renyi,12,22,10011,C10,512,18,1000,1.0,0.6907552083333334,1.0,success,
11.435546875,17,COBYLA,3,N0,54,55,28160,66,35,0.8941785859999527,"(2.5713893386923585, 0.5682923365646091, 0.5998198705837449, 1.2524623870019043, 0.628163930300384, 0.2377243626412346)",G0012_C10_N0_S1001,G0012,erdos_renyi,12,22,10011,C10,512,18,1001,1.0,0.6353081597222222,0.9444444444444444,success,
11.49609375,17,SPSA,3,N0,79,80,20480,66,35,0.8689272799999799,"(1.4874621405033022, 2.084434038992322, 1.0679517175817668, 0.13080994979332602, 0.6836684296098658, 0.4753128561761506)",G0012_C11_N0_S1000,G0012,erdos_renyi,12,22,10011,C11,256,18,1000,1.0,0.638671875,0.9444444444444444,success,
11.171875,17,SPSA,3,N0,79,80,20480,66,35,0.8516464740000629,"(2.3528289511474942, 0.276167242128782, 0.5163693757321542, 1.1583977071831186, 0.07778106858196886, 0.24838968637917397)",G0012_C11_N0_S1001,G0012,erdos_renyi,12,22,10011,C11,256,18,1001,1.0,0.6206597222222222,0.9444444444444444,success,
11.462890625,18,SPSA,3,N0,79,80,40960,66,35,2.344161516999975,"(1.4029963775587764, 2.1590835711467014, 0.981794558791975, 0.058156447506918264, 0.9086112582421947, 0.26592588731849964)",G0012_C12_N0_S1000,G0012,erdos_renyi,12,22,10011,C12,512,18,1000,1.0,0.6368272569444444,1.0,success,
11.38671875,18,SPSA,3,N0,79,80,40960,66,35,1.1354976879999867,"(2.2113015404242495, 0.09411480649231253, 0.5291726521766801, 1.2666928708560639, 0.12936366597413762, 0.3945391561005618)",G0012_C12_N0_S1001,G0012,erdos_renyi,12,22,10011,C12,512,18,1001,1.0,0.6325954861111112,1.0,success,
13.5546875,19,COBYLA,1,N0,33,34,8704,26,15,0.4640066380000007,"(1.6993515652059275, 1.8791916234136405)",G0013_C01_N0_S1000,G0013,erdos_renyi,12,26,10012,C01,256,21,1000,1.0,0.6454613095238095,0.9047619047619048,success,
13.6640625,20,COBYLA,1,N0,28,29,7424,26,15,0.289807711000094,"(2.7892496653233514, -0.25953927954954564)",G0013_C01_N0_S1001,G0013,erdos_renyi,12,26,10012,C01,256,21,1001,1.0,0.6506696428571429,0.9523809523809524,success,
12.650390625,21,COBYLA,1,N0,24,25,12800,26,15,0.9406455870000628,"(2.13798160410895, 1.4485125552425884)",G0013_C02_N0_S1000,G0013,erdos_renyi,12,26,10012,C02,512,21,1000,1.0,0.6023995535714286,1.0,success,
13.671875,19,COBYLA,1,N0,31,32,16384,26,15,0.4473164400001224,"(2.7711611921156916, -0.3181299289296014)",G0013_C02_N0_S1001,G0013,erdos_renyi,12,26,10012,C02,512,21,1001,1.0,0.6510416666666666,0.9047619047619048,success,
13.48046875,19,SPSA,1,N0,79,80,20480,26,15,1.205623087000049,"(1.8366743170676123, 0.3040344160031484)",G0013_C03_N0_S1000,G0013,erdos_renyi,12,26,10012,C03,256,21,1000,1.0,0.6419270833333334,0.9047619047619048,success,
13.484375,19,SPSA,1,N0,79,80,20480,26,15,0.6915272990001995,"(2.028374483815966, 0.4678657005836875)",G0013_C03_N0_S1001,G0013,erdos_renyi,12,26,10012,C03,256,21,1001,1.0,0.6421130952380952,0.9047619047619048,success,
13.482421875,20,SPSA,1,N0,79,80,40960,26,15,0.9465058789999148,"(1.4979402608348884, 0.3827562868852713)",G0013_C04_N0_S1000,G0013,erdos_renyi,12,26,10012,C04,512,21,1000,1.0,0.6420200892857143,0.9523809523809524,success,
13.599609375,19,SPSA,1,N0,79,80,40960,26,15,2.0721540919998915,"(2.0310975161919127, 0.41481508501009445)",G0013_C04_N0_S1001,G0013,erdos_renyi,12,26,10012,C04,512,21,1001,1.0,0.6476004464285714,0.9047619047619048,success,
13.16796875,19,COBYLA,2,N0,35,36,9216,52,25,0.4100773019999906,"(1.6502409403444618, 2.438605867299325, 0.7315412806217869, 0.3427835875008877)",G0013_C05_N0_S1000,G0013,erdos_renyi,12,26,10012,C05,256,21,1000,1.0,0.6270461309523809,0.9047619047619048,success,
13.15625,19,COBYLA,2,N0,34,35,8960,52,25,0.4338030980002259,"(2.4245237272217217, 0.04932447436227646, 0.29482209794382347, 1.3475705621750358)",G0013_C05_N0_S1001,G0013,erdos_renyi,12,26,10012,C05,256,21,1001,1.0,0.6264880952380952,0.9047619047619048,success,
13.470703125,19,COBYLA,2,N0,41,42,21504,52,25,0.6300744819998272,"(2.08949164461933, 2.6362440960266698, 0.41083108535949037, 0.09935887203383659)",G0013_C06_N0_S1000,G0013,erdos_renyi,12,26,10012,C06,512,21,1000,1.0,0.6414620535714286,0.9047619047619048,success,
13.736328125,19,COBYLA,2,N0,36,37,18944,52,25,0.5497670509998898,"(2.4276871127334854, 0.633244620296282, 0.32478383043331105, 0.6756233592461433)",G0013_C06_N0_S1001,G0013,erdos_renyi,12,26,10012,C06,512,21,1001,1.0,0.6541108630952381,0.9047619047619048,success,
13.52734375,19,SPSA,2,N0,79,80,20480,52,25,0.7701587040000959,"(1.9408982897930362, 1.9394196521174827, 0.3791697812975418, -0.20156278435892075)",G0013_C07_N0_S1000,G0013,erdos_renyi,12,26,10012,C07,256,21,1000,1.0,0.6441592261904762,0.9047619047619048,success,
13.55078125,18,SPSA,2,N0,79,80,20480,52,25,0.7703857209999114,"(1.9736477377725998, -0.49796269992739706, 0.46737099529328785, 1.729031298604399)",G0013_C07_N0_S1001,G0013,erdos_renyi,12,26,10012,C07,256,21,1001,1.0,0.6452752976190477,0.8571428571428571,success,
13.853515625,19,SPSA,2,N0,79,80,40960,52,25,1.0541156760000376,"(1.9908474950133084, 1.9498127123903217, 0.3830919923739128, -0.1731452629807424)",G0013_C08_N0_S1000,G0013,erdos_renyi,12,26,10012,C08,512,21,1000,1.0,0.6596912202380952,0.9047619047619048,success,
13.45703125,19,SPSA,2,N0,79,80,40960,52,25,1.0716057280001223,"(2.120115737905836, -0.07995500960803859, 0.40048452971765724, 1.5964695863324903)",G0013_C08_N0_S1001,G0013,erdos_renyi,12,26,10012,C08,512,21,1001,1.0,0.6408110119047619,0.9047619047619048,success,
13.01953125,20,COBYLA,3,N0,47,48,12288,78,35,0.6100360139998884,"(2.13798160410895, 2.3970251104851767, 1.4795072907359663, 0.3192611215778017, 0.8305727352036273, 0.30007908703546404)",G0013_C09_N0_S1000,G0013,erdos_renyi,12,26,10012,C09,256,21,1000,1.0,0.6199776785714286,0.9523809523809524,success,
13.3359375,20,COBYLA,3,N0,55,56,14336,78,35,0.7360800779999863,"(2.772170943214476, 0.7098993382953243, 0.36574827966063783, 1.2745890950642706, -0.11010948419934896, 0.01446774127479972)",G0013_C09_N0_S1001,G0013,erdos_renyi,12,26,10012,C09,256,21,1001,1.0,0.6350446428571429,0.9523809523809524,success,
13.001953125,19,COBYLA,3,N0,48,49,25088,78,35,0.8277685450000263,"(2.1397971430566556, 2.3958006314095304, 1.4548722646890162, 0.3217526872510632, 0.8413201955664165, 0.30280283017657467)",G0013_C10_N0_S1000,G0013,erdos_renyi,12,26,10012,C10,512,21,1000,1.0,0.619140625,0.9047619047619048,success,
13.966796875,18,COBYLA,3,N0,58,59,30208,78,35,0.9976358789999722,"(2.6946835487011507, 0.4105820562746819, -0.1460727764498796, 1.9133460254488621, -0.0826969125267723, 0.9234701408400994)",G0013_C10_N0_S1001,G0013,erdos_renyi,12,26,10012,C10,512,21,1001,1.0,0.6650855654761905,0.8571428571428571,success,
13.50390625,20,SPSA,3,N0,79,80,20480,78,35,0.901378503999922,"(2.063819856686145, 1.986980087040775, 1.5402680051683924, 0.26071250143572255, 0.9895259038126453, -0.22164784861486492)",G0013_C11_N0_S1000,G0013,erdos_renyi,12,26,10012,C11,256,21,1000,1.0,0.6430431547619048,0.9523809523809524,success,
13.51953125,18,SPSA,3,N0,79,80,20480,78,35,0.8989305560000957,"(1.7716263617594163, -0.10357289110002871, 0.4409706899667477, 1.500467927637341, -0.02898097110622884, 0.4687691827914652)",G0013_C11_N0_S1001,G0013,erdos_renyi,12,26,10012,C11,256,21,1001,1.0,0.6437872023809523,0.8571428571428571,success,
13.220703125,18,SPSA,3,N0,79,80,40960,78,35,1.225717048999968,"(1.719274063182894, 2.019275607664838, 1.5531045352024613, 0.38562777172505625, 1.0317045040394854, 0.06275643951432981)",G0013_C12_N0_S1000,G0013,erdos_renyi,12,26,10012,C12,512,21,1000,1.0,0.6295572916666666,0.8571428571428571,success,
13.640625,19,SPSA,3,N0,79,80,40960,78,35,1.233486266,"(1.7882480907624059, -0.18479114232939667, 0.5217148489558626, 1.3700526921104594, 0.04073124591937121, 0.5633712985491857)",G0013_C12_N0_S1001,G0013,erdos_renyi,12,26,10012,C12,512,21,1001,1.0,0.6495535714285714,0.9047619047619048,success,
10.9609375,17,COBYLA,1,N0,28,29,7424,22,14,0.2675382439999794,"(2.553299656686763, 1.7258585013406103)",G0014_C01_N0_S1000,G0014,erdos_renyi,12,22,10013,C01,256,19,1000,1.0,0.576891447368421,0.8947368421052632,success,
10.88671875,18,COBYLA,1,N0,27,28,7168,22,14,0.2633145690001583,"(2.424473831079411, 0.024659016159169378)",G0014_C01_N0_S1001,G0014,erdos_renyi,12,22,10013,C01,256,19,1001,1.0,0.572985197368421,0.9473684210526316,success,
11.154296875,18,COBYLA,1,N0,26,27,13824,22,14,0.3695521090000966,"(2.1359344107049782, 1.4426073457486979)",G0014_C02_N0_S1000,G0014,erdos_renyi,12,22,10013,C02,512,19,1000,1.0,0.5870682565789473,0.9473684210526316,success,
11.06640625,18,COBYLA,1,N0,24,25,12800,22,14,0.3505544019999433,"(2.4245237272217217, 0.02466223718113823)",G0014_C02_N0_S1001,G0014,erdos_renyi,12,22,10013,C02,512,19,1001,1.0,0.5824424342105263,0.9473684210526316,success,
11.35546875,17,SPSA,1,N0,79,80,20480,22,14,0.6079692119999436,"(1.8382130587680843, 0.9590927179912806)",G0014_C03_N0_S1000,G0014,erdos_renyi,12,22,10013,C03,256,19,1000,1.0,0.59765625,0.8947368421052632,success,
10.984375,16,SPSA,1,N0,79,80,20480,22,14,0.6534415410001202,"(1.9561201335508762, -0.36327773297403576)",G0014_C03_N0_S1001,G0014,erdos_renyi,12,22,10013,C03,256,19,1001,1.0,0.578125,0.8421052631578947,success,
11.25,18,SPSA,1,N0,79,80,40960,22,14,0.9009657760000208,"(1.8692966037282783, 1.1001912102358775)",G0014_C04_N0_S1000,G0014,erdos_renyi,12,22,10013,C04,512,19,1000,1.0,0.5921052631578947,0.9473684210526316,success,
11.181640625,17,SPSA,1,N0,79,80,40960,22,14,0.9868369109999549,"(1.8956774453686074, -0.3591682263037143)",G0014_C04_N0_S1001,G0014,erdos_renyi,12,22,10013,C04,512,19,1001,1.0,0.5885074013157895,0.8947368421052632,success,
11.02734375,16,COBYLA,2,N0,34,35,8960,44,23,0.5219576269998925,"(1.6403923499850417, 2.3972378647531607, 1.263057788533085, 0.3284411745745854)",G0014_C05_N0_S1000,G0014,erdos_renyi,12,22,10013,C05,256,19,1000,1.0,0.5803865131578947,0.8421052631578947,success,
10.98828125,17,COBYLA,2,N0,34,35,8960,44,23,0.3680433140000332,"(2.4735210102126803, 0.009749745792655987, 0.5334995957872223, 1.3079958336054154)",G0014_C05_N0_S1001,G0014,erdos_renyi,12,22,10013,C05,256,19,1001,1.0,0.5783305921052632,0.8947368421052632,success,
11.279296875,18,COBYLA,2,N0,37,38,19456,44,23,1.254648515999861,"(1.9004940233042296, 2.51716934504903, 1.3092122095537675, 0.20041871630958216)",G0014_C06_N0_S1000,G0014,erdos_renyi,12,22,10013,C06,512,19,1000,1.0,0.5936472039473685,0.9473684210526316,success,
11.1953125,17,COBYLA,2,N0,41,42,21504,44,23,0.6134818800001085,"(2.4606115855709185, 0.7412015398892043, -0.30820061910591073, 2.5566720270660053)",G0014_C06_N0_S1001,G0014,erdos_renyi,12,22,10013,C06,512,19,1001,1.0,0.5892269736842105,0.8947368421052632,success,
11.0390625,17,SPSA,2,N0,79,80,20480,44,23,1.1162402499999189,"(1.6291253195564515, 1.7983311700099571, 0.8367256668342027, 0.350960831725951)",G0014_C07_N0_S1000,G0014,erdos_renyi,12,22,10013,C07,256,19,1000,1.0,0.5810032894736842,0.8947368421052632,success,
10.921875,17,SPSA,2,N0,79,80,20480,44,23,0.7852182259998699,"(1.889022544222757, 0.046435823174636785, 0.0772917683188204, 1.1478020812098058)",G0014_C07_N0_S1001,G0014,erdos_renyi,12,22,10013,C07,256,19,1001,1.0,0.5748355263157895,0.8947368421052632,success,
11.1015625,17,SPSA,2,N0,79,80,40960,44,23,1.028122342000188,"(1.8258627572139865, 1.8564235878011148, 0.8567218365874513, 0.2412159870203094)",G0014_C08_N0_S1000,G0014,erdos_renyi,12,22,10013,C08,512,19,1000,1.0,0.5842927631578947,0.8947368421052632,success,
11.234375,19,SPSA,2,N0,79,80,40960,44,23,2.054369944999962,"(1.8077576210716635, 0.21119627914851913, 0.05656009572045584, 1.0915156019418244)",G0014_C08_N0_S1001,G0014,erdos_renyi,12,22,10013,C08,512,19,1001,1.0,0.5912828947368421,1.0,success,
10.9453125,17,COBYLA,3,N0,48,49,12544,66,32,0.5889458139999988,"(1.6379816041089499, 2.3970251104851767, 1.4795072907359663, 0.3192611215778017, 0.8305727352036273, 0.30007908703546404)",G0014_C09_N0_S1000,G0014,erdos_renyi,12,22,10013,C09,256,19,1000,1.0,0.5760690789473685,0.8947368421052632,success,
11.12109375,17,COBYLA,3,N0,51,52,13312,66,32,0.93580830399992,"(2.422718886775674, 0.026534683005082924, 0.5980539488948675, 1.3477457423376986, 0.11967494956069562, 0.3158756625893552)",G0014_C09_N0_S1001,G0014,erdos_renyi,12,22,10013,C09,256,19,1001,1.0,0.5853207236842105,0.8947368421052632,success,
11.015625,17,COBYLA,3,N0,49,50,25600,66,32,0.8067721689999416,"(1.637507381965876, 2.3966160996147545, 1.4775276554117993, 0.3198834676038553, 0.8294185382175826, 0.30054746956232237)",G0014_C10_N0_S1000,G0014,erdos_renyi,12,22,10013,C10,512,19,1000,1.0,0.5797697368421053,0.8947368421052632,success,
11.18359375,18,COBYLA,3,N0,49,50,25600,66,32,0.8280240649999087,"(2.4245237272217217, 0.04932447436227646, 0.5896441958876469, 1.3475705621750358, 0.11969253481467036, 0.31587181732916003)",G0014_C10_N0_S1001,G0014,erdos_renyi,12,22,10013,C10,512,19,1001,1.0,0.588610197368421,0.9473684210526316,success,
11.0,17,SPSA,3,N0,79,80,20480,66,32,0.8478894840000066,"(1.544118338627831, 1.9077082638567961, 1.1910743676641375, 0.32847966751802227, 0.8709338214244803, 0.5093190347490497)",G0014_C11_N0_S1000,G0014,erdos_renyi,12,22,10013,C11,256,19,1000,1.0,0.5789473684210527,0.8947368421052632,success,
11.09765625,16,SPSA,3,N0,79,80,20480,66,32,0.8350438370000575,"(2.024523727221722, 0.14932447436227647, 0.6896441958876469, 1.2475705621750357, 0.21969253481467038, 0.21587181732916003)",G0014_C11_N0_S1001,G0014,erdos_renyi,12,22,10013,C11,256,19,1001,1.0,0.5840871710526315,0.8421052631578947,success,
11.09375,18,SPSA,3,N0,79,80,40960,66,32,1.1376082000001588,"(1.5216592230660348, 1.7724026137161186, 1.416834733907529, 0.4355835026207169, 0.7059502384345688, 0.3627516438639015)",G0014_C12_N0_S1000,G0014,erdos_renyi,12,22,10013,C12,512,19,1000,1.0,0.5838815789473685,0.9473684210526316,success,
11.1640625,16,SPSA,3,N0,79,80,40960,66,32,1.148678216999997,"(2.159303313310069, 0.14433210921587392, 0.5243294100296723, 1.3820374537773714, -0.011319094023514359, 0.38517838131183263)",G0014_C12_N0_S1001,G0014,erdos_renyi,12,22,10013,C12,512,19,1001,1.0,0.5875822368421053,0.8421052631578947,success,
12.66015625,18,COBYLA,1,N0,29,30,7680,23,12,0.2685934179999094,"(2.8389033585901466, 1.198339102819422)",G0015_C01_N0_S1000,G0015,erdos_renyi,12,23,10014,C01,256,19,1000,1.0,0.6663240131578947,0.9473684210526316,success,
12.48828125,18,COBYLA,1,N0,29,30,7680,23,12,0.2845740970001316,"(2.536620698859416, -0.2621503665596435)",G0015_C01_N0_S1001,G0015,erdos_renyi,12,23,10014,C01,256,19,1001,1.0,0.6572779605263158,0.9473684210526316,success,
11.615234375,17,COBYLA,1,N0,26,27,13824,23,12,0.3530174059999353,"(2.2807691569412247, 0.8946387198003569)",G0015_C02_N0_S1000,G0015,erdos_renyi,12,23,10014,C02,512,19,1000,1.0,0.611328125,0.8947368421052632,success,
12.8203125,19,COBYLA,1,N0,39,40,20480,23,12,0.529342607999979,"(2.6934387519472085, -0.3568915304562878)",G0015_C02_N0_S1001,G0015,erdos_renyi,12,23,10014,C02,512,19,1001,1.0,0.6747532894736842,1.0,success,
11.0546875,17,SPSA,1,N0,79,80,20480,23,12,0.6443575430000692,"(1.7635477692885657, 0.95955424690529)",G0015_C03_N0_S1000,G0015,erdos_renyi,12,23,10014,C03,256,19,1000,1.0,0.5818256578947368,0.8947368421052632,success,
11.94921875,18,SPSA,1,N0,79,80,20480,23,12,0.6391575420000208,"(2.405503702933509, -0.23795140642896895)",G0015_C03_N0_S1001,G0015,erdos_renyi,12,23,10014,C03,256,19,1001,1.0,0.62890625,0.9473684210526316,success,
11.51953125,19,SPSA,1,N0,79,80,40960,23,12,0.9269760540000788,"(1.7999091508561698, 0.9821643478301926)",G0015_C04_N0_S1000,G0015,erdos_renyi,12,23,10014,C04,512,19,1000,1.0,0.6062911184210527,1.0,success,
11.61328125,18,SPSA,1,N0,79,80,40960,23,12,0.9601843129998996,"(1.792725835297582, -0.18455027981469935)",G0015_C04_N0_S1001,G0015,erdos_renyi,12,23,10014,C04,512,19,1001,1.0,0.6112253289473685,0.9473684210526316,success,
11.6640625,17,COBYLA,2,N0,35,36,9216,46,20,0.3885453870000219,"(1.8569415645098024, 2.484839115791489, 1.2757979891868083, 0.21895267752406)",G0015_C05_N0_S1000,G0015,erdos_renyi,12,23,10014,C05,256,19,1000,1.0,0.6138980263157895,0.8947368421052632,success,
12.23046875,18,COBYLA,2,N0,38,39,9984,46,20,0.4444180610000785,"(1.788118600806258, 0.7788791905505245, 0.2592073564691375, 0.8079511297524352)",G0015_C05_N0_S1001,G0015,erdos_renyi,12,23,10014,C05,256,19,1001,1.0,0.6437088815789473,0.9473684210526316,success,
12.931640625,18,COBYLA,2,N0,47,48,24576,46,20,0.7018588129999443,"(1.2682370952962863, 2.3651804198757884, 1.6419808150401176, 0.3177335323958988)",G0015_C06_N0_S1000,G0015,erdos_renyi,12,23,10014,C06,512,19,1000,1.0,0.6806126644736842,0.9473684210526316,success,
12.462890625,17,COBYLA,2,N0,41,42,21504,46,20,0.6330132400000821,"(1.9350842480787624, 0.8199509820706957, 0.16063062863431923, 0.8948309025076113)",G0015_C06_N0_S1001,G0015,erdos_renyi,12,23,10014,C06,512,19,1001,1.0,0.6559416118421053,0.8947368421052632,success,
12.1640625,18,SPSA,2,N0,79,80,20480,46,20,0.7702989970000544,"(1.400499955881296, 1.9631294638971781, 0.23705718743585133, 0.3035580721747898)",G0015_C07_N0_S1000,G0015,erdos_renyi,12,23,10014,C07,256,19,1000,1.0,0.6402138157894737,0.9473684210526316,success,
12.87109375,17,SPSA,2,N0,79,80,20480,46,20,0.7584382169998207,"(2.10201114906278, 0.5587368546494063, 0.04882626150423405, 1.1696818413265928)",G0015_C07_N0_S1001,G0015,erdos_renyi,12,23,10014,C07,256,19,1001,1.0,0.6774259868421053,0.8947368421052632,success,
12.01953125,18,SPSA,2,N0,79,80,40960,46,20,1.0400151159999496,"(1.4719254705556213, 1.821900085089577, 0.27913394015254706, 0.42190223195052606)",G0015_C08_N0_S1000,G0015,erdos_renyi,12,23,10014,C08,512,19,1000,1.0,0.6326069078947368,0.9473684210526316,success,
12.994140625,18,SPSA,2,N0,79,80,40960,46,20,1.0422013029999562,"(2.3423706781881766, 0.35202119995009407, 0.09867751963212118, 1.1289331245592569)",G0015_C08_N0_S1001,G0015,erdos_renyi,12,23,10014,C08,512,19,1001,1.0,0.6839021381578947,0.9473684210526316,success,
11.3515625,17,COBYLA,3,N0,50,51,13056,69,28,0.6453190019999511,"(2.13798160410895, 1.8970251104851767, 1.4795072907359663, 0.3192611215778017, 0.8305727352036273, 0.30007908703546404)",G0015_C09_N0_S1000,G0015,erdos_renyi,12,23,10014,C09,256,19,1000,1.0,0.5974506578947368,0.8947368421052632,success,
12.96875,17,COBYLA,3,N0,51,52,13312,69,28,0.6376442140001473,"(2.5211734586954777, 0.5471752688220564, 0.5684994511402045, 1.3075751245677183, 0.03899537560634788, 0.23769176548338433)",G0015_C09_N0_S1001,G0015,erdos_renyi,12,23,10014,C09,256,19,1001,1.0,0.6825657894736842,0.8947368421052632,success,
11.513671875,18,COBYLA,3,N0,49,50,25600,69,28,2.0276949569999942,"(2.13798160410895, 1.8970251104851767, 1.4795072907359663, 0.3192611215778017, 0.8305727352036273, 0.30007908703546404)",G0015_C10_N0_S1000,G0015,erdos_renyi,12,23,10014,C10,512,19,1000,1.0,0.6059827302631579,0.9473684210526316,success,
12.708984375,19,COBYLA,3,N0,57,58,29696,69,28,0.9378424670001096,"(2.688760103933938, 0.7481106226144832, 0.4714562350731781, 1.155900558280607, 0.06946009140799914, -0.006526802330967095)",G0015_C10_N0_S1001,G0015,erdos_renyi,12,23,10014,C10,512,19,1001,1.0,0.6688939144736842,1.0,success,
12.61328125,18,SPSA,3,N0,79,80,20480,69,28,0.8992437370000061,"(2.195089427102857, 1.4091658405487089, 1.315136515708794, -0.007359172985591966, 0.6019493460771084, 0.21298058019851118)",G0015_C11_N0_S1000,G0015,erdos_renyi,12,23,10014,C11,256,19,1000,1.0,0.6638569078947368,0.9473684210526316,success,
13.3125,19,SPSA,3,N0,79,80,20480,69,28,1.8984832339999684,"(1.254148091880389, -0.5191364329302706, 0.4171262536128608, 1.656199044974297, 0.3899735109404443, -0.11843522820172284)",G0015_C11_N0_S1001,G0015,erdos_renyi,12,23,10014,C11,256,19,1001,1.0,0.7006578947368421,1.0,success,
12.98828125,19,SPSA,3,N0,79,80,40960,69,28,1.186637057000098,"(1.7782520155389578, 1.6931920951281367, 1.1648426904926925, -0.011847748610830225, 0.5319044310255298, 0.2123888714591063)",G0015_C12_N0_S1000,G0015,erdos_renyi,12,23,10014,C12,512,19,1000,1.0,0.68359375,1.0,success,
12.00390625,18,SPSA,3,N0,79,80,40960,69,28,1.3749737299999651,"(1.5114840289557097, -0.3440674328296592, 0.5070951010671932, 1.240475692430526, 0.3636132610401299, 0.2544355771423998)",G0015_C12_N0_S1001,G0015,erdos_renyi,12,23,10014,C12,512,19,1001,1.0,0.6317845394736842,0.9473684210526316,success,
12.06640625,17,COBYLA,1,N0,25,26,6656,24,13,0.23485308599993,"(2.1404501844299997, 0.9481174461455956)",G0016_C01_N0_S1000,G0016,erdos_renyi,12,24,10015,C01,256,20,1000,1.0,0.6033203125,0.85,success,
11.70703125,17,COBYLA,1,N0,27,28,7168,24,13,0.5106717669998488,"(2.308789957896063, 0.023176860090701197)",G0016_C01_N0_S1001,G0016,erdos_renyi,12,24,10015,C01,256,20,1001,1.0,0.5853515625,0.85,success,
12.333984375,18,COBYLA,1,N0,28,29,14848,24,13,0.3957612429999244,"(2.1647892305735352, 1.0401230409055875)",G0016_C02_N0_S1000,G0016,erdos_renyi,12,24,10015,C02,512,20,1000,1.0,0.61669921875,0.9,success,
12.119140625,19,COBYLA,1,N0,32,33,16896,24,13,0.4695847549999143,"(2.905771947696685, 0.5162783665471512)",G0016_C02_N0_S1001,G0016,erdos_renyi,12,24,10015,C02,512,20,1001,1.0,0.60595703125,0.95,success,
12.4296875,19,SPSA,1,N0,79,80,20480,24,13,0.6430135880000307,"(2.206339805383735, 1.0430845677867073)",G0016_C03_N0_S1000,G0016,erdos_renyi,12,24,10015,C03,256,20,1000,1.0,0.621484375,0.95,success,
12.3984375,18,SPSA,1,N0,79,80,20480,24,13,0.6660338930000762,"(2.150403144598551, -0.33606919378033434)",G0016_C03_N0_S1001,G0016,erdos_renyi,12,24,10015,C03,256,20,1001,1.0,0.619921875,0.9,success,
12.341796875,18,SPSA,1,N0,79,80,40960,24,13,0.9619276199998694,"(2.0374698388651304, 1.0353360323459524)",G0016_C04_N0_S1000,G0016,erdos_renyi,12,24,10015,C04,512,20,1000,1.0,0.61708984375,0.9,success,
12.390625,19,SPSA,1,N0,79,80,40960,24,13,0.9950694279998517,"(2.1497332819557493, -0.2896698778993725)",G0016_C04_N0_S1001,G0016,erdos_renyi,12,24,10015,C04,512,20,1001,1.0,0.61953125,0.95,success,
14.66015625,20,COBYLA,2,N0,48,49,12544,48,21,0.5307472160000088,"(0.6012118497489648, 1.7510612086276895, 0.40497351163251755, 0.12537751021898727)",G0016_C05_N0_S1000,G0016,erdos_renyi,12,24,10015,C05,256,20,1000,1.0,0.7330078125,1.0,success,
11.8828125,18,COBYLA,2,N0,34,35,8960,48,21,0.4094498540000586,"(1.9245237272217217, 0.04932447436227646, 0.29482209794382347, 1.3475705621750358)",G0016_C05_N0_S1001,G0016,erdos_renyi,12,24,10015,C05,256,20,1001,1.0,0.594140625,0.9,success,
11.900390625,18,COBYLA,2,N0,34,35,17920,48,21,0.5544721290000325,"(1.6379816041089499, 1.923539163519737, 1.2963509508840634, 0.3192611215778017)",G0016_C06_N0_S1000,G0016,erdos_renyi,12,24,10015,C06,512,20,1000,1.0,0.59501953125,0.9,success,
11.994140625,20,COBYLA,2,N0,40,41,20992,48,21,0.6048514879998947,"(1.8763526116991869, 0.062001640669181485, 0.14774359214434085, 1.3114226440315235)",G0016_C06_N0_S1001,G0016,erdos_renyi,12,24,10015,C06,512,20,1001,1.0,0.59970703125,1.0,success,
12.4453125,20,SPSA,2,N0,79,80,20480,48,21,0.8287288819999503,"(1.4097864830706797, 1.9086418259449365, 0.3620777182189667, 0.3963737608471355)",G0016_C07_N0_S1000,G0016,erdos_renyi,12,24,10015,C07,256,20,1000,1.0,0.622265625,1.0,success,
12.3515625,18,SPSA,2,N0,79,80,20480,48,21,0.7936739960000523,"(1.7862286475585116, 0.46464474402561196, -0.09833784554834901, 1.2982560830431613)",G0016_C07_N0_S1001,G0016,erdos_renyi,12,24,10015,C07,256,20,1001,1.0,0.617578125,0.9,success,
12.484375,19,SPSA,2,N0,79,80,40960,48,21,1.0893483069999093,"(1.1956865306001003, 1.6968845747732237, 0.4420031153991846, 0.13139936105159267)",G0016_C08_N0_S1000,G0016,erdos_renyi,12,24,10015,C08,512,20,1000,1.0,0.62421875,0.95,success,
12.46484375,17,SPSA,2,N0,79,80,40960,48,21,1.0369083109999335,"(1.8877137156710746, 0.3873258643464786, -0.05616668648077291, 1.134616856235619)",G0016_C08_N0_S1001,G0016,erdos_renyi,12,24,10015,C08,512,20,1001,1.0,0.6232421875,0.85,success,
11.7578125,19,COBYLA,3,N0,50,51,13056,72,29,0.6466215689999899,"(2.1469199767086216, 1.9291453200151272, 1.5028891426314743, 0.29025377879814873, 0.8306207053949, 0.29957075576303926)",G0016_C09_N0_S1000,G0016,erdos_renyi,12,24,10015,C09,256,20,1000,1.0,0.587890625,0.95,success,
12.15625,17,COBYLA,3,N0,49,50,12800,72,29,0.6305967459998101,"(2.4214706679078115, 0.04738795652742764, 0.590829802547469, 1.345159775675015, 0.11768188327656288, 0.31506925437476296)",G0016_C09_N0_S1001,G0016,erdos_renyi,12,24,10015,C09,256,20,1001,1.0,0.6078125,0.85,success,
11.8671875,19,COBYLA,3,N0,49,50,25600,72,29,0.8157222580000507,"(2.13798160410895, 1.8970251104851767, 1.4795072907359663, 0.3192611215778017, 0.8305727352036273, 0.30007908703546404)",G0016_C10_N0_S1000,G0016,erdos_renyi,12,24,10015,C10,512,20,1000,1.0,0.593359375,0.95,success,
12.3203125,20,COBYLA,3,N0,53,54,27648,72,29,0.9123350150000532,"(2.424653295497871, 0.04922337829507542, 0.589279229025834, 1.3471015352413191, 0.11961886682072832, 0.318293465032462)",G0016_C10_N0_S1001,G0016,erdos_renyi,12,24,10015,C10,512,20,1001,1.0,0.616015625,1.0,success,
12.39453125,20,SPSA,3,N0,79,80,20480,72,29,0.8841369809999833,"(1.3489748229598844, 1.7263136182219054, 0.9592622341654385, 0.12276499971181135, 0.9696435655415352, 0.4787217679464472)",G0016_C11_N0_S1000,G0016,erdos_renyi,12,24,10015,C11,256,20,1000,1.0,0.6197265625,1.0,success,
12.32421875,19,SPSA,3,N0,79,80,20480,72,29,0.866416844000014,"(2.231586473337402, 0.3900024067913408, 0.822237084644137, 1.2279581133478406, -0.027783452884871468, 0.029337870960435636)",G0016_C11_N0_S1001,G0016,erdos_renyi,12,24,10015,C11,256,20,1001,1.0,0.6162109375,0.95,success,
12.033203125,19,SPSA,3,N0,79,80,40960,72,29,2.0795144080000227,"(1.5142000178283919, 1.7825628524360613, 1.5859428521246586, 0.6109855434155337, 0.7972562912727394, 0.4181207548918694)",G0016_C12_N0_S1000,G0016,erdos_renyi,12,24,10015,C12,512,20,1000,1.0,0.60166015625,0.95,success,
12.275390625,19,SPSA,3,N0,79,80,40960,72,29,1.1781863060000433,"(2.284336281743514, 0.17919691990060607, 0.522767426780501, 1.3185613307828126, 0.10461245474374356, 0.3826229278040585)",G0016_C12_N0_S1001,G0016,erdos_renyi,12,24,10015,C12,512,20,1001,1.0,0.61376953125,0.95,success,
12.05078125,19,COBYLA,1,N0,32,33,8448,24,13,0.3310446970001521,"(2.994047336102856, 1.1440767003912515)",G0017_C01_N0_S1000,G0017,erdos_renyi,12,24,10016,C01,256,19,1000,1.0,0.6342516447368421,1.0,success,
11.8828125,18,COBYLA,1,N0,26,27,6912,24,13,0.2507382950000192,"(2.409207980312367, 0.5049875823008996)",G0017_C01_N0_S1001,G0017,erdos_renyi,12,24,10016,C01,256,19,1001,1.0,0.6254111842105263,0.9473684210526316,success,
12.216796875,17,COBYLA,1,N0,27,28,14336,24,13,0.5767815250001149,"(2.4460834647332534, 0.554257164727484)",G0017_C02_N0_S1000,G0017,erdos_renyi,12,24,10016,C02,512,19,1000,1.0,0.6429893092105263,0.8947368421052632,success,
12.09375,17,COBYLA,1,N0,25,26,13312,24,13,0.3612421960001484,"(2.850094439761841, 0.77890644466508)",G0017_C02_N0_S1001,G0017,erdos_renyi,12,24,10016,C02,512,19,1001,1.0,0.6365131578947368,0.8947368421052632,success,
12.3046875,18,SPSA,1,N0,79,80,20480,24,13,1.3185562500000287,"(2.088464351099951, 0.6415327909270756)",G0017_C03_N0_S1000,G0017,erdos_renyi,12,24,10016,C03,256,19,1000,1.0,0.6476151315789473,0.9473684210526316,success,
12.03125,19,SPSA,1,N0,79,80,20480,24,13,0.6263834710000538,"(1.8768698530600865, 0.20020609668942316)",G0017_C03_N0_S1001,G0017,erdos_renyi,12,24,10016,C03,256,19,1001,1.0,0.6332236842105263,1.0,success,
12.201171875,17,SPSA,1,N0,79,80,40960,24,13,1.2102541220001513,"(1.8802354214736612, 0.5231909473812537)",G0017_C04_N0_S1000,G0017,erdos_renyi,12,24,10016,C04,512,19,1000,1.0,0.6421669407894737,0.8947368421052632,success,
12.357421875,19,SPSA,1,N0,79,80,40960,24,13,1.2512959979999323,"(1.9063618842922296, 0.5006782453563747)",G0017_C04_N0_S1001,G0017,erdos_renyi,12,24,10016,C04,512,19,1001,1.0,0.650390625,1.0,success,
12.5,19,COBYLA,2,N0,37,38,9728,48,21,0.4087976359999175,"(1.6368151359785428, 2.4215291703461785, 0.7459481193313973, 0.3177446176214356)",G0017_C05_N0_S1000,G0017,erdos_renyi,12,24,10016,C05,256,19,1000,1.0,0.6578947368421053,1.0,success,
12.3671875,18,COBYLA,2,N0,39,40,10240,48,21,1.0517344129998492,"(2.150611142093966, -0.029032551101046283, 0.8028066547202944, 1.2526146813212728)",G0017_C05_N0_S1001,G0017,erdos_renyi,12,24,10016,C05,256,19,1001,1.0,0.6509046052631579,0.9473684210526316,success,
12.640625,19,COBYLA,2,N0,37,38,19456,48,21,0.553340905000141,"(1.58695607941558, 2.458303058446806, 0.6568194587568942, 0.2643673185164796)",G0017_C06_N0_S1000,G0017,erdos_renyi,12,24,10016,C06,512,19,1000,1.0,0.665296052631579,1.0,success,
12.3515625,19,COBYLA,2,N0,40,41,20992,48,21,0.9717991800000618,"(1.6528507928944303, 0.5874035233006244, 0.133064626623999, 2.3088348027476306)",G0017_C06_N0_S1001,G0017,erdos_renyi,12,24,10016,C06,512,19,1001,1.0,0.6500822368421053,1.0,success,
12.671875,19,SPSA,2,N0,79,80,20480,48,21,0.7616742879999947,"(1.243551341028075, 1.8105821297145321, 0.3907558572791259, 0.25498745925155253)",G0017_C07_N0_S1000,G0017,erdos_renyi,12,24,10016,C07,256,19,1000,1.0,0.6669407894736842,1.0,success,
12.4765625,19,SPSA,2,N0,79,80,20480,48,21,0.7575142730001971,"(1.8269653501658198, -0.15001934633879999, 0.5572065174019734, 1.5138492149590366)",G0017_C07_N0_S1001,G0017,erdos_renyi,12,24,10016,C07,256,19,1001,1.0,0.6566611842105263,1.0,success,
12.265625,19,SPSA,2,N0,79,80,40960,48,21,1.0525457240000833,"(1.576169908894102, 2.2307603660346946, 0.59484594444813, 0.38127217303667127)",G0017_C08_N0_S1000,G0017,erdos_renyi,12,24,10016,C08,512,19,1000,1.0,0.6455592105263158,1.0,success,
12.27734375,19,SPSA,2,N0,79,80,40960,48,21,1.045253086999992,"(2.1862038142843527, 0.039653407138550145, 0.6055107098842769, 1.682229284458451)",G0017_C08_N0_S1001,G0017,erdos_renyi,12,24,10016,C08,512,19,1001,1.0,0.6461759868421053,1.0,success,
11.57421875,19,COBYLA,3,N0,52,53,13568,72,29,0.6904718690000209,"(1.6226588996046196, 2.4138713945824195, 1.446930050694129, 0.28960162440770504, 1.0767869476676262, 0.29558203831385754)",G0017_C09_N0_S1000,G0017,erdos_renyi,12,24,10016,C09,256,19,1000,1.0,0.6091694078947368,1.0,success,
12.21875,16,COBYLA,3,N0,58,59,15104,72,29,0.7384869289999187,"(2.4320678690639137, 0.5802033860662181, 0.5141022686798314, 1.2967638133138841, 0.03292562887465985, 0.27128456031421444)",G0017_C09_N0_S1001,G0017,erdos_renyi,12,24,10016,C09,256,19,1001,1.0,0.6430921052631579,0.8421052631578947,success,
11.857421875,19,COBYLA,3,N0,52,53,27136,72,29,0.9311119859999052,"(2.1376533557408264, 1.8954370710022834, 1.47814622573165, 0.3186823064734315, 0.8301334441396934, 0.2987339336374965)",G0017_C10_N0_S1000,G0017,erdos_renyi,12,24,10016,C10,512,19,1000,1.0,0.6240748355263158,1.0,success,
12.333984375,18,COBYLA,3,N0,55,56,28672,72,29,0.9447232889999668,"(2.503615219510608, 0.9770889525663811, -0.1716205697112529, 1.0666935137559856, -0.13306669656636816, 0.057454362893528)",G0017_C10_N0_S1001,G0017,erdos_renyi,12,24,10016,C10,512,19,1001,1.0,0.649157072368421,0.9473684210526316,success,
12.296875,19,SPSA,3,N0,79,80,20480,72,29,0.8753469470000255,"(1.8261015631766044, 2.0894893431477604, 1.6804773289877248, 0.13758989299125315, 0.7603679509792198, -0.16744241959522288)",G0017_C11_N0_S1000,G0017,erdos_renyi,12,24,10016,C11,256,19,1000,1.0,0.647203947368421,1.0,success,
12.4765625,18,SPSA,3,N0,79,80,20480,72,29,0.8524609500000224,"(1.9462618678598795, 0.006784134003479131, 0.5755474886012936, 1.529294812686303, 0.15117906579907434, 0.7214136765392272)",G0017_C11_N0_S1001,G0017,erdos_renyi,12,24,10016,C11,256,19,1001,1.0,0.6566611842105263,0.9473684210526316,success,
12.267578125,18,SPSA,3,N0,79,80,40960,72,29,1.1589861739998923,"(1.7193962824902422, 2.136927784534903, 1.3704445563112928, 0.19401540957913332, 0.7568541850165931, 0.12300876429054226)",G0017_C12_N0_S1000,G0017,erdos_renyi,12,24,10016,C12,512,19,1000,1.0,0.6456620065789473,0.9473684210526316,success,
12.28125,18,SPSA,3,N0,79,80,40960,72,29,1.2049707540002146,"(1.734400168580809, -0.2615313710917408, 0.6654996956514836, 1.5444015490415142, 0.16564193371209385, 0.5281085728515602)",G0017_C12_N0_S1001,G0017,erdos_renyi,12,24,10016,C12,512,19,1001,1.0,0.6463815789473685,0.9473684210526316,success,
9.80078125,16,COBYLA,1,N0,25,26,6656,20,14,0.2308469079998758,"(1.6379816041089499, 1.4485125552425884)",G0018_C01_N0_S1000,G0018,erdos_renyi,12,20,10017,C01,256,17,1000,1.0,0.5765165441176471,0.9411764705882352,success,
11.1015625,15,COBYLA,1,N0,25,26,6656,20,14,0.2270012459998724,"(2.6192064275838183, 0.36782268164835163)",G0018_C01_N0_S1001,G0018,erdos_renyi,12,20,10017,C01,256,17,1001,1.0,0.6530330882352942,0.8823529411764706,success,
12.9921875,17,COBYLA,1,N0,36,37,18944,20,14,0.4382566369999949,"(0.579969147695788, 0.40090414784275047)",G0018_C02_N0_S1000,G0018,erdos_renyi,12,20,10017,C02,512,17,1000,1.0,0.7642463235294118,1.0,success,
10.9921875,16,COBYLA,1,N0,25,26,13312,20,14,0.3225627609999719,"(2.621018222240762, 0.3971057754430513)",G0018_C02_N0_S1001,G0018,erdos_renyi,12,20,10017,C02,512,17,1001,1.0,0.6465992647058824,0.9411764705882352,success,
10.13671875,16,SPSA,1,N0,79,80,20480,20,14,0.6016997649999212,"(1.7008900993424643, 0.5060207191820673)",G0018_C03_N0_S1000,G0018,erdos_renyi,12,20,10017,C03,256,17,1000,1.0,0.5962775735294118,0.9411764705882352,success,
11.16015625,15,SPSA,1,N0,79,80,20480,20,14,0.606902423000065,"(2.4525808172472963, 0.39567476086218484)",G0018_C03_N0_S1001,G0018,erdos_renyi,12,20,10017,C03,256,17,1001,1.0,0.6564797794117647,0.8823529411764706,success,
10.177734375,16,SPSA,1,N0,79,80,40960,20,14,0.9280128549999064,"(1.751869679051615, 0.31959026992778433)",G0018_C04_N0_S1000,G0018,erdos_renyi,12,20,10017,C04,512,17,1000,1.0,0.5986902573529411,0.9411764705882352,success,
11.212890625,15,SPSA,1,N0,79,80,40960,20,14,0.859863674999815,"(2.489510758278872, 0.4175576619600409)",G0018_C04_N0_S1001,G0018,erdos_renyi,12,20,10017,C04,512,17,1001,1.0,0.6595818014705882,0.8823529411764706,success,
10.80859375,17,COBYLA,2,N0,39,40,10240,40,25,0.4228096849999474,"(1.115172294616911, 2.509749677810116, 0.5409738557198495, 0.3105803451644596)",G0018_C05_N0_S1000,G0018,erdos_renyi,12,20,10017,C05,256,17,1000,1.0,0.6357996323529411,1.0,success,
10.8828125,15,COBYLA,2,N0,42,43,11008,40,25,0.433147684000005,"(2.481875850114797, 0.5563201303444283, 0.34113981803825594, 1.4421365940816615)",G0018_C05_N0_S1001,G0018,erdos_renyi,12,20,10017,C05,256,17,1001,1.0,0.6401654411764706,0.8823529411764706,success,
10.212890625,17,COBYLA,2,N0,39,40,20480,40,25,0.6252533960000619,"(1.6315654495994607, 2.5189485628789394, 0.7785044029669682, 0.36115601954526894)",G0018_C06_N0_S1000,G0018,erdos_renyi,12,20,10017,C06,512,17,1000,1.0,0.6007582720588235,1.0,success,
10.951171875,15,COBYLA,2,N0,45,46,23552,40,25,0.6374514520000503,"(2.4741093121206466, 0.39487408322163126, 0.3633555478706977, 1.5456694547658962)",G0018_C06_N0_S1001,G0018,erdos_renyi,12,20,10017,C06,512,17,1001,1.0,0.6441865808823529,0.8823529411764706,success,
10.6875,17,SPSA,2,N0,79,80,20480,40,25,1.63692403999994,"(1.3206981258654646, 1.6900045946422007, 0.3403165547100681, 0.040617829240782805)",G0018_C07_N0_S1000,G0018,erdos_renyi,12,20,10017,C07,256,17,1000,1.0,0.6286764705882353,1.0,success,
10.9296875,17,SPSA,2,N0,79,80,20480,40,25,0.6940727979999792,"(2.5560924787375225, 0.07456426602343005, 0.25330685116452617, 1.613864244890227)",G0018_C07_N0_S1001,G0018,erdos_renyi,12,20,10017,C07,256,17,1001,1.0,0.6429227941176471,1.0,success,
10.12890625,17,SPSA,2,N0,79,80,40960,40,25,1.242417596999985,"(1.6323887142803262, 1.82787323386551, 0.5405487393129744, 0.21496497999318748)",G0018_C08_N0_S1000,G0018,erdos_renyi,12,20,10017,C08,512,17,1000,1.0,0.5958180147058824,1.0,success,
11.09375,17,SPSA,2,N0,79,80,40960,40,25,1.3895683329999429,"(2.492661627465536, -0.15232746964399618, 0.397713165922195, 1.6205195336571034)",G0018_C08_N0_S1001,G0018,erdos_renyi,12,20,10017,C08,512,17,1001,1.0,0.6525735294117647,1.0,success,
12.9609375,17,COBYLA,3,N0,56,57,14592,60,36,0.6501789550000012,"(2.5163986235103666, 2.465789773760259, 1.9577780576957171, 0.2882323625396914, 1.4412053333444692, 0.19598351736128974)",G0018_C09_N0_S1000,G0018,erdos_renyi,12,20,10017,C09,256,17,1000,1.0,0.7624080882352942,1.0,success,
11.046875,16,COBYLA,3,N0,52,53,13568,60,36,1.3793620330000067,"(1.9245237272217217, 0.029051620797811824, 0.6042733246502826, 1.3475705621750358, 0.11969253481467036, 0.31587181732916003)",G0018_C09_N0_S1001,G0018,erdos_renyi,12,20,10017,C09,256,17,1001,1.0,0.6498161764705882,0.9411764705882352,success,
13.08984375,17,COBYLA,3,N0,72,73,37376,60,36,1.0811955490000855,"(3.283313269058917, 2.525310151405584, 2.4342990684833237, 1.4224654598272197, 1.1662453778538198, 0.1890398050982163)",G0018_C10_N0_S1000,G0018,erdos_renyi,12,20,10017,C10,512,17,1000,1.0,0.7699908088235294,1.0,success,
11.029296875,17,COBYLA,3,N0,49,50,25600,60,36,0.8653016780001508,"(1.9245176052083548, 0.049292625200326415, 0.589642145458713, 1.3475696102270762, 0.11969555650699158, 0.31583395031518746)",G0018_C10_N0_S1001,G0018,erdos_renyi,12,20,10017,C10,512,17,1001,1.0,0.6487821691176471,1.0,success,
12.58984375,17,SPSA,3,N0,79,80,20480,60,36,0.8442962810001973,"(1.594744836753631, 1.7747192593742118, 2.156171310302945, 0.012998383300052763, 1.45141490602516, -0.256159158857975)",G0018_C11_N0_S1000,G0018,erdos_renyi,12,20,10017,C11,256,17,1000,1.0,0.7405790441176471,1.0,success,
10.97265625,16,SPSA,3,N0,79,80,20480,60,36,0.8963113129998419,"(1.7856601453147571, 0.07598089250760083, 0.6069959354118856, 1.4933389710253373, -0.0013384374704697721, 0.28921539918383565)",G0018_C11_N0_S1001,G0018,erdos_renyi,12,20,10017,C11,256,17,1001,1.0,0.6454503676470589,0.9411764705882352,success,
12.93359375,17,SPSA,3,N0,79,80,40960,60,36,1.1207830330001798,"(1.3105399411818217, 1.988075528117752, 2.5146609841918814, -0.004645656744368107, 1.3139292689433573, -0.4077090126806009)",G0018_C12_N0_S1000,G0018,erdos_renyi,12,20,10017,C12,512,17,1000,1.0,0.7607996323529411,1.0,success,
10.943359375,17,SPSA,3,N0,79,80,40960,60,36,1.1053655289999824,"(1.8636562118966713, -0.011543040962773969, 0.5287766805625965, 1.4084380775000862, 0.058825019489619934, 0.37673933265421045)",G0018_C12_N0_S1001,G0018,erdos_renyi,12,20,10017,C12,512,17,1001,1.0,0.6437270220588235,1.0,success,
12.25,20,COBYLA,1,N0,25,26,6656,25,13,0.252972174000206,"(1.7010389115803966, 1.5282566395167645)",G0019_C01_N0_S1000,G0019,erdos_renyi,12,25,10018,C01,256,20,1000,1.0,0.6125,1.0,success,
13.98046875,19,COBYLA,1,N0,31,32,8192,25,13,0.3021449140001095,"(2.439641024323218, 0.4088517334742021)",G0019_C01_N0_S1001,G0019,erdos_renyi,12,25,10018,C01,256,20,1001,1.0,0.6990234375,0.95,success,
12.638671875,19,COBYLA,1,N0,24,25,12800,25,13,0.3429090309998628,"(1.6443499190966004, 1.4446689561097568)",G0019_C02_N0_S1000,G0019,erdos_renyi,12,25,10018,C02,512,20,1000,1.0,0.63193359375,0.95,success,
14.45703125,19,COBYLA,1,N0,26,27,13824,25,13,0.3490240159999302,"(2.59376479729682, 0.3042995892938449)",G0019_C02_N0_S1001,G0019,erdos_renyi,12,25,10018,C02,512,20,1001,1.0,0.7228515625,0.95,success,
12.43359375,19,SPSA,1,N0,79,80,20480,25,13,0.6511900369998784,"(1.5709582916149665, 0.9983210552010031)",G0019_C03_N0_S1000,G0019,erdos_renyi,12,25,10018,C03,256,20,1000,1.0,0.6216796875,0.95,success,
14.74609375,20,SPSA,1,N0,79,80,20480,25,13,0.6345986240000911,"(2.684058011283382, 0.3674267718061697)",G0019_C03_N0_S1001,G0019,erdos_renyi,12,25,10018,C03,256,20,1001,1.0,0.7373046875,1.0,success,
12.42578125,19,SPSA,1,N0,79,80,40960,25,13,0.9637911509998958,"(1.5708420427907168, 0.9621498957030128)",G0019_C04_N0_S1000,G0019,erdos_renyi,12,25,10018,C04,512,20,1000,1.0,0.6212890625,0.95,success,
14.548828125,20,SPSA,1,N0,79,80,40960,25,13,1.001187105000099,"(2.739823887902193, 0.39260163678361065)",G0019_C04_N0_S1001,G0019,erdos_renyi,12,25,10018,C04,512,20,1001,1.0,0.72744140625,1.0,success,
14.171875,19,COBYLA,2,N0,43,44,11264,50,22,0.461312886000087,"(1.17114923450269, 2.6451888724385038, 1.2604855322982154, 1.0046295244246168)",G0019_C05_N0_S1000,G0019,erdos_renyi,12,25,10018,C05,256,20,1000,1.0,0.70859375,0.95,success,
15.1171875,19,COBYLA,2,N0,47,48,12288,50,22,0.5425603590001629,"(2.6078367383084298, 0.20809380283619658, 0.766506926571467, 1.1124583036931015)",G0019_C05_N0_S1001,G0019,erdos_renyi,12,25,10018,C05,256,20,1001,1.0,0.755859375,0.95,success,
12.541015625,19,COBYLA,2,N0,36,37,18944,50,22,0.5440925579998748,"(1.5987150094323064, 2.3846372511949205, 0.7508033304064085, 0.8157256641454469)",G0019_C06_N0_S1000,G0019,erdos_renyi,12,25,10018,C06,512,20,1000,1.0,0.62705078125,0.95,success,
15.224609375,20,COBYLA,2,N0,39,40,20480,50,22,0.549793672000078,"(2.498965232660886, 0.22042121236613912, 1.011248134020233, 0.8360073229713061)",G0019_C06_N0_S1001,G0019,erdos_renyi,12,25,10018,C06,512,20,1001,1.0,0.76123046875,1.0,success,
12.4453125,18,SPSA,2,N0,79,80,20480,50,22,0.8159839079999074,"(1.758295399525944, 1.8654428980328255, 0.8108955732388028, 0.2951827928566489)",G0019_C07_N0_S1000,G0019,erdos_renyi,12,25,10018,C07,256,20,1000,1.0,0.622265625,0.9,success,
14.609375,19,SPSA,2,N0,79,80,20480,50,22,0.7910987850000311,"(2.7887649262270306, -0.20059317300067497, 0.36653384476297357, 1.6329383281053356)",G0019_C07_N0_S1001,G0019,erdos_renyi,12,25,10018,C07,256,20,1001,1.0,0.73046875,0.95,success,
12.443359375,19,SPSA,2,N0,79,80,40960,50,22,1.0684342029999243,"(1.5692831592336265, 1.76306838589588, 0.6214470899194905, 0.38795956645312557)",G0019_C08_N0_S1000,G0019,erdos_renyi,12,25,10018,C08,512,20,1000,1.0,0.62216796875,0.95,success,
13.94140625,19,SPSA,2,N0,79,80,40960,50,22,1.0670204299999568,"(2.419078133761061, 0.13589381552603602, 0.3178215744738539, 1.6382612689531837)",G0019_C08_N0_S1001,G0019,erdos_renyi,12,25,10018,C08,512,20,1001,1.0,0.6970703125,0.95,success,
15.984375,20,COBYLA,3,N0,63,64,16384,75,31,0.7908292080001047,"(2.6976731309266926, 2.4813800669846926, 1.9901051822388127, 0.2312423423932077, 1.430610167800374, 0.2506518402055271)",G0019_C09_N0_S1000,G0019,erdos_renyi,12,25,10018,C09,256,20,1000,1.0,0.79921875,1.0,success,
14.43359375,19,COBYLA,3,N0,48,49,12544,75,31,0.6082012159999977,"(1.9048264976195348, 0.04942538691133234, 0.5896701704015465, 1.363130945722288, 0.11965505915129544, 0.31589200107464005)",G0019_C09_N0_S1001,G0019,erdos_renyi,12,25,10018,C09,256,20,1001,1.0,0.7216796875,0.95,success,
15.697265625,20,COBYLA,3,N0,59,60,30720,75,31,1.8461098650000167,"(2.6677452789691505, 2.4583144469264866, 1.9947645107509824, 0.19125420800888152, 1.3964257672590965, 0.25748536932468846)",G0019_C10_N0_S1000,G0019,erdos_renyi,12,25,10018,C10,512,20,1000,1.0,0.78486328125,1.0,success,
14.8046875,19,COBYLA,3,N0,54,55,28160,75,31,0.8724978309999187,"(1.9365083790399342, 0.0351697325634999, 0.6621618830833675, 1.3588201408805203, 0.11190267289550075, 0.36649793175656453)",G0019_C10_N0_S1001,G0019,erdos_renyi,12,25,10018,C10,512,20,1001,1.0,0.740234375,0.95,success,
12.7578125,20,SPSA,3,N0,79,80,20480,75,31,1.3037184760000855,"(1.3279849590644641, 1.7464660517990227, 1.3949211490953082, 0.14463327128460324, 0.6286102273597415, 0.3792741155488492)",G0019_C11_N0_S1000,G0019,erdos_renyi,12,25,10018,C11,256,20,1000,1.0,0.637890625,1.0,success,
15.2890625,20,SPSA,3,N0,79,80,20480,75,31,1.4026067990000683,"(1.4487514961173036, -1.019784039963295, 1.391865292391998, 1.6044211201630738, 0.2847830872589572, 0.19612743641560937)",G0019_C11_N0_S1001,G0019,erdos_renyi,12,25,10018,C11,256,20,1001,1.0,0.764453125,1.0,success,
12.484375,19,SPSA,3,N0,79,80,40960,75,31,1.2752082539998355,"(1.5003573645406767, 1.9431814150022342, 1.31625313686736, 0.508828813891112, 0.7217997008439473, 0.4957799192733616)",G0019_C12_N0_S1000,G0019,erdos_renyi,12,25,10018,C12,512,20,1000,1.0,0.62421875,0.95,success,
14.50390625,20,SPSA,3,N0,79,80,40960,75,31,1.9777741970001443,"(1.9390489297424724, 0.06384967688302713, 0.6041693984083976, 1.333045359654285, 0.13421773733542103, 0.30134661480840935)",G0019_C12_N0_S1001,G0019,erdos_renyi,12,25,10018,C12,512,20,1001,1.0,0.7251953125,1.0,success,
14.49609375,19,COBYLA,1,N0,31,32,8192,27,16,0.3089438990000417,"(0.9494676413043315, 0.3291639761834164)",G0020_C01_N0_S1000,G0020,erdos_renyi,12,27,10019,C01,256,19,1000,1.0,0.762952302631579,1.0,success,
13.53515625,18,COBYLA,1,N0,31,32,8192,27,16,0.5740597550000075,"(1.922515859455276, -0.2502611649939929)",G0020_C01_N0_S1001,G0020,erdos_renyi,12,27,10019,C01,256,19,1001,1.0,0.7123766447368421,0.9473684210526316,success,
13.3359375,19,COBYLA,1,N0,26,27,13824,27,16,0.3579327800000556,"(2.13798160410895, 0.9485125552425884)",G0020_C02_N0_S1000,G0020,erdos_renyi,12,27,10019,C02,512,19,1000,1.0,0.701891447368421,1.0,success,
13.447265625,18,COBYLA,1,N0,30,31,15872,27,16,0.4573291080000672,"(1.9856069121004178, -0.5650588315715565)",G0020_C02_N0_S1001,G0020,erdos_renyi,12,27,10019,C02,512,19,1001,1.0,0.707750822368421,0.9473684210526316,success,
13.40234375,18,SPSA,1,N0,79,80,20480,27,16,0.6620588729999781,"(1.8284831693483745, 1.1651347501843328)",G0020_C03_N0_S1000,G0020,erdos_renyi,12,27,10019,C03,256,19,1000,1.0,0.7053865131578947,0.9473684210526316,success,
13.30078125,19,SPSA,1,N0,79,80,20480,27,16,0.7265839459998915,"(1.9782771243657724, 0.13488985260150196)",G0020_C03_N0_S1001,G0020,erdos_renyi,12,27,10019,C03,256,19,1001,1.0,0.7000411184210527,1.0,success,
13.517578125,19,SPSA,1,N0,79,80,40960,27,16,0.9519156950000252,"(1.7863248667636291, 0.9554743889569646)",G0020_C04_N0_S1000,G0020,erdos_renyi,12,27,10019,C04,512,19,1000,1.0,0.7114514802631579,1.0,success,
13.423828125,19,SPSA,1,N0,79,80,40960,27,16,1.0204689500001225,"(1.7096016918375112, -0.08983401798246213)",G0020_C04_N0_S1001,G0020,erdos_renyi,12,27,10019,C04,512,19,1001,1.0,0.7065172697368421,1.0,success,
13.76171875,19,COBYLA,2,N0,35,36,9216,54,26,0.4358594809998521,"(1.2511261745024123, 1.7365150186778733, 0.6393483513646178, 0.09523004050979911)",G0020_C05_N0_S1000,G0020,erdos_renyi,12,27,10019,C05,256,19,1000,1.0,0.7243009868421053,1.0,success,
13.5859375,19,COBYLA,2,N0,40,41,10496,54,26,0.4876468869999826,"(2.424035340710148, 0.04916457064407943, 0.2956570805929921, 1.3486507461514503)",G0020_C05_N0_S1001,G0020,erdos_renyi,12,27,10019,C05,256,19,1001,1.0,0.7150493421052632,1.0,success,
13.966796875,19,COBYLA,2,N0,39,40,20480,54,26,0.65655848099982,"(1.7443458591612915, 2.3412919238876513, 1.2159078030251775, 0.27976611345719943)",G0020_C06_N0_S1000,G0020,erdos_renyi,12,27,10019,C06,512,19,1000,1.0,0.735094572368421,1.0,success,
13.533203125,19,COBYLA,2,N0,37,38,19456,54,26,0.6409479230001125,"(1.8898625570635013, -0.1422341005289198, 0.007391733883171836, 0.9733776939666745)",G0020_C06_N0_S1001,G0020,erdos_renyi,12,27,10019,C06,512,19,1001,1.0,0.7122738486842105,1.0,success,
13.33984375,19,SPSA,2,N0,79,80,20480,54,26,0.8003952829999434,"(1.5672271035335317, 2.0404211937900216, 0.8445947793040384, 0.3619532040906538)",G0020_C07_N0_S1000,G0020,erdos_renyi,12,27,10019,C07,256,19,1000,1.0,0.7020970394736842,1.0,success,
13.4375,19,SPSA,2,N0,79,80,20480,54,26,0.850383494000198,"(1.7149898407243296, 0.21872992783495396, 0.0725090203175212, 1.1028297507432687)",G0020_C07_N0_S1001,G0020,erdos_renyi,12,27,10019,C07,256,19,1001,1.0,0.7072368421052632,1.0,success,
13.806640625,19,SPSA,2,N0,79,80,40960,54,26,1.1112595970000712,"(1.8209325015604898, 2.0462420901922864, 1.1845809376331193, 0.2686483419536885)",G0020_C08_N0_S1000,G0020,erdos_renyi,12,27,10019,C08,512,19,1000,1.0,0.7266652960526315,1.0,success,
13.384765625,19,SPSA,2,N0,79,80,40960,54,26,1.2373407889999726,"(1.6932090436758789, 0.15316948979463973, 0.16495876766314027, 1.2302732652096997)",G0020_C08_N0_S1001,G0020,erdos_renyi,12,27,10019,C08,512,19,1001,1.0,0.7044613486842105,1.0,success,
13.5390625,18,COBYLA,3,N0,50,51,13056,81,36,0.7148231200001192,"(2.1379024412040852, 2.39707240759617, 1.4795729914638553, 0.3193307414027574, 0.8302716611110831, 0.3002082656053269)",G0020_C09_N0_S1000,G0020,erdos_renyi,12,27,10019,C09,256,19,1000,1.0,0.7125822368421053,0.9473684210526316,success,
13.44140625,19,COBYLA,3,N0,46,47,12032,81,36,0.6607748979999997,"(1.864056413748963, 0.028139641469761553, 0.5896059125499218, 1.3476020743105854, 0.10419185288259548, 0.329308518296107)",G0020_C09_N0_S1001,G0020,erdos_renyi,12,27,10019,C09,256,19,1001,1.0,0.7074424342105263,1.0,success,
13.455078125,19,COBYLA,3,N0,52,53,27136,81,36,0.9483983160000662,"(2.137944330596913, 2.397080012181345, 1.4796999377922195, 0.3192463813092623, 0.8303717266004123, 0.300286118112098)",G0020_C10_N0_S1000,G0020,erdos_renyi,12,27,10019,C10,512,19,1000,1.0,0.7081620065789473,1.0,success,
13.626953125,19,COBYLA,3,N0,52,53,27136,81,36,0.9340299809998668,"(1.9118499762310008, 0.04835357002661706, 0.5805609653079067, 1.346428353710953, 0.12007581473355869, 0.33535198055126436)",G0020_C10_N0_S1001,G0020,erdos_renyi,12,27,10019,C10,512,19,1001,1.0,0.7172080592105263,1.0,success,
14.0234375,19,SPSA,3,N0,79,80,20480,81,36,0.9938528749999024,"(1.3124193147240248, 1.8532041723592756, 1.1036539543929922, 0.19610420384628618, 0.6357956923680499, 0.3957894285416591)",G0020_C11_N0_S1000,G0020,erdos_renyi,12,27,10019,C11,256,19,1000,1.0,0.7380756578947368,1.0,success,
13.55078125,18,SPSA,3,N0,79,80,20480,81,36,0.9663003440000466,"(1.8884216345515699, 0.1408418865762844, 0.7502729547158293, 1.456650284631266, -0.008386142057663366, 0.09556091799676086)",G0020_C11_N0_S1001,G0020,erdos_renyi,12,27,10019,C11,256,19,1001,1.0,0.7131990131578947,0.9473684210526316,success,
13.818359375,19,SPSA,3,N0,79,80,40960,81,36,2.169445275000044,"(1.415314483313406, 1.8421484037904328, 1.1734335696150404, 0.2162877476041502, 0.6295532216254225, 0.3766561487587918)",G0020_C12_N0_S1000,G0020,erdos_renyi,12,27,10019,C12,512,19,1000,1.0,0.727282072368421,1.0,success,
13.654296875,19,SPSA,3,N0,79,80,40960,81,36,1.472156509999877,"(1.9012156381558543, -0.029570135516328068, 0.6809978646094148, 1.1682628798265364, 0.22712096298904286, 0.23045222837149448)",G0020_C12_N0_S1001,G0020,erdos_renyi,12,27,10019,C12,512,19,1001,1.0,0.7186472039473685,1.0,success,
19.515625,27,COBYLA,1,N0,26,27,6912,39,19,0.58434940799998,"(2.1380474699095022, 0.949760818714904)",G0021_C01_N0_S1000,G0021,erdos_renyi,15,39,10020,C01,256,28,1000,1.0,0.6969866071428571,0.9642857142857144,success,
21.3046875,28,COBYLA,1,N0,24,25,6400,39,19,0.3302755859999706,"(2.589157110683388, -0.44887233474481386)",G0021_C01_N0_S1001,G0021,erdos_renyi,15,39,10020,C01,256,28,1001,1.0,0.7608816964285714,1.0,success,
20.3125,28,COBYLA,1,N0,28,29,14848,39,19,0.5382082280000304,"(2.329932049306926, 0.947430949445667)",G0021_C02_N0_S1000,G0021,erdos_renyi,15,39,10020,C02,512,28,1000,1.0,0.7254464285714286,1.0,success,
21.671875,28,COBYLA,1,N0,31,32,16384,39,19,0.6415048709998246,"(2.6617137960017074, -0.3701747084963412)",G0021_C02_N0_S1001,G0021,erdos_renyi,15,39,10020,C02,512,28,1001,1.0,0.7739955357142857,1.0,success,
19.6484375,27,SPSA,1,N0,79,80,20480,39,19,0.9163151740001468,"(1.910729907135575, 1.0861636407424873)",G0021_C03_N0_S1000,G0021,erdos_renyi,15,39,10020,C03,256,28,1000,1.0,0.7017299107142857,0.9642857142857144,success,
21.57421875,28,SPSA,1,N0,79,80,20480,39,19,0.9273972949999916,"(2.73472606284392, -0.36479045336668936)",G0021_C03_N0_S1001,G0021,erdos_renyi,15,39,10020,C03,256,28,1001,1.0,0.7705078125,1.0,success,
19.609375,28,SPSA,1,N0,79,80,40960,39,19,1.3472242670000014,"(1.8162886903597333, 1.101441034884026)",G0021_C04_N0_S1000,G0021,erdos_renyi,15,39,10020,C04,512,28,1000,1.0,0.7003348214285714,1.0,success,
21.580078125,28,SPSA,1,N0,79,80,40960,39,19,1.4329883590000918,"(2.662946692950197, -0.38081614217700077)",G0021_C04_N0_S1001,G0021,erdos_renyi,15,39,10020,C04,512,28,1001,1.0,0.7707170758928571,1.0,success,
20.0703125,28,COBYLA,2,N0,38,39,9984,78,30,0.6561693039998318,"(1.939284232627146, 1.8958124258365416, 1.263628919471679, 0.2600675972743839)",G0021_C05_N0_S1000,G0021,erdos_renyi,15,39,10020,C05,256,28,1000,1.0,0.716796875,1.0,success,
21.33984375,28,COBYLA,2,N0,45,46,11776,78,30,0.7839492079999673,"(1.865276933140597, 0.8692331714629263, 0.06822769942347107, 1.058836173027031)",G0021_C05_N0_S1001,G0021,erdos_renyi,15,39,10020,C05,256,28,1001,1.0,0.7621372767857143,1.0,success,
19.919921875,28,COBYLA,2,N0,37,38,19456,78,30,0.8405411979999826,"(1.6379389858988835, 2.397109889604757, 1.2397793704963123, 0.3192428347840305)",G0021_C06_N0_S1000,G0021,erdos_renyi,15,39,10020,C06,512,28,1000,1.0,0.71142578125,1.0,success,
21.52734375,27,COBYLA,2,N0,44,45,23040,78,30,0.9656803960001524,"(1.8052783432119583, 0.9754656963820143, 0.08599155891612774, 1.1299147473281896)",G0021_C06_N0_S1001,G0021,erdos_renyi,15,39,10020,C06,512,28,1001,1.0,0.7688337053571429,0.9642857142857144,success,
19.1953125,27,SPSA,2,N0,79,80,20480,78,30,1.2016217410000536,"(1.6530495297047556, 1.987967409047304, 0.8412206635007625, 0.059279035294706114)",G0021_C07_N0_S1000,G0021,erdos_renyi,15,39,10020,C07,256,28,1000,1.0,0.685546875,0.9642857142857144,success,
21.5234375,28,SPSA,2,N0,79,80,20480,78,30,1.4032568210000136,"(1.9476694318254701, 0.7002931377450791, 0.11129399648736316, 1.1148816237624157)",G0021_C07_N0_S1001,G0021,erdos_renyi,15,39,10020,C07,256,28,1001,1.0,0.7686941964285714,1.0,success,
21.173828125,28,SPSA,2,N0,79,80,40960,78,30,1.592832799000007,"(1.8216617860935864, 1.8431116442553466, 1.5225884275380666, 0.22452193317991595)",G0021_C08_N0_S1000,G0021,erdos_renyi,15,39,10020,C08,512,28,1000,1.0,0.7562081473214286,1.0,success,
21.44140625,28,SPSA,2,N0,79,80,40960,78,30,2.588330383000084,"(1.8390718867854494, 0.7015281645464694, 0.12355095052730605, 1.2021522055647287)",G0021_C08_N0_S1001,G0021,erdos_renyi,15,39,10020,C08,512,28,1001,1.0,0.7657645089285714,1.0,success,
19.40625,27,COBYLA,3,N0,49,50,12800,117,42,0.9712726350001047,"(2.137796591935549, 1.8972499959718108, 1.477821329698937, 0.32100266984166453, 0.8307148351896376, 0.29955990533911253)",G0021_C09_N0_S1000,G0021,erdos_renyi,15,39,10020,C09,256,28,1000,1.0,0.6930803571428571,0.9642857142857144,success,
21.53515625,28,COBYLA,3,N0,51,52,13312,117,42,1.0967815950000386,"(2.552588375115635, 0.6052569201793935, 0.5664624117830439, 1.2610924284282996, 0.023740106694748526, 0.35702594439690194)",G0021_C09_N0_S1001,G0021,erdos_renyi,15,39,10020,C09,256,28,1001,1.0,0.7691127232142857,1.0,success,
19.4921875,26,COBYLA,3,N0,53,54,27648,117,42,2.6588396670001657,"(2.0539155262245625, 1.896762208577133, 1.4558495672586318, 0.8194321130000319, 0.7716511570139796, 0.2565249911145341)",G0021_C10_N0_S1000,G0021,erdos_renyi,15,39,10020,C10,512,28,1000,1.0,0.6961495535714286,0.9285714285714286,success,
21.603515625,28,COBYLA,3,N0,51,52,26624,117,42,1.2259818600000472,"(2.4922433846689267, 0.5120952090833079, 0.5757072134755736, 1.303974103489637, 0.06886884306771666, 0.24530839882193808)",G0021_C10_N0_S1001,G0021,erdos_renyi,15,39,10020,C10,512,28,1001,1.0,0.7715541294642857,1.0,success,
22.140625,28,SPSA,3,N0,79,80,20480,117,42,1.408246968999947,"(1.7265631983793097, 1.802988427136058, 0.8841640456304383, -0.02695836798437022, 0.4057452251510915, 0.2752783895371875)",G0021_C11_N0_S1000,G0021,erdos_renyi,15,39,10020,C11,256,28,1000,1.0,0.7907366071428571,1.0,success,
21.2421875,28,SPSA,3,N0,79,80,20480,117,42,1.4066327470000033,"(2.867164921772443, 0.01879245980321849, 0.9617832045519352, 1.9687297543504303, -0.89267015280122, 0.09829323593294112)",G0021_C11_N0_S1001,G0021,erdos_renyi,15,39,10020,C11,256,28,1001,1.0,0.7586495535714286,1.0,success,
21.361328125,28,SPSA,3,N0,79,80,40960,117,42,1.8258628529999896,"(2.0287720107172644, 1.5610618553396511, 1.479840447729695, -0.10473780608410801, 0.27123615632754383, 0.061532648858797695)",G0021_C12_N0_S1000,G0021,erdos_renyi,15,39,10020,C12,512,28,1000,1.0,0.7629045758928571,1.0,success,
21.650390625,28,SPSA,3,N0,79,80,40960,117,42,1.940196729000036,"(2.1568378447879826, 0.5333312973559777, 0.6747269937801298, 1.5542033194311453, -0.25445445489093715, 0.06976255903761049)",G0021_C12_N0_S1001,G0021,erdos_renyi,15,39,10020,C12,512,28,1001,1.0,0.7732282366071429,1.0,success,
15.73828125,23,COBYLA,1,N0,24,25,6400,32,17,0.30477073499992,"(2.13798160410895, 1.4485125552425884)",G0022_C01_N0_S1000,G0022,erdos_renyi,15,32,10021,C01,256,26,1000,1.0,0.6053185096153846,0.8846153846153846,success,
15.7109375,24,COBYLA,1,N0,29,30,7680,32,17,0.3490966249999019,"(2.407627679676067, 0.17157688917892783)",G0022_C01_N0_S1001,G0022,erdos_renyi,15,32,10021,C01,256,26,1001,1.0,0.6042668269230769,0.9230769230769232,success,
15.896484375,24,COBYLA,1,N0,27,28,14336,32,17,0.5495800030000737,"(2.1218366176294956, 1.432244224942986)",G0022_C02_N0_S1000,G0022,erdos_renyi,15,32,10021,C02,512,26,1000,1.0,0.6114032451923077,0.9230769230769232,success,
15.943359375,25,COBYLA,1,N0,30,31,15872,32,17,0.5934325590001208,"(2.4594230150095986, -0.034593823465891946)",G0022_C02_N0_S1001,G0022,erdos_renyi,15,32,10021,C02,512,26,1001,1.0,0.6132061298076923,0.9615384615384616,success,
15.76171875,23,SPSA,1,N0,79,80,20480,32,17,0.8542548679999982,"(1.73798160410895, 0.8485125552425884)",G0022_C03_N0_S1000,G0022,erdos_renyi,15,32,10021,C03,256,26,1000,1.0,0.6062199519230769,0.8846153846153846,success,
15.859375,24,SPSA,1,N0,79,80,20480,32,17,1.7182398119998652,"(1.8765306004006759, -0.2205684251053083)",G0022_C03_N0_S1001,G0022,erdos_renyi,15,32,10021,C03,256,26,1001,1.0,0.6099759615384616,0.9230769230769232,success,
16.173828125,23,SPSA,1,N0,79,80,40960,32,17,1.6708642599999166,"(1.9348408623867428, 1.0212932825494314)",G0022_C04_N0_S1000,G0022,erdos_renyi,15,32,10021,C04,512,26,1000,1.0,0.6220703125,0.8846153846153846,success,
16.2109375,24,SPSA,1,N0,79,80,40960,32,17,1.5001298960000895,"(1.7600965177687038, -0.27154858245210567)",G0022_C04_N0_S1001,G0022,erdos_renyi,15,32,10021,C04,512,26,1001,1.0,0.6234975961538461,0.9230769230769232,success,
16.265625,24,COBYLA,2,N0,37,38,9728,64,26,1.2279616069999977,"(1.5860377162542505, 2.5739159789525075, 1.2416654025207825, 0.294886217879609)",G0022_C05_N0_S1000,G0022,erdos_renyi,15,32,10021,C05,256,26,1000,1.0,0.6256009615384616,0.9230769230769232,success,
15.76953125,24,COBYLA,2,N0,39,40,10240,64,26,0.6223097170000074,"(2.4231318487703564, 0.0410459822175128, 0.31817798360316835, 1.3510042313546835)",G0022_C05_N0_S1001,G0022,erdos_renyi,15,32,10021,C05,256,26,1001,1.0,0.6065204326923077,0.9230769230769232,success,
16.369140625,25,COBYLA,2,N0,38,39,19968,64,26,1.0274684700000307,"(1.5489808604240727, 2.6473115128647766, 1.3398955575880156, 0.279630593085304)",G0022_C06_N0_S1000,G0022,erdos_renyi,15,32,10021,C06,512,26,1000,1.0,0.6295823317307693,0.9615384615384616,success,
16.17578125,25,COBYLA,2,N0,41,42,21504,64,26,0.8748173629999201,"(2.473070310415386, 0.04819997145248983, 0.29143689585203186, 1.398454314918697)",G0022_C06_N0_S1001,G0022,erdos_renyi,15,32,10021,C06,512,26,1001,1.0,0.6221454326923077,0.9615384615384616,success,
15.82421875,23,SPSA,2,N0,79,80,20480,64,26,1.0718217339999685,"(1.7512788657574792, 1.7837278488366475, 0.6264563837194538, 0.20596385992927224)",G0022_C07_N0_S1000,G0022,erdos_renyi,15,32,10021,C07,256,26,1000,1.0,0.6086237980769231,0.8846153846153846,success,
15.66796875,23,SPSA,2,N0,79,80,20480,64,26,1.1085713719999148,"(2.0188314741507343, -0.2692910919448823, 0.2613389527673893, 0.9766386764778868)",G0022_C07_N0_S1001,G0022,erdos_renyi,15,32,10021,C07,256,26,1001,1.0,0.6026141826923077,0.8846153846153846,success,
15.861328125,26,SPSA,2,N0,79,80,40960,64,26,1.514997558999994,"(1.510783833751184, 1.8585117323241058, 0.9207894920060915, 0.25390982018259434)",G0022_C08_N0_S1000,G0022,erdos_renyi,15,32,10021,C08,512,26,1000,1.0,0.6100510817307693,1.0,success,
16.109375,24,SPSA,2,N0,79,80,40960,64,26,1.4913710270000138,"(1.7834811049008876, 0.16529127288912315, 0.1537794756229891, 1.147735453460687)",G0022_C08_N0_S1001,G0022,erdos_renyi,15,32,10021,C08,512,26,1001,1.0,0.6195913461538461,0.9230769230769232,success,
15.7890625,23,COBYLA,3,N0,58,59,15104,96,35,1.0786784930000977,"(1.6234312840517053, 2.0150896719213724, 1.4619365992134024, 0.8383382402036292, 0.8078696125232555, 0.28318780058437704)",G0022_C09_N0_S1000,G0022,erdos_renyi,15,32,10021,C09,256,26,1000,1.0,0.6072716346153846,0.8846153846153846,success,
16.29296875,23,COBYLA,3,N0,53,54,13824,96,35,1.013671897999984,"(1.9294562576010414, 0.08403591318652354, 0.5879995666537923, 1.3185594639948164, 0.14060654225499786, 0.3165787530911704)",G0022_C09_N0_S1001,G0022,erdos_renyi,15,32,10021,C09,256,26,1001,1.0,0.6266526442307693,0.8846153846153846,success,
15.8203125,23,COBYLA,3,N0,52,53,27136,96,35,1.1895668820000085,"(1.6403695022395464, 1.8870966171984471, 1.4776296586082287, 0.8127521071623989, 0.8292752134344692, 0.30171415406855756)",G0022_C10_N0_S1000,G0022,erdos_renyi,15,32,10021,C10,512,26,1000,1.0,0.6084735576923077,0.8846153846153846,success,
16.314453125,26,COBYLA,3,N0,49,50,25600,96,35,1.0981082949999743,"(1.9236301221207115, 0.05351675419288996, 0.5938364757182605, 1.3576218229355286, 0.12684962515612314, 0.33677156049829904)",G0022_C10_N0_S1001,G0022,erdos_renyi,15,32,10021,C10,512,26,1001,1.0,0.6274789663461539,1.0,success,
16.078125,23,SPSA,3,N0,79,80,20480,96,35,1.2602469250000468,"(1.403768208597285, 1.6262813360467125, 1.1974042667470497, 0.3032504783155924, 0.6770268890252062, 0.36081289193020105)",G0022_C11_N0_S1000,G0022,erdos_renyi,15,32,10021,C11,256,26,1000,1.0,0.6183894230769231,0.8846153846153846,success,
16.328125,23,SPSA,3,N0,79,80,20480,96,35,1.2555487099998572,"(2.1309413125353194, -0.058327680944104496, 0.8028535026153948, 1.1504298927682919, 0.22797307835140707, 0.46529050983559817)",G0022_C11_N0_S1001,G0022,erdos_renyi,15,32,10021,C11,256,26,1001,1.0,0.6280048076923077,0.8846153846153846,success,
16.01171875,24,SPSA,3,N0,79,80,40960,96,35,1.671497613999918,"(1.5030934655355557, 2.003765211431777, 1.298032258657385, 0.4154230540609206, 0.5989442409254446, 0.445770340345627)",G0022_C12_N0_S1000,G0022,erdos_renyi,15,32,10021,C12,512,26,1000,1.0,0.6158353365384616,0.9230769230769232,success,
16.466796875,24,SPSA,3,N0,79,80,40960,96,35,2.715466874999948,"(1.9853188259695158, -0.005982951103115516, 0.8254823768172177, 1.2268150191511096, 0.3091518183831627, 0.27001271458134757)",G0022_C12_N0_S1001,G0022,erdos_renyi,15,32,10021,C12,512,26,1001,1.0,0.6333383413461539,0.9230769230769232,success,
15.078125,22,COBYLA,1,N0,29,30,7680,30,13,0.3529315959999621,"(2.815073184221292, 0.3056956972806976)",G0023_C01_N0_S1000,G0023,erdos_renyi,15,30,10022,C01,256,25,1000,1.0,0.603125,0.88,success,
15.015625,23,COBYLA,1,N0,24,25,6400,30,13,0.2999972290001551,"(1.9245237272217217, 0.02466223718113823)",G0023_C01_N0_S1001,G0023,erdos_renyi,15,30,10022,C01,256,25,1001,1.0,0.600625,0.92,success,
15.451171875,23,COBYLA,1,N0,29,30,15360,30,13,0.5107903030000216,"(2.85776498998809, 0.3919139494981668)",G0023_C02_N0_S1000,G0023,erdos_renyi,15,30,10022,C02,512,25,1000,1.0,0.618046875,0.92,success,
15.056640625,23,COBYLA,1,N0,23,24,12288,30,13,0.4253921879999325,"(1.9278584368565546, 0.016030847670993748)",G0023_C02_N0_S1001,G0023,erdos_renyi,15,30,10022,C02,512,25,1001,1.0,0.602265625,0.92,success,
14.96875,22,SPSA,1,N0,79,80,20480,30,13,0.8791215450000891,"(1.5379816041089498, 1.0485125552425885)",G0023_C03_N0_S1000,G0023,erdos_renyi,15,30,10022,C03,256,25,1000,1.0,0.59875,0.88,success,
15.015625,23,SPSA,1,N0,79,80,20480,30,13,0.8416056539999772,"(1.9245237272217217, 0.02466223718113823)",G0023_C03_N0_S1001,G0023,erdos_renyi,15,30,10022,C03,256,25,1001,1.0,0.600625,0.92,success,
14.95703125,23,SPSA,1,N0,79,80,40960,30,13,1.2898043559998769,"(1.8111878721752008, 1.055005678275297)",G0023_C04_N0_S1000,G0023,erdos_renyi,15,30,10022,C04,512,25,1000,1.0,0.59828125,0.92,success,
15.171875,24,SPSA,1,N0,79,80,40960,30,13,1.2568907769998532,"(1.9654620890101362, 0.04090534941182028)",G0023_C04_N0_S1001,G0023,erdos_renyi,15,30,10022,C04,512,25,1001,1.0,0.606875,0.96,success,
18.52734375,24,COBYLA,2,N0,53,54,13824,60,21,0.844718814999851,"(2.9171140570600778, 2.5597887995966913, 0.5276902237800026, 1.2160920632568775)",G0023_C05_N0_S1000,G0023,erdos_renyi,15,30,10022,C05,256,25,1000,1.0,0.74109375,0.96,success,
15.1796875,21,COBYLA,2,N0,37,38,9728,60,21,0.5754298910001125,"(1.9245237272217217, 0.04932447436227646, 0.29482209794382347, 1.3475705621750358)",G0023_C05_N0_S1001,G0023,erdos_renyi,15,30,10022,C05,256,25,1001,1.0,0.6071875,0.84,success,
15.2421875,24,COBYLA,2,N0,37,38,19456,60,21,0.7523915550000311,"(1.6314996919249787, 2.450694988259463, 1.3243142459085275, 0.5432342394162406)",G0023_C06_N0_S1000,G0023,erdos_renyi,15,30,10022,C06,512,25,1000,1.0,0.6096875,0.96,success,
14.958984375,23,COBYLA,2,N0,35,36,18432,60,21,0.6791029729999991,"(1.9238673981091636, 0.0466130701643209, 0.8199799425775304, 1.3453241162067153)",G0023_C06_N0_S1001,G0023,erdos_renyi,15,30,10022,C06,512,25,1001,1.0,0.598359375,0.92,success,
16.12109375,23,SPSA,2,N0,79,80,20480,60,21,1.047765776999995,"(1.090710595609847, 1.7177770619892658, 0.29281532672686117, 0.0881102974876003)",G0023_C07_N0_S1000,G0023,erdos_renyi,15,30,10022,C07,256,25,1000,1.0,0.64484375,0.92,success,
15.1796875,21,SPSA,2,N0,79,80,20480,60,21,1.0938154130001294,"(1.9245237272217217, 0.04932447436227646, 0.29482209794382347, 1.3475705621750358)",G0023_C07_N0_S1001,G0023,erdos_renyi,15,30,10022,C07,256,25,1001,1.0,0.6071875,0.84,success,
15.115234375,25,SPSA,2,N0,79,80,40960,60,21,1.4819006590000754,"(1.6310453675510794, 1.8364535628142955, 0.6653301875423002, 0.33757223794996805)",G0023_C08_N0_S1000,G0023,erdos_renyi,15,30,10022,C08,512,25,1000,1.0,0.604609375,1.0,success,
15.064453125,24,SPSA,2,N0,79,80,40960,60,21,1.5265831960000469,"(2.0890134000064564, -0.19275981462219136, 0.3019703320224405, 1.5996575689984807)",G0023_C08_N0_S1001,G0023,erdos_renyi,15,30,10022,C08,512,25,1001,1.0,0.602578125,0.96,success,
14.6875,23,COBYLA,3,N0,50,51,13056,90,29,0.8774028919999637,"(1.6045842077760948, 1.867384921239768, 1.4365081429574156, 0.28753359506158943, 0.7408375698565866, 0.2478956552653781)",G0023_C09_N0_S1000,G0023,erdos_renyi,15,30,10022,C09,256,25,1000,1.0,0.5875,0.92,success,
15.38671875,23,COBYLA,3,N0,50,51,13056,90,29,1.5800192430001516,"(1.932578854134418, 0.053567262711083655, 0.5908386186746519, 1.3096309828015118, 0.10436568381702893, 0.34318597497924413)",G0023_C09_N0_S1001,G0023,erdos_renyi,15,30,10022,C09,256,25,1001,1.0,0.61546875,0.92,success,
15.24609375,23,COBYLA,3,N0,51,52,26624,90,29,1.235686244999897,"(1.6378574670794643, 1.8974173652594564, 1.4778371893168885, 0.31865063287598033, 0.834908886499959, 0.29596459035661865)",G0023_C10_N0_S1000,G0023,erdos_renyi,15,30,10022,C10,512,25,1000,1.0,0.60984375,0.92,success,
15.513671875,23,COBYLA,3,N0,49,50,25600,90,29,1.712149714999896,"(1.9242581239317946, 0.04930718890567543, 0.5896758200051946, 1.3272494683208103, 0.13452225754583583, 0.3157796767466319)",G0023_C10_N0_S1001,G0023,erdos_renyi,15,30,10022,C10,512,25,1001,1.0,0.620546875,0.92,success,
14.9609375,23,SPSA,3,N0,79,80,20480,90,29,2.3899048760001733,"(1.613978865394685, 1.7528345683439743, 1.3986746417158533, 0.3432638602920667, 0.686382193062425, 0.3809117360555769)",G0023_C11_N0_S1000,G0023,erdos_renyi,15,30,10022,C11,256,25,1000,1.0,0.5984375,0.92,success,
15.34765625,21,SPSA,3,N0,79,80,20480,90,29,1.2619249599999875,"(2.0899242227852493, 0.39793602922040755, 0.2625418831171414, 1.3594331335965804, -0.09830943527747267, 0.7390183111253408)",G0023_C11_N0_S1001,G0023,erdos_renyi,15,30,10022,C11,256,25,1001,1.0,0.61390625,0.84,success,
15.14453125,23,SPSA,3,N0,79,80,40960,90,29,1.6701529050001227,"(1.6422234387654036, 2.0063705653499877, 1.4329273243100413, 0.3696499170068677, 0.6052431462881871, 0.3473342190985289)",G0023_C12_N0_S1000,G0023,erdos_renyi,15,30,10022,C12,512,25,1000,1.0,0.60578125,0.92,success,
15.236328125,23,SPSA,3,N0,79,80,40960,90,29,1.6574765559998923,"(2.0881352498920367, 0.29044644331907415, 0.3715951912843908, 1.3457837608490484, -0.008041698010250294, 0.4250247791941818)",G0023_C12_N0_S1001,G0023,erdos_renyi,15,30,10022,C12,512,25,1001,1.0,0.609453125,0.92,success,
18.0703125,25,COBYLA,1,N0,26,27,6912,35,17,0.3211634969998158,"(2.13798160410895, 1.4485125552425884)",G0024_C01_N0_S1000,G0024,erdos_renyi,15,35,10023,C01,256,26,1000,1.0,0.6950120192307693,0.9615384615384616,success,
19.53125,26,COBYLA,1,N0,32,33,8448,35,17,0.4092038109999976,"(2.529563011718419, -0.2090253287384597)",G0024_C01_N0_S1001,G0024,erdos_renyi,15,35,10023,C01,256,26,1001,1.0,0.7512019230769231,1.0,success,
20.58984375,26,COBYLA,1,N0,34,35,17920,35,17,0.6927127420001398,"(2.661317427268332, 1.2606241758879335)",G0024_C02_N0_S1000,G0024,erdos_renyi,15,35,10023,C02,512,26,1000,1.0,0.7919170673076923,1.0,success,
20.802734375,26,COBYLA,1,N0,31,32,16384,35,17,0.5474399999998241,"(2.7235767751124613, -0.3539484185771262)",G0024_C02_N0_S1001,G0024,erdos_renyi,15,35,10023,C02,512,26,1001,1.0,0.8001051682692307,1.0,success,
17.63671875,24,SPSA,1,N0,79,80,20480,35,17,0.8861410629999682,"(1.6217832959992096, 0.5836499184434176)",G0024_C03_N0_S1000,G0024,erdos_renyi,15,35,10023,C03,256,26,1000,1.0,0.6783353365384616,0.9230769230769232,success,
20.640625,26,SPSA,1,N0,79,80,20480,35,17,0.8614118759999201,"(2.752639567327605, -0.33084693399004766)",G0024_C03_N0_S1001,G0024,erdos_renyi,15,35,10023,C03,256,26,1001,1.0,0.7938701923076923,1.0,success,
17.6640625,24,SPSA,1,N0,79,80,40960,35,17,1.3386401039999782,"(1.7666568145720847, 0.4990182306886627)",G0024_C04_N0_S1000,G0024,erdos_renyi,15,35,10023,C04,512,26,1000,1.0,0.6793870192307693,0.9230769230769232,success,
20.619140625,26,SPSA,1,N0,79,80,40960,35,17,1.3040669780000371,"(2.732713935888116, -0.3923354449904244)",G0024_C04_N0_S1001,G0024,erdos_renyi,15,35,10023,C04,512,26,1001,1.0,0.7930438701923077,1.0,success,
20.54296875,26,COBYLA,2,N0,53,54,13824,70,28,0.8207922839999355,"(1.613411375184496, 1.9504244385065526, 1.5167860084319025, 0.35518830857811917)",G0024_C05_N0_S1000,G0024,erdos_renyi,15,35,10023,C05,256,26,1000,1.0,0.7901141826923077,1.0,success,
18.80078125,25,COBYLA,2,N0,41,42,10752,70,28,1.4805019729999458,"(1.835747056480317, 0.6157998386348651, 0.2698115602817884, 1.337381041558369)",G0024_C05_N0_S1001,G0024,erdos_renyi,15,35,10023,C05,256,26,1001,1.0,0.7231069711538461,0.9615384615384616,success,
20.591796875,26,COBYLA,2,N0,42,43,22016,70,28,0.8768573529998775,"(1.1309899167402138, 2.5728116472705675, 1.4317058907273408, 0.4098178551101523)",G0024_C06_N0_S1000,G0024,erdos_renyi,15,35,10023,C06,512,26,1000,1.0,0.7919921875,1.0,success,
20.6015625,26,COBYLA,2,N0,48,49,25088,70,28,1.3289442679999866,"(2.0892637224716832, 0.521283705759103, 0.15408892880272063, 1.2559698112173714)",G0024_C06_N0_S1001,G0024,erdos_renyi,15,35,10023,C06,512,26,1001,1.0,0.7923677884615384,1.0,success,
20.484375,26,SPSA,2,N0,79,80,20480,70,28,1.6008520150001004,"(1.6341190038200308, 1.8317679425721018, 0.004416600612117155, 0.2907362554284003)",G0024_C07_N0_S1000,G0024,erdos_renyi,15,35,10023,C07,256,26,1000,1.0,0.7878605769230769,1.0,success,
20.328125,26,SPSA,2,N0,79,80,20480,70,28,1.1204777710001963,"(1.3711043876588411, 1.2138657063418967, -0.04666991031659594, 1.207803424130404)",G0024_C07_N0_S1001,G0024,erdos_renyi,15,35,10023,C07,256,26,1001,1.0,0.7818509615384616,1.0,success,
19.900390625,26,SPSA,2,N0,79,80,40960,70,28,2.247608699000012,"(1.8340327286797646, 1.9306931299639967, -0.028892154563183906, 0.44860763142218885)",G0024_C08_N0_S1000,G0024,erdos_renyi,15,35,10023,C08,512,26,1000,1.0,0.7653996394230769,1.0,success,
20.5,26,SPSA,2,N0,79,80,40960,70,28,1.5369536509999762,"(1.495718789528515, 1.165476640889648, 0.08001477906145779, 1.1563151682357167)",G0024_C08_N0_S1001,G0024,erdos_renyi,15,35,10023,C08,512,26,1001,1.0,0.7884615384615384,1.0,success,
17.375,24,COBYLA,3,N0,54,55,14080,105,39,1.0124481120001292,"(2.2173224617054976, 2.3043785883522676, 1.474600397632789, 0.3178511443458966, 0.8181314582764966, 0.7995667262932024)",G0024_C09_N0_S1000,G0024,erdos_renyi,15,35,10023,C09,256,26,1000,1.0,0.6682692307692307,0.9230769230769232,success,
21.1015625,26,COBYLA,3,N0,55,56,14336,105,39,1.0075149350000174,"(2.5924476368112352, 0.5091105843009519, 0.5961432472822088, 1.3506652724160741, 0.017044710868345362, 0.2677932461620683)",G0024_C09_N0_S1001,G0024,erdos_renyi,15,35,10023,C09,256,26,1001,1.0,0.8115985576923077,1.0,success,
18.66015625,25,COBYLA,3,N0,57,58,29696,105,39,1.3055494539999015,"(2.1278330462046955, 2.4158707521551435, 1.9645632847890875, 0.3097031351864023, 1.3639882707097275, 0.3101953971810172)",G0024_C10_N0_S1000,G0024,erdos_renyi,15,35,10023,C10,512,26,1000,1.0,0.7176983173076923,0.9615384615384616,success,
21.49609375,26,COBYLA,3,N0,53,54,27648,105,39,1.1749131130000023,"(2.6190723744763895, 0.5762553116207226, 0.6288244958784878, 1.3821876837271496, 0.11694541529386698, 0.25781190443368524)",G0024_C10_N0_S1001,G0024,erdos_renyi,15,35,10023,C10,512,26,1001,1.0,0.8267728365384616,1.0,success,
19.76171875,26,SPSA,3,N0,79,80,20480,105,39,1.2957184609999786,"(2.044859228633876, 1.9532431553408995, 1.6919446085805194, 0.048639048524721465, 0.30086350471799483, -0.10680593430540015)",G0024_C11_N0_S1000,G0024,erdos_renyi,15,35,10023,C11,256,26,1000,1.0,0.7600661057692307,1.0,success,
20.01953125,26,SPSA,3,N0,79,80,20480,105,39,1.2952949079999598,"(2.898350386259942, 1.7079286805349547, 0.2681581096655854, 1.1507491696211292, -1.1429004854039415, -0.6361897447732672)",G0024_C11_N0_S1001,G0024,erdos_renyi,15,35,10023,C11,256,26,1001,1.0,0.7699819711538461,1.0,success,
19.8984375,25,SPSA,3,N0,79,80,40960,105,39,1.7223543970001174,"(1.3766509986837865, 2.082628480982495, 1.6274299004718968, -0.09535912908313013, 0.2062838281232449, -0.06997301731951691)",G0024_C12_N0_S1000,G0024,erdos_renyi,15,35,10023,C12,512,26,1000,1.0,0.7653245192307693,0.9615384615384616,success,
19.498046875,26,SPSA,3,N0,79,80,40960,105,39,1.7086126709998553,"(1.8161020074427274, -0.2032613764457173, 0.9777123809654225, 1.3330898900767738, 0.19069087126047068, 1.3085259180489033)",G0024_C12_N0_S1001,G0024,erdos_renyi,15,35,10023,C12,512,26,1001,1.0,0.7499248798076923,1.0,success,
17.00390625,27,COBYLA,1,N0,29,30,7680,34,18,0.3603366559998449,"(1.6946807727745157, 0.9968350736662865)",G0025_C01_N0_S1000,G0025,erdos_renyi,15,34,10024,C01,256,27,1000,1.0,0.6297743055555556,1.0,success,
17.0078125,23,COBYLA,1,N0,28,29,7424,34,18,0.3427173850000145,"(2.4012221813380688, 0.04601547217734007)",G0025_C01_N0_S1001,G0025,erdos_renyi,15,34,10024,C01,256,27,1001,1.0,0.6299189814814815,0.8518518518518519,success,
17.083984375,27,COBYLA,1,N0,28,29,14848,34,18,1.03558378799994,"(1.8785013387137914, 0.9351014006704208)",G0025_C02_N0_S1000,G0025,erdos_renyi,15,34,10024,C02,512,27,1000,1.0,0.6327401620370371,1.0,success,
16.876953125,24,COBYLA,1,N0,28,29,14848,34,18,0.5063188040001023,"(2.4265404227234777, 0.01955156214546474)",G0025_C02_N0_S1001,G0025,erdos_renyi,15,34,10024,C02,512,27,1001,1.0,0.6250723379629629,0.8888888888888888,success,
17.12109375,24,SPSA,1,N0,79,80,20480,34,18,1.6349438040001587,"(1.7330338576282764, 0.9196053247481386)",G0025_C03_N0_S1000,G0025,erdos_renyi,15,34,10024,C03,256,27,1000,1.0,0.6341145833333334,0.8888888888888888,success,
17.234375,24,SPSA,1,N0,79,80,20480,34,18,0.8785444569998617,"(1.9348139596755378, -0.24615339382585366)",G0025_C03_N0_S1001,G0025,erdos_renyi,15,34,10024,C03,256,27,1001,1.0,0.6383101851851852,0.8888888888888888,success,
17.08203125,25,SPSA,1,N0,79,80,40960,34,18,1.2865371679999953,"(1.73798160410895, 0.8485125552425884)",G0025_C04_N0_S1000,G0025,erdos_renyi,15,34,10024,C04,512,27,1000,1.0,0.6326678240740741,0.925925925925926,success,
17.046875,26,SPSA,1,N0,79,80,40960,34,18,1.3108939369999462,"(1.8494068035445737, -0.19485337037108597)",G0025_C04_N0_S1001,G0025,erdos_renyi,15,34,10024,C04,512,27,1001,1.0,0.6313657407407407,0.9629629629629628,success,
17.3203125,24,COBYLA,2,N0,34,35,8960,68,29,0.5443022759998257,"(1.638332174231273, 2.3970129788615813, 1.2397532121229746, 0.3192169262687516)",G0025_C05_N0_S1000,G0025,erdos_renyi,15,34,10024,C05,256,27,1000,1.0,0.6414930555555556,0.8888888888888888,success,
16.9140625,24,COBYLA,2,N0,37,38,9728,68,29,0.5631218429998626,"(1.924332448325038, 0.05116008897158495, 0.29961628747711544, 1.340865152516551)",G0025_C05_N0_S1001,G0025,erdos_renyi,15,34,10024,C05,256,27,1001,1.0,0.6264467592592593,0.8888888888888888,success,
17.279296875,25,COBYLA,2,N0,39,40,20480,68,29,0.819803673000024,"(1.113332854767417, 1.8358692128356362, 0.5009123557812963, 0.3718484888619726)",G0025_C06_N0_S1000,G0025,erdos_renyi,15,34,10024,C06,512,27,1000,1.0,0.6399739583333334,0.925925925925926,success,
16.921875,25,COBYLA,2,N0,40,41,20992,68,29,0.8273171210000783,"(2.4205509221903214, 0.006494302986287003, 0.28641872364345333, 1.3590469048472062)",G0025_C06_N0_S1001,G0025,erdos_renyi,15,34,10024,C06,512,27,1001,1.0,0.6267361111111112,0.925925925925926,success,
18.7109375,26,SPSA,2,N0,79,80,20480,68,29,1.0751415679999354,"(0.9846266541750329, 1.5776179023022083, 0.4133174139898256, -0.09800507573466595)",G0025_C07_N0_S1000,G0025,erdos_renyi,15,34,10024,C07,256,27,1000,1.0,0.6929976851851852,0.9629629629629628,success,
17.05859375,26,SPSA,2,N0,79,80,20480,68,29,1.101885793000065,"(1.8124111395553135, 0.07385834437754193, 0.23075336950280484, 1.2305057864742155)",G0025_C07_N0_S1001,G0025,erdos_renyi,15,34,10024,C07,256,27,1001,1.0,0.6317997685185185,0.9629629629629628,success,
17.16015625,24,SPSA,2,N0,79,80,40960,68,29,1.5028171620001558,"(1.538637124538534, 1.9776680297209241, 0.5467265947507358, 0.2542914023119475)",G0025_C08_N0_S1000,G0025,erdos_renyi,15,34,10024,C08,512,27,1000,1.0,0.6355613425925926,0.8888888888888888,success,
17.087890625,24,SPSA,2,N0,79,80,40960,68,29,1.500953539999955,"(1.8792402399488313, 0.08077443542492799, 0.24953861067093325, 1.3161206011123843)",G0025_C08_N0_S1001,G0025,erdos_renyi,15,34,10024,C08,512,27,1001,1.0,0.6328848379629629,0.8888888888888888,success,
16.96875,24,COBYLA,3,N0,51,52,13312,102,40,0.9358357739999974,"(2.2013718121575314, 1.8892232387253514, 1.4731682699311082, 0.27586320991377267, 0.7349653845822628, 0.278136322710955)",G0025_C09_N0_S1000,G0025,erdos_renyi,15,34,10024,C09,256,27,1000,1.0,0.6284722222222222,0.8888888888888888,success,
16.97265625,25,COBYLA,3,N0,50,51,13056,102,40,0.978739282000106,"(2.424243705529819, 0.049732264025785934, 0.5900571221925077, 1.3476243836496107, 0.11748800764387725, 0.3148859418242091)",G0025_C09_N0_S1001,G0025,erdos_renyi,15,34,10024,C09,256,27,1001,1.0,0.6286168981481481,0.925925925925926,success,
16.84375,25,COBYLA,3,N0,49,50,25600,102,40,1.0975482320000085,"(2.1858177194651787, 1.8917393084565657, 1.4164061005881237, 0.2943407446373321, 0.8281590881801356, 0.3046254253826003)",G0025_C10_N0_S1000,G0025,erdos_renyi,15,34,10024,C10,512,27,1000,1.0,0.6238425925925926,0.925925925925926,success,
17.22265625,24,COBYLA,3,N0,48,49,25088,102,40,1.2064503380001952,"(2.3839683813004258, 0.03138343391497476, 0.620853011755558, 1.329629521727734, 0.10175149436736866, 0.7979307768818583)",G0025_C10_N0_S1001,G0025,erdos_renyi,15,34,10024,C10,512,27,1001,1.0,0.6378761574074074,0.8888888888888888,success,
17.2734375,23,SPSA,3,N0,79,80,20480,102,40,1.2947705100000348,"(1.5087623472623226, 1.761596155751868, 1.4971975652387741, 0.4112132558792899, 0.8066131218495617, 0.36293353314287413)",G0025_C11_N0_S1000,G0025,erdos_renyi,15,34,10024,C11,256,27,1000,1.0,0.6397569444444444,0.8518518518518519,success,
17.48046875,23,SPSA,3,N0,79,80,20480,102,40,2.5036594599998807,"(2.2308990863857927, -0.05325710541702962, 0.5580081974811697, 1.4086148155605258, 0.006832839406348483, 0.4340007763100778)",G0025_C11_N0_S1001,G0025,erdos_renyi,15,34,10024,C11,256,27,1001,1.0,0.6474247685185185,0.8518518518518519,success,
17.123046875,27,SPSA,3,N0,79,80,40960,102,40,2.8509366840000894,"(1.8250380047024892, 1.7429260026590163, 1.2172035881190784, 0.4370956327782586, 0.5000658931986136, 0.6326000159149086)",G0025_C12_N0_S1000,G0025,erdos_renyi,15,34,10024,C12,512,27,1000,1.0,0.6341869212962963,1.0,success,
17.44140625,27,SPSA,3,N0,79,80,40960,102,40,1.7249034120000033,"(1.9046932928087323, 0.16413567294279488, 0.768056524931171, 1.5946314566679898, -0.08158850069083273, 0.32559190462686893)",G0025_C12_N0_S1001,G0025,erdos_renyi,15,34,10024,C12,512,27,1001,1.0,0.6459780092592593,1.0,success,
18.765625,26,COBYLA,1,N0,24,25,6400,37,18,0.3042606040000919,"(2.138069532688653, 0.9485215588458336)",G0026_C01_N0_S1000,G0026,erdos_renyi,15,37,10025,C01,256,27,1000,1.0,0.6950231481481481,0.9629629629629628,success,
18.30859375,26,COBYLA,1,N0,27,28,7168,37,18,0.3729002179998133,"(2.4878266364990638, 0.18487975491651443)",G0026_C01_N0_S1001,G0026,erdos_renyi,15,37,10025,C01,256,27,1001,1.0,0.6780960648148148,0.9629629629629628,success,
18.4921875,27,COBYLA,1,N0,25,26,13312,37,18,0.4717014329999074,"(2.2071742145437008, 0.45891203038154127)",G0026_C02_N0_S1000,G0026,erdos_renyi,15,37,10025,C02,512,27,1000,1.0,0.6848958333333334,1.0,success,
18.568359375,27,COBYLA,1,N0,24,25,12800,37,18,0.4499496680000447,"(2.191615245346447, 0.6059390556445916)",G0026_C02_N0_S1001,G0026,erdos_renyi,15,37,10025,C02,512,27,1001,1.0,0.6877170138888888,1.0,success,
18.375,25,SPSA,1,N0,79,80,20480,37,18,0.8870659340000202,"(2.0174576190020983, 0.9521108895430982)",G0026_C03_N0_S1000,G0026,erdos_renyi,15,37,10025,C03,256,27,1000,1.0,0.6805555555555556,0.925925925925926,success,
18.34765625,25,SPSA,1,N0,79,80,20480,37,18,0.8778821840001001,"(1.9643898084367466, 0.11016888853502313)",G0026_C03_N0_S1001,G0026,erdos_renyi,15,37,10025,C03,256,27,1001,1.0,0.6795428240740741,0.925925925925926,success,
18.3671875,26,SPSA,1,N0,79,80,40960,37,18,1.3323997810000492,"(1.73798160410895, 0.8485125552425884)",G0026_C04_N0_S1000,G0026,erdos_renyi,15,37,10025,C04,512,27,1000,1.0,0.6802662037037037,0.9629629629629628,success,
18.5078125,27,SPSA,1,N0,79,80,40960,37,18,1.3287558819999958,"(1.7960289269063856, -0.02491558560034078)",G0026_C04_N0_S1001,G0026,erdos_renyi,15,37,10025,C04,512,27,1001,1.0,0.6854745370370371,1.0,success,
18.7265625,25,COBYLA,2,N0,40,41,10496,74,28,0.6450769329999275,"(2.192859717474253, 1.8777378105137472, 0.5269396914312331, -0.18291483968681138)",G0026_C05_N0_S1000,G0026,erdos_renyi,15,37,10025,C05,256,27,1000,1.0,0.6935763888888888,0.925925925925926,success,
18.08984375,26,COBYLA,2,N0,41,42,10752,74,28,0.6408754959998078,"(1.9295909497262795, 0.04126309594459091, 0.289300244609098, 1.3503258725325264)",G0026_C05_N0_S1001,G0026,erdos_renyi,15,37,10025,C05,256,27,1001,1.0,0.6699942129629629,0.9629629629629628,success,
18.337890625,26,COBYLA,2,N0,36,37,18944,74,28,0.7991505289999168,"(2.139940052375809, 1.9168236684715694, 0.7212800489828823, 0.27727412574997573)",G0026_C06_N0_S1000,G0026,erdos_renyi,15,37,10025,C06,512,27,1000,1.0,0.6791811342592593,0.9629629629629628,success,
18.19140625,27,COBYLA,2,N0,36,37,18944,74,28,0.7710914399999638,"(2.4270438992932766, 0.07739939235808718, 0.2699720307628898, 1.3517760804087864)",G0026_C06_N0_S1001,G0026,erdos_renyi,15,37,10025,C06,512,27,1001,1.0,0.6737557870370371,1.0,success,
18.5,27,SPSA,2,N0,79,80,20480,74,28,1.1130465539999932,"(1.6939173811877386, 1.8068707368589867, 0.787668521950703, 0.3917523802059163)",G0026_C07_N0_S1000,G0026,erdos_renyi,15,37,10025,C07,256,27,1000,1.0,0.6851851851851852,1.0,success,
18.28515625,26,SPSA,2,N0,79,80,20480,74,28,2.0483685389999664,"(1.9833871546475126, 0.02089480459901072, 0.3536855253696144, 1.3760002319383016)",G0026_C07_N0_S1001,G0026,erdos_renyi,15,37,10025,C07,256,27,1001,1.0,0.6772280092592593,0.9629629629629628,success,
18.529296875,26,SPSA,2,N0,79,80,40960,74,28,1.84948088200008,"(1.6459702577517867, 1.7468574381133122, 0.8085922499658849, 0.5653741521882291)",G0026_C08_N0_S1000,G0026,erdos_renyi,15,37,10025,C08,512,27,1000,1.0,0.6862702546296297,0.9629629629629628,success,
18.330078125,27,SPSA,2,N0,79,80,40960,74,28,1.8821931950001272,"(2.024523727221722, 0.14932447436227647, 0.3948220979438235, 1.2475705621750357)",G0026_C08_N0_S1001,G0026,erdos_renyi,15,37,10025,C08,512,27,1001,1.0,0.6788917824074074,1.0,success,
18.2265625,24,COBYLA,3,N0,51,52,13312,111,38,1.8134143119998496,"(1.6383151696215266, 2.3959467896399524, 1.4793750809959814, 0.29432533368177016, 0.8298937121057324, 0.3006885475491224)",G0026_C09_N0_S1000,G0026,erdos_renyi,15,37,10025,C09,256,27,1000,1.0,0.6750578703703703,0.8888888888888888,success,
18.38671875,24,COBYLA,3,N0,50,51,13056,111,38,0.9447631869998075,"(2.685463366715545, -0.5158225577217391, 0.408620854839084, 1.0186234655792767, -0.10610609400545866, 0.8836348871613597)",G0026_C09_N0_S1001,G0026,erdos_renyi,15,37,10025,C09,256,27,1001,1.0,0.6809895833333334,0.8888888888888888,success,
18.595703125,27,COBYLA,3,N0,52,53,27136,111,38,1.217965440999933,"(1.6379816041089499, 2.3970251104851767, 1.4795072907359663, 0.8192611215778016, 0.8305727352036273, 0.30007908703546404)",G0026_C10_N0_S1000,G0026,erdos_renyi,15,37,10025,C10,512,27,1000,1.0,0.6887297453703703,1.0,success,
18.3984375,26,COBYLA,3,N0,55,56,28672,111,38,1.2940615449999768,"(2.42370081837723, 0.0491792923160928, 0.5896357552788143, 1.3476255713465888, 0.12023821873677869, 0.3181632961118338)",G0026_C10_N0_S1001,G0026,erdos_renyi,15,37,10025,C10,512,27,1001,1.0,0.6814236111111112,0.9629629629629628,success,
18.7734375,26,SPSA,3,N0,79,80,20480,111,38,1.3256913949999216,"(1.4979373402330396, 1.7616611638694135, 1.3740811197791165, 0.4836113483907508, 0.6952087885878638, 0.42981122092935276)",G0026_C11_N0_S1000,G0026,erdos_renyi,15,37,10025,C11,256,27,1000,1.0,0.6953125,0.9629629629629628,success,
18.296875,24,SPSA,3,N0,79,80,20480,111,38,1.3287586940000438,"(1.948729966653331, 0.04750859886951992, 0.7000372464919016, 1.602936405257287, -0.01279722620647962, 0.2464288714811964)",G0026_C11_N0_S1001,G0026,erdos_renyi,15,37,10025,C11,256,27,1001,1.0,0.6776620370370371,0.8888888888888888,success,
18.591796875,26,SPSA,3,N0,79,80,40960,111,38,1.7309449879999192,"(1.8121357903006858, 2.025673554793918, 1.1596566711313465, 0.3085376030263358, 0.6854672890159934, 0.5846423741219284)",G0026_C12_N0_S1000,G0026,erdos_renyi,15,37,10025,C12,512,27,1000,1.0,0.6885850694444444,0.9629629629629628,success,
18.681640625,26,SPSA,3,N0,79,80,40960,111,38,1.7276763160000428,"(2.0975341246208203, 0.3428391194795005, 0.5342626099882977, 1.4992152436963135, 0.1442627627393483, 0.19689931470811156)",G0026_C12_N0_S1001,G0026,erdos_renyi,15,37,10025,C12,512,27,1001,1.0,0.6919126157407407,0.9629629629629628,success,
17.74609375,25,COBYLA,1,N0,26,27,6912,35,16,0.3686667810000017,"(1.637422138132843, 0.9489449876900051)",G0027_C01_N0_S1000,G0027,erdos_renyi,15,35,10026,C01,256,28,1000,1.0,0.6337890625,0.8928571428571429,success,
18.8125,25,COBYLA,1,N0,25,26,6656,35,16,0.3062576710001394,"(2.4248304695002525, 0.5248380472336427)",G0027_C01_N0_S1001,G0027,erdos_renyi,15,35,10026,C01,256,28,1001,1.0,0.671875,0.8928571428571429,success,
17.728515625,26,COBYLA,1,N0,25,26,13312,35,16,0.4733583599997928,"(1.6379816041089499, 1.4485125552425884)",G0027_C02_N0_S1000,G0027,erdos_renyi,15,35,10026,C02,512,28,1000,1.0,0.6331612723214286,0.9285714285714286,success,
19.419921875,26,COBYLA,1,N0,25,26,13312,35,16,0.9845825439999772,"(2.631767772231719, 0.3852514972684394)",G0027_C02_N0_S1001,G0027,erdos_renyi,15,35,10026,C02,512,28,1001,1.0,0.6935686383928571,0.9285714285714286,success,
17.3515625,26,SPSA,1,N0,79,80,20480,35,16,0.8878407740000966,"(1.502379592701509, 1.0480867240656768)",G0027_C03_N0_S1000,G0027,erdos_renyi,15,35,10026,C03,256,28,1000,1.0,0.6196986607142857,0.9285714285714286,success,
17.19921875,26,SPSA,1,N0,79,80,20480,35,16,1.49236678200009,"(1.8132808848263937, 0.019285388309818186)",G0027_C03_N0_S1001,G0027,erdos_renyi,15,35,10026,C03,256,28,1001,1.0,0.6142578125,0.9285714285714286,success,
17.720703125,27,SPSA,1,N0,79,80,40960,35,16,1.841224470999805,"(1.6472731654429658, 1.1101495634375533)",G0027_C04_N0_S1000,G0027,erdos_renyi,15,35,10026,C04,512,28,1000,1.0,0.6328822544642857,0.9642857142857144,success,
19.509765625,26,SPSA,1,N0,79,80,40960,35,16,1.3162997699998868,"(2.6654851459714988, 0.3720853440604566)",G0027_C04_N0_S1001,G0027,erdos_renyi,15,35,10026,C04,512,28,1001,1.0,0.69677734375,0.9285714285714286,success,
19.19921875,25,COBYLA,2,N0,54,55,14080,70,26,1.606163843999866,"(2.688843630859594, 1.6047532415917607, 0.443048576298168, 0.04568194367876048)",G0027_C05_N0_S1000,G0027,erdos_renyi,15,35,10026,C05,256,28,1000,1.0,0.6856863839285714,0.8928571428571429,success,
19.18359375,26,COBYLA,2,N0,39,40,10240,70,26,0.6002992240000822,"(2.459127261037691, 0.09941870757670798, 0.9645275832470408, 0.9325969687367414)",G0027_C05_N0_S1001,G0027,erdos_renyi,15,35,10026,C05,256,28,1001,1.0,0.6851283482142857,0.9285714285714286,success,
18.998046875,26,COBYLA,2,N0,44,45,23040,70,26,0.9055425540000216,"(2.3459355507502084, 1.2731869926856874, 0.042475096556770786, 1.012031532560621)",G0027_C06_N0_S1000,G0027,erdos_renyi,15,35,10026,C06,512,28,1000,1.0,0.6785016741071429,0.9285714285714286,success,
18.751953125,25,COBYLA,2,N0,39,40,20480,70,26,0.7966647719999855,"(2.5516068650519004, -0.031074497549627222, 0.9655765054810248, 0.9215310345046316)",G0027_C06_N0_S1001,G0027,erdos_renyi,15,35,10026,C06,512,28,1001,1.0,0.6697126116071429,0.8928571428571429,success,
17.46875,26,SPSA,2,N0,79,80,20480,70,26,1.1000096919999578,"(1.6883352187272025, 1.8423452455570142, 0.7801232958921994, 0.408036146310359)",G0027_C07_N0_S1000,G0027,erdos_renyi,15,35,10026,C07,256,28,1000,1.0,0.6238839285714286,0.9285714285714286,success,
19.4140625,26,SPSA,2,N0,79,80,20480,70,26,1.1221906309999667,"(2.6252878531826176, 0.2721201068270145, 0.46221070945476583, 1.5424800697474632)",G0027_C07_N0_S1001,G0027,erdos_renyi,15,35,10026,C07,256,28,1001,1.0,0.693359375,0.9285714285714286,success,
17.46875,27,SPSA,2,N0,79,80,40960,70,26,1.5474555629998576,"(1.5677780642412176, 1.888729731139873, 0.5649586097890318, 0.3894646614455342)",G0027_C08_N0_S1000,G0027,erdos_renyi,15,35,10026,C08,512,28,1000,1.0,0.6238839285714286,0.9642857142857144,success,
19.140625,26,SPSA,2,N0,79,80,40960,70,26,1.514456959999961,"(2.720979971828117, 0.010866822224111242, 0.3972102439478846, 1.4787376887546944)",G0027_C08_N0_S1001,G0027,erdos_renyi,15,35,10026,C08,512,28,1001,1.0,0.68359375,0.9285714285714286,success,
17.53515625,26,COBYLA,3,N0,52,53,13568,105,36,0.9638140110000676,"(1.638412408514829, 2.397888262586184, 1.4765165132293665, 0.3194758974980269, 0.830752453185041, 0.29622044129210817)",G0027_C09_N0_S1000,G0027,erdos_renyi,15,35,10026,C09,256,28,1000,1.0,0.6262555803571429,0.9285714285714286,success,
18.81640625,26,COBYLA,3,N0,51,52,13312,105,36,0.970980900000086,"(1.9247871013555593, 0.05168180698167275, 0.5889812363726431, 1.3475946776005574, 0.11927741868862118, 0.31576599333959565)",G0027_C09_N0_S1001,G0027,erdos_renyi,15,35,10026,C09,256,28,1001,1.0,0.6720145089285714,0.9285714285714286,success,
18.04296875,26,COBYLA,3,N0,52,53,27136,105,36,1.2440346319999662,"(1.4923013205405955, 1.8182504397521047, 1.3248935911801374, 0.16156467501213742, 1.3007427893067363, 0.15326244935890063)",G0027_C10_N0_S1000,G0027,erdos_renyi,15,35,10026,C10,512,28,1000,1.0,0.6443917410714286,0.9285714285714286,success,
18.853515625,26,COBYLA,3,N0,50,51,26112,105,36,1.178558012999929,"(1.9245237272217217, 0.06608560058951149, 0.5710952161961735, 1.3475705621750358, 0.11969253481467036, 0.31587181732916003)",G0027_C10_N0_S1001,G0027,erdos_renyi,15,35,10026,C10,512,28,1001,1.0,0.67333984375,0.9285714285714286,success,
19.328125,26,SPSA,3,N0,79,80,20480,105,36,1.303507700999944,"(1.9028265013338896, 1.6174158498987279, 0.9207901759942144, -0.013396756869170502, 1.185756020391078, -0.14223965152330115)",G0027_C11_N0_S1000,G0027,erdos_renyi,15,35,10026,C11,256,28,1000,1.0,0.6902901785714286,0.9285714285714286,success,
18.79296875,26,SPSA,3,N0,79,80,20480,105,36,1.325100804000158,"(1.9245237272217217, 0.04932447436227646, 0.5896441958876469, 1.3475705621750358, 0.11969253481467036, 0.31587181732916003)",G0027_C11_N0_S1001,G0027,erdos_renyi,15,35,10026,C11,256,28,1001,1.0,0.6711774553571429,0.9285714285714286,success,
21.326171875,28,SPSA,3,N0,79,80,40960,105,36,1.741526582000006,"(1.9172510268354026, 1.9581635841626055, 1.958783843111226, -0.04214844828608705, 1.3632349903716685, -0.27073812904592837)",G0027_C12_N0_S1000,G0027,erdos_renyi,15,35,10026,C12,512,28,1000,1.0,0.7616489955357143,1.0,success,
19.345703125,26,SPSA,3,N0,79,80,40960,105,36,2.894618458999957,"(1.4428804479536312, -0.22560456272563523, 1.507054990051445, 1.5974466634841034, -0.0025380180703819255, 0.4931687337354579)",G0027_C12_N0_S1001,G0027,erdos_renyi,15,35,10026,C12,512,28,1001,1.0,0.69091796875,0.9285714285714286,success,
24.05078125,30,COBYLA,1,N0,34,35,8960,40,20,0.4909002570000211,"(-0.3820928451744736, 1.2818356018053536)",G0028_C01_N0_S1000,G0028,erdos_renyi,15,40,10027,C01,256,31,1000,1.0,0.7758316532258065,0.967741935483871,success,
22.57421875,29,COBYLA,1,N0,25,26,6656,40,20,0.3363621819999025,"(2.592719625950983, 0.32948314025674585)",G0028_C01_N0_S1001,G0028,erdos_renyi,15,40,10027,C01,256,31,1001,1.0,0.7282006048387096,0.935483870967742,success,
19.94140625,28,COBYLA,1,N0,24,25,12800,40,20,0.4741101419999722,"(1.5148026348525347, 1.4780837203067154)",G0028_C02_N0_S1000,G0028,erdos_renyi,15,40,10027,C02,512,31,1000,1.0,0.6432711693548387,0.9032258064516128,success,
22.791015625,30,COBYLA,1,N0,28,29,14848,40,20,0.5392049609999958,"(2.6286041956074118, 0.37176974754668957)",G0028_C02_N0_S1001,G0028,erdos_renyi,15,40,10027,C02,512,31,1001,1.0,0.7351940524193549,0.967741935483871,success,
19.77734375,30,SPSA,1,N0,79,80,20480,40,20,0.9460511129998396,"(1.6953700555795126, 0.7409832754065095)",G0028_C03_N0_S1000,G0028,erdos_renyi,15,40,10027,C03,256,31,1000,1.0,0.6379788306451613,0.967741935483871,success,
22.6015625,29,SPSA,1,N0,79,80,20480,40,20,0.92060914700005,"(2.7006352770476947, 0.3669169349181317)",G0028_C03_N0_S1001,G0028,erdos_renyi,15,40,10027,C03,256,31,1001,1.0,0.7290826612903226,0.935483870967742,success,
19.98828125,30,SPSA,1,N0,79,80,40960,40,20,1.4293316490000052,"(1.5811016487195422, 0.8209639497604766)",G0028_C04_N0_S1000,G0028,erdos_renyi,15,40,10027,C04,512,31,1000,1.0,0.6447832661290323,0.967741935483871,success,
22.74609375,30,SPSA,1,N0,79,80,40960,40,20,1.3675865280001744,"(2.7666048308568523, 0.37382806645566347)",G0028_C04_N0_S1001,G0028,erdos_renyi,15,40,10027,C04,512,31,1001,1.0,0.7337449596774194,0.967741935483871,success,
21.5078125,28,COBYLA,2,N0,44,45,11520,80,31,0.7300606409999091,"(2.4672392706030144, 1.617000642723532, 0.5010098588464329, 0.06062710501319901)",G0028_C05_N0_S1000,G0028,erdos_renyi,15,40,10027,C05,256,31,1000,1.0,0.6938004032258065,0.9032258064516128,success,
19.81640625,27,COBYLA,2,N0,38,39,9984,80,31,0.6390361439998742,"(1.9475078238557078, -0.08186068111146344, 0.3203090750716537, 1.3686307169637826)",G0028_C05_N0_S1001,G0028,erdos_renyi,15,40,10027,C05,256,31,1001,1.0,0.6392389112903226,0.8709677419354839,success,
20.048828125,29,COBYLA,2,N0,37,38,19456,80,31,0.8175483910001731,"(2.1600739212824998, 1.862544754268207, 0.5718144720859979, 0.3273385466106745)",G0028_C06_N0_S1000,G0028,erdos_renyi,15,40,10027,C06,512,31,1000,1.0,0.6467363911290323,0.935483870967742,success,
21.54296875,29,COBYLA,2,N0,42,43,22016,80,31,0.9329429570000228,"(2.452530376869681, 0.5400971082437424, 0.15752551992273958, 1.7972619888176609)",G0028_C06_N0_S1001,G0028,erdos_renyi,15,40,10027,C06,512,31,1001,1.0,0.6949344758064516,0.935483870967742,success,
22.52734375,30,SPSA,2,N0,79,80,20480,80,31,1.1566884010001104,"(2.5626342412623355, 1.6323777035726161, 0.30393640972702385, 0.009965081643862748)",G0028_C07_N0_S1000,G0028,erdos_renyi,15,40,10027,C07,256,31,1000,1.0,0.7266885080645161,0.967741935483871,success,
22.64453125,29,SPSA,2,N0,79,80,20480,80,31,1.1974034089998895,"(2.602000597100019, 0.4498609015751563, 0.3234479854389269, 1.490140007975303)",G0028_C07_N0_S1001,G0028,erdos_renyi,15,40,10027,C07,256,31,1001,1.0,0.73046875,0.935483870967742,success,
19.86328125,30,SPSA,2,N0,79,80,40960,80,31,1.6618713689999822,"(1.7447201129769419, 1.6072902512468088, 0.7617015338716393, 0.25881861405615136)",G0028_C08_N0_S1000,G0028,erdos_renyi,15,40,10027,C08,512,31,1000,1.0,0.6407510080645161,0.967741935483871,success,
23.6328125,30,SPSA,2,N0,79,80,40960,80,31,2.948618821999844,"(2.709207464724942, -0.6458106640120667, 0.4441372845383792, 1.7964421601731964)",G0028_C08_N0_S1001,G0028,erdos_renyi,15,40,10027,C08,512,31,1001,1.0,0.7623487903225806,0.967741935483871,success,
19.62109375,28,COBYLA,3,N0,51,52,13312,120,42,0.9995650710000064,"(1.6340225276744225, 1.8832792091228563, 1.4515922724012682, 0.3558847733284841, 0.8275533546603477, 0.31489086780905096)",G0028_C09_N0_S1000,G0028,erdos_renyi,15,40,10027,C09,256,31,1000,1.0,0.6329385080645161,0.9032258064516128,success,
22.65234375,30,COBYLA,3,N0,50,51,13056,120,42,0.987821601000178,"(1.969512165605691, 0.10923682017121446, 0.6302494119158962, 1.3261555610938307, 0.16656807207620913, 0.3218667747956812)",G0028_C09_N0_S1001,G0028,erdos_renyi,15,40,10027,C09,256,31,1001,1.0,0.7307207661290323,0.967741935483871,success,
20.009765625,30,COBYLA,3,N0,51,52,26624,120,42,2.214275549999911,"(1.6379816041089499, 1.8970251104851767, 1.4795072907359663, 0.3192611215778017, 0.8305727352036273, 0.30007908703546404)",G0028_C10_N0_S1000,G0028,erdos_renyi,15,40,10027,C10,512,31,1000,1.0,0.645476310483871,0.967741935483871,success,
22.740234375,30,COBYLA,3,N0,55,56,28672,120,42,1.3354279689999655,"(1.91474454902568, 0.044606406686846733, 0.7151042249708421, 1.3948999142357263, 0.15816593567254045, 0.3401038766271084)",G0028_C10_N0_S1001,G0028,erdos_renyi,15,40,10027,C10,512,31,1001,1.0,0.7335559475806451,0.967741935483871,success,
22.39453125,29,SPSA,3,N0,79,80,20480,120,42,1.6374331930001065,"(1.5471632395858173, 2.155190003433927, 1.4337241792111688, -0.09882674448825621, 1.2550266465678903, -0.1294544099862783)",G0028_C11_N0_S1000,G0028,erdos_renyi,15,40,10027,C11,256,31,1000,1.0,0.7224042338709677,0.935483870967742,success,
22.1484375,30,SPSA,3,N0,79,80,20480,120,42,1.4646019070000875,"(1.9245237272217217, 0.04932447436227646, 0.5896441958876469, 1.3475705621750358, 0.11969253481467036, 0.31587181732916003)",G0028_C11_N0_S1001,G0028,erdos_renyi,15,40,10027,C11,256,31,1001,1.0,0.7144657258064516,0.967741935483871,success,
23.529296875,31,SPSA,3,N0,79,80,40960,120,42,1.85421108699984,"(2.000311369992141, 1.2868549878145827, 2.480221566790553, -0.04056484454116356, 1.6681122483161024, -0.3253502290195101)",G0028_C12_N0_S1000,G0028,erdos_renyi,15,40,10027,C12,512,31,1000,1.0,0.7590095766129032,1.0,success,
22.40234375,30,SPSA,3,N0,79,80,40960,120,42,1.8038580869999803,"(1.9245237272217217, 0.04932447436227646, 0.5896441958876469, 1.3475705621750358, 0.11969253481467036, 0.31587181732916003)",G0028_C12_N0_S1001,G0028,erdos_renyi,15,40,10027,C12,512,31,1001,1.0,0.72265625,0.967741935483871,success,
19.84765625,28,COBYLA,1,N0,26,27,6912,40,21,0.3387786419998519,"(2.1369125413769114, 0.9460202235309593)",G0029_C01_N0_S1000,G0029,erdos_renyi,15,40,10028,C01,256,29,1000,1.0,0.6844019396551724,0.9655172413793104,success,
20.0234375,26,COBYLA,1,N0,28,29,7424,40,21,0.3828168320001168,"(2.4144887856321318, 0.024787023658088714)",G0029_C01_N0_S1001,G0029,erdos_renyi,15,40,10028,C01,256,29,1001,1.0,0.6904633620689655,0.896551724137931,success,
19.984375,28,COBYLA,1,N0,25,26,13312,40,21,0.4869917710000209,"(1.6379816041089499, 1.4485125552425884)",G0029_C02_N0_S1000,G0029,erdos_renyi,15,40,10028,C02,512,29,1000,1.0,0.6891163793103449,0.9655172413793104,success,
20.34375,27,COBYLA,1,N0,30,31,15872,40,21,0.5782754879999175,"(2.7412215062661796, 0.3824001167261599)",G0029_C02_N0_S1001,G0029,erdos_renyi,15,40,10028,C02,512,29,1001,1.0,0.7015086206896551,0.9310344827586208,success,
19.80078125,27,SPSA,1,N0,79,80,20480,40,21,0.9711347309998928,"(1.73798160410895, 0.8485125552425884)",G0029_C03_N0_S1000,G0029,erdos_renyi,15,40,10028,C03,256,29,1000,1.0,0.6827855603448276,0.9310344827586208,success,
20.05078125,26,SPSA,1,N0,79,80,20480,40,21,2.030704130000004,"(1.920442099607542, 0.04572715510944239)",G0029_C03_N0_S1001,G0029,erdos_renyi,15,40,10028,C03,256,29,1001,1.0,0.69140625,0.896551724137931,success,
19.923828125,29,SPSA,1,N0,79,80,40960,40,21,1.3856763870001032,"(1.7375690178282381, 1.0228049109545863)",G0029_C04_N0_S1000,G0029,erdos_renyi,15,40,10028,C04,512,29,1000,1.0,0.6870285560344828,1.0,success,
19.96484375,27,SPSA,1,N0,79,80,40960,40,21,1.3650421820000247,"(1.9968798179579441, -0.3093233243406709)",G0029_C04_N0_S1001,G0029,erdos_renyi,15,40,10028,C04,512,29,1001,1.0,0.6884428879310345,0.9310344827586208,success,
19.921875,28,COBYLA,2,N0,35,36,9216,80,32,1.00038791399993,"(2.1446544391738764, 1.888568341436636, 0.7362251326521891, 0.29697870861442593)",G0029_C05_N0_S1000,G0029,erdos_renyi,15,40,10028,C05,256,29,1000,1.0,0.6869612068965517,0.9655172413793104,success,
19.81640625,26,COBYLA,2,N0,37,38,9728,80,32,0.6054164909999145,"(1.9245237272217217, 0.04932447436227646, 0.29482209794382347, 1.3475705621750358)",G0029_C05_N0_S1001,G0029,erdos_renyi,15,40,10028,C05,256,29,1001,1.0,0.6833243534482759,0.896551724137931,success,
19.875,28,COBYLA,2,N0,35,36,18432,80,32,1.5002356049999437,"(2.120468554474478, 1.8967146609481982, 0.6793629926459147, 0.8190080711260721)",G0029_C06_N0_S1000,G0029,erdos_renyi,15,40,10028,C06,512,29,1000,1.0,0.6853448275862069,0.9655172413793104,success,
20.099609375,27,COBYLA,2,N0,41,42,21504,80,32,0.922624942000084,"(1.9270982836699904, 0.03906875568545465, 0.29838741649436823, 1.3537333859717795)",G0029_C06_N0_S1001,G0029,erdos_renyi,15,40,10028,C06,512,29,1001,1.0,0.6930899784482759,0.9310344827586208,success,
20.65625,28,SPSA,2,N0,79,80,20480,80,32,1.2137165090000508,"(1.050621882223832, 1.7052658431269634, 0.16638503591564557, 0.2836649599082425)",G0029_C07_N0_S1000,G0029,erdos_renyi,15,40,10028,C07,256,29,1000,1.0,0.7122844827586207,0.9655172413793104,success,
20.2265625,28,SPSA,2,N0,79,80,20480,80,32,1.159617924000031,"(1.7205284393861864, 0.22012506348990948, 0.17120301735814838, 1.3108556012950559)",G0029_C07_N0_S1001,G0029,erdos_renyi,15,40,10028,C07,256,29,1001,1.0,0.6974676724137931,0.9655172413793104,success,
19.890625,28,SPSA,2,N0,79,80,40960,80,32,1.641062702999989,"(1.6547392532068468, 1.9448737067051283, 0.8289314788871885, 0.32314108431046085)",G0029_C08_N0_S1000,G0029,erdos_renyi,15,40,10028,C08,512,29,1000,1.0,0.6858836206896551,0.9655172413793104,success,
20.0859375,27,SPSA,2,N0,79,80,40960,80,32,1.6070705790000377,"(1.5420663669242636, 0.3530430942117968, 0.07110114137404216, 1.047868623472717)",G0029_C08_N0_S1001,G0029,erdos_renyi,15,40,10028,C08,512,29,1001,1.0,0.6926185344827587,0.9310344827586208,success,
19.91015625,26,COBYLA,3,N0,52,53,13568,120,43,1.0083982189999006,"(2.13798160410895, 2.3970251104851767, 1.4795072907359663, 0.3192611215778017, 0.8305727352036273, 0.30007908703546404)",G0029_C09_N0_S1000,G0029,erdos_renyi,15,40,10028,C09,256,29,1000,1.0,0.6865571120689655,0.896551724137931,success,
20.078125,29,COBYLA,3,N0,46,47,12032,120,43,0.8717536529998142,"(1.9245237272217217, 0.04932447436227646, 0.5896441958876469, 1.3475705621750358, 0.11969253481467036, 0.31587181732916003)",G0029_C09_N0_S1001,G0029,erdos_renyi,15,40,10028,C09,256,29,1001,1.0,0.6923491379310345,1.0,success,
19.873046875,28,COBYLA,3,N0,52,53,27136,120,43,1.26189903400018,"(2.3228325309986864, 2.4368682631819962, 1.3669466303065672, 0.2639720331063256, 0.9459185435004973, 0.26843814746822353)",G0029_C10_N0_S1000,G0029,erdos_renyi,15,40,10028,C10,512,29,1000,1.0,0.6852774784482759,0.9655172413793104,success,
20.248046875,26,COBYLA,3,N0,50,51,26112,120,43,1.2288577899998927,"(1.923344270361959, 0.04862216856637978, 0.5905947589985816, 1.345846188068016, 0.11689717000384721, 0.31486287996009366)",G0029_C10_N0_S1001,G0029,erdos_renyi,15,40,10028,C10,512,29,1001,1.0,0.6982085129310345,0.896551724137931,success,
19.64453125,27,SPSA,3,N0,79,80,20480,120,43,1.428138307000154,"(1.6114761090599665, 1.8576242818373236, 1.3486407335059027, 0.52815561466939, 0.7517825994365335, 0.44579928828260695)",G0029_C11_N0_S1000,G0029,erdos_renyi,15,40,10028,C11,256,29,1000,1.0,0.6773976293103449,0.9310344827586208,success,
20.078125,29,SPSA,3,N0,79,80,20480,120,43,1.3841857229999732,"(1.9245237272217217, 0.04932447436227646, 0.5896441958876469, 1.3475705621750358, 0.11969253481467036, 0.31587181732916003)",G0029_C11_N0_S1001,G0029,erdos_renyi,15,40,10028,C11,256,29,1001,1.0,0.6923491379310345,1.0,success,
20.173828125,27,SPSA,3,N0,79,80,40960,120,43,1.796169392000138,"(1.7196045201930044, 2.103515046138193, 1.2585052815095465, 0.3415649308211218, 0.5935969070651103, 0.4324129684542938)",G0029_C12_N0_S1000,G0029,erdos_renyi,15,40,10028,C12,512,29,1000,1.0,0.6956492456896551,0.9310344827586208,success,
20.57421875,26,SPSA,3,N0,79,80,40960,120,43,2.9876469200000884,"(1.9032121901523704, 0.048281112254904765, 0.7400896410655968, 1.1747450122644032, 0.29040615495460004, 0.3169151794365317)",G0029_C12_N0_S1001,G0029,erdos_renyi,15,40,10028,C12,512,29,1001,1.0,0.7094558189655172,0.896551724137931,success,
18.82421875,25,COBYLA,1,N0,24,25,6400,37,18,0.3367500520000703,"(2.141820136865186, 0.9517165630889122)",G0030_C01_N0_S1000,G0030,erdos_renyi,15,37,10029,C01,256,28,1000,1.0,0.6722935267857143,0.8928571428571429,success,
19.37890625,27,COBYLA,1,N0,31,32,8192,37,18,0.4369993960001466,"(1.0445014206586378, 0.2800300766636651)",G0030_C01_N0_S1001,G0030,erdos_renyi,15,37,10029,C01,256,28,1001,1.0,0.6921037946428571,0.9642857142857144,success,
18.6953125,28,COBYLA,1,N0,25,26,13312,37,18,0.4608524660000057,"(2.1843746949208844, 0.9296778458510819)",G0030_C02_N0_S1000,G0030,erdos_renyi,15,37,10029,C02,512,28,1000,1.0,0.6676897321428571,1.0,success,
19.359375,26,COBYLA,1,N0,32,33,16896,37,18,0.5921187989999908,"(2.5182487358156287, -0.4074613541490088)",G0030_C02_N0_S1001,G0030,erdos_renyi,15,37,10029,C02,512,28,1001,1.0,0.69140625,0.9285714285714286,success,
18.44140625,28,SPSA,1,N0,79,80,20480,37,18,0.8872954030000528,"(1.9826274361344411, 1.1739805663602376)",G0030_C03_N0_S1000,G0030,erdos_renyi,15,37,10029,C03,256,28,1000,1.0,0.6586216517857143,1.0,success,
18.58203125,27,SPSA,1,N0,79,80,20480,37,18,0.9098781770001096,"(1.9584681284803591, -0.44645891017915135)",G0030_C03_N0_S1001,G0030,erdos_renyi,15,37,10029,C03,256,28,1001,1.0,0.6636439732142857,0.9642857142857144,success,
18.564453125,27,SPSA,1,N0,79,80,40960,37,18,1.3482587909998074,"(1.6610165374439925, 1.0072999145230783)",G0030_C04_N0_S1000,G0030,erdos_renyi,15,37,10029,C04,512,28,1000,1.0,0.6630161830357143,0.9642857142857144,success,
18.76953125,26,SPSA,1,N0,79,80,40960,37,18,1.3443864440000652,"(1.928202628665225, -0.42153969617688736)",G0030_C04_N0_S1001,G0030,erdos_renyi,15,37,10029,C04,512,28,1001,1.0,0.6703404017857143,0.9285714285714286,success,
18.6953125,26,COBYLA,2,N0,39,40,10240,74,27,0.660958853000011,"(1.639812842707435, 1.8365385882956131, 1.2376433751655473, 0.3190861461768339)",G0030_C05_N0_S1000,G0030,erdos_renyi,15,37,10029,C05,256,28,1000,1.0,0.6676897321428571,0.9285714285714286,success,
18.53515625,26,COBYLA,2,N0,35,36,9216,74,27,0.5714972969999508,"(1.8755301901538353, 0.6651940120892296, 0.7995944473066288, 1.3345082817812957)",G0030_C05_N0_S1001,G0030,erdos_renyi,15,37,10029,C05,256,28,1001,1.0,0.6619698660714286,0.9285714285714286,success,
18.640625,27,COBYLA,2,N0,33,34,17408,74,27,0.7552054640000279,"(1.6379816041089499, 2.3970251104851767, 1.2397536453679832, 0.3192611215778017)",G0030_C06_N0_S1000,G0030,erdos_renyi,15,37,10029,C06,512,28,1000,1.0,0.6657366071428571,0.9642857142857144,success,
18.931640625,26,COBYLA,2,N0,37,38,19456,74,27,0.8072185600001376,"(1.6534607631459894, 0.7936128658716721, 0.28262319884230214, 1.0002875534617655)",G0030_C06_N0_S1001,G0030,erdos_renyi,15,37,10029,C06,512,28,1001,1.0,0.6761300223214286,0.9285714285714286,success,
19.25,28,SPSA,2,N0,79,80,20480,74,27,1.1362472690000232,"(1.693904527595158, 1.7174155777538085, -0.08628924088105164, 0.38777351203942517)",G0030_C07_N0_S1000,G0030,erdos_renyi,15,37,10029,C07,256,28,1000,1.0,0.6875,1.0,success,
19.44921875,26,SPSA,2,N0,79,80,20480,74,27,1.1344210740001015,"(2.057380144610238, 0.5568038971413688, 0.0494435803647526, 1.145083857281401)",G0030_C07_N0_S1001,G0030,erdos_renyi,15,37,10029,C07,256,28,1001,1.0,0.6946149553571429,0.9285714285714286,success,
19.1875,26,SPSA,2,N0,79,80,40960,74,27,1.586116167,"(1.4296377697444118, 2.1580694601356636, 0.07342131593728415, 0.2477943269261225)",G0030_C08_N0_S1000,G0030,erdos_renyi,15,37,10029,C08,512,28,1000,1.0,0.6852678571428571,0.9285714285714286,success,
19.421875,26,SPSA,2,N0,79,80,40960,74,27,2.602398251000068,"(2.265310139510458, 0.2995213461391888, 0.18176227328722153, 1.155222800993177)",G0030_C08_N0_S1001,G0030,erdos_renyi,15,37,10029,C08,512,28,1001,1.0,0.6936383928571429,0.9285714285714286,success,
18.09765625,26,COBYLA,3,N0,51,52,13312,111,36,0.9812530780000088,"(2.125502776312614, 1.8997963194364669, 1.527601307682602, 0.8210020457361612, 0.827752620589983, 0.29736092844737705)",G0030_C09_N0_S1000,G0030,erdos_renyi,15,37,10029,C09,256,28,1000,1.0,0.6463448660714286,0.9285714285714286,success,
19.5703125,26,COBYLA,3,N0,51,52,13312,111,36,1.0846405849999885,"(2.4245237272217217, 0.5493244743622765, 0.5896441958876469, 1.3475705621750358, 0.11969253481467036, 0.31587181732916003)",G0030_C09_N0_S1001,G0030,erdos_renyi,15,37,10029,C09,256,28,1001,1.0,0.6989397321428571,0.9285714285714286,success,
18.798828125,26,COBYLA,3,N0,51,52,26624,111,36,2.3490659770000093,"(2.1702831826134332, 1.923777951577847, 1.5062601318286366, 0.3460139626704721, 0.8305727352036273, 0.8268319281281344)",G0030_C10_N0_S1000,G0030,erdos_renyi,15,37,10029,C10,512,28,1000,1.0,0.67138671875,0.9285714285714286,success,
19.720703125,26,COBYLA,3,N0,52,53,27136,111,36,1.209091730000182,"(2.4985802812931213, 0.6178035125031907, 0.5689332843953665, 1.3158815378824809, 0.09652873942544397, 0.2582490323870168)",G0030_C10_N0_S1001,G0030,erdos_renyi,15,37,10029,C10,512,28,1001,1.0,0.7043108258928571,0.9285714285714286,success,
18.92578125,26,SPSA,3,N0,79,80,20480,111,36,1.6038176409999778,"(1.494890489046572, 1.8049410914408321, 0.9822413576639467, 0.18528507414740078, 0.4788854783876758, 0.45103081329683087)",G0030_C11_N0_S1000,G0030,erdos_renyi,15,37,10029,C11,256,28,1000,1.0,0.6759207589285714,0.9285714285714286,success,
19.61328125,26,SPSA,3,N0,79,80,20480,111,36,1.3283758729999136,"(2.5838068094598774, 0.3154723728228982, 0.651654140301165, 1.695035856569126, -0.3301863266506633, 0.30337974623970754)",G0030_C11_N0_S1001,G0030,erdos_renyi,15,37,10029,C11,256,28,1001,1.0,0.7004743303571429,0.9285714285714286,success,
19.443359375,26,SPSA,3,N0,79,80,40960,111,36,1.7333837020000828,"(1.6138973170674407, 1.8771049652944647, 0.9837904637295802, 0.09813897256018622, 0.4987492464904795, 0.305468209713921)",G0030_C12_N0_S1000,G0030,erdos_renyi,15,37,10029,C12,512,28,1000,1.0,0.6944056919642857,0.9285714285714286,success,
19.787109375,26,SPSA,3,N0,79,80,40960,111,36,1.7197849200001656,"(2.4794159205631736, 0.3675188268650423, 0.7139576945469827, 1.6792460502871016, -0.3800033185514396, 0.21979602444353918)",G0030_C12_N0_S1001,G0030,erdos_renyi,15,37,10029,C12,512,28,1001,1.0,0.7066824776785714,0.9285714285714286,success,
29.375,40,COBYLA,1,N0,28,29,7424,59,23,0.917225464000012,"(1.612975383378177, 1.4452288089222467)",G0031_C01_N0_S1000,G0031,erdos_renyi,18,59,10030,C01,256,42,1000,1.0,0.6994047619047619,0.9523809523809524,success,
31.75,41,COBYLA,1,N0,29,30,7680,59,23,1.3024465700000292,"(2.642401727688391, 0.3916954762617845)",G0031_C01_N0_S1001,G0031,erdos_renyi,18,59,10030,C01,256,42,1001,1.0,0.7559523809523809,0.9761904761904762,success,
29.771484375,41,COBYLA,1,N0,28,29,14848,59,23,1.467127105000145,"(1.264082184238941, 1.6758937965731024)",G0031_C02_N0_S1000,G0031,erdos_renyi,18,59,10030,C02,512,42,1000,1.0,0.7088448660714286,0.9761904761904762,success,
31.52734375,40,COBYLA,1,N0,33,34,17408,59,23,1.352480909000178,"(2.700220296858523, 0.4069260595255175)",G0031_C02_N0_S1001,G0031,erdos_renyi,18,59,10030,C02,512,42,1001,1.0,0.7506510416666666,0.9523809523809524,success,
29.36328125,39,SPSA,1,N0,79,80,20480,59,23,1.828519596999968,"(1.6354607595248918, 1.03128673111336)",G0031_C03_N0_S1000,G0031,erdos_renyi,18,59,10030,C03,256,42,1000,1.0,0.6991257440476191,0.9285714285714286,success,
31.58984375,41,SPSA,1,N0,79,80,20480,59,23,1.639855240000088,"(2.620166314328708, 0.37133679679236986)",G0031_C03_N0_S1001,G0031,erdos_renyi,18,59,10030,C03,256,42,1001,1.0,0.7521391369047619,0.9761904761904762,success,
29.6875,40,SPSA,1,N0,79,80,40960,59,23,2.114124103999984,"(1.7832563771189152, 0.7975955120344503)",G0031_C04_N0_S1000,G0031,erdos_renyi,18,59,10030,C04,512,42,1000,1.0,0.7068452380952381,0.9523809523809524,success,
31.341796875,41,SPSA,1,N0,79,80,40960,59,23,2.1918722140001137,"(2.7118112461562562, 0.3028310475635081)",G0031_C04_N0_S1001,G0031,erdos_renyi,18,59,10030,C04,512,42,1001,1.0,0.7462332589285714,0.9761904761904762,success,
29.47265625,38,COBYLA,2,N0,35,36,9216,118,36,1.0603763520000484,"(1.6476316858120732, 2.396932098113473, 0.7585149801066821, 0.3346066522641595)",G0031_C05_N0_S1000,G0031,erdos_renyi,18,59,10030,C05,256,42,1000,1.0,0.7017299107142857,0.9047619047619048,success,
29.53125,41,COBYLA,2,N0,40,41,10496,118,36,1.2559081189999688,"(1.9245237272217217, 0.04932447436227646, 0.29482209794382347, 1.3475705621750358)",G0031_C05_N0_S1001,G0031,erdos_renyi,18,59,10030,C05,256,42,1001,1.0,0.703125,0.9761904761904762,success,
34.423828125,42,COBYLA,2,N0,48,49,25088,118,36,1.7796221179999063,"(0.3625212622060668, 1.8503639013387179, 0.29063812623668117, 0.053516314384120925)",G0031_C06_N0_S1000,G0031,erdos_renyi,18,59,10030,C06,512,42,1000,1.0,0.8196149553571429,1.0,success,
31.009765625,41,COBYLA,2,N0,47,48,24576,118,36,1.7842084989999876,"(2.5128051940891654, 0.40899973014924346, 0.3227945996410854, 1.6522938395472744)",G0031_C06_N0_S1001,G0031,erdos_renyi,18,59,10030,C06,512,42,1001,1.0,0.7383277529761905,0.9761904761904762,success,
29.484375,38,SPSA,2,N0,79,80,20480,118,36,2.1821802439999374,"(1.6732997180763418, 1.8617069965177848, 0.7044355314005911, 0.2839430076104097)",G0031_C07_N0_S1000,G0031,erdos_renyi,18,59,10030,C07,256,42,1000,1.0,0.7020089285714286,0.9047619047619048,success,
30.76953125,39,SPSA,2,N0,79,80,20480,118,36,2.4046414399999776,"(2.5057947900992263, 0.23356468755211907, 0.40920707958490826, 1.536038831195291)",G0031_C07_N0_S1001,G0031,erdos_renyi,18,59,10030,C07,256,42,1001,1.0,0.7326078869047619,0.9285714285714286,success,
32.111328125,41,SPSA,2,N0,79,80,40960,118,36,3.723153364999917,"(0.7930877867979823, 1.7486246980105122, 0.24028776404264085, 0.07551781909891238)",G0031_C08_N0_S1000,G0031,erdos_renyi,18,59,10030,C08,512,42,1000,1.0,0.7645554315476191,0.9761904761904762,success,
31.966796875,41,SPSA,2,N0,79,80,40960,118,36,3.600224623000031,"(2.9548981756741868, -0.3120260661102792, 0.3281550706885872, 1.8911957139867295)",G0031_C08_N0_S1001,G0031,erdos_renyi,18,59,10030,C08,512,42,1001,1.0,0.7611142113095238,0.9761904761904762,success,
31.05078125,41,COBYLA,3,N0,53,54,13824,177,49,1.8726711439999235,"(2.2129020471947323, 2.437434398584266, 1.9815882030524263, 0.3018018746738003, 1.3707086956074133, 0.5392943552557229)",G0031_C09_N0_S1000,G0031,erdos_renyi,18,59,10030,C09,256,42,1000,1.0,0.7393043154761905,0.9761904761904762,success,
31.0625,41,COBYLA,3,N0,51,52,13312,177,49,1.806191808999984,"(1.9706504948684185, 0.06740583138049838, 0.5831380899374616, 1.3426607950702918, 0.1131811802546628, 0.3174143571742099)",G0031_C09_N0_S1001,G0031,erdos_renyi,18,59,10030,C09,256,42,1001,1.0,0.7395833333333334,0.9761904761904762,success,
29.591796875,40,COBYLA,3,N0,50,51,26112,177,49,2.141592413000126,"(1.6379816041089499, 2.3970251104851767, 1.4795072907359663, 0.3192611215778017, 0.8305727352036273, 0.30007908703546404)",G0031_C10_N0_S1000,G0031,erdos_renyi,18,59,10030,C10,512,42,1000,1.0,0.7045665922619048,0.9523809523809524,success,
31.123046875,41,COBYLA,3,N0,50,51,26112,177,49,2.128818818000127,"(1.934674738811613, 0.05235468701101755, 0.5906962626438601, 1.3341358570157889, 0.10634648242856029, 0.37267384568910866)",G0031_C10_N0_S1001,G0031,erdos_renyi,18,59,10030,C10,512,42,1001,1.0,0.7410249255952381,0.9761904761904762,success,
31.6015625,40,SPSA,3,N0,79,80,20480,177,49,2.6120041780000065,"(1.8971448877425325, 1.7354980042878014, 1.7985797369758216, -0.0469670279132364, 1.1611452562684272, -0.2161417252492628)",G0031_C11_N0_S1000,G0031,erdos_renyi,18,59,10030,C11,256,42,1000,1.0,0.7524181547619048,0.9523809523809524,success,
32.390625,40,SPSA,3,N0,79,80,20480,177,49,2.5101926500001355,"(2.7763953094151557, 0.8282814450717148, -0.14855823749276925, 1.8419223075817688, 0.4098092467052718, 0.8329162437345584)",G0031_C11_N0_S1001,G0031,erdos_renyi,18,59,10030,C11,256,42,1001,1.0,0.7712053571428571,0.9523809523809524,success,
32.8359375,42,SPSA,3,N0,79,80,40960,177,49,3.0496550730001672,"(1.7652979436878171, 2.0826876932056515, 1.942406987665938, -0.021651222612149676, 1.3501573306582928, -0.1704928974835525)",G0031_C12_N0_S1000,G0031,erdos_renyi,18,59,10030,C12,512,42,1000,1.0,0.7818080357142857,1.0,success,
32.169921875,41,SPSA,3,N0,79,80,40960,177,49,4.088952053000185,"(2.9074920400476456, 1.0446776627605499, -0.25245044328996746, 1.9331468863783714, 0.022997888010040185, 1.315421385396941)",G0031_C12_N0_S1001,G0031,erdos_renyi,18,59,10030,C12,512,42,1001,1.0,0.7659505208333334,0.9761904761904762,success,
29.7890625,40,COBYLA,1,N0,25,26,6656,60,23,0.5715469790000043,"(2.13798160410895, 0.9485125552425884)",G0032_C01_N0_S1000,G0032,erdos_renyi,18,60,10031,C01,256,43,1000,1.0,0.6927688953488372,0.9302325581395348,success,
30.71875,40,COBYLA,1,N0,27,28,7168,60,23,0.6022316290000163,"(2.456291936963696, 0.4754209624185816)",G0032_C01_N0_S1001,G0032,erdos_renyi,18,60,10031,C01,256,43,1001,1.0,0.7143895348837209,0.9302325581395348,success,
30.322265625,41,COBYLA,1,N0,27,28,14336,60,23,0.7818217409999306,"(2.1853245376372197, 1.9230157188556394)",G0032_C02_N0_S1000,G0032,erdos_renyi,18,60,10031,C02,512,43,1000,1.0,0.7051689680232558,0.9534883720930232,success,
30.53125,43,COBYLA,1,N0,25,26,13312,60,23,0.7665480660000412,"(2.422400109896291, 0.5234253753601201)",G0032_C02_N0_S1001,G0032,erdos_renyi,18,60,10031,C02,512,43,1001,1.0,0.7100290697674418,1.0,success,
29.67578125,37,SPSA,1,N0,79,80,20480,60,23,1.630916938000155,"(1.8512514867863055, 0.686198957798313)",G0032_C03_N0_S1000,G0032,erdos_renyi,18,60,10031,C03,256,43,1000,1.0,0.6901344476744186,0.8604651162790697,success,
30.3359375,39,SPSA,1,N0,79,80,20480,60,23,1.6265392830000565,"(2.311837885745374, 0.3546033357731316)",G0032_C03_N0_S1001,G0032,erdos_renyi,18,60,10031,C03,256,43,1001,1.0,0.7054869186046512,0.9069767441860463,success,
29.82421875,40,SPSA,1,N0,79,80,40960,60,23,2.195623184999932,"(1.7840078735636662, 0.8683181383231954)",G0032_C04_N0_S1000,G0032,erdos_renyi,18,60,10031,C04,512,43,1000,1.0,0.6935864825581395,0.9302325581395348,success,
30.111328125,39,SPSA,1,N0,79,80,40960,60,23,2.24113795900007,"(1.8124421348403148, 0.052669994507828916)",G0032_C04_N0_S1001,G0032,erdos_renyi,18,60,10031,C04,512,43,1001,1.0,0.7002634447674418,0.9069767441860463,success,
29.8828125,42,COBYLA,2,N0,35,36,9216,120,37,1.013895367000032,"(2.137990354801309, 1.8970870150732717, 0.7396930429784913, 0.3192763234771536)",G0032_C05_N0_S1000,G0032,erdos_renyi,18,60,10031,C05,256,43,1000,1.0,0.6949491279069767,0.9767441860465116,success,
29.5390625,38,COBYLA,2,N0,38,39,9984,120,37,1.163867676000109,"(1.9628323134154082, 0.06014952271181351, 0.3341587554812436, 1.3484710809580067)",G0032_C05_N0_S1001,G0032,erdos_renyi,18,60,10031,C05,256,43,1001,1.0,0.6869549418604651,0.8837209302325582,success,
29.86328125,39,COBYLA,2,N0,33,34,17408,120,37,1.2709768319998602,"(1.6379816041089499, 2.3970251104851767, 0.7397536453679832, 0.3192611215778017)",G0032_C06_N0_S1000,G0032,erdos_renyi,18,60,10031,C06,512,43,1000,1.0,0.6944949127906976,0.9069767441860463,success,
30.029296875,39,COBYLA,2,N0,38,39,19968,120,37,1.6848157740000715,"(1.9949968090903971, 0.05667923760781839, 0.22503295624899772, 1.822399496386574)",G0032_C06_N0_S1001,G0032,erdos_renyi,18,60,10031,C06,512,43,1001,1.0,0.6983557412790697,0.9069767441860463,success,
29.86328125,39,SPSA,2,N0,79,80,20480,120,37,3.080658306000032,"(1.684963748429387, 2.006404877220473, 0.6518337872730786, 0.34157183806160224)",G0032_C07_N0_S1000,G0032,erdos_renyi,18,60,10031,C07,256,43,1000,1.0,0.6944949127906976,0.9069767441860463,success,
30.046875,37,SPSA,2,N0,79,80,20480,120,37,2.9316032799999903,"(1.7874496493937626, -0.10801325598669291, 0.47718824917145886, 1.5236113976872883)",G0032_C07_N0_S1001,G0032,erdos_renyi,18,60,10031,C07,256,43,1001,1.0,0.6987645348837209,0.8604651162790697,success,
29.8984375,40,SPSA,2,N0,79,80,40960,120,37,2.6304821829999128,"(1.6139771326768686, 1.8621058101371155, 0.7257048484616917, 0.5075797918461531)",G0032_C08_N0_S1000,G0032,erdos_renyi,18,60,10031,C08,512,43,1000,1.0,0.6953125,0.9302325581395348,success,
29.9921875,41,SPSA,2,N0,79,80,40960,120,37,2.635586690000082,"(1.9296447069605833, -0.15109177513061203, 0.2948231204966083, 1.4680701666220957)",G0032_C08_N0_S1001,G0032,erdos_renyi,18,60,10031,C08,512,43,1001,1.0,0.6974927325581395,0.9534883720930232,success,
30.140625,39,COBYLA,3,N0,51,52,13312,180,52,1.7827363799999605,"(2.1663114593244455, 2.4215625628348256, 1.4816583269830386, 0.2983060447744124, 0.7923051617688585, 0.2317775523336329)",G0032_C09_N0_S1000,G0032,erdos_renyi,18,60,10031,C09,256,43,1000,1.0,0.7009447674418605,0.9069767441860463,success,
30.4453125,40,COBYLA,3,N0,52,53,13568,180,52,1.7874372539999968,"(1.9068950234908584, 0.0147002061928425, 0.5549063694674279, 1.3338619244470684, 0.11100028504872819, 0.3129906330199234)",G0032_C09_N0_S1001,G0032,erdos_renyi,18,60,10031,C09,256,43,1001,1.0,0.708030523255814,0.9302325581395348,success,
29.91015625,38,COBYLA,3,N0,46,47,24064,180,52,1.8164680319998752,"(2.13798160410895, 2.3970251104851767, 1.4795072907359663, 0.3192611215778017, 0.8305727352036273, 0.30007908703546404)",G0032_C10_N0_S1000,G0032,erdos_renyi,18,60,10031,C10,512,43,1000,1.0,0.6955850290697675,0.8837209302325582,success,
30.44921875,38,COBYLA,3,N0,51,52,26624,180,52,2.0069424920000074,"(1.9303078607210662, 0.05135080851449362, 0.5920757915370921, 1.3487896933358676, 0.12120742607930271, 0.2918652945792626)",G0032_C10_N0_S1001,G0032,erdos_renyi,18,60,10031,C10,512,43,1001,1.0,0.7081213662790697,0.8837209302325582,success,
29.9765625,41,SPSA,3,N0,79,80,20480,180,52,2.612000362000117,"(1.9232259520053012, 2.139833151167034, 1.564875636078412, 0.6313496858970397, 0.46742638681558424, 0.2592716737442565)",G0032_C11_N0_S1000,G0032,erdos_renyi,18,60,10031,C11,256,43,1000,1.0,0.6971293604651163,0.9534883720930232,success,
30.75,39,SPSA,3,N0,79,80,20480,180,52,2.976268158000039,"(1.8747829980915642, -0.09484450392378081, 0.5683040655828785, 1.3069561199510555, 0.045235808057817115, 0.4600407956152174)",G0032_C11_N0_S1001,G0032,erdos_renyi,18,60,10031,C11,256,43,1001,1.0,0.7151162790697675,0.9069767441860463,success,
30.041015625,39,SPSA,3,N0,79,80,40960,180,52,4.0351436870000725,"(1.5775683635526505, 1.9053516591591713, 1.5746241804611718, 0.2822133313719464, 0.9383858115511965, 0.20698769422167845)",G0032_C12_N0_S1000,G0032,erdos_renyi,18,60,10031,C12,512,43,1000,1.0,0.6986282703488372,0.9069767441860463,success,
30.390625,40,SPSA,3,N0,79,80,40960,180,52,3.854488153000148,"(1.9177994113015602, 0.010405105630180982, 0.5447519554730549, 1.4100839719697738, 0.08463913459901345, 0.34248284419331293)",G0032_C12_N0_S1001,G0032,erdos_renyi,18,60,10031,C12,512,43,1001,1.0,0.7067587209302325,0.9302325581395348,success,
26.671875,37,COBYLA,1,N0,28,29,7424,54,22,0.6290254609998556,"(1.570157876064774, 1.0214366762316698)",G0033_C01_N0_S1000,G0033,erdos_renyi,18,54,10032,C01,256,39,1000,1.0,0.6838942307692307,0.9487179487179488,success,
27.21484375,37,COBYLA,1,N0,24,25,6400,54,22,0.5132268089998888,"(1.9490235252902883, 0.01968630565031284)",G0033_C01_N0_S1001,G0033,erdos_renyi,18,54,10032,C01,256,39,1001,1.0,0.6978165064102564,0.9487179487179488,success,
26.97265625,36,COBYLA,1,N0,26,27,13824,54,22,0.7299070670001129,"(1.740562915519749, 0.9663429813009474)",G0033_C02_N0_S1000,G0033,erdos_renyi,18,54,10032,C02,512,39,1000,1.0,0.6916065705128205,0.9230769230769232,success,
27.26953125,38,COBYLA,1,N0,23,24,12288,54,22,0.6341652749999867,"(1.9492665077279328, 0.021085253420837165)",G0033_C02_N0_S1001,G0033,erdos_renyi,18,54,10032,C02,512,39,1001,1.0,0.69921875,0.9743589743589745,success,
27.2890625,37,SPSA,1,N0,79,80,20480,54,22,1.519574933000058,"(2.2135133315011215, 0.5185971074553049)",G0033_C03_N0_S1000,G0033,erdos_renyi,18,54,10032,C03,256,39,1000,1.0,0.6997195512820513,0.9487179487179488,success,
28.8125,38,SPSA,1,N0,79,80,20480,54,22,1.5128235469999254,"(2.706459593791834, 0.2822587015216226)",G0033_C03_N0_S1001,G0033,erdos_renyi,18,54,10032,C03,256,39,1001,1.0,0.7387820512820513,0.9743589743589745,success,
27.23046875,39,SPSA,1,N0,79,80,40960,54,22,2.0500312120000217,"(1.9306404361337683, 0.6093687371119735)",G0033_C04_N0_S1000,G0033,erdos_renyi,18,54,10032,C04,512,39,1000,1.0,0.6982171474358975,1.0,success,
29.046875,38,SPSA,1,N0,79,80,40960,54,22,2.028818769000054,"(2.7080101280506454, 0.2895243165530761)",G0033_C04_N0_S1001,G0033,erdos_renyi,18,54,10032,C04,512,39,1001,1.0,0.7447916666666666,0.9743589743589745,success,
26.99609375,35,COBYLA,2,N0,38,39,9984,108,34,1.8437172599999485,"(2.1564990609462273, 1.9945027382506981, 0.7193767125247886, 0.26472791835494525)",G0033_C05_N0_S1000,G0033,erdos_renyi,18,54,10032,C05,256,39,1000,1.0,0.692207532051282,0.8974358974358975,success,
27.671875,37,COBYLA,2,N0,38,39,9984,108,34,1.0990959379998912,"(2.4713268573661575, 0.09145584706449875, 0.8198209624838733, 1.3713554568482873)",G0033_C05_N0_S1001,G0033,erdos_renyi,18,54,10032,C05,256,39,1001,1.0,0.7095352564102564,0.9487179487179488,success,
26.8984375,37,COBYLA,2,N0,38,39,19968,108,34,1.4848065230000884,"(2.087823283555306, 1.8958629472838298, 0.7390963673543463, 0.3123919816239671)",G0033_C06_N0_S1000,G0033,erdos_renyi,18,54,10032,C06,512,39,1000,1.0,0.6897035256410257,0.9487179487179488,success,
28.330078125,37,COBYLA,2,N0,44,45,23040,108,34,2.4322033019998344,"(2.5804098639971977, 0.057358785594698786, 0.8939806703889503, 1.2362538544541095)",G0033_C06_N0_S1001,G0033,erdos_renyi,18,54,10032,C06,512,39,1001,1.0,0.7264122596153846,0.9487179487179488,success,
26.77734375,35,SPSA,2,N0,79,80,20480,108,34,1.979432223000004,"(1.7816103816904991, 1.8246843965630044, 0.5961248677864339, 0.17563234399625238)",G0033_C07_N0_S1000,G0033,erdos_renyi,18,54,10032,C07,256,39,1000,1.0,0.6865985576923077,0.8974358974358975,success,
29.20703125,37,SPSA,2,N0,79,80,20480,108,34,2.020776635999937,"(2.641528412012554, 0.22982035806169188, 0.33773842227172995, 1.6161904612788627)",G0033_C07_N0_S1001,G0033,erdos_renyi,18,54,10032,C07,256,39,1001,1.0,0.7488982371794872,0.9487179487179488,success,
27.3046875,36,SPSA,2,N0,79,80,40960,108,34,2.4475990349999392,"(1.9634139833527138, 1.9643970728535727, 0.7230321139186456, 0.07115996388094856)",G0033_C08_N0_S1000,G0033,erdos_renyi,18,54,10032,C08,512,39,1000,1.0,0.7001201923076923,0.9230769230769232,success,
28.74609375,38,SPSA,2,N0,79,80,40960,108,34,2.434660249999979,"(2.6183805778130536, 0.06453217959436752, 0.49223825267469296, 1.4207356374029532)",G0033_C08_N0_S1001,G0033,erdos_renyi,18,54,10032,C08,512,39,1001,1.0,0.7370793269230769,0.9743589743589745,success,
26.6015625,35,COBYLA,3,N0,55,56,14336,162,46,1.74560570299991,"(1.6347616100673743, 1.897346354764292, 1.4794449546613155, 0.317579569779934, 0.8339612024844273, 0.2996151606003617)",G0033_C09_N0_S1000,G0033,erdos_renyi,18,54,10032,C09,256,39,1000,1.0,0.6820913461538461,0.8974358974358975,success,
28.9296875,37,COBYLA,3,N0,51,52,13312,162,46,1.660727104999978,"(1.9717724467325373, 0.05949615217609748, 0.5810179654858687, 1.3601124282403403, 0.1026074176725664, 0.3466399629227421)",G0033_C09_N0_S1001,G0033,erdos_renyi,18,54,10032,C09,256,39,1001,1.0,0.7417868589743589,0.9487179487179488,success,
32.38671875,38,COBYLA,3,N0,63,64,32768,162,46,2.3759959000001345,"(2.541538652712341, 2.5784926496594283, 0.7124196459352955, -0.15397055034343352, 0.057525491777452815, -0.4021434187012)",G0033_C10_N0_S1000,G0033,erdos_renyi,18,54,10032,C10,512,39,1000,1.0,0.8304286858974359,0.9743589743589745,success,
28.787109375,37,COBYLA,3,N0,51,52,26624,162,46,1.9086311529999875,"(1.9209992238189786, 0.03854375624947649, 0.5781270095536265, 1.35878689164183, 0.10360640262001998, 0.3900988666918107)",G0033_C10_N0_S1001,G0033,erdos_renyi,18,54,10032,C10,512,39,1001,1.0,0.7381310096153846,0.9487179487179488,success,
28.1875,37,SPSA,3,N0,79,80,20480,162,46,3.554387080999959,"(1.5006165649777476, 1.9398104150974977, 1.5570576411918111, 0.12626408029320677, 1.1051459372093095, 0.12395455355718357)",G0033_C11_N0_S1000,G0033,erdos_renyi,18,54,10032,C11,256,39,1000,1.0,0.7227564102564102,0.9487179487179488,success,
28.26953125,37,SPSA,3,N0,79,80,20480,162,46,3.414172366999992,"(1.8520353678933965, -0.023163884966048695, 0.7036331338466882, 1.4200589215033608, 0.2336814727737117, 0.3883601766574852)",G0033_C11_N0_S1001,G0033,erdos_renyi,18,54,10032,C11,256,39,1001,1.0,0.7248597756410257,0.9487179487179488,success,
27.77734375,37,SPSA,3,N0,79,80,40960,162,46,2.883107913999993,"(1.5520241058000457, 1.805176275205117, 1.533489734607696, -0.08577115904965553, 0.9915752379398046, 0.11241384701002019)",G0033_C12_N0_S1000,G0033,erdos_renyi,18,54,10032,C12,512,39,1000,1.0,0.7122395833333334,0.9487179487179488,success,
29.060546875,37,SPSA,3,N0,79,80,40960,162,46,2.9087515090000124,"(1.407649705933984, 0.428607429769627, 0.8248450655407593, 1.6131013956670375, -0.06885499167817105, 0.3638676129840992)",G0033_C12_N0_S1001,G0033,erdos_renyi,18,54,10032,C12,512,39,1001,1.0,0.7451422275641025,0.9487179487179488,success,
23.3984375,31,COBYLA,1,N0,27,28,7168,46,22,0.5738812460001554,"(2.13798160410895, 0.9485125552425884)",G0034_C01_N0_S1000,G0034,erdos_renyi,18,46,10033,C01,256,36,1000,1.0,0.6499565972222222,0.8611111111111112,success,
23.59375,30,COBYLA,1,N0,28,29,7424,46,22,0.5872683840000263,"(2.517083652471136, -0.4690769175707131)",G0034_C01_N0_S1001,G0034,erdos_renyi,18,46,10033,C01,256,36,1001,1.0,0.6553819444444444,0.8333333333333334,success,
23.41796875,31,COBYLA,1,N0,25,26,13312,46,22,0.672602359999928,"(2.13798160410895, 0.9485125552425884)",G0034_C02_N0_S1000,G0034,erdos_renyi,18,46,10033,C02,512,36,1000,1.0,0.6504991319444444,0.8611111111111112,success,
23.28125,31,COBYLA,1,N0,30,31,15872,46,22,0.8300204489999032,"(2.532577553146241, -0.43935077856254157)",G0034_C02_N0_S1001,G0034,erdos_renyi,18,46,10033,C02,512,36,1001,1.0,0.6467013888888888,0.8611111111111112,success,
23.29296875,35,SPSA,1,N0,79,80,20480,46,22,1.5182592420001129,"(1.9413304774347355, 1.088528536080593)",G0034_C03_N0_S1000,G0034,erdos_renyi,18,46,10033,C03,256,36,1000,1.0,0.6470269097222222,0.9722222222222222,success,
23.51171875,32,SPSA,1,N0,79,80,20480,46,22,1.5406919619999826,"(2.061364421820353, -0.5069580608438131)",G0034_C03_N0_S1001,G0034,erdos_renyi,18,46,10033,C03,256,36,1001,1.0,0.6531032986111112,0.8888888888888888,success,
23.408203125,31,SPSA,1,N0,79,80,40960,46,22,2.109824607000064,"(1.857266491074629, 1.19252603579148)",G0034_C04_N0_S1000,G0034,erdos_renyi,18,46,10033,C04,512,36,1000,1.0,0.6502278645833334,0.8611111111111112,success,
23.291015625,32,SPSA,1,N0,79,80,40960,46,22,2.041449271000147,"(2.18320276494312, -0.39344182039601683)",G0034_C04_N0_S1001,G0034,erdos_renyi,18,46,10033,C04,512,36,1001,1.0,0.64697265625,0.8888888888888888,success,
22.984375,31,COBYLA,2,N0,38,39,9984,92,33,1.743357457000002,"(1.9859043436441473, 1.887693524762764, 1.2928866527088996, 0.1546893691407498)",G0034_C05_N0_S1000,G0034,erdos_renyi,18,46,10033,C05,256,36,1000,1.0,0.6384548611111112,0.8611111111111112,success,
22.58203125,30,COBYLA,2,N0,37,38,9728,92,33,1.0298570170000405,"(1.8801068246893702, -0.05993045226151744, 0.1455434323716553, 1.5197791461663641)",G0034_C05_N0_S1001,G0034,erdos_renyi,18,46,10033,C05,256,36,1001,1.0,0.6272786458333334,0.8333333333333334,success,
23.33203125,31,COBYLA,2,N0,38,39,19968,92,33,1.3669543609998982,"(2.0998329950853263, 1.8571724970796182, 1.249210729841423, 0.27308345222210506)",G0034_C06_N0_S1000,G0034,erdos_renyi,18,46,10033,C06,512,36,1000,1.0,0.6481119791666666,0.8611111111111112,success,
27.88671875,36,COBYLA,2,N0,49,50,25600,92,33,2.576509503999887,"(0.8585706555478151, -1.4639125939782356, 1.7177316062122467, -0.3201867411284022)",G0034_C06_N0_S1001,G0034,erdos_renyi,18,46,10033,C06,512,36,1001,1.0,0.7746310763888888,1.0,success,
22.65234375,34,SPSA,2,N0,79,80,20480,92,33,1.925841984000044,"(1.5560144286068767, 2.3201003444912702, 0.6556156372790356, 0.2853392985777703)",G0034_C07_N0_S1000,G0034,erdos_renyi,18,46,10033,C07,256,36,1000,1.0,0.6292317708333334,0.9444444444444444,success,
23.15234375,32,SPSA,2,N0,79,80,20480,92,33,1.9356920010000067,"(1.3629664505612773, 0.3663222461244565, 0.0476666857600055, 1.1625364145090558)",G0034_C07_N0_S1001,G0034,erdos_renyi,18,46,10033,C07,256,36,1001,1.0,0.6431206597222222,0.8888888888888888,success,
23.744140625,33,SPSA,2,N0,79,80,40960,92,33,2.355881484000065,"(1.9681422975280194, 2.341300152782303, 1.2861991075857777, 0.14704412715691087)",G0034_C08_N0_S1000,G0034,erdos_renyi,18,46,10033,C08,512,36,1000,1.0,0.6595594618055556,0.9166666666666666,success,
23.26953125,31,SPSA,2,N0,79,80,40960,92,33,2.4675838919999933,"(1.564034921276676, 0.3963162398918064, 0.18978076800374732, 1.272114385102339)",G0034_C08_N0_S1001,G0034,erdos_renyi,18,46,10033,C08,512,36,1001,1.0,0.6463758680555556,0.8611111111111112,success,
22.59765625,32,COBYLA,3,N0,53,54,13824,138,46,1.6879894490000424,"(2.1463988249419783, 1.881676060730831, 1.4658970556219364, 0.27811366595857273, 0.7124325964113708, 0.2896813436534879)",G0034_C09_N0_S1000,G0034,erdos_renyi,18,46,10033,C09,256,36,1000,1.0,0.6277126736111112,0.8888888888888888,success,
23.234375,32,COBYLA,3,N0,46,47,12032,138,46,1.4126546170000438,"(2.4245237272217217, 0.5493244743622765, 0.5896441958876469, 1.3475705621750358, 0.11969253481467036, 0.81587181732916)",G0034_C09_N0_S1001,G0034,erdos_renyi,18,46,10033,C09,256,36,1001,1.0,0.6453993055555556,0.8888888888888888,success,
23.09375,31,COBYLA,3,N0,57,58,29696,138,46,2.2365310110001246,"(2.209760748201442, 2.460072021402014, 1.526572187494972, 0.31117865307206305, 0.8562061333262654, 0.2921802456033543)",G0034_C10_N0_S1000,G0034,erdos_renyi,18,46,10033,C10,512,36,1000,1.0,0.6414930555555556,0.8611111111111112,success,
23.47265625,31,COBYLA,3,N0,50,51,26112,138,46,1.824386327000184,"(2.543436807973081, 0.6107425974845692, 0.5838991187531382, 1.3002893630098282, 0.07696374774393758, 0.3391242865308734)",G0034_C10_N0_S1001,G0034,erdos_renyi,18,46,10033,C10,512,36,1001,1.0,0.6520182291666666,0.8611111111111112,success,
23.375,32,SPSA,3,N0,79,80,20480,138,46,3.513137183999788,"(1.355106417955498, 1.6402938377263774, 1.0326220115646612, -0.21362658053442685, 0.8326037755115261, 0.45697492281868224)",G0034_C11_N0_S1000,G0034,erdos_renyi,18,46,10033,C11,256,36,1000,1.0,0.6493055555555556,0.8888888888888888,success,
23.4609375,32,SPSA,3,N0,79,80,20480,138,46,3.001536707000014,"(2.4514006364834255, 0.5635769730444276, 0.3007464017758537, 1.2168792186589736, 0.03552334604816977, 0.13459215255825302)",G0034_C11_N0_S1001,G0034,erdos_renyi,18,46,10033,C11,256,36,1001,1.0,0.6516927083333334,0.8888888888888888,success,
23.625,32,SPSA,3,N0,79,80,40960,138,46,2.779578972000081,"(1.5131011720663594, 1.647526602552974, 1.0184575571034917, 0.27523235962402565, 0.5538800447972843, 0.39315838922825597)",G0034_C12_N0_S1000,G0034,erdos_renyi,18,46,10033,C12,512,36,1000,1.0,0.65625,0.8888888888888888,success,
23.392578125,32,SPSA,3,N0,79,80,40960,138,46,3.1884068879999177,"(2.2900935511312097, 0.453132145884185, 0.6253579863943441, 1.205249514560599, 0.01549841720375919, 0.09166703820435933)",G0034_C12_N0_S1001,G0034,erdos_renyi,18,46,10033,C12,512,36,1001,1.0,0.6497938368055556,0.8888888888888888,success,
24.51953125,33,COBYLA,1,N0,27,28,7168,50,21,0.5735083429999577,"(1.5809018633099545, 1.0011150118624264)",G0035_C01_N0_S1000,G0035,erdos_renyi,18,50,10034,C01,256,37,1000,1.0,0.6626900337837838,0.8918918918918919,success,
25.359375,35,COBYLA,1,N0,24,25,6400,50,21,0.5145324190000338,"(2.4000395386023277, 0.5297144156864886)",G0035_C01_N0_S1001,G0035,erdos_renyi,18,50,10034,C01,256,37,1001,1.0,0.6853885135135135,0.945945945945946,success,
24.810546875,35,COBYLA,1,N0,30,31,15872,50,21,0.8264275149999776,"(1.6517095682516507, 0.8778865674815534)",G0035_C02_N0_S1000,G0035,erdos_renyi,18,50,10034,C02,512,37,1000,1.0,0.6705553209459459,0.945945945945946,success,
25.271484375,35,COBYLA,1,N0,28,29,14848,50,21,0.772700721000092,"(2.3431647212021236, 0.5393028055774065)",G0035_C02_N0_S1001,G0035,erdos_renyi,18,50,10034,C02,512,37,1001,1.0,0.6830130912162162,0.945945945945946,success,
25.1640625,32,SPSA,1,N0,79,80,20480,50,21,1.533957375,"(1.8709193694938588, 0.7134040951685803)",G0035_C03_N0_S1000,G0035,erdos_renyi,18,50,10034,C03,256,37,1000,1.0,0.6801097972972973,0.8648648648648649,success,
24.984375,35,SPSA,1,N0,79,80,20480,50,21,1.5069693529999313,"(2.398400209491959, 0.3384759586428905)",G0035_C03_N0_S1001,G0035,erdos_renyi,18,50,10034,C03,256,37,1001,1.0,0.6752533783783784,0.945945945945946,success,
25.15234375,33,SPSA,1,N0,79,80,40960,50,21,2.035882122999965,"(2.1048118370287074, 0.6141904974867353)",G0035_C04_N0_S1000,G0035,erdos_renyi,18,50,10034,C04,512,37,1000,1.0,0.6797930743243243,0.8918918918918919,success,
25.19140625,33,SPSA,1,N0,79,80,40960,50,21,2.027428267000005,"(2.421247518498984, 0.4185158317105294)",G0035_C04_N0_S1001,G0035,erdos_renyi,18,50,10034,C04,512,37,1001,1.0,0.6808488175675675,0.8918918918918919,success,
25.32421875,34,COBYLA,2,N0,36,37,9472,100,33,1.744516630000135,"(2.1176256083136984, 1.883408777513645, 0.7014978130287407, 0.33976653804018686)",G0035_C05_N0_S1000,G0035,erdos_renyi,18,50,10034,C05,256,37,1000,1.0,0.6844383445945946,0.918918918918919,success,
24.70703125,32,COBYLA,2,N0,36,37,9472,100,33,1.0135195760001352,"(1.9245237272217217, 0.04932447436227646, 0.29482209794382347, 1.3475705621750358)",G0035_C05_N0_S1001,G0035,erdos_renyi,18,50,10034,C05,256,37,1001,1.0,0.6677576013513513,0.8648648648648649,success,
25.17578125,34,COBYLA,2,N0,36,37,18944,100,33,1.4776240700000471,"(2.326420647776334, 1.6599653642791605, 0.39302168801090126, 0.12076871801754013)",G0035_C06_N0_S1000,G0035,erdos_renyi,18,50,10034,C06,512,37,1000,1.0,0.6804265202702703,0.918918918918919,success,
24.865234375,35,COBYLA,2,N0,38,39,19968,100,33,1.9648604310000333,"(1.9244021316142612, 0.049522130011007144, 0.294861905540722, 1.3482373170835293)",G0035_C06_N0_S1001,G0035,erdos_renyi,18,50,10034,C06,512,37,1001,1.0,0.6720333614864865,0.945945945945946,success,
25.1796875,32,SPSA,2,N0,79,80,20480,100,33,2.006768668999939,"(1.8358081103802097, 1.9152979762221902, 0.689002194377075, 0.2857488141428117)",G0035_C07_N0_S1000,G0035,erdos_renyi,18,50,10034,C07,256,37,1000,1.0,0.6805320945945946,0.8648648648648649,success,
25.3828125,33,SPSA,2,N0,79,80,20480,100,33,2.321606943000006,"(2.5458875529385203, -0.0949673481602644, 0.39542884935899114, 1.5032149382986992)",G0035_C07_N0_S1001,G0035,erdos_renyi,18,50,10034,C07,256,37,1001,1.0,0.6860219594594594,0.8918918918918919,success,
25.25,35,SPSA,2,N0,79,80,40960,100,33,2.475593088999858,"(1.867797751607156, 1.9257305843885388, 0.750262108580108, 0.23260374429665753)",G0035_C08_N0_S1000,G0035,erdos_renyi,18,50,10034,C08,512,37,1000,1.0,0.6824324324324325,0.945945945945946,success,
25.294921875,35,SPSA,2,N0,79,80,40960,100,33,2.4746492290000788,"(2.444660802533942, -0.11336253587908965, 0.4290531821288493, 1.4106146000798068)",G0035_C08_N0_S1001,G0035,erdos_renyi,18,50,10034,C08,512,37,1001,1.0,0.6836465371621622,0.945945945945946,success,
25.23828125,34,COBYLA,3,N0,55,56,14336,150,45,1.8057762150001508,"(2.169732483943751, 1.8422205236352922, 1.4623587981121715, 0.28481044348035295, 1.0454596023871243, 0.1762849249634269)",G0035_C09_N0_S1000,G0035,erdos_renyi,18,50,10034,C09,256,37,1000,1.0,0.6821157094594594,0.918918918918919,success,
25.33984375,34,COBYLA,3,N0,50,51,13056,150,45,1.6222722920001615,"(1.9280566900588783, 0.028868026846448756, 0.5847927306738772, 1.3503958094614934, 0.12433337497650321, 0.3278031171293716)",G0035_C09_N0_S1001,G0035,erdos_renyi,18,50,10034,C09,256,37,1001,1.0,0.6848606418918919,0.918918918918919,success,
25.33203125,34,COBYLA,3,N0,53,54,27648,150,45,1.987850769000033,"(1.5766063341455139, 2.3951906062326187, 1.4507650025902765, 0.3154093622387512, 0.7759057872991822, 0.3105262214442813)",G0035_C10_N0_S1000,G0035,erdos_renyi,18,50,10034,C10,512,37,1000,1.0,0.6846494932432432,0.918918918918919,success,
25.669921875,34,COBYLA,3,N0,52,53,27136,150,45,1.954636027999868,"(1.9274761061842918, 0.04877310522515233, 0.5896895305388605, 1.3454792730789236, 0.12305352659149761, 0.3164264699213134)",G0035_C10_N0_S1001,G0035,erdos_renyi,18,50,10034,C10,512,37,1001,1.0,0.6937816722972973,0.918918918918919,success,
25.09765625,35,SPSA,3,N0,79,80,20480,150,45,3.477293558000156,"(1.7501145862131615, 1.963737487208722, 1.6078748985306448, 0.56824630761915, 0.6584103632127456, -0.04626192866372314)",G0035_C11_N0_S1000,G0035,erdos_renyi,18,50,10034,C11,256,37,1000,1.0,0.6783150337837838,0.945945945945946,success,
25.6640625,33,SPSA,3,N0,79,80,20480,150,45,2.6442874480001137,"(2.2343568435410606, 0.09387951525807021, 0.481971950344148, 1.4101405366032753, -0.0642440248998402, 0.3737383599072483)",G0035_C11_N0_S1001,G0035,erdos_renyi,18,50,10034,C11,256,37,1001,1.0,0.6936233108108109,0.8918918918918919,success,
25.14453125,35,SPSA,3,N0,79,80,40960,150,45,2.8774349999998776,"(1.524559161133497, 2.0676480202640795, 1.7402500911792333, 0.6873500264619556, 0.9485031820194408, 0.1399359665260526)",G0035_C12_N0_S1000,G0035,erdos_renyi,18,50,10034,C12,512,37,1000,1.0,0.6795819256756757,0.945945945945946,success,
25.68359375,35,SPSA,3,N0,79,80,40960,150,45,3.639921419000075,"(1.9245237272217217, 0.04932447436227646, 0.5896441958876469, 1.3475705621750358, 0.11969253481467036, 0.31587181732916003)",G0035_C12_N0_S1001,G0035,erdos_renyi,18,50,10034,C12,512,37,1001,1.0,0.6941511824324325,0.945945945945946,success,
30.76171875,39,COBYLA,1,N0,30,31,7936,60,23,0.7193186110000624,"(2.157340143536452, 1.0222889519628806)",G0036_C01_N0_S1000,G0036,erdos_renyi,18,60,10035,C01,256,45,1000,1.0,0.68359375,0.8666666666666667,success,
30.74609375,40,COBYLA,1,N0,28,29,7424,60,23,0.636832811999966,"(2.4342506586093595, -0.40149356778167317)",G0036_C01_N0_S1001,G0036,erdos_renyi,18,60,10035,C01,256,45,1001,1.0,0.6832465277777777,0.8888888888888888,success,
30.083984375,40,COBYLA,1,N0,28,29,14848,60,23,0.8507167730001584,"(2.1525000826325544, 0.9281637320854412)",G0036_C02_N0_S1000,G0036,erdos_renyi,18,60,10035,C02,512,45,1000,1.0,0.6685329861111111,0.8888888888888888,success,
30.8515625,40,COBYLA,1,N0,30,31,15872,60,23,0.9091434449999268,"(2.3826190484025394, -0.3474984998518657)",G0036_C02_N0_S1001,G0036,erdos_renyi,18,60,10035,C02,512,45,1001,1.0,0.6855902777777778,0.8888888888888888,success,
31.21875,40,SPSA,1,N0,79,80,20480,60,23,1.711013438000009,"(2.549462120179481, 1.0785785516224016)",G0036_C03_N0_S1000,G0036,erdos_renyi,18,60,10035,C03,256,45,1000,1.0,0.69375,0.8888888888888888,success,
30.09765625,39,SPSA,1,N0,79,80,20480,60,23,1.6930406039998616,"(1.9520462759013353, -0.02084389557178537)",G0036_C03_N0_S1001,G0036,erdos_renyi,18,60,10035,C03,256,45,1001,1.0,0.6688368055555556,0.8666666666666667,success,
30.03515625,39,SPSA,1,N0,79,80,40960,60,23,2.514147666000099,"(1.73798160410895, 0.8485125552425884)",G0036_C04_N0_S1000,G0036,erdos_renyi,18,60,10035,C04,512,45,1000,1.0,0.6674479166666667,0.8666666666666667,success,
30.478515625,42,SPSA,1,N0,79,80,40960,60,23,2.7165262890000577,"(2.426445848923655, -0.3891153858942174)",G0036_C04_N0_S1001,G0036,erdos_renyi,18,60,10035,C04,512,45,1001,1.0,0.6773003472222222,0.9333333333333332,success,
30.4296875,40,COBYLA,2,N0,34,35,8960,120,35,1.7638253919999445,"(2.137395253858948, 2.396561861098162, 1.2408058813997724, 0.3214242722826714)",G0036_C05_N0_S1000,G0036,erdos_renyi,18,60,10035,C05,256,45,1000,1.0,0.6762152777777778,0.8888888888888888,success,
31.0,40,COBYLA,2,N0,43,44,11264,120,35,1.8240601529998912,"(2.5888994687791254, -0.6282859568979902, -0.5140278684965583, 1.4241975938346871)",G0036_C05_N0_S1001,G0036,erdos_renyi,18,60,10035,C05,256,45,1001,1.0,0.6888888888888889,0.8888888888888888,success,
30.14453125,41,COBYLA,2,N0,35,36,18432,120,35,1.2997533160000785,"(2.149897156904265, 2.3315218205038497, 1.2366391812124589, 0.3286892028369033)",G0036_C06_N0_S1000,G0036,erdos_renyi,18,60,10035,C06,512,45,1000,1.0,0.6698784722222222,0.9111111111111112,success,
30.861328125,39,COBYLA,2,N0,42,43,22016,120,35,1.505623911999919,"(2.5821567403253143, -0.01845671246195502, -0.1393843914324187, 1.1408438457822667)",G0036_C06_N0_S1001,G0036,erdos_renyi,18,60,10035,C06,512,45,1001,1.0,0.6858072916666667,0.8666666666666667,success,
29.74609375,39,SPSA,2,N0,79,80,20480,120,35,2.157931749999989,"(1.73798160410895, 1.7970251104851767, 0.6397536453679832, 0.21926112157780167)",G0036_C07_N0_S1000,G0036,erdos_renyi,18,60,10035,C07,256,45,1000,1.0,0.6610243055555556,0.8666666666666667,success,
30.97265625,41,SPSA,2,N0,79,80,20480,120,35,2.1546197689999644,"(2.088543789547048, 0.46453029406849433, -0.03903011478659346, 1.237322827653162)",G0036_C07_N0_S1001,G0036,erdos_renyi,18,60,10035,C07,256,45,1001,1.0,0.68828125,0.9111111111111112,success,
30.763671875,41,SPSA,2,N0,79,80,40960,120,35,2.7339355350000005,"(1.872066382608903, 1.9970641382549914, 0.019651693732621336, 0.32921290579280504)",G0036_C08_N0_S1000,G0036,erdos_renyi,18,60,10035,C08,512,45,1000,1.0,0.6836371527777778,0.9111111111111112,success,
30.896484375,41,SPSA,2,N0,79,80,40960,120,35,2.663654514999962,"(1.9622236277543645, 0.5163362169468584, 0.03541050668511425, 1.0749794000588624)",G0036_C08_N0_S1001,G0036,erdos_renyi,18,60,10035,C08,512,45,1001,1.0,0.6865885416666667,0.9111111111111112,success,
30.40625,40,COBYLA,3,N0,52,53,13568,180,47,1.804350757999828,"(1.6379816041089499, 2.3970251104851767, 1.4795072907359663, 0.3192611215778017, 0.8305727352036273, 0.30007908703546404)",G0036_C09_N0_S1000,G0036,erdos_renyi,18,60,10035,C09,256,45,1000,1.0,0.6756944444444445,0.8888888888888888,success,
31.0859375,38,COBYLA,3,N0,55,56,14336,180,47,1.9075518399999964,"(2.519402529687022, 0.6133075716461593, 0.5623443391648145, 1.2824450186212695, 0.07391428819856397, 0.31706723309938983)",G0036_C09_N0_S1001,G0036,erdos_renyi,18,60,10035,C09,256,45,1001,1.0,0.6907986111111111,0.8444444444444444,success,
30.162109375,40,COBYLA,3,N0,51,52,26624,180,47,2.476871754000058,"(1.6379816041089499, 2.3970251104851767, 1.4795072907359663, 0.3192611215778017, 0.8305727352036273, 0.30007908703546404)",G0036_C10_N0_S1000,G0036,erdos_renyi,18,60,10035,C10,512,45,1000,1.0,0.6702690972222223,0.8888888888888888,success,
31.06640625,38,COBYLA,3,N0,50,51,26112,180,47,2.995633712999961,"(2.543163957903269, 0.5763527255646547, 0.5739397059489799, 1.3338082176558927, 0.08766890925459371, 0.25633811916517496)",G0036_C10_N0_S1001,G0036,erdos_renyi,18,60,10035,C10,512,45,1001,1.0,0.6903645833333333,0.8444444444444444,success,
30.3125,38,SPSA,3,N0,79,80,20480,180,47,3.1533070650000354,"(1.725994550728056, 1.8265355592347579, 1.2606791924652598, 0.07667033542063614, 0.7944815400803533, 0.39872770189525575)",G0036_C11_N0_S1000,G0036,erdos_renyi,18,60,10035,C11,256,45,1000,1.0,0.6736111111111112,0.8444444444444444,success,
31.0859375,40,SPSA,3,N0,79,80,20480,180,47,2.555121211999904,"(2.3292926020854647, 0.28653508487382096, 0.8780232423251785, 1.708567685151698, -0.49779600994357887, 0.20876176327614918)",G0036_C11_N0_S1001,G0036,erdos_renyi,18,60,10035,C11,256,45,1001,1.0,0.6907986111111111,0.8888888888888888,success,
30.958984375,41,SPSA,3,N0,79,80,40960,180,47,2.973866295999869,"(1.784192286356056, 1.9590698551008965, 1.0166540560162798, -0.19153935360455243, 0.5400239140426426, 0.2206686581890326)",G0036_C12_N0_S1000,G0036,erdos_renyi,18,60,10035,C12,512,45,1000,1.0,0.6879774305555556,0.9111111111111112,success,
31.10546875,39,SPSA,3,N0,79,80,40960,180,47,3.020297987000049,"(2.50370231306402, 0.3596068674658987, 0.6048886850592287, 1.1531422832517777, -0.12312797693130957, 0.16822506272373544)",G0036_C12_N0_S1001,G0036,erdos_renyi,18,60,10035,C12,512,45,1001,1.0,0.6912326388888889,0.8666666666666667,success,
26.5078125,34,COBYLA,1,N0,35,36,9216,49,24,0.7230133509999632,"(2.5100067758421956, 0.3956942221147782)",G0037_C01_N0_S1000,G0037,erdos_renyi,18,49,10036,C01,256,36,1000,1.0,0.736328125,0.9444444444444444,success,
26.45703125,34,COBYLA,1,N0,29,30,7680,49,24,0.5961011770000368,"(2.650209574716952, 0.3690964725879479)",G0037_C01_N0_S1001,G0037,erdos_renyi,18,49,10036,C01,256,36,1001,1.0,0.7349175347222222,0.9444444444444444,success,
24.123046875,33,COBYLA,1,N0,27,28,14336,49,24,0.7205676980001954,"(1.524938084963284, 0.9562533110403629)",G0037_C02_N0_S1000,G0037,erdos_renyi,18,49,10036,C02,512,36,1000,1.0,0.6700846354166666,0.9166666666666666,success,
26.03125,34,COBYLA,1,N0,26,27,13824,49,24,0.6904226810002001,"(2.424517428821856, 0.5247620386348307)",G0037_C02_N0_S1001,G0037,erdos_renyi,18,49,10036,C02,512,36,1001,1.0,0.7230902777777778,0.9444444444444444,success,
24.3984375,32,SPSA,1,N0,79,80,20480,49,24,2.3491773199998534,"(1.3187975708344202, 0.4729274968846747)",G0037_C03_N0_S1000,G0037,erdos_renyi,18,49,10036,C03,256,36,1000,1.0,0.677734375,0.8888888888888888,success,
26.51953125,35,SPSA,1,N0,79,80,20480,49,24,1.4591116449996662,"(2.5752511013000245, 0.42875353163443686)",G0037_C03_N0_S1001,G0037,erdos_renyi,18,49,10036,C03,256,36,1001,1.0,0.7366536458333334,0.9722222222222222,success,
24.337890625,34,SPSA,1,N0,79,80,40960,49,24,2.172447072000068,"(1.546505066312384, 0.9287607917821303)",G0037_C04_N0_S1000,G0037,erdos_renyi,18,49,10036,C04,512,36,1000,1.0,0.6760525173611112,0.9444444444444444,success,
26.658203125,34,SPSA,1,N0,79,80,40960,49,24,3.048609340999974,"(2.6481211707427614, 0.4633055479630638)",G0037_C04_N0_S1001,G0037,erdos_renyi,18,49,10036,C04,512,36,1001,1.0,0.7405056423611112,0.9444444444444444,success,
24.2421875,32,COBYLA,2,N0,39,40,10240,98,38,1.0704515520001223,"(1.6269167966442326, 2.3484159216400613, 0.7361623632180166, 0.3206100056009792)",G0037_C05_N0_S1000,G0037,erdos_renyi,18,49,10036,C05,256,36,1000,1.0,0.6733940972222222,0.8888888888888888,success,
26.29296875,34,COBYLA,2,N0,46,47,12032,98,38,1.2283299840000836,"(2.3275351475464228, 0.22326327311517546, 0.08630377719035501, 1.8949305951035504)",G0037_C05_N0_S1001,G0037,erdos_renyi,18,49,10036,C05,256,36,1001,1.0,0.7303602430555556,0.9444444444444444,success,
29.22265625,35,COBYLA,2,N0,51,52,26624,98,38,1.6864055709997956,"(3.193819533877341, 2.692506030123908, -1.3480054884515345, 1.2162772017544163)",G0037_C06_N0_S1000,G0037,erdos_renyi,18,49,10036,C06,512,36,1000,1.0,0.8117404513888888,0.9722222222222222,success,
26.318359375,33,COBYLA,2,N0,44,45,23040,98,38,1.4463122629999816,"(2.0110115169972174, 0.6080346797277718, 0.013677896615688221, 1.8762463639479214)",G0037_C06_N0_S1001,G0037,erdos_renyi,18,49,10036,C06,512,36,1001,1.0,0.7310655381944444,0.9166666666666666,success,
28.66015625,35,SPSA,2,N0,79,80,20480,98,38,1.9420963100001245,"(0.672595643415783, 1.7331699152806281, 0.3016319586000832, 0.22078065601582866)",G0037_C07_N0_S1000,G0037,erdos_renyi,18,49,10036,C07,256,36,1000,1.0,0.7961154513888888,0.9722222222222222,success,
27.26171875,33,SPSA,2,N0,79,80,20480,98,38,1.9530446349999693,"(2.719108488693396, -0.5787615075872312, 0.44669110758011993, 1.7918519701004096)",G0037_C07_N0_S1001,G0037,erdos_renyi,18,49,10036,C07,256,36,1001,1.0,0.7572699652777778,0.9166666666666666,success,
24.275390625,33,SPSA,2,N0,79,80,40960,98,38,2.3799279940003544,"(1.5610271303363177, 1.928590020364444, 0.7069892782308104, 0.5021837498539606)",G0037_C08_N0_S1000,G0037,erdos_renyi,18,49,10036,C08,512,36,1000,1.0,0.67431640625,0.9166666666666666,success,
27.185546875,35,SPSA,2,N0,79,80,40960,98,38,2.405045654999867,"(2.800050506397762, -0.5405070821444031, 0.41409659070393157, 1.8069601720159738)",G0037_C08_N0_S1001,G0037,erdos_renyi,18,49,10036,C08,512,36,1001,1.0,0.7551540798611112,0.9722222222222222,success,
24.765625,34,COBYLA,3,N0,53,54,13824,147,52,2.396240467000098,"(2.13798160410895, 1.8970251104851767, 1.4795072907359663, 0.3192611215778017, 0.8305727352036273, 0.30007908703546404)",G0037_C09_N0_S1000,G0037,erdos_renyi,18,49,10036,C09,256,36,1000,1.0,0.6879340277777778,0.9444444444444444,success,
26.14453125,34,COBYLA,3,N0,51,52,13312,147,52,1.6321968970000853,"(1.9245810512493502, 0.049357796787956584, 0.5896871155678919, 1.3476135190370926, 0.11975612184214751, 0.31589112719166035)",G0037_C09_N0_S1001,G0037,erdos_renyi,18,49,10036,C09,256,36,1001,1.0,0.7262369791666666,0.9444444444444444,success,
25.2109375,34,COBYLA,3,N0,54,55,28160,147,52,2.4147990819997176,"(2.2077563588530054, 1.858387119292229, 1.4576430413433878, 0.19522044881151965, 1.0395740005214769, 0.15110342653259737)",G0037_C10_N0_S1000,G0037,erdos_renyi,18,49,10036,C10,512,36,1000,1.0,0.7003038194444444,0.9444444444444444,success,
26.197265625,33,COBYLA,3,N0,52,53,27136,147,52,3.0323949200001152,"(1.9154844841896257, 0.05159367722252677, 0.5759358566015679, 1.348139662768714, 0.1383923784588462, 0.3154068334572594)",G0037_C10_N0_S1001,G0037,erdos_renyi,18,49,10036,C10,512,36,1001,1.0,0.7277018229166666,0.9166666666666666,success,
26.21875,34,SPSA,3,N0,79,80,20480,147,52,2.353035611999985,"(1.3809392353967485, 2.460533230983396, 0.9629841026626522, -0.08676087309445929, 1.1235387759031223, -0.25761058926055125)",G0037_C11_N0_S1000,G0037,erdos_renyi,18,49,10036,C11,256,36,1000,1.0,0.7282986111111112,0.9444444444444444,success,
26.58203125,34,SPSA,3,N0,79,80,20480,147,52,2.336733107999862,"(1.8312598144814176, 0.17487622336338046, 0.6656292735592384, 1.7210709102581967, -0.2947396476792404, 0.4471914949218596)",G0037_C11_N0_S1001,G0037,erdos_renyi,18,49,10036,C11,256,36,1001,1.0,0.7383897569444444,0.9444444444444444,success,
27.51953125,35,SPSA,3,N0,79,80,40960,147,52,2.8337867559998813,"(1.7725923028949158, 1.932667579740344, 1.7959112183056951, 0.054355460112981605, 1.171454941158988, -0.2222503598619559)",G0037_C12_N0_S1000,G0037,erdos_renyi,18,49,10036,C12,512,36,1000,1.0,0.7644314236111112,0.9722222222222222,success,
26.64453125,34,SPSA,3,N0,79,80,40960,147,52,2.8633579990000726,"(2.150632536843582, 0.2009673389499913, 0.1694422068996278, 1.4812126236040353, -0.09721021526395575, 0.5621951411877514)",G0037_C12_N0_S1001,G0037,erdos_renyi,18,49,10036,C12,512,36,1001,1.0,0.7401258680555556,0.9444444444444444,success,
26.0546875,36,COBYLA,1,N0,26,27,6912,53,21,0.5751247500002137,"(2.13798160410895, 1.4485125552425884)",G0038_C01_N0_S1000,G0038,erdos_renyi,18,53,10037,C01,256,40,1000,1.0,0.6513671875,0.9,success,
27.13671875,34,COBYLA,1,N0,27,28,7168,53,21,0.5521575759998996,"(2.877033562269363, -0.3412919984746546)",G0038_C01_N0_S1001,G0038,erdos_renyi,18,53,10037,C01,256,40,1001,1.0,0.67841796875,0.85,success,
26.556640625,36,COBYLA,1,N0,24,25,12800,53,21,0.6508340440000211,"(2.1375496333625357, 1.4489642479193523)",G0038_C02_N0_S1000,G0038,erdos_renyi,18,53,10037,C02,512,40,1000,1.0,0.663916015625,0.9,success,
26.70703125,37,COBYLA,1,N0,28,29,14848,53,21,0.752366288000303,"(1.8450809536484676, -0.008087750926251448)",G0038_C02_N0_S1001,G0038,erdos_renyi,18,53,10037,C02,512,40,1001,1.0,0.66767578125,0.925,success,
26.76171875,35,SPSA,1,N0,79,80,20480,53,21,2.524457528000312,"(2.196786400203466, 1.2000144049204178)",G0038_C03_N0_S1000,G0038,erdos_renyi,18,53,10037,C03,256,40,1000,1.0,0.66904296875,0.875,success,
26.85546875,36,SPSA,1,N0,79,80,20480,53,21,1.586756320999939,"(2.3379121560867757, -0.3571563580591068)",G0038_C03_N0_S1001,G0038,erdos_renyi,18,53,10037,C03,256,40,1001,1.0,0.67138671875,0.9,success,
26.564453125,35,SPSA,1,N0,79,80,40960,53,21,2.0240303760001552,"(1.7213246677717293, 1.0189592024933185)",G0038_C04_N0_S1000,G0038,erdos_renyi,18,53,10037,C04,512,40,1000,1.0,0.664111328125,0.875,success,
26.548828125,35,SPSA,1,N0,79,80,40960,53,21,2.9963324139998804,"(1.7737940957669711, -0.0852621220667138)",G0038_C04_N0_S1001,G0038,erdos_renyi,18,53,10037,C04,512,40,1001,1.0,0.663720703125,0.875,success,
26.94140625,35,COBYLA,2,N0,38,39,9984,106,37,1.0193632569998954,"(1.6263596344209763, 2.499298443739345, 1.287403721088675, 0.5420492842109765)",G0038_C05_N0_S1000,G0038,erdos_renyi,18,53,10037,C05,256,40,1000,1.0,0.67353515625,0.875,success,
26.81640625,36,COBYLA,2,N0,38,39,9984,106,37,1.044851360999928,"(1.9251610885726564, 0.049362614378539525, 0.2946741188701988, 1.3473051981962005)",G0038_C05_N0_S1001,G0038,erdos_renyi,18,53,10037,C05,256,40,1001,1.0,0.67041015625,0.9,success,
27.1328125,35,COBYLA,2,N0,40,41,20992,106,37,1.3208977009999217,"(2.241056139857026, 1.399435488236501, 1.438625672612073, 0.26815746174102195)",G0038_C06_N0_S1000,G0038,erdos_renyi,18,53,10037,C06,512,40,1000,1.0,0.6783203125,0.875,success,
26.853515625,36,COBYLA,2,N0,40,41,20992,106,37,1.293745517999923,"(1.5487525561099704, 0.7931274029547496, 0.21215766971835992, 1.0627199084697565)",G0038_C06_N0_S1001,G0038,erdos_renyi,18,53,10037,C06,512,40,1001,1.0,0.671337890625,0.9,success,
27.140625,36,SPSA,2,N0,79,80,20480,106,37,1.9653541280003992,"(1.5364961024713828, 1.9885035642682454, 0.120634007857195, 0.4065795386075348)",G0038_C07_N0_S1000,G0038,erdos_renyi,18,53,10037,C07,256,40,1000,1.0,0.678515625,0.9,success,
26.84375,36,SPSA,2,N0,79,80,20480,106,37,1.982582129000093,"(1.823663510729667, -0.03786864237299641, 0.19396188145176865, 1.3089612136290554)",G0038_C07_N0_S1001,G0038,erdos_renyi,18,53,10037,C07,256,40,1001,1.0,0.67109375,0.9,success,
26.462890625,35,SPSA,2,N0,79,80,40960,106,37,2.435964660000081,"(1.5949076374454942, 1.8771592177719534, 0.8993497685789222, 0.5845425083352387)",G0038_C08_N0_S1000,G0038,erdos_renyi,18,53,10037,C08,512,40,1000,1.0,0.661572265625,0.875,success,
26.96484375,36,SPSA,2,N0,79,80,40960,106,37,2.454955414000324,"(1.9073902860559757, 0.5774228234767178, 0.02572709693960848, 1.2946460852130406)",G0038_C08_N0_S1001,G0038,erdos_renyi,18,53,10037,C08,512,40,1001,1.0,0.67412109375,0.9,success,
26.921875,35,COBYLA,3,N0,56,57,14592,159,53,2.526586909999878,"(1.6657802987247694, 1.7725899634206483, 1.3079428522981011, -0.025947219199680446, 0.5379027965401549, 0.16550477744321931)",G0038_C09_N0_S1000,G0038,erdos_renyi,18,53,10037,C09,256,40,1000,1.0,0.673046875,0.875,success,
27.4140625,35,COBYLA,3,N0,58,59,15104,159,53,1.8157768239998404,"(2.5427125385607847, 0.5684108176393236, 0.5743903140144676, 1.3270479447184762, 0.09988865168869283, 0.28336261697663984)",G0038_C09_N0_S1001,G0038,erdos_renyi,18,53,10037,C09,256,40,1001,1.0,0.6853515625,0.875,success,
26.478515625,36,COBYLA,3,N0,52,53,27136,159,53,2.2100257969996164,"(1.6377512314517906, 2.3972598736909787, 1.9795285668587748, 0.3195650198715566, 0.8307404639759115, 0.3003021810193998)",G0038_C10_N0_S1000,G0038,erdos_renyi,18,53,10037,C10,512,40,1000,1.0,0.661962890625,0.9,success,
27.47265625,35,COBYLA,3,N0,57,58,29696,159,53,3.074172682999688,"(2.6907572840546004, 0.7603610940371355, 0.38855922798605613, 1.165882096073221, 0.019154860096922504, 0.06524942117181427)",G0038_C10_N0_S1001,G0038,erdos_renyi,18,53,10037,C10,512,40,1001,1.0,0.68681640625,0.875,success,
26.765625,37,SPSA,3,N0,79,80,20480,159,53,2.3969997229996807,"(1.6816388840387446, 1.977303849870273, 1.470906536820425, -0.1538379766754458, 0.7608829913324557, 0.3769671185740296)",G0038_C11_N0_S1000,G0038,erdos_renyi,18,53,10037,C11,256,40,1000,1.0,0.669140625,0.925,success,
27.953125,36,SPSA,3,N0,79,80,20480,159,53,2.352123299000141,"(2.8313397805007225, 0.20308790983904912, 0.4462230350081652, 1.2537666635784763, -0.0339719590531821, 0.48947639951979394)",G0038_C11_N0_S1001,G0038,erdos_renyi,18,53,10037,C11,256,40,1001,1.0,0.698828125,0.9,success,
27.1484375,36,SPSA,3,N0,79,80,40960,159,53,2.859739871999864,"(1.8539564636484822, 1.6122741154752707, 1.199147042827023, -0.07301311614801956, 0.5648286945460309, 0.26479580789753)",G0038_C12_N0_S1000,G0038,erdos_renyi,18,53,10037,C12,512,40,1000,1.0,0.6787109375,0.9,success,
27.33984375,36,SPSA,3,N0,79,80,40960,159,53,2.873461891999796,"(2.4351617226134805, 0.42846851622821813, 0.5006815852861659, 1.3460777915269222, -0.11104678155795303, 0.1373790233479143)",G0038_C12_N0_S1001,G0038,erdos_renyi,18,53,10037,C12,512,40,1001,1.0,0.68349609375,0.9,success,
30.484375,38,COBYLA,1,N0,33,34,8704,52,21,0.6640262279997842,"(0.5662217360756636, 0.4154597220950109)",G0039_C01_N0_S1000,G0039,erdos_renyi,18,52,10038,C01,256,39,1000,1.0,0.7816506410256411,0.9743589743589745,success,
26.625,36,COBYLA,1,N0,27,28,7168,52,21,0.5303556450003271,"(2.364651456788518, 0.4805561865607211)",G0039_C01_N0_S1001,G0039,erdos_renyi,18,52,10038,C01,256,39,1001,1.0,0.6826923076923077,0.9230769230769232,success,
31.10546875,39,COBYLA,1,N0,34,35,17920,52,21,0.9176812680002512,"(0.44365958660639343, 0.3598336428406719)",G0039_C02_N0_S1000,G0039,erdos_renyi,18,52,10038,C02,512,39,1000,1.0,0.7975761217948718,1.0,success,
26.708984375,35,COBYLA,1,N0,28,29,14848,52,21,0.7352326480004194,"(2.3251856732405813, 0.418902134191038)",G0039_C02_N0_S1001,G0039,erdos_renyi,18,52,10038,C02,512,39,1001,1.0,0.6848457532051282,0.8974358974358975,success,
25.87109375,36,SPSA,1,N0,79,80,20480,52,21,2.5468536479997965,"(1.6071436415010096, 1.0786245228434435)",G0039_C03_N0_S1000,G0039,erdos_renyi,18,52,10038,C03,256,39,1000,1.0,0.6633613782051282,0.9230769230769232,success,
26.0,34,SPSA,1,N0,79,80,20480,52,21,1.4435300190002636,"(1.7964729740796423, 0.2507890988258155)",G0039_C03_N0_S1001,G0039,erdos_renyi,18,52,10038,C03,256,39,1001,1.0,0.6666666666666666,0.8717948717948718,success,
26.22265625,34,SPSA,1,N0,79,80,40960,52,21,1.9436237189997885,"(1.7936258274955819, 0.9881482218412369)",G0039_C04_N0_S1000,G0039,erdos_renyi,18,52,10038,C04,512,39,1000,1.0,0.6723758012820513,0.8717948717948718,success,
26.865234375,38,SPSA,1,N0,79,80,40960,52,21,3.041140872000142,"(2.2811078815027477, 0.3579732440161936)",G0039_C04_N0_S1001,G0039,erdos_renyi,18,52,10038,C04,512,39,1001,1.0,0.6888521634615384,0.9743589743589745,success,
26.37890625,34,COBYLA,2,N0,41,42,10752,104,35,1.0968986449997828,"(2.3290923414998015, 1.755836461342805, 0.08268830019132364, -0.3883799504772455)",G0039_C05_N0_S1000,G0039,erdos_renyi,18,52,10038,C05,256,39,1000,1.0,0.6763822115384616,0.8717948717948718,success,
26.109375,34,COBYLA,2,N0,36,37,9472,104,35,0.9606606629999987,"(2.4245298580343833, 0.549364457633695, 0.2948151292540122, 1.3473986168683099)",G0039_C05_N0_S1001,G0039,erdos_renyi,18,52,10038,C05,256,39,1001,1.0,0.6694711538461539,0.8717948717948718,success,
26.96875,36,COBYLA,2,N0,43,44,22528,104,35,1.4020251619999726,"(2.4186967032790343, 1.297632119120816, 0.34657331026182053, -0.2091313492696629)",G0039_C06_N0_S1000,G0039,erdos_renyi,18,52,10038,C06,512,39,1000,1.0,0.6915064102564102,0.9230769230769232,success,
26.33203125,38,COBYLA,2,N0,37,38,19456,104,35,1.192460554000263,"(2.443952134675036, 0.5651702230716654, 0.27884539890143784, 1.3869695189766444)",G0039_C06_N0_S1001,G0039,erdos_renyi,18,52,10038,C06,512,39,1001,1.0,0.6751802884615384,0.9743589743589745,success,
26.2109375,34,SPSA,2,N0,79,80,20480,104,35,1.97783173400012,"(1.8888520915775875, 2.1981345280843168, 0.724474003448465, 0.04005483835139982)",G0039_C07_N0_S1000,G0039,erdos_renyi,18,52,10038,C07,256,39,1000,1.0,0.6720753205128205,0.8717948717948718,success,
26.921875,35,SPSA,2,N0,79,80,20480,104,35,1.934898699000314,"(2.4833768867770605, -0.19648431057923801, 0.27674476301974393, 1.750118280300934)",G0039_C07_N0_S1001,G0039,erdos_renyi,18,52,10038,C07,256,39,1001,1.0,0.6903044871794872,0.8974358974358975,success,
25.904296875,35,SPSA,2,N0,79,80,40960,104,35,2.4051495080002496,"(1.7129245628517233, 1.7515687392276813, 0.8584411858464679, 0.35538584751200514)",G0039_C08_N0_S1000,G0039,erdos_renyi,18,52,10038,C08,512,39,1000,1.0,0.6642127403846154,0.8974358974358975,success,
26.748046875,34,SPSA,2,N0,79,80,40960,104,35,2.3951472179996927,"(2.4138363828975162, 0.05946589244578518, 0.45469122271407725, 1.6287634538307791)",G0039_C08_N0_S1001,G0039,erdos_renyi,18,52,10038,C08,512,39,1001,1.0,0.6858473557692307,0.8717948717948718,success,
25.69921875,36,COBYLA,3,N0,49,50,12800,156,49,2.249371353999777,"(1.5982722535947018, 1.9400670845940553, 1.4754857886715511, 0.32538946487743453, 0.8336607742680705, 0.29014401898481373)",G0039_C09_N0_S1000,G0039,erdos_renyi,18,52,10038,C09,256,39,1000,1.0,0.6589543269230769,0.9230769230769232,success,
26.11328125,35,COBYLA,3,N0,52,53,13568,156,49,1.6491183459997956,"(1.8641522569397755, 0.1022969269429648, 0.5940230575621808, 1.353998878165313, 0.6277674209389635, 0.34340613536965536)",G0039_C09_N0_S1001,G0039,erdos_renyi,18,52,10038,C09,256,39,1001,1.0,0.6695713141025641,0.8974358974358975,success,
26.01953125,35,COBYLA,3,N0,52,53,27136,156,49,2.2920576900000924,"(2.2121635011492495, 1.8283381687811957, 1.8540753981110374, 0.8247560769141201, 1.5201486943066156, 0.32203073146951006)",G0039_C10_N0_S1000,G0039,erdos_renyi,18,52,10038,C10,512,39,1000,1.0,0.667167467948718,0.8974358974358975,success,
26.896484375,36,COBYLA,3,N0,54,55,28160,156,49,3.112054546999844,"(1.898453152626664, 0.044679798207922256, 0.5876964150879614, 1.3552198666987634, 0.16990449114717462, 0.31466602155599505)",G0039_C10_N0_S1001,G0039,erdos_renyi,18,52,10038,C10,512,39,1001,1.0,0.6896534455128205,0.9230769230769232,success,
27.89453125,39,SPSA,3,N0,79,80,20480,156,49,2.336484496000139,"(1.6425524613334808, 2.1483082540867664, 1.8538442177888992, -0.05634012910152007, 1.2088088109919943, -0.3026127089863743)",G0039_C11_N0_S1000,G0039,erdos_renyi,18,52,10038,C11,256,39,1000,1.0,0.7152443910256411,1.0,success,
26.7734375,34,SPSA,3,N0,79,80,20480,156,49,2.332333366000057,"(2.2578715104234326, -0.09873861433554651, 0.3996080239700801, 1.6273137927181602, -0.23574412968536165, 0.42797097065951384)",G0039_C11_N0_S1001,G0039,erdos_renyi,18,52,10038,C11,256,39,1001,1.0,0.6864983974358975,0.8717948717948718,success,
26.642578125,36,SPSA,3,N0,79,80,40960,156,49,2.823178097999971,"(1.8254456889634505, 1.9344680472722322, 1.3838886293645514, 0.022023524246479558, 1.0956858576874469, -0.16111056369232027)",G0039_C12_N0_S1000,G0039,erdos_renyi,18,52,10038,C12,512,39,1000,1.0,0.6831430288461539,0.9230769230769232,success,
26.66015625,35,SPSA,3,N0,79,80,40960,156,49,2.810488835000342,"(1.8246475303576146, 0.05085891900006655, 0.514496216446012, 1.6270220794248338, -0.0917097695427849, 0.4244646420361192)",G0039_C12_N0_S1001,G0039,erdos_renyi,18,52,10038,C12,512,39,1001,1.0,0.68359375,0.8974358974358975,success,
32.2890625,45,COBYLA,1,N0,26,27,6912,65,25,0.5799499099998684,"(2.1378820157264116, 0.948521619130465)",G0040_C01_N0_S1000,G0040,erdos_renyi,18,65,10039,C01,256,48,1000,1.0,0.6726888020833334,0.9375,success,
32.1640625,42,COBYLA,1,N0,27,28,7168,65,25,0.6085858589999589,"(2.0579835424949238, 0.07133674649359217)",G0040_C01_N0_S1001,G0040,erdos_renyi,18,65,10039,C01,256,48,1001,1.0,0.6700846354166666,0.875,success,
33.333984375,42,COBYLA,1,N0,29,30,15360,65,25,0.8724313749999055,"(2.922598569551957, 1.1529720720700314)",G0040_C02_N0_S1000,G0040,erdos_renyi,18,65,10039,C02,512,48,1000,1.0,0.6944580078125,0.875,success,
33.2421875,41,COBYLA,1,N0,28,29,14848,65,25,0.9569003300002804,"(2.8289947146108494, -0.5002196368133647)",G0040_C02_N0_S1001,G0040,erdos_renyi,18,65,10039,C02,512,48,1001,1.0,0.6925455729166666,0.8541666666666666,success,
32.33984375,44,SPSA,1,N0,79,80,20480,65,25,2.778942858999926,"(1.6790910811999713, 0.7979394462156816)",G0040_C03_N0_S1000,G0040,erdos_renyi,18,65,10039,C03,256,48,1000,1.0,0.6737467447916666,0.9166666666666666,success,
32.125,43,SPSA,1,N0,79,80,20480,65,25,2.5984843499995804,"(1.8279032510717035, 0.20981728107668446)",G0040_C03_N0_S1001,G0040,erdos_renyi,18,65,10039,C03,256,48,1001,1.0,0.6692708333333334,0.8958333333333334,success,
32.353515625,42,SPSA,1,N0,79,80,40960,65,25,2.171074381999915,"(1.7722553511984538, 0.9911547326070541)",G0040_C04_N0_S1000,G0040,erdos_renyi,18,65,10039,C04,512,48,1000,1.0,0.6740315755208334,0.875,success,
32.646484375,43,SPSA,1,N0,79,80,40960,65,25,2.1836915479998424,"(1.7049927330402062, -0.3483018796407886)",G0040_C04_N0_S1001,G0040,erdos_renyi,18,65,10039,C04,512,48,1001,1.0,0.6801350911458334,0.8958333333333334,success,
32.61328125,41,COBYLA,2,N0,38,39,9984,130,43,1.116133127000012,"(1.627285360407003, 2.096115626575726, 1.2673308312305593, 0.2583935977650479)",G0040_C05_N0_S1000,G0040,erdos_renyi,18,65,10039,C05,256,48,1000,1.0,0.679443359375,0.8541666666666666,success,
33.18359375,41,COBYLA,2,N0,41,42,10752,130,43,1.2190095930000098,"(2.7160931525680945, 0.01688279766123966, -0.134381407463576, 1.2307245014044057)",G0040_C05_N0_S1001,G0040,erdos_renyi,18,65,10039,C05,256,48,1001,1.0,0.6913248697916666,0.8541666666666666,success,
32.732421875,43,COBYLA,2,N0,40,41,20992,130,43,1.445725227999901,"(1.642652932000572, 1.8575805643130299, 1.2732715995141513, 0.34287500213673977)",G0040_C06_N0_S1000,G0040,erdos_renyi,18,65,10039,C06,512,48,1000,1.0,0.6819254557291666,0.8958333333333334,success,
33.380859375,43,COBYLA,2,N0,39,40,20480,130,43,1.4028757820001374,"(2.0575968876575046, 0.6876316814556132, 0.1851193887425172, 0.9523533343278959)",G0040_C06_N0_S1001,G0040,erdos_renyi,18,65,10039,C06,512,48,1001,1.0,0.6954345703125,0.8958333333333334,success,
32.58203125,43,SPSA,2,N0,79,80,20480,130,43,2.2076893339999515,"(1.5461394332545635, 1.9721151968335322, 0.6602254194259204, 0.41110329243218785)",G0040_C07_N0_S1000,G0040,erdos_renyi,18,65,10039,C07,256,48,1000,1.0,0.6787923177083334,0.8958333333333334,success,
32.05859375,43,SPSA,2,N0,79,80,20480,130,43,2.214854180999737,"(1.976536056527744, -0.041913114990520514, 0.41705165351240275, 1.461500002017472)",G0040_C07_N0_S1001,G0040,erdos_renyi,18,65,10039,C07,256,48,1001,1.0,0.6678873697916666,0.8958333333333334,success,
32.423828125,42,SPSA,2,N0,79,80,40960,130,43,2.7555161860000226,"(1.7518037969870162, 1.8052961308390234, 0.7126701071910888, 0.36975312753600564)",G0040_C08_N0_S1000,G0040,erdos_renyi,18,65,10039,C08,512,48,1000,1.0,0.6754964192708334,0.875,success,
32.5859375,43,SPSA,2,N0,79,80,40960,130,43,3.2868779229997926,"(1.9634393329493318, 0.2635189169774687, 0.05030762952139743, 1.1712031210635248)",G0040_C08_N0_S1001,G0040,erdos_renyi,18,65,10039,C08,512,48,1001,1.0,0.6788736979166666,0.8958333333333334,success,
32.12109375,43,COBYLA,3,N0,51,52,13312,195,61,2.747415503999946,"(2.1420204469404114, 1.9216563014665553, 1.496113016858476, 0.32245783586416865, 0.8505348646553705, 0.34285271536115636)",G0040_C09_N0_S1000,G0040,erdos_renyi,18,65,10039,C09,256,48,1000,1.0,0.669189453125,0.8958333333333334,success,
32.98046875,42,COBYLA,3,N0,50,51,13056,195,61,2.1875463229998786,"(2.4245237272217217, 0.5493244743622765, 0.5896441958876469, 1.3475705621750358, 0.11969253481467036, 0.81587181732916)",G0040_C09_N0_S1001,G0040,erdos_renyi,18,65,10039,C09,256,48,1001,1.0,0.6870930989583334,0.875,success,
32.490234375,43,COBYLA,3,N0,47,48,24576,195,61,2.023276033999992,"(2.13798160410895, 1.8970251104851767, 1.9795072907359663, 0.3192611215778017, 0.8305727352036273, 0.30007908703546404)",G0040_C10_N0_S1000,G0040,erdos_renyi,18,65,10039,C10,512,48,1000,1.0,0.6768798828125,0.8958333333333334,success,
32.822265625,43,COBYLA,3,N0,51,52,26624,195,61,2.178726936999737,"(2.398023901937716, 0.6149402431477413, 0.5276094834565849, 1.2891481136371679, 0.06272765376038937, 0.8042963906146132)",G0040_C10_N0_S1001,G0040,erdos_renyi,18,65,10039,C10,512,48,1001,1.0,0.6837972005208334,0.8958333333333334,success,
32.2109375,43,SPSA,3,N0,79,80,20480,195,61,2.596006730999761,"(1.73798160410895, 1.7970251104851767, 1.3795072907359662, 0.21926112157780167, 0.7305727352036273, 0.400079087035464)",G0040_C11_N0_S1000,G0040,erdos_renyi,18,65,10039,C11,256,48,1000,1.0,0.6710611979166666,0.8958333333333334,success,
33.3046875,42,SPSA,3,N0,79,80,20480,195,61,2.613523602999976,"(2.2213205918536523, 0.19901424004486026, 0.5569427346663824, 1.373687655282809, 0.4654638866344918, 0.9864576700571167)",G0040_C11_N0_S1001,G0040,erdos_renyi,18,65,10039,C11,256,48,1001,1.0,0.69384765625,0.875,success,
32.486328125,43,SPSA,3,N0,79,80,40960,195,61,3.078626880999764,"(1.8607492205148475, 1.9602868453124955, 1.310928569898024, 0.39762062829242717, 0.4945653346092459, 0.5604803345244423)",G0040_C12_N0_S1000,G0040,erdos_renyi,18,65,10039,C12,512,48,1000,1.0,0.6767985026041666,0.8958333333333334,success,
32.9140625,42,SPSA,3,N0,79,80,40960,195,61,3.1462636559999737,"(1.6909733277342556, 0.09293391292677736, 0.14290458388233115, 1.3247396824435858, 0.17404686197363387, 0.7527626327550245)",G0040_C12_N0_S1001,G0040,erdos_renyi,18,65,10039,C12,512,48,1001,1.0,0.6857096354166666,0.875,success,
33.75390625,48,COBYLA,1,N0,26,27,6912,68,24,1.531865723999999,"(1.6405183036968343, 0.898957181182511)",G0041_C01_N0_S1000,G0041,erdos_renyi,20,68,10040,C01,256,49,1000,1.0,0.6888552295918368,0.979591836734694,success,
34.14453125,44,COBYLA,1,N0,27,28,7168,68,24,0.7382546839999122,"(1.7670022969102315, -0.45138797853239737)",G0041_C01_N0_S1001,G0041,erdos_renyi,20,68,10040,C01,256,49,1001,1.0,0.6968271683673469,0.8979591836734694,success,
33.9609375,46,COBYLA,1,N0,26,27,13824,68,24,1.5478866349999407,"(1.6148395348771798, 0.9579700724470115)",G0041_C02_N0_S1000,G0041,erdos_renyi,20,68,10040,C02,512,49,1000,1.0,0.6930803571428571,0.9387755102040816,success,
34.408203125,46,COBYLA,1,N0,30,31,15872,68,24,1.055494440000075,"(1.8871417173985876, -0.4674336761725559)",G0041_C02_N0_S1001,G0041,erdos_renyi,20,68,10040,C02,512,49,1001,1.0,0.7022082270408163,0.9387755102040816,success,
33.66015625,43,SPSA,1,N0,79,80,20480,68,24,2.106114715999865,"(1.7530221316349777, 1.0166818267275441)",G0041_C03_N0_S1000,G0041,erdos_renyi,20,68,10040,C03,256,49,1000,1.0,0.6869419642857143,0.8775510204081632,success,
34.1328125,46,SPSA,1,N0,79,80,20480,68,24,2.40566568200029,"(1.8129941668674043, -0.28595006977224235)",G0041_C03_N0_S1001,G0041,erdos_renyi,20,68,10040,C03,256,49,1001,1.0,0.6965880102040817,0.9387755102040816,success,
33.9140625,43,SPSA,1,N0,79,80,40960,68,24,2.641358289999971,"(1.8903821281634228, 0.9074765515295272)",G0041_C04_N0_S1000,G0041,erdos_renyi,20,68,10040,C04,512,49,1000,1.0,0.6921237244897959,0.8775510204081632,success,
34.42578125,46,SPSA,1,N0,79,80,40960,68,24,3.4258827980002025,"(1.9753925013565623, -0.2083047043067057)",G0041_C04_N0_S1001,G0041,erdos_renyi,20,68,10040,C04,512,49,1001,1.0,0.7025669642857143,0.9387755102040816,success,
33.84375,47,COBYLA,2,N0,34,35,8960,136,39,1.2901899019998382,"(2.138010572207703, 1.8969912601875476, 1.2398296429860935, 0.3192539195887311)",G0041_C05_N0_S1000,G0041,erdos_renyi,20,68,10040,C05,256,49,1000,1.0,0.6906887755102041,0.9591836734693876,success,
34.3203125,43,COBYLA,2,N0,37,38,9728,136,39,1.4239662619997944,"(1.9246396906862284, 0.5486936493292637, 0.2949029595842409, 1.3472840771881116)",G0041_C05_N0_S1001,G0041,erdos_renyi,20,68,10040,C05,256,49,1001,1.0,0.7004145408163265,0.8775510204081632,success,
34.525390625,45,COBYLA,2,N0,36,37,18944,136,39,1.6359657719999632,"(1.6418428609849955, 2.3892140179758465, 1.263423193095656, 0.2636611498355064)",G0041_C06_N0_S1000,G0041,erdos_renyi,20,68,10040,C06,512,49,1000,1.0,0.7045998086734694,0.9183673469387756,success,
34.115234375,47,COBYLA,2,N0,37,38,19456,136,39,1.6780530230003023,"(1.8877225476139254, 0.40471702168026646, 0.2885742903810778, 1.3343530626312807)",G0041_C06_N0_S1001,G0041,erdos_renyi,20,68,10040,C06,512,49,1001,1.0,0.6962292729591837,0.9591836734693876,success,
33.7890625,43,SPSA,2,N0,79,80,20480,136,39,3.6650947520001855,"(1.4681993990833653, 1.7316799711041342, 0.7163542423104882, 0.43989237181390717)",G0041_C07_N0_S1000,G0041,erdos_renyi,20,68,10040,C07,256,49,1000,1.0,0.6895727040816326,0.8775510204081632,success,
34.28515625,46,SPSA,2,N0,79,80,20480,136,39,2.876411196999925,"(1.5271604679520314, 0.3061404890790159, 0.32850437353594, 1.1499461601366916)",G0041_C07_N0_S1001,G0041,erdos_renyi,20,68,10040,C07,256,49,1001,1.0,0.6996970663265306,0.9387755102040816,success,
33.859375,45,SPSA,2,N0,79,80,40960,136,39,3.490638732000207,"(1.6353219242131223, 1.93141746075366, 0.8368908563351043, 0.3074957462574133)",G0041_C08_N0_S1000,G0041,erdos_renyi,20,68,10040,C08,512,49,1000,1.0,0.6910076530612245,0.9183673469387756,success,
34.3515625,45,SPSA,2,N0,79,80,40960,136,39,4.32963604500037,"(1.8411386379143366, 0.32236347805270915, 0.07053560631141786, 1.0777701385790932)",G0041_C08_N0_S1001,G0041,erdos_renyi,20,68,10040,C08,512,49,1001,1.0,0.7010522959183674,0.9183673469387756,success,
39.81640625,48,COBYLA,3,N0,70,71,18176,204,54,3.347329420999813,"(1.8040416630499312, 2.775195935530572, 1.3523593069444135, 0.014047467253457147, 0.03127410166053574, 1.246711103261586)",G0041_C09_N0_S1000,G0041,erdos_renyi,20,68,10040,C09,256,49,1000,1.0,0.8125797193877551,0.979591836734694,success,
34.3359375,44,COBYLA,3,N0,58,59,15104,204,54,2.784815385999991,"(1.9161031912994373, 0.030368704926509414, 1.0886677979316106, 1.3452912967206798, 0.14028379928313756, 0.3155521605858545)",G0041_C09_N0_S1001,G0041,erdos_renyi,20,68,10040,C09,256,49,1001,1.0,0.7007334183673469,0.8979591836734694,success,
34.287109375,45,COBYLA,3,N0,52,53,27136,204,54,2.8573269110002,"(2.19773528103795, 1.8992411644518206, 1.9832445498641462, 0.3182587394466112, 0.8173650797803894, 0.29823124894165726)",G0041_C10_N0_S1000,G0041,erdos_renyi,20,68,10040,C10,512,49,1000,1.0,0.6997369260204082,0.9183673469387756,success,
34.140625,45,COBYLA,3,N0,53,54,27648,204,54,2.8942184480001742,"(1.9300438376505957, 0.04925541261549997, 1.0417961183999427, 1.3453114367409533, 0.11719307688760044, 0.3288615884742845)",G0041_C10_N0_S1001,G0041,erdos_renyi,20,68,10040,C10,512,49,1001,1.0,0.6967474489795918,0.9183673469387756,success,
34.86328125,43,SPSA,3,N0,79,80,20480,204,54,4.501286101999995,"(1.2035033727953999, 1.8526521969190917, 1.1621268340917275, 0.12790378917123912, 0.44929123455801134, 0.37468240444298995)",G0041_C11_N0_S1000,G0041,erdos_renyi,20,68,10040,C11,256,49,1000,1.0,0.7114955357142857,0.8775510204081632,success,
34.23828125,43,SPSA,3,N0,79,80,20480,204,54,3.668971432000035,"(2.100147142836898, 0.49007369272858764, 0.702859473431939, 1.2950536502824497, 0.033278152552291905, -0.16331988163067165)",G0041_C11_N0_S1001,G0041,erdos_renyi,20,68,10040,C11,256,49,1001,1.0,0.6987404336734694,0.8775510204081632,success,
33.810546875,46,SPSA,3,N0,79,80,40960,204,54,4.249395120999907,"(1.817196938117285, 1.6628139171136105, 1.4978768183772047, 0.4054659203605971, 0.6018698569612404, 0.12867282041879624)",G0041_C12_N0_S1000,G0041,erdos_renyi,20,68,10040,C12,512,49,1000,1.0,0.6900111607142857,0.9387755102040816,success,
34.189453125,46,SPSA,3,N0,79,80,40960,204,54,5.016181062999749,"(2.0672226537950245, -0.1033844537746311, 0.6627551983730344, 0.9682070844889366, 0.1280044666447169, -0.14619576797993875)",G0041_C12_N0_S1001,G0041,erdos_renyi,20,68,10040,C12,512,49,1001,1.0,0.6977439413265306,0.9387755102040816,success,
31.56640625,41,COBYLA,1,N0,28,29,7424,64,24,0.8970161479996932,"(2.142754384579074, 0.8236037062102479)",G0042_C01_N0_S1000,G0042,erdos_renyi,20,64,10041,C01,256,48,1000,1.0,0.6576334635416666,0.8541666666666666,success,
32.6875,42,COBYLA,1,N0,28,29,7424,64,24,0.7497150770000189,"(2.7391849187565698, -0.36396588086948917)",G0042_C01_N0_S1001,G0042,erdos_renyi,20,64,10041,C01,256,48,1001,1.0,0.6809895833333334,0.875,success,
31.904296875,43,COBYLA,1,N0,29,30,15360,64,24,0.989912364999782,"(1.584785105622077, 1.3347492528176386)",G0042_C02_N0_S1000,G0042,erdos_renyi,20,64,10041,C02,512,48,1000,1.0,0.6646728515625,0.8958333333333334,success,
31.865234375,41,COBYLA,1,N0,25,26,13312,64,24,0.8486458800002765,"(2.4249742193123494, 0.025207266424648902)",G0042_C02_N0_S1001,G0042,erdos_renyi,20,64,10041,C02,512,48,1001,1.0,0.6638590494791666,0.8541666666666666,success,
31.9609375,42,SPSA,1,N0,79,80,20480,64,24,1.952473577000092,"(1.6832646211202158, 0.6088385540758041)",G0042_C03_N0_S1000,G0042,erdos_renyi,20,64,10041,C03,256,48,1000,1.0,0.6658528645833334,0.875,success,
31.8828125,40,SPSA,1,N0,79,80,20480,64,24,2.7592406550002124,"(1.819057881087194, 0.18313827502964036)",G0042_C03_N0_S1001,G0042,erdos_renyi,20,64,10041,C03,256,48,1001,1.0,0.6642252604166666,0.8333333333333334,success,
32.0234375,42,SPSA,1,N0,79,80,40960,64,24,2.590242400000079,"(1.7971698307507387, 0.9619580990611463)",G0042_C04_N0_S1000,G0042,erdos_renyi,20,64,10041,C04,512,48,1000,1.0,0.6671549479166666,0.875,success,
31.826171875,44,SPSA,1,N0,79,80,40960,64,24,2.94628140299983,"(1.7851441331161415, -0.003601993936678441)",G0042_C04_N0_S1001,G0042,erdos_renyi,20,64,10041,C04,512,48,1001,1.0,0.6630452473958334,0.9166666666666666,success,
31.79296875,44,COBYLA,2,N0,36,37,9472,128,38,1.362989591999849,"(1.6426219954433814, 1.9130338997324419, 0.7394928795173358, 0.3664004622209536)",G0042_C05_N0_S1000,G0042,erdos_renyi,20,64,10041,C05,256,48,1000,1.0,0.662353515625,0.9166666666666666,success,
32.1484375,43,COBYLA,2,N0,41,42,10752,128,38,1.5503095020003457,"(2.724675949391554, -0.28193457418749057, -0.5617283556549046, 1.1013698980117284)",G0042_C05_N0_S1001,G0042,erdos_renyi,20,64,10041,C05,256,48,1001,1.0,0.6697591145833334,0.8958333333333334,success,
32.099609375,42,COBYLA,2,N0,37,38,19456,128,38,1.9878854270000368,"(1.6199244504335752, 1.8819642416579334, 1.2718119180030785, 0.2886141754783984)",G0042_C06_N0_S1000,G0042,erdos_renyi,20,64,10041,C06,512,48,1000,1.0,0.6687418619791666,0.875,success,
32.060546875,43,COBYLA,2,N0,37,38,19456,128,38,1.6816933029999743,"(2.4135944949373758, 0.0908429583932414, 0.3203775308210229, 1.345650349711718)",G0042_C06_N0_S1001,G0042,erdos_renyi,20,64,10041,C06,512,48,1001,1.0,0.6679280598958334,0.8958333333333334,success,
31.53515625,42,SPSA,2,N0,79,80,20480,128,38,3.313845553000192,"(1.38896829591331, 1.6725854534673301, 0.5309237543732783, 0.7605334823978469)",G0042_C07_N0_S1000,G0042,erdos_renyi,20,64,10041,C07,256,48,1000,1.0,0.656982421875,0.875,success,
31.55859375,43,SPSA,2,N0,79,80,20480,128,38,2.842618061000394,"(1.8683646427105778, 0.16774346472497043, 0.42912876392113386, 1.7221810045263226)",G0042_C07_N0_S1001,G0042,erdos_renyi,20,64,10041,C07,256,48,1001,1.0,0.657470703125,0.8958333333333334,success,
33.205078125,43,SPSA,2,N0,79,80,40960,128,38,3.3653524129999823,"(0.9915863503790171, 1.5310845595470741, 0.2772256834040251, 0.006282298616695922)",G0042_C08_N0_S1000,G0042,erdos_renyi,20,64,10041,C08,512,48,1000,1.0,0.6917724609375,0.8958333333333334,success,
32.189453125,43,SPSA,2,N0,79,80,40960,128,38,4.352168022000114,"(2.1512672927340986, 0.35068660506440674, 0.6969133131783766, 1.6556110028829432)",G0042_C08_N0_S1001,G0042,erdos_renyi,20,64,10041,C08,512,48,1001,1.0,0.6706136067708334,0.8958333333333334,success,
31.62109375,41,COBYLA,3,N0,50,51,13056,192,52,2.361323428000105,"(1.64316063117452, 1.886560135236493, 1.4314971302730954, 0.8146916417090192, 0.8258621744633532, 0.30395134602966994)",G0042_C09_N0_S1000,G0042,erdos_renyi,20,64,10041,C09,256,48,1000,1.0,0.6587727864583334,0.8541666666666666,success,
31.8515625,42,COBYLA,3,N0,51,52,13312,192,52,2.433192423000037,"(2.4245237272217217, 0.04932447436227646, 1.0896441958876468, 1.8475705621750358, 0.11969253481467036, 0.31587181732916003)",G0042_C09_N0_S1001,G0042,erdos_renyi,20,64,10041,C09,256,48,1001,1.0,0.66357421875,0.875,success,
32.1640625,42,COBYLA,3,N0,50,51,26112,192,52,3.1541460560001724,"(2.088197659160993, 2.405457312429227, 1.463399812372868, 0.26950452272478254, 0.7285375573725716, 0.2771979043471214)",G0042_C10_N0_S1000,G0042,erdos_renyi,20,64,10041,C10,512,48,1000,1.0,0.6700846354166666,0.875,success,
31.93359375,42,COBYLA,3,N0,51,52,26624,192,52,2.784719932000371,"(2.1861259336946817, 0.045778003834762146, 1.1224490482671543, 1.343137474015643, 0.05496944768753417, 0.2966617686384575)",G0042_C10_N0_S1001,G0042,erdos_renyi,20,64,10041,C10,512,48,1001,1.0,0.665283203125,0.875,success,
32.171875,40,SPSA,3,N0,79,80,20480,192,52,4.067012002999945,"(1.482801050559551, 1.9743918621883236, 1.4825429517123987, 0.10147131215038163, 0.7883205267202047, 0.15187960010147064)",G0042_C11_N0_S1000,G0042,erdos_renyi,20,64,10041,C11,256,48,1000,1.0,0.6702473958333334,0.8333333333333334,success,
31.88671875,44,SPSA,3,N0,79,80,20480,192,52,3.657307590000073,"(1.7033544689852709, -0.13210215583133877, 0.5120357231936884, 1.3044443752504142, 0.09713735142580586, 0.3915808040359971)",G0042_C11_N0_S1001,G0042,erdos_renyi,20,64,10041,C11,256,48,1001,1.0,0.664306640625,0.9166666666666666,success,
32.306640625,41,SPSA,3,N0,79,80,40960,192,52,4.218326918999992,"(1.6217636662721782, 2.030671217796477, 1.636583083576767, 0.1379347202645072, 0.6957826608847942, 0.10461868644619618)",G0042_C12_N0_S1000,G0042,erdos_renyi,20,64,10041,C12,512,48,1000,1.0,0.6730550130208334,0.8541666666666666,success,
32.16796875,41,SPSA,3,N0,79,80,40960,192,52,5.03060595099987,"(2.049351044595781, -0.04989579987170468, 0.2112736531877425, 1.3497731285119496, 0.18589625950679806, 0.3713170967273862)",G0042_C12_N0_S1001,G0042,erdos_renyi,20,64,10041,C12,512,48,1001,1.0,0.670166015625,0.8541666666666666,success,
31.515625,40,COBYLA,1,N0,26,27,6912,62,25,0.9307641059999696,"(2.138081334759885, 1.448519889904415)",G0043_C01_N0_S1000,G0043,erdos_renyi,20,62,10042,C01,256,45,1000,1.0,0.7003472222222222,0.8888888888888888,success,
30.8828125,39,COBYLA,1,N0,25,26,6656,62,25,0.7539415450000888,"(1.8802513864101706, -0.5554265887914783)",G0043_C01_N0_S1001,G0043,erdos_renyi,20,62,10042,C01,256,45,1001,1.0,0.6862847222222223,0.8666666666666667,success,
31.3203125,41,COBYLA,1,N0,26,27,13824,62,25,0.960548309999922,"(2.2459096635933258, 1.4735380088519152)",G0043_C02_N0_S1000,G0043,erdos_renyi,20,62,10042,C02,512,45,1000,1.0,0.6960069444444444,0.9111111111111112,success,
30.78515625,40,COBYLA,1,N0,32,33,16896,62,25,1.720094485000118,"(1.9022992730595405, -0.8308451088623666)",G0043_C02_N0_S1001,G0043,erdos_renyi,20,62,10042,C02,512,45,1001,1.0,0.6841145833333333,0.8888888888888888,success,
32.05078125,41,SPSA,1,N0,79,80,20480,62,25,2.24071529999992,"(2.426383359968517, 1.1803002934365132)",G0043_C03_N0_S1000,G0043,erdos_renyi,20,62,10042,C03,256,45,1000,1.0,0.7122395833333334,0.9111111111111112,success,
33.57421875,45,SPSA,1,N0,79,80,20480,62,25,2.729827640000167,"(2.627105361667745, -0.3120989654559779)",G0043_C03_N0_S1001,G0043,erdos_renyi,20,62,10042,C03,256,45,1001,1.0,0.74609375,1.0,success,
33.453125,41,SPSA,1,N0,79,80,40960,62,25,2.756146324000383,"(2.7466820868458264, 1.1578554604229907)",G0043_C04_N0_S1000,G0043,erdos_renyi,20,62,10042,C04,512,45,1000,1.0,0.7434027777777777,0.9111111111111112,success,
33.833984375,42,SPSA,1,N0,79,80,40960,62,25,2.676562817000104,"(2.7482444058899995, -0.3436121689679062)",G0043_C04_N0_S1001,G0043,erdos_renyi,20,62,10042,C04,512,45,1001,1.0,0.7518663194444445,0.9333333333333332,success,
30.640625,40,COBYLA,2,N0,39,40,10240,124,38,1.5042539680002849,"(1.6378894857121356, 2.3967093566704953, 1.239817000118458, 0.8191479849123261)",G0043_C05_N0_S1000,G0043,erdos_renyi,20,62,10042,C05,256,45,1000,1.0,0.6809027777777777,0.8888888888888888,success,
34.20703125,44,COBYLA,2,N0,43,44,11264,124,38,1.65736004900009,"(1.628878059332269, 1.047213915241857, 0.0027776582650536367, 1.204919833221125)",G0043_C05_N0_S1001,G0043,erdos_renyi,20,62,10042,C05,256,45,1001,1.0,0.76015625,0.9777777777777776,success,
30.8046875,42,COBYLA,2,N0,34,35,17920,124,38,2.4111972709997644,"(1.6367112953882506, 2.398060093580161, 1.240521352866708, 0.8209861580828106)",G0043_C06_N0_S1000,G0043,erdos_renyi,20,62,10042,C06,512,45,1000,1.0,0.6845486111111111,0.9333333333333332,success,
32.017578125,41,COBYLA,2,N0,40,41,20992,124,38,1.8099185379996925,"(2.500485039259082, -0.06374638294891467, -0.008287471942360958, 0.9687887002229523)",G0043_C06_N0_S1001,G0043,erdos_renyi,20,62,10042,C06,512,45,1001,1.0,0.7115017361111111,0.9111111111111112,success,
30.80078125,39,SPSA,2,N0,79,80,20480,124,38,2.989262096999937,"(1.6825180017720052, 2.2585182196533697, 0.6644856171783344, -0.026748344282313555)",G0043_C07_N0_S1000,G0043,erdos_renyi,20,62,10042,C07,256,45,1000,1.0,0.6844618055555556,0.8666666666666667,success,
33.05078125,43,SPSA,2,N0,79,80,20480,124,38,3.4224114909998207,"(1.6247390375150774, 1.1095288054983374, 0.08282342413968005, 1.0099793801628345)",G0043_C07_N0_S1001,G0043,erdos_renyi,20,62,10042,C07,256,45,1001,1.0,0.7344618055555555,0.9555555555555556,success,
31.5078125,42,SPSA,2,N0,79,80,40960,124,38,3.515747057000226,"(1.6334064377777504, 1.80087436165336, 0.8751004931651283, 0.3238362879090011)",G0043_C08_N0_S1000,G0043,erdos_renyi,20,62,10042,C08,512,45,1000,1.0,0.7001736111111111,0.9333333333333332,success,
33.482421875,41,SPSA,2,N0,79,80,40960,124,38,3.8188389910001206,"(1.961148186258304, 0.5616268164406764, 0.11710767359032602, 1.2403864469633323)",G0043_C08_N0_S1001,G0043,erdos_renyi,20,62,10042,C08,512,45,1001,1.0,0.7440538194444445,0.9111111111111112,success,
32.62890625,42,COBYLA,3,N0,51,52,13312,186,51,2.4698456930000248,"(1.604672514070562, 1.8365841937995253, 1.2949787254611127, 0.040824618744651237, 0.5983852486026277, 0.05765774733768142)",G0043_C09_N0_S1000,G0043,erdos_renyi,20,62,10042,C09,256,45,1000,1.0,0.7250868055555556,0.9333333333333332,success,
33.03125,41,COBYLA,3,N0,53,54,13824,186,51,2.533897483000146,"(2.424271547216045, 0.5367856620604733, 0.5679047999857664, 1.3476081310669765, 0.11947497997106704, 0.3158418225041781)",G0043_C09_N0_S1001,G0043,erdos_renyi,20,62,10042,C09,256,45,1001,1.0,0.7340277777777777,0.9111111111111112,success,
31.55859375,42,COBYLA,3,N0,49,50,25600,186,51,3.624054876999708,"(1.4948976286181996, 1.7612632597965867, 1.216685611198615, 0.16449021585173754, 0.5137447289918244, 0.16717841420039772)",G0043_C10_N0_S1000,G0043,erdos_renyi,20,62,10042,C10,512,45,1000,1.0,0.7013020833333333,0.9333333333333332,success,
33.857421875,41,COBYLA,3,N0,54,55,28160,186,51,2.957270942000377,"(2.6097694765065373, 0.5697207291136502, 0.4850578951296139, 1.249442102968066, -0.01267419697718617, 0.16594591661912936)",G0043_C10_N0_S1001,G0043,erdos_renyi,20,62,10042,C10,512,45,1001,1.0,0.7523871527777778,0.9111111111111112,success,
33.58203125,41,SPSA,3,N0,79,80,20480,186,51,3.712051998999869,"(1.51921290159291, 2.167521200041156, 0.5695564603474682, -0.07822899597518913, 0.42447601125192874, 0.30527742687118053)",G0043_C11_N0_S1000,G0043,erdos_renyi,20,62,10042,C11,256,45,1000,1.0,0.7462673611111111,0.9111111111111112,success,
31.2578125,39,SPSA,3,N0,79,80,20480,186,51,4.484126485000161,"(1.6480600468591424, -0.23644728592841507, 0.5078675677776521, 1.7046421195421249, 0.6037307614634893, 0.605925629581743)",G0043_C11_N0_S1001,G0043,erdos_renyi,20,62,10042,C11,256,45,1001,1.0,0.6946180555555556,0.8666666666666667,success,
32.5,41,SPSA,3,N0,79,80,40960,186,51,4.202235148,"(1.9673851664276694, 1.5377993923497224, 1.4457148005036495, -0.025900416526399322, 0.37571089383999484, 0.374929604275496)",G0043_C12_N0_S1000,G0043,erdos_renyi,20,62,10042,C12,512,45,1000,1.0,0.7222222222222222,0.9111111111111112,success,
30.796875,40,SPSA,3,N0,79,80,40960,186,51,4.215467729000011,"(1.7354509775740454, -0.3315691449829314, 0.21740744259324923, 1.105461818695771, -0.08137440339743607, 0.44443260261542117)",G0043_C12_N0_S1001,G0043,erdos_renyi,20,62,10042,C12,512,45,1001,1.0,0.684375,0.8888888888888888,success,
42.359375,55,COBYLA,1,N0,31,32,8192,85,27,1.1334603430000243,"(2.184531670356912, 1.332611679558231)",G0044_C01_N0_S1000,G0044,erdos_renyi,20,85,10043,C01,256,57,1000,1.0,0.7431469298245614,0.9649122807017544,success,
42.3515625,54,COBYLA,1,N0,23,24,6144,85,27,0.7636847939998006,"(2.4245237272217217, 0.5246622371811382)",G0044_C01_N0_S1001,G0044,erdos_renyi,20,85,10043,C01,256,57,1001,1.0,0.7430098684210527,0.9473684210526316,success,
42.421875,55,COBYLA,1,N0,26,27,13824,85,27,1.0534070979997523,"(2.1526968349500666, 1.4962981386469232)",G0044_C02_N0_S1000,G0044,erdos_renyi,20,85,10043,C02,512,57,1000,1.0,0.7442434210526315,0.9649122807017544,success,
43.18359375,51,COBYLA,1,N0,32,33,16896,85,27,1.3170346739998422,"(2.674646255874351, 0.9400051697533381)",G0044_C02_N0_S1001,G0044,erdos_renyi,20,85,10043,C02,512,57,1001,1.0,0.7576069078947368,0.8947368421052632,success,
42.0546875,53,SPSA,1,N0,79,80,20480,85,27,2.888541714999974,"(1.8897801442422713, 0.8240447663377645)",G0044_C03_N0_S1000,G0044,erdos_renyi,20,85,10043,C03,256,57,1000,1.0,0.7378015350877193,0.9298245614035088,success,
42.1015625,54,SPSA,1,N0,79,80,20480,85,27,3.4054983680002806,"(1.9898186772794095, 0.12276774055385176)",G0044_C03_N0_S1001,G0044,erdos_renyi,20,85,10043,C03,256,57,1001,1.0,0.7386239035087719,0.9473684210526316,success,
42.22265625,53,SPSA,1,N0,79,80,40960,85,27,3.653509715999917,"(1.5671121404736326, 0.9285690387376773)",G0044_C04_N0_S1000,G0044,erdos_renyi,20,85,10043,C04,512,57,1000,1.0,0.7407483552631579,0.9298245614035088,success,
42.595703125,54,SPSA,1,N0,79,80,40960,85,27,3.025200516000041,"(1.9525037635673217, -0.00040910754894354917)",G0044_C04_N0_S1001,G0044,erdos_renyi,20,85,10043,C04,512,57,1001,1.0,0.7472930372807017,0.9473684210526316,success,
42.38671875,53,COBYLA,2,N0,40,41,10496,170,41,1.807326396999997,"(2.1375509873540275, 1.8945634119415635, 0.7398048944016234, 0.3192165903830759)",G0044_C05_N0_S1000,G0044,erdos_renyi,20,85,10043,C05,256,57,1000,1.0,0.7436266447368421,0.9298245614035088,success,
42.453125,52,COBYLA,2,N0,34,35,8960,170,41,1.5373125999999502,"(2.4245237272217217, 0.04932447436227646, 0.29482209794382347, 1.3475705621750358)",G0044_C05_N0_S1001,G0044,erdos_renyi,20,85,10043,C05,256,57,1001,1.0,0.7447916666666666,0.912280701754386,success,
42.55078125,54,COBYLA,2,N0,36,37,18944,170,41,1.911748238999735,"(2.1521612038216973, 1.9392375376681275, 0.7624785951300599, 0.31846953985654247)",G0044_C06_N0_S1000,G0044,erdos_renyi,20,85,10043,C06,512,57,1000,1.0,0.7465049342105263,0.9473684210526316,success,
42.66015625,54,COBYLA,2,N0,37,38,19456,170,41,1.976678209000056,"(2.4245237272217217, 0.04932447436227646, 0.29482209794382347, 1.3475705621750358)",G0044_C06_N0_S1001,G0044,erdos_renyi,20,85,10043,C06,512,57,1001,1.0,0.7484237938596491,0.9473684210526316,success,
43.09765625,54,SPSA,2,N0,79,80,20480,170,41,3.4170972819997587,"(0.9912505450437744, 1.6464423448707544, 0.26206959522596357, 0.5159439493802702)",G0044_C07_N0_S1000,G0044,erdos_renyi,20,85,10043,C07,256,57,1000,1.0,0.7560992324561403,0.9473684210526316,success,
42.5625,53,SPSA,2,N0,79,80,20480,170,41,3.701445108000371,"(1.5969028553992155, -0.23462628068909952, 0.3712774034760627, 1.3774089531192406)",G0044_C07_N0_S1001,G0044,erdos_renyi,20,85,10043,C07,256,57,1001,1.0,0.7467105263157895,0.9298245614035088,success,
42.171875,54,SPSA,2,N0,79,80,40960,170,41,4.962670478999826,"(1.7155410572158254, 1.69321692726867, 0.8153335483481248, 0.261789614329057)",G0044_C08_N0_S1000,G0044,erdos_renyi,20,85,10043,C08,512,57,1000,1.0,0.7398574561403509,0.9473684210526316,success,
42.833984375,55,SPSA,2,N0,79,80,40960,170,41,4.513495534999947,"(1.6930684045733049, 0.15053964748190812, 0.34565928268338314, 1.142918421018422)",G0044_C08_N0_S1001,G0044,erdos_renyi,20,85,10043,C08,512,57,1001,1.0,0.7514734100877193,0.9649122807017544,success,
42.578125,55,COBYLA,3,N0,53,54,13824,255,56,3.116250616000343,"(1.635794303766142, 2.393366785694273, 1.485863463935287, 0.3177554015456576, 0.8273954321170978, 0.7993241492706666)",G0044_C09_N0_S1000,G0044,erdos_renyi,20,85,10043,C09,256,57,1000,1.0,0.746984649122807,0.9649122807017544,success,
43.9765625,53,COBYLA,3,N0,49,50,12800,255,56,2.842751419999786,"(2.4207354100363445, 0.026676536857891585, 1.0902308025106742, 1.401203785648816, 0.12405190656095025, 0.8163264599579239)",G0044_C09_N0_S1001,G0044,erdos_renyi,20,85,10043,C09,256,57,1001,1.0,0.7715186403508771,0.9298245614035088,success,
42.783203125,55,COBYLA,3,N0,49,50,25600,255,56,3.21583545600015,"(1.6380088327531444, 2.396457344026591, 1.4795348817208167, 0.31899458926086005, 0.8307524839397582, 0.7998092917373577)",G0044_C10_N0_S1000,G0044,erdos_renyi,20,85,10043,C10,512,57,1000,1.0,0.7505825109649122,0.9649122807017544,success,
43.25390625,52,COBYLA,3,N0,59,60,30720,255,56,3.860680818000219,"(2.4757572712842353, 0.44729431524778673, 0.5733601482230951, 1.3335421302575423, 0.6329862254772873, 0.27015835085952855)",G0044_C10_N0_S1001,G0044,erdos_renyi,20,85,10043,C10,512,57,1001,1.0,0.7588404605263158,0.912280701754386,success,
43.3828125,53,SPSA,3,N0,79,80,20480,255,56,5.240213734000008,"(1.6783275934916413, 1.8342692176907736, 1.5557276802666966, 0.017303121294131127, 0.732355972968616, -0.07321418283685359)",G0044_C11_N0_S1000,G0044,erdos_renyi,20,85,10043,C11,256,57,1000,1.0,0.7611019736842105,0.9298245614035088,success,
43.17578125,53,SPSA,3,N0,79,80,20480,255,56,5.128118779000033,"(2.850688521039736, 0.027094935734316032, 0.967106176445451, 1.6513644577580995, 0.22467080392390207, 0.2101357866084506)",G0044_C11_N0_S1001,G0044,erdos_renyi,20,85,10043,C11,256,57,1001,1.0,0.7574698464912281,0.9298245614035088,success,
43.33984375,51,SPSA,3,N0,79,80,40960,255,56,5.054753619000167,"(1.779980245471091, 1.719942099336525, 1.580276398602807, -0.021172768739361365, 0.8419665155663956, -0.021692470550102434)",G0044_C12_N0_S1000,G0044,erdos_renyi,20,85,10043,C12,512,57,1000,1.0,0.7603481359649122,0.8947368421052632,success,
43.09375,53,SPSA,3,N0,79,80,40960,255,56,5.019858790999933,"(2.849135966481494, -0.2150361992688009, 0.17421075333287944, 1.6978785079636796, 0.02768338099710202, 0.5753665418793946)",G0044_C12_N0_S1001,G0044,erdos_renyi,20,85,10043,C12,512,57,1001,1.0,0.7560307017543859,0.9298245614035088,success,
33.6796875,41,COBYLA,1,N0,36,37,9472,56,23,1.1022317590000057,"(0.3261145330916377, 0.344890791954266)",G0045_C01_N0_S1000,G0045,erdos_renyi,20,56,10044,C01,256,42,1000,1.0,0.8018973214285714,0.9761904761904762,success,
28.03125,38,COBYLA,1,N0,23,24,6144,56,23,0.8092785969997749,"(1.9245237272217217, 0.5246622371811382)",G0045_C01_N0_S1001,G0045,erdos_renyi,20,56,10044,C01,256,42,1001,1.0,0.6674107142857143,0.9047619047619048,success,
29.44921875,38,COBYLA,1,N0,31,32,16384,56,23,1.023578993999763,"(2.616695616420306, 1.1399864855516457)",G0045_C02_N0_S1000,G0045,erdos_renyi,20,56,10044,C02,512,42,1000,1.0,0.701171875,0.9047619047619048,success,
28.072265625,40,COBYLA,1,N0,27,28,14336,56,23,0.9129905540003164,"(1.4662540380369051, 0.7246344651890582)",G0045_C02_N0_S1001,G0045,erdos_renyi,20,56,10044,C02,512,42,1001,1.0,0.6683872767857143,0.9523809523809524,success,
27.640625,37,SPSA,1,N0,79,80,20480,56,23,1.899664133999977,"(1.7458310054503283, 0.9633449223537071)",G0045_C03_N0_S1000,G0045,erdos_renyi,20,56,10044,C03,256,42,1000,1.0,0.6581101190476191,0.8809523809523809,success,
29.66796875,38,SPSA,1,N0,79,80,20480,56,23,1.91296828700024,"(2.4991150573806533, -0.37058795626693536)",G0045_C03_N0_S1001,G0045,erdos_renyi,20,56,10044,C03,256,42,1001,1.0,0.7063802083333334,0.9047619047619048,success,
28.03125,40,SPSA,1,N0,79,80,40960,56,23,3.584304299999985,"(1.9241340085772534, 0.8536590711768014)",G0045_C04_N0_S1000,G0045,erdos_renyi,20,56,10044,C04,512,42,1000,1.0,0.6674107142857143,0.9523809523809524,success,
28.083984375,37,SPSA,1,N0,79,80,40960,56,23,2.4585272469998927,"(2.115353261130716, 0.09342308773392664)",G0045_C04_N0_S1001,G0045,erdos_renyi,20,56,10044,C04,512,42,1001,1.0,0.6686662946428571,0.8809523809523809,success,
27.86328125,38,COBYLA,2,N0,37,38,9728,112,38,1.3338189959999909,"(2.257661369589571, 1.4682792323981742, 0.7291585087733639, 0.23991595815500777)",G0045_C05_N0_S1000,G0045,erdos_renyi,20,56,10044,C05,256,42,1000,1.0,0.6634114583333334,0.9047619047619048,success,
29.65234375,38,COBYLA,2,N0,41,42,10752,112,38,1.476226251999833,"(1.72571108198777, 0.8365811236239064, 0.08921289416388814, 1.0501010637066026)",G0045_C05_N0_S1001,G0045,erdos_renyi,20,56,10044,C05,256,42,1001,1.0,0.7060081845238095,0.9047619047619048,success,
27.85546875,38,COBYLA,2,N0,36,37,18944,112,38,1.538068414999998,"(2.131221171120124, 1.8299694519299428, 0.7535510771009868, 0.28865163660972737)",G0045_C06_N0_S1000,G0045,erdos_renyi,20,56,10044,C06,512,42,1000,1.0,0.6632254464285714,0.9047619047619048,success,
29.09375,40,COBYLA,2,N0,37,38,19456,112,38,1.5461217320003016,"(1.734083085788477, 0.8255428725628446, 0.04503594340815592, 0.9688428642649329)",G0045_C06_N0_S1001,G0045,erdos_renyi,20,56,10044,C06,512,42,1001,1.0,0.6927083333333334,0.9523809523809524,success,
29.7890625,40,SPSA,2,N0,79,80,20480,112,38,2.6807140269997944,"(1.6835679863073871, 1.9459954140836293, 1.5416254386899633, 0.41313299986176555)",G0045_C07_N0_S1000,G0045,erdos_renyi,20,56,10044,C07,256,42,1000,1.0,0.7092633928571429,0.9523809523809524,success,
28.296875,38,SPSA,2,N0,79,80,20480,112,38,3.607995482000206,"(1.3758688280402303, 0.2735857449357555, 0.4243885044896772, 1.1907428263961561)",G0045_C07_N0_S1001,G0045,erdos_renyi,20,56,10044,C07,256,42,1001,1.0,0.6737351190476191,0.9047619047619048,success,
27.8203125,38,SPSA,2,N0,79,80,40960,112,38,3.311774393000178,"(1.5237630265403053, 1.851735547012395, 0.7811496906893298, 0.18990497088798086)",G0045_C08_N0_S1000,G0045,erdos_renyi,20,56,10044,C08,512,42,1000,1.0,0.6623883928571429,0.9047619047619048,success,
29.478515625,38,SPSA,2,N0,79,80,40960,112,38,3.1647699230002218,"(1.799985736569707, 0.8744953306952628, 0.08661143365465973, 1.0495839908874176)",G0045_C08_N0_S1001,G0045,erdos_renyi,20,56,10044,C08,512,42,1001,1.0,0.7018694196428571,0.9047619047619048,success,
28.0625,38,COBYLA,3,N0,49,50,12800,168,53,2.880123585000092,"(2.1991260341165173, 1.8970251104851767, 1.4795072907359663, 0.3192611215778017, 0.817626358140925, 0.30007908703546404)",G0045_C09_N0_S1000,G0045,erdos_renyi,20,56,10044,C09,256,42,1000,1.0,0.6681547619047619,0.9047619047619048,success,
29.90234375,38,COBYLA,3,N0,52,53,13568,168,53,2.3337550720002582,"(2.4696712272092056, 0.6300742686841606, 0.5254826204152181, 1.2819547499802075, 0.06981721481431147, 0.2587570754925396)",G0045_C09_N0_S1001,G0045,erdos_renyi,20,56,10044,C09,256,42,1001,1.0,0.7119605654761905,0.9047619047619048,success,
27.892578125,36,COBYLA,3,N0,51,52,26624,168,53,2.634743986000103,"(2.135654476825784, 1.8830049104566466, 1.524878666846433, 0.3180046916376393, 0.8384042436454612, 0.3132537470030487)",G0045_C10_N0_S1000,G0045,erdos_renyi,20,56,10044,C10,512,42,1000,1.0,0.6641090029761905,0.8571428571428571,success,
30.068359375,40,COBYLA,3,N0,50,51,26112,168,53,2.573048906000168,"(2.519915187645585, 0.6112034042821497, 0.5511190227817891, 1.2888203639545754, 0.13771189347645363, 0.27414485441144476)",G0045_C10_N0_S1001,G0045,erdos_renyi,20,56,10044,C10,512,42,1001,1.0,0.7159133184523809,0.9523809523809524,success,
28.05078125,38,SPSA,3,N0,79,80,20480,168,53,3.446144037999602,"(1.8307909080493245, 1.8737865965487073, 1.2257326208812178, -0.04354235152069956, 0.807334221267158, 0.38385958773208556)",G0045_C11_N0_S1000,G0045,erdos_renyi,20,56,10044,C11,256,42,1000,1.0,0.6678757440476191,0.9047619047619048,success,
27.765625,37,SPSA,3,N0,79,80,20480,168,53,4.272593695000069,"(1.566850640683655, -0.04285193513016958, 0.42671935557315255, 1.3341369235614364, 0.08569636815052054, 0.5246535708336935)",G0045_C11_N0_S1001,G0045,erdos_renyi,20,56,10044,C11,256,42,1001,1.0,0.6610863095238095,0.8809523809523809,success,
29.626953125,38,SPSA,3,N0,79,80,40960,168,53,4.59265866800024,"(1.8890866672649902, 1.5982429943884378, 0.7641655048589117, -0.038859018000095974, 0.36095316857315773, 0.28908052493990877)",G0045_C12_N0_S1000,G0045,erdos_renyi,20,56,10044,C12,512,42,1000,1.0,0.7054036458333334,0.9047619047619048,success,
29.845703125,37,SPSA,3,N0,79,80,40960,168,53,3.927892522000093,"(2.006713921381656, 0.019782522840197117, 0.6255267932259565, 1.4632588649517462, 0.1955254636930842, 1.0473054800083303)",G0045_C12_N0_S1001,G0045,erdos_renyi,20,56,10044,C12,512,42,1001,1.0,0.7106119791666666,0.8809523809523809,success,
31.37109375,42,COBYLA,1,N0,30,31,7936,61,27,0.9524323129999176,"(2.6369433657339356, 0.6521048326674608)",G0046_C01_N0_S1000,G0046,erdos_renyi,20,61,10045,C01,256,44,1000,1.0,0.7129794034090909,0.9545454545454546,success,
31.7734375,40,COBYLA,1,N0,24,25,6400,61,27,1.1750306399999315,"(2.434208911725607, 0.5104916429834951)",G0046_C01_N0_S1001,G0046,erdos_renyi,20,61,10045,C01,256,44,1001,1.0,0.7221235795454546,0.9090909090909092,success,
30.548828125,41,COBYLA,1,N0,26,27,13824,61,27,0.8991039460001957,"(1.6029781532576621, 1.5685115486904564)",G0046_C02_N0_S1000,G0046,erdos_renyi,20,61,10045,C02,512,44,1000,1.0,0.6942915482954546,0.9318181818181818,success,
31.9609375,41,COBYLA,1,N0,26,27,13824,61,27,1.2731883349997588,"(2.806266415334056, 0.4002903909925044)",G0046_C02_N0_S1001,G0046,erdos_renyi,20,61,10045,C02,512,44,1001,1.0,0.7263849431818182,0.9318181818181818,success,
30.5234375,40,SPSA,1,N0,79,80,20480,61,27,1.9812095420002152,"(1.7591579272613742, 0.9612111230361138)",G0046_C03_N0_S1000,G0046,erdos_renyi,20,61,10045,C03,256,44,1000,1.0,0.6937144886363636,0.9090909090909092,success,
32.17578125,43,SPSA,1,N0,79,80,20480,61,27,2.0200655490002646,"(2.7738444774095092, 0.46752422466443355)",G0046_C03_N0_S1001,G0046,erdos_renyi,20,61,10045,C03,256,44,1001,1.0,0.7312677556818182,0.9772727272727272,success,
30.578125,41,SPSA,1,N0,79,80,40960,61,27,2.5576359269998648,"(2.0734851190496606, 0.4437366184257826)",G0046_C04_N0_S1000,G0046,erdos_renyi,20,61,10045,C04,512,44,1000,1.0,0.6949573863636364,0.9318181818181818,success,
30.896484375,41,SPSA,1,N0,79,80,40960,61,27,2.5591138380000302,"(2.1756996108902764, 0.4235079638355139)",G0046_C04_N0_S1001,G0046,erdos_renyi,20,61,10045,C04,512,44,1001,1.0,0.7021928267045454,0.9318181818181818,success,
31.34375,41,COBYLA,2,N0,39,40,10240,122,41,2.3256628459998865,"(2.5857731401102333, 1.6533704910535427, 0.49924889533773625, 0.008004318083130643)",G0046_C05_N0_S1000,G0046,erdos_renyi,20,61,10045,C05,256,44,1000,1.0,0.7123579545454546,0.9318181818181818,success,
30.33984375,43,COBYLA,2,N0,39,40,10240,122,41,1.4823857129999851,"(1.8478453494057419, -0.4196542057337028, 0.6895844282729808, 1.1604679713990396)",G0046_C05_N0_S1001,G0046,erdos_renyi,20,61,10045,C05,256,44,1001,1.0,0.6895419034090909,0.9772727272727272,success,
31.91015625,42,COBYLA,2,N0,48,49,25088,122,41,2.171443913000076,"(2.749630115970952, 1.4772024114748463, 0.3859223678066836, -0.21088486541205337)",G0046_C06_N0_S1000,G0046,erdos_renyi,20,61,10045,C06,512,44,1000,1.0,0.7252308238636364,0.9545454545454546,success,
30.404296875,40,COBYLA,2,N0,34,35,17920,122,41,1.5385532089999288,"(1.982429685397559, 0.0737576586065465, 0.7927227294426893, 1.351552898847126)",G0046_C06_N0_S1001,G0046,erdos_renyi,20,61,10045,C06,512,44,1001,1.0,0.6910067471590909,0.9090909090909092,success,
30.484375,40,SPSA,2,N0,79,80,20480,122,41,2.8356191259999832,"(1.6371976889981448, 2.124568286394397, 0.5242141846492532, 0.03857956210999869)",G0046_C07_N0_S1000,G0046,erdos_renyi,20,61,10045,C07,256,44,1000,1.0,0.6928267045454546,0.9090909090909092,success,
31.4921875,39,SPSA,2,N0,79,80,20480,122,41,3.5280935239998144,"(2.6117923120235336, 0.11836817064259038, 0.2608357208261247, 1.6272476565217477)",G0046_C07_N0_S1001,G0046,erdos_renyi,20,61,10045,C07,256,44,1001,1.0,0.7157315340909091,0.8863636363636364,success,
30.521484375,41,SPSA,2,N0,79,80,40960,122,41,3.3730093449999003,"(1.850420249974669, 1.9601799888749853, 0.867211566258819, 0.24471952604410507)",G0046_C08_N0_S1000,G0046,erdos_renyi,20,61,10045,C08,512,44,1000,1.0,0.6936700994318182,0.9318181818181818,success,
32.04296875,42,SPSA,2,N0,79,80,40960,122,41,3.4390615050001543,"(2.799485913722807, 0.004138728914730341, 0.38727021337865014, 1.6578603312590072)",G0046_C08_N0_S1001,G0046,erdos_renyi,20,61,10045,C08,512,44,1001,1.0,0.7282492897727273,0.9545454545454546,success,
31.15234375,40,COBYLA,3,N0,50,51,13056,183,55,2.823440107999886,"(2.1456975386207136, 1.7005877496726205, 1.3619425134046383, 0.19385486939048813, 1.153170482746933, -0.4576487568335758)",G0046_C09_N0_S1000,G0046,erdos_renyi,20,61,10045,C09,256,44,1000,1.0,0.7080078125,0.9090909090909092,success,
32.125,41,COBYLA,3,N0,57,58,14848,183,55,2.719139653000184,"(2.4367704965584753, -0.07310831528241421, 0.48413695761823006, 1.3218524911436933, 0.1371191496577901, 0.3379198158521147)",G0046_C09_N0_S1001,G0046,erdos_renyi,20,61,10045,C09,256,44,1001,1.0,0.7301136363636364,0.9318181818181818,success,
30.43359375,42,COBYLA,3,N0,56,57,29184,183,55,3.366032337999968,"(1.526391179968804, 2.4451829110289416, 1.4131281814306913, 0.2870452959909666, 0.729519471288596, 0.2977826876512795)",G0046_C10_N0_S1000,G0046,erdos_renyi,20,61,10045,C10,512,44,1000,1.0,0.6916725852272727,0.9545454545454546,success,
31.7421875,43,COBYLA,3,N0,55,56,28672,183,55,3.0083747620001304,"(1.8873204508825503, 0.024718452731874112, 0.8787829482615094, 1.3025420736288496, 0.11704171098547839, 0.35773439713535576)",G0046_C10_N0_S1001,G0046,erdos_renyi,20,61,10045,C10,512,44,1001,1.0,0.7214133522727273,0.9772727272727272,success,
31.7734375,42,SPSA,3,N0,79,80,20480,183,55,3.665951124999992,"(1.2388776850274275, 2.3331607698279, 1.5385797089701831, 0.09867226195797797, 1.1409922671645953, 0.07221525951625464)",G0046_C11_N0_S1000,G0046,erdos_renyi,20,61,10045,C11,256,44,1000,1.0,0.7221235795454546,0.9545454545454546,success,
31.484375,43,SPSA,3,N0,79,80,20480,183,55,4.476198113999999,"(1.9764347308526575, 0.2052667835999434, 0.5705104666471765, 1.42937853758806, 0.034881804342077924, 0.2156409502306015)",G0046_C11_N0_S1001,G0046,erdos_renyi,20,61,10045,C11,256,44,1001,1.0,0.7155539772727273,0.9772727272727272,success,
33.78125,44,SPSA,3,N0,79,80,40960,183,55,4.280800131999968,"(1.8479227435603356, 1.9995375072347061, 1.712969013251052, -0.07352508343514998, 1.5818006994153406, -0.4214454699243428)",G0046_C12_N0_S1000,G0046,erdos_renyi,20,61,10045,C12,512,44,1000,1.0,0.7677556818181818,1.0,success,
31.919921875,43,SPSA,3,N0,79,80,40960,183,55,4.166297640999801,"(2.191756708489213, -0.4161704933347508, 0.9618943748436262, 1.5227583775672697, 0.007753597325499198, 0.5583032625436145)",G0046_C12_N0_S1001,G0046,erdos_renyi,20,61,10045,C12,512,44,1001,1.0,0.7254527698863636,0.9772727272727272,success,
33.67578125,44,COBYLA,1,N0,29,30,7680,68,24,0.9878043439998692,"(1.7383123425573912, 1.6790561011915428)",G0047_C01_N0_S1000,G0047,erdos_renyi,20,68,10046,C01,256,50,1000,1.0,0.673515625,0.88,success,
35.1328125,44,COBYLA,1,N0,26,27,6912,68,24,0.7498546719998558,"(2.715995560207434, 0.39456310045316495)",G0047_C01_N0_S1001,G0047,erdos_renyi,20,68,10046,C01,256,50,1001,1.0,0.70265625,0.88,success,
33.783203125,45,COBYLA,1,N0,28,29,14848,68,24,1.028494007000063,"(1.6078649397570546, 1.5100805160366564)",G0047_C02_N0_S1000,G0047,erdos_renyi,20,68,10046,C02,512,50,1000,1.0,0.6756640625,0.9,success,
34.83984375,46,COBYLA,1,N0,22,23,11776,68,24,0.770113749000302,"(2.5572113526957234, 0.27248438315256984)",G0047_C02_N0_S1001,G0047,erdos_renyi,20,68,10046,C02,512,50,1001,1.0,0.696796875,0.92,success,
33.8984375,44,SPSA,1,N0,79,80,20480,68,24,2.036522819999845,"(1.8321558139273635, 0.6583210575224662)",G0047_C03_N0_S1000,G0047,erdos_renyi,20,68,10046,C03,256,50,1000,1.0,0.67796875,0.88,success,
35.234375,44,SPSA,1,N0,79,80,20480,68,24,2.030444828000327,"(2.6406368671627174, 0.4722100142756839)",G0047_C03_N0_S1001,G0047,erdos_renyi,20,68,10046,C03,256,50,1001,1.0,0.7046875,0.88,success,
33.927734375,46,SPSA,1,N0,79,80,40960,68,24,3.721675405000042,"(1.9052493128595005, 0.7240180532206383)",G0047_C04_N0_S1000,G0047,erdos_renyi,20,68,10046,C04,512,50,1000,1.0,0.6785546875,0.92,success,
35.626953125,47,SPSA,1,N0,79,80,40960,68,24,2.6817293219996827,"(2.5413417451952593, 0.42653994568203135)",G0047_C04_N0_S1001,G0047,erdos_renyi,20,68,10046,C04,512,50,1001,1.0,0.7125390625,0.94,success,
34.9921875,45,COBYLA,2,N0,36,37,9472,136,39,1.4579850149998492,"(2.3903092897179565, 1.7614328047657901, 0.37428525904904947, 0.11414609886841263)",G0047_C05_N0_S1000,G0047,erdos_renyi,20,68,10046,C05,256,50,1000,1.0,0.69984375,0.9,success,
35.0234375,48,COBYLA,2,N0,39,40,10240,136,39,1.7635787320000418,"(2.3010388713004977, 0.48907199232488063, 0.286808986788082, 1.809893832184965)",G0047_C05_N0_S1001,G0047,erdos_renyi,20,68,10046,C05,256,50,1001,1.0,0.70046875,0.96,success,
40.0859375,50,COBYLA,2,N0,52,53,27136,136,39,2.398889361000329,"(3.0535398110683145, 2.8660590252813933, 0.4245882397934923, -0.310577338295102)",G0047_C06_N0_S1000,G0047,erdos_renyi,20,68,10046,C06,512,50,1000,1.0,0.80171875,1.0,success,
35.181640625,47,COBYLA,2,N0,41,42,21504,136,39,2.60759174399982,"(2.435349920077568, 0.05624848112516382, 0.7385742494956189, 1.288560389099447)",G0047_C06_N0_S1001,G0047,erdos_renyi,20,68,10046,C06,512,50,1001,1.0,0.7036328125,0.94,success,
39.12890625,49,SPSA,2,N0,79,80,20480,136,39,2.9617336250003063,"(0.35164029769873617, 2.237645140475157, 0.25666308744089483, 0.286313514596524)",G0047_C07_N0_S1000,G0047,erdos_renyi,20,68,10046,C07,256,50,1000,1.0,0.782578125,0.98,success,
35.61328125,46,SPSA,2,N0,79,80,20480,136,39,2.973056986999836,"(2.6748132665139237, -0.5770531072065734, 0.3742886302721079, 1.8288082027592212)",G0047_C07_N0_S1001,G0047,erdos_renyi,20,68,10046,C07,256,50,1001,1.0,0.712265625,0.92,success,
33.978515625,45,SPSA,2,N0,79,80,40960,136,39,4.211614593999912,"(1.6572087772344615, 1.8149022807457134, 0.500476250615555, 0.02317555753746761)",G0047_C08_N0_S1000,G0047,erdos_renyi,20,68,10046,C08,512,50,1000,1.0,0.6795703125,0.9,success,
35.78125,45,SPSA,2,N0,79,80,40960,136,39,3.5427168480000546,"(2.6520044040306567, -0.43466096184205527, 0.355006353654572, 1.8302950944127587)",G0047_C08_N0_S1001,G0047,erdos_renyi,20,68,10046,C08,512,50,1001,1.0,0.715625,0.9,success,
34.41015625,43,COBYLA,3,N0,54,55,14080,204,54,3.027827030000026,"(1.653279755656292, 2.461818171272198, 1.3963102304406632, 0.04531117181981054, 1.0779162129606221, 0.14062889717890106)",G0047_C09_N0_S1000,G0047,erdos_renyi,20,68,10046,C09,256,50,1000,1.0,0.688203125,0.86,success,
34.578125,45,COBYLA,3,N0,54,55,14080,204,54,2.911007803999837,"(1.8789723939902632, 0.016299757769469035, 0.5290876277072408, 1.3107499011462735, 0.07300241825242539, 0.2433692786024219)",G0047_C09_N0_S1001,G0047,erdos_renyi,20,68,10046,C09,256,50,1001,1.0,0.6915625,0.9,success,
34.18359375,46,COBYLA,3,N0,50,51,26112,204,54,2.9251390849999552,"(1.6367881283633774, 2.396013349925279, 1.478095432854816, 0.3223488342548524, 0.8336219264950226, 0.3017313717665163)",G0047_C10_N0_S1000,G0047,erdos_renyi,20,68,10046,C10,512,50,1000,1.0,0.683671875,0.92,success,
35.078125,50,COBYLA,3,N0,50,51,26112,204,54,3.5127056019996417,"(1.8673911032199046, 0.029894120825228437, 0.5647063591814238, 1.299385722588722, 0.09650151761082336, 0.5538357366354241)",G0047_C10_N0_S1001,G0047,erdos_renyi,20,68,10046,C10,512,50,1001,1.0,0.7015625,1.0,success,
36.83203125,49,SPSA,3,N0,79,80,20480,204,54,3.868165596000381,"(1.9106780803401946, 2.3368222578028512, 1.701222524796214, 0.10848987947076376, 1.6898353039007226, -0.1463739319077762)",G0047_C11_N0_S1000,G0047,erdos_renyi,20,68,10046,C11,256,50,1000,1.0,0.736640625,0.98,success,
35.41796875,45,SPSA,3,N0,79,80,20480,204,54,3.856739612000183,"(1.656983520297042, 0.26064277714556017, 0.6364655118860206, 1.581772290235907, -0.018586839142842863, 0.33133624840850107)",G0047_C11_N0_S1001,G0047,erdos_renyi,20,68,10046,C11,256,50,1001,1.0,0.708359375,0.9,success,
35.751953125,46,SPSA,3,N0,79,80,40960,204,54,5.208141361999878,"(1.9103403525137868, 1.877788364248016, 1.1385127958066468, 0.08639373425484553, 1.243658730559296, -0.008178219654176179)",G0047_C12_N0_S1000,G0047,erdos_renyi,20,68,10046,C12,512,50,1000,1.0,0.7150390625,0.92,success,
35.443359375,47,SPSA,3,N0,79,80,40960,204,54,4.540964505999909,"(2.5610380415926843, -0.11764246786956198, 0.45683639461364023, 1.8251005205545168, 0.15782251234310857, 0.10346176910662302)",G0047_C12_N0_S1001,G0047,erdos_renyi,20,68,10046,C12,512,50,1001,1.0,0.7088671875,0.94,success,
36.3046875,47,COBYLA,1,N0,25,26,6656,73,27,1.21378821899998,"(1.2384319335085974, 1.750090146712355)",G0048_C01_N0_S1000,G0048,erdos_renyi,20,73,10047,C01,256,54,1000,1.0,0.6723090277777778,0.8703703703703703,success,
36.92578125,47,COBYLA,1,N0,28,29,7424,73,27,0.8188114710001173,"(2.333868464409588, 0.5618757753379414)",G0048_C01_N0_S1001,G0048,erdos_renyi,20,73,10047,C01,256,54,1001,1.0,0.6838107638888888,0.8703703703703703,success,
36.208984375,49,COBYLA,1,N0,26,27,13824,73,27,1.7435054870002205,"(1.564936253888463, 1.5069810309088618)",G0048_C02_N0_S1000,G0048,erdos_renyi,20,73,10047,C02,512,54,1000,1.0,0.6705367476851852,0.9074074074074074,success,
37.0234375,47,COBYLA,1,N0,27,28,14336,73,27,1.1294581629999811,"(2.73546480081577, 0.9469956090310446)",G0048_C02_N0_S1001,G0048,erdos_renyi,20,73,10047,C02,512,54,1001,1.0,0.6856192129629629,0.8703703703703703,success,
36.25,45,SPSA,1,N0,79,80,20480,73,27,2.226074593000249,"(1.7287201638451002, 1.0619272066743934)",G0048_C03_N0_S1000,G0048,erdos_renyi,20,73,10047,C03,256,54,1000,1.0,0.6712962962962963,0.8333333333333334,success,
36.84375,48,SPSA,1,N0,79,80,20480,73,27,3.1100257789998977,"(2.3253686715594175, 0.23965105532031572)",G0048_C03_N0_S1001,G0048,erdos_renyi,20,73,10047,C03,256,54,1001,1.0,0.6822916666666666,0.8888888888888888,success,
36.4375,48,SPSA,1,N0,79,80,40960,73,27,2.810728662999736,"(1.8279497911208717, 1.0222119612464982)",G0048_C04_N0_S1000,G0048,erdos_renyi,20,73,10047,C04,512,54,1000,1.0,0.6747685185185185,0.8888888888888888,success,
36.8515625,46,SPSA,1,N0,79,80,40960,73,27,2.8006456170001,"(2.4164384635863723, 0.2797959584381113)",G0048_C04_N0_S1001,G0048,erdos_renyi,20,73,10047,C04,512,54,1001,1.0,0.6824363425925926,0.8518518518518519,success,
35.79296875,48,COBYLA,2,N0,35,36,9216,146,43,1.3861571639999966,"(2.171235877042132, 1.9087669611106153, 0.7409505822072292, 0.7838372649585942)",G0048_C05_N0_S1000,G0048,erdos_renyi,20,73,10047,C05,256,54,1000,1.0,0.6628327546296297,0.8888888888888888,success,
36.9296875,46,COBYLA,2,N0,35,36,9216,146,43,1.3927161569999953,"(2.4245237272217217, 0.5493244743622765, 0.29482209794382347, 1.3475705621750358)",G0048_C05_N0_S1001,G0048,erdos_renyi,20,73,10047,C05,256,54,1001,1.0,0.6838831018518519,0.8518518518518519,success,
36.111328125,48,COBYLA,2,N0,39,40,20480,146,43,1.810042660000363,"(2.0815583290829647, 1.89312228965394, 0.7879266731015842, 0.8178689399571981)",G0048_C06_N0_S1000,G0048,erdos_renyi,20,73,10047,C06,512,54,1000,1.0,0.6687282986111112,0.8888888888888888,success,
37.056640625,47,COBYLA,2,N0,34,35,17920,146,43,1.6033873679998578,"(2.4245237272217217, 0.5493244743622765, 0.29482209794382347, 1.3475705621750358)",G0048_C06_N0_S1001,G0048,erdos_renyi,20,73,10047,C06,512,54,1001,1.0,0.6862340856481481,0.8703703703703703,success,
36.46875,46,SPSA,2,N0,79,80,20480,146,43,3.845320055999764,"(1.1382081208032746, 1.703638745769581, 0.45727887341119333, 0.24194685656372952)",G0048_C07_N0_S1000,G0048,erdos_renyi,20,73,10047,C07,256,54,1000,1.0,0.6753472222222222,0.8518518518518519,success,
36.73828125,46,SPSA,2,N0,79,80,20480,146,43,3.218929851000212,"(2.1911054730627106, -0.15393691492381872, 0.430421710179658, 1.5232874004205623)",G0048_C07_N0_S1001,G0048,erdos_renyi,20,73,10047,C07,256,54,1001,1.0,0.6803385416666666,0.8518518518518519,success,
36.236328125,48,SPSA,2,N0,79,80,40960,146,43,3.546208049000142,"(1.6351872375549847, 1.7793493458777627, 0.8267886825820685, 0.4863696869680372)",G0048_C08_N0_S1000,G0048,erdos_renyi,20,73,10047,C08,512,54,1000,1.0,0.6710431134259259,0.8888888888888888,success,
36.591796875,46,SPSA,2,N0,79,80,40960,146,43,4.259300738000093,"(1.8537813029309451, -0.010150950613132903, 0.18694556361034848, 1.2853446643353483)",G0048_C08_N0_S1001,G0048,erdos_renyi,20,73,10047,C08,512,54,1001,1.0,0.6776258680555556,0.8518518518518519,success,
39.88671875,51,COBYLA,3,N0,65,66,16896,219,59,3.2923459229996297,"(1.422013686260991, 1.7907950448928511, 2.5036919253905525, -0.09264162311407566, 0.5713410840623482, -0.4641322818465057)",G0048_C09_N0_S1000,G0048,erdos_renyi,20,73,10047,C09,256,54,1000,1.0,0.7386429398148148,0.9444444444444444,success,
36.76171875,45,COBYLA,3,N0,52,53,13568,219,59,2.6477440369999385,"(1.8759539387565767, 0.03932481203121719, 0.5106923790294586, 1.273287356287167, 0.09197918492573467, 0.29044410454446645)",G0048_C09_N0_S1001,G0048,erdos_renyi,20,73,10047,C09,256,54,1001,1.0,0.6807725694444444,0.8333333333333334,success,
42.037109375,51,COBYLA,3,N0,66,67,34304,219,59,4.423494936999759,"(2.614849852887924, 1.8197892314802178, 1.3769233239221101, 0.16798888185864322, 1.5934244497572012, -0.3011223926513187)",G0048_C10_N0_S1000,G0048,erdos_renyi,20,73,10047,C10,512,54,1000,1.0,0.7784649884259259,0.9444444444444444,success,
36.466796875,47,COBYLA,3,N0,50,51,26112,219,59,2.8987992239999585,"(1.9245468374134773, 0.0493452503876374, 0.5896478048203223, 1.3475330560466758, 0.11968193460049711, 0.3158703417929547)",G0048_C10_N0_S1001,G0048,erdos_renyi,20,73,10047,C10,512,54,1001,1.0,0.6753110532407407,0.8703703703703703,success,
39.234375,50,SPSA,3,N0,79,80,20480,219,59,4.086553699999968,"(1.4843843027465033, 2.1702116191377625, 2.2281522672434275, -0.2133054745437924, 1.4820944980726902, -0.23917311433894867)",G0048_C11_N0_S1000,G0048,erdos_renyi,20,73,10047,C11,256,54,1000,1.0,0.7265625,0.925925925925926,success,
36.9140625,47,SPSA,3,N0,79,80,20480,219,59,4.7509120390000135,"(1.9539186769090464, -0.35554100174410463, 0.7059447905134543, 1.4921585018227501, 0.06802078006998194, 0.509078212615924)",G0048_C11_N0_S1001,G0048,erdos_renyi,20,73,10047,C11,256,54,1001,1.0,0.68359375,0.8703703703703703,success,
36.986328125,50,SPSA,3,N0,79,80,40960,219,59,4.532876153999951,"(1.6906456813686033, 1.962987008443508, 1.5117607367562855, -0.10162585248238432, 0.8585418483956677, 0.061814407634210644)",G0048_C12_N0_S1000,G0048,erdos_renyi,20,73,10047,C12,512,54,1000,1.0,0.6849320023148148,0.925925925925926,success,
37.06640625,48,SPSA,3,N0,79,80,40960,219,59,4.426928951999798,"(1.9329993006658293, 0.006008419731128478, 0.47482972407665214, 1.5960774695229456, 0.016308386900890454, 0.41360369916594864)",G0048_C12_N0_S1001,G0048,erdos_renyi,20,73,10047,C12,512,54,1001,1.0,0.6864149305555556,0.8888888888888888,success,
30.671875,40,COBYLA,1,N0,27,28,7168,61,25,0.885562537000169,"(2.197032759233118, 1.058684970476627)",G0049_C01_N0_S1000,G0049,erdos_renyi,20,61,10048,C01,256,45,1000,1.0,0.6815972222222222,0.8888888888888888,success,
31.19921875,39,COBYLA,1,N0,25,26,6656,61,25,0.7220234089995756,"(2.600904479029911, 0.5089136639364498)",G0049_C01_N0_S1001,G0049,erdos_renyi,20,61,10048,C01,256,45,1001,1.0,0.6933159722222222,0.8666666666666667,success,
30.52734375,40,COBYLA,1,N0,28,29,14848,61,25,0.9977512710001974,"(2.1460032577706674, 0.9611812394188294)",G0049_C02_N0_S1000,G0049,erdos_renyi,20,61,10048,C02,512,45,1000,1.0,0.6783854166666666,0.8888888888888888,success,
31.927734375,41,COBYLA,1,N0,34,35,17920,61,25,1.1964394219999122,"(2.8657666996640607, 0.28621267743716844)",G0049_C02_N0_S1001,G0049,erdos_renyi,20,61,10048,C02,512,45,1001,1.0,0.7095052083333333,0.9111111111111112,success,
30.43359375,40,SPSA,1,N0,79,80,20480,61,25,2.0593485449999207,"(1.6197175388146805, 0.8145197118309642)",G0049_C03_N0_S1000,G0049,erdos_renyi,20,61,10048,C03,256,45,1000,1.0,0.6763020833333333,0.8888888888888888,success,
30.6171875,41,SPSA,1,N0,79,80,20480,61,25,2.0753268930002378,"(2.032217906579021, -0.062091451981933984)",G0049_C03_N0_S1001,G0049,erdos_renyi,20,61,10048,C03,256,45,1001,1.0,0.6803819444444444,0.9111111111111112,success,
30.5625,39,SPSA,1,N0,79,80,40960,61,25,2.9719242249998388,"(1.7822620320766955, 0.8893751285263612)",G0049_C04_N0_S1000,G0049,erdos_renyi,20,61,10048,C04,512,45,1000,1.0,0.6791666666666667,0.8666666666666667,success,
30.482421875,42,SPSA,1,N0,79,80,40960,61,25,2.6131040979998943,"(1.9735555377104375, -0.4291613719544716)",G0049_C04_N0_S1001,G0049,erdos_renyi,20,61,10048,C04,512,45,1001,1.0,0.6773871527777777,0.9333333333333332,success,
30.66796875,41,COBYLA,2,N0,37,38,9728,122,41,2.000127065000015,"(2.13798160410895, 1.8970251104851767, 1.2397536453679832, 0.3192611215778017)",G0049_C05_N0_S1000,G0049,erdos_renyi,20,61,10048,C05,256,45,1000,1.0,0.6815104166666667,0.9111111111111112,success,
29.8828125,41,COBYLA,2,N0,34,35,8960,122,41,1.369020454999827,"(1.924510499160236, 0.04924188270674417, 0.2951521295327999, 1.8477105963632472)",G0049_C05_N0_S1001,G0049,erdos_renyi,20,61,10048,C05,256,45,1001,1.0,0.6640625,0.9111111111111112,success,
30.884765625,41,COBYLA,2,N0,43,44,22528,122,41,1.941185513000164,"(1.166458195343321, 2.6016735437540226, 0.35445020971273833, 0.21225916147416413)",G0049_C06_N0_S1000,G0049,erdos_renyi,20,61,10048,C06,512,45,1000,1.0,0.686328125,0.9111111111111112,success,
30.71875,41,COBYLA,2,N0,38,39,19968,122,41,1.8256776589996664,"(2.4232464449387385, 0.050612791572792144, 0.7936139058261789, 1.3463462008960305)",G0049_C06_N0_S1001,G0049,erdos_renyi,20,61,10048,C06,512,45,1001,1.0,0.6826388888888889,0.9111111111111112,success,
30.1640625,39,SPSA,2,N0,79,80,20480,122,41,2.94644688399967,"(1.8352935384966689, 1.8387258465816922, 0.9946806340307153, -0.2407389992215967)",G0049_C07_N0_S1000,G0049,erdos_renyi,20,61,10048,C07,256,45,1000,1.0,0.6703125,0.8666666666666667,success,
30.3671875,40,SPSA,2,N0,79,80,20480,122,41,3.645677080000041,"(2.035745959938715, -0.025930590208096446, 0.4060443306608171, 1.422825626745409)",G0049_C07_N0_S1001,G0049,erdos_renyi,20,61,10048,C07,256,45,1001,1.0,0.6748263888888889,0.8888888888888888,success,
30.734375,42,SPSA,2,N0,79,80,40960,122,41,3.429749762000029,"(1.6485822242945596, 2.138850711608036, 0.3996740165773284, 0.3675536901429175)",G0049_C08_N0_S1000,G0049,erdos_renyi,20,61,10048,C08,512,45,1000,1.0,0.6829861111111111,0.9333333333333332,success,
30.294921875,41,SPSA,2,N0,79,80,40960,122,41,3.4300359909998406,"(2.327969749161269, -0.024808997632339437, 0.3323172429661115, 1.7270296550785538)",G0049_C08_N0_S1001,G0049,erdos_renyi,20,61,10048,C08,512,45,1001,1.0,0.6732204861111111,0.9111111111111112,success,
30.40625,40,COBYLA,3,N0,53,54,13824,183,57,3.451426262000041,"(2.200303871640295, 2.3981596134323313, 1.474423929332561, 0.819205293126076, 1.3554646620197608, 0.3007470482775771)",G0049_C09_N0_S1000,G0049,erdos_renyi,20,61,10048,C09,256,45,1000,1.0,0.6756944444444445,0.8888888888888888,success,
31.03125,39,COBYLA,3,N0,49,50,12800,183,57,2.3977947579996908,"(1.9245184651810139, 0.030566992916431078, 0.5896449574510082, 1.3640923848436226, 0.11966820938556683, 0.31591443018406484)",G0049_C09_N0_S1001,G0049,erdos_renyi,20,61,10048,C09,256,45,1001,1.0,0.6895833333333333,0.8666666666666667,success,
30.796875,41,COBYLA,3,N0,53,54,27648,183,57,2.943406870000217,"(1.5798223984211741, 1.8770071593275657, 1.4526625478188466, 0.19329191809630145, 1.5413843151131583, -0.14061278659360923)",G0049_C10_N0_S1000,G0049,erdos_renyi,20,61,10048,C10,512,45,1000,1.0,0.684375,0.9111111111111112,success,
31.763671875,40,COBYLA,3,N0,53,54,27648,183,57,3.280501894999816,"(1.9842273594510296, 0.035138017715441734, 0.5987264216684657, 1.3691385108067697, 0.07749610181175341, 0.30166480806102863)",G0049_C10_N0_S1001,G0049,erdos_renyi,20,61,10048,C10,512,45,1001,1.0,0.705859375,0.8888888888888888,success,
30.33984375,39,SPSA,3,N0,79,80,20480,183,57,3.789011410000058,"(1.8369582821458106, 1.6049333306381504, 1.2827881614822279, 0.29027861269906763, 0.5384809553566007, 0.6667923854473293)",G0049_C11_N0_S1000,G0049,erdos_renyi,20,61,10048,C11,256,45,1000,1.0,0.67421875,0.8666666666666667,success,
32.75390625,40,SPSA,3,N0,79,80,20480,183,57,4.229533977999836,"(2.3882442884474164, -0.07151805427750269, 0.534824609022801, 1.086853894131425, 0.35801214085082855, 0.5805276035838471)",G0049_C11_N0_S1001,G0049,erdos_renyi,20,61,10048,C11,256,45,1001,1.0,0.7278645833333334,0.8888888888888888,success,
34.2578125,44,SPSA,3,N0,79,80,40960,183,57,5.106888235999577,"(1.9972616763384723, 1.636299848969134, 2.091491769390529, 0.10848842422928168, 1.2466839239551064, -0.370738289505487)",G0049_C12_N0_S1000,G0049,erdos_renyi,20,61,10048,C12,512,45,1000,1.0,0.7612847222222222,0.9777777777777776,success,
31.4296875,40,SPSA,3,N0,79,80,40960,183,57,4.247223473000304,"(1.8952903561569716, 0.0354669601652353, 0.9292812523358104, 1.1875591643540726, 0.4747054481305424, 0.32972933152620115)",G0049_C12_N0_S1001,G0049,erdos_renyi,20,61,10048,C12,512,45,1001,1.0,0.6984375,0.8888888888888888,success,
28.24609375,36,COBYLA,1,N0,35,36,9216,55,21,1.1227926699998534,"(2.5525935941298545, 0.3888477460444181)",G0050_C01_N0_S1000,G0050,erdos_renyi,20,55,10049,C01,256,41,1000,1.0,0.6889291158536586,0.8780487804878049,success,
27.6640625,38,COBYLA,1,N0,26,27,6912,55,21,1.1909071390000463,"(1.9241755020527431, 0.024143234067766185)",G0050_C01_N0_S1001,G0050,erdos_renyi,20,55,10049,C01,256,41,1001,1.0,0.674733231707317,0.926829268292683,success,
27.9375,36,COBYLA,1,N0,32,33,16896,55,21,1.0691791639997064,"(2.80642581171136, 0.7435287590692498)",G0050_C02_N0_S1000,G0050,erdos_renyi,20,55,10049,C02,512,41,1000,1.0,0.6814024390243902,0.8780487804878049,success,
27.3515625,37,COBYLA,1,N0,25,26,13312,55,21,0.911810998999954,"(1.9549657089015218, 0.02060272066254317)",G0050_C02_N0_S1001,G0050,erdos_renyi,20,55,10049,C02,512,41,1001,1.0,0.6671112804878049,0.902439024390244,success,
27.734375,37,SPSA,1,N0,79,80,20480,55,21,1.8908787189998293,"(1.632521616987537, 0.9063442279267073)",G0050_C03_N0_S1000,G0050,erdos_renyi,20,55,10049,C03,256,41,1000,1.0,0.6764481707317073,0.902439024390244,success,
27.8359375,37,SPSA,1,N0,79,80,20480,55,21,1.9353198010003323,"(2.007050042877989, -0.04469794848828515)",G0050_C03_N0_S1001,G0050,erdos_renyi,20,55,10049,C03,256,41,1001,1.0,0.6789253048780488,0.902439024390244,success,
27.49609375,38,SPSA,1,N0,79,80,40960,55,21,3.6134529470000416,"(1.9525996661403175, 1.1519483205062098)",G0050_C04_N0_S1000,G0050,erdos_renyi,20,55,10049,C04,512,41,1000,1.0,0.6706364329268293,0.926829268292683,success,
27.548828125,39,SPSA,1,N0,79,80,40960,55,21,2.445558745999733,"(1.9759159590794328, -0.1104228282485172)",G0050_C04_N0_S1001,G0050,erdos_renyi,20,55,10049,C04,512,41,1001,1.0,0.6719226371951219,0.951219512195122,success,
27.65234375,37,COBYLA,2,N0,40,41,10496,110,35,1.431927572999939,"(1.649091634769206, 1.9131625365208462, 1.2012349057691376, 0.3421614695969587)",G0050_C05_N0_S1000,G0050,erdos_renyi,20,55,10049,C05,256,41,1000,1.0,0.6744474085365854,0.902439024390244,success,
27.9375,38,COBYLA,2,N0,37,38,9728,110,35,1.3156081380002431,"(2.4491498297171383, 0.5487323809426976, 0.7927694858124595, 1.3513110547503389)",G0050_C05_N0_S1001,G0050,erdos_renyi,20,55,10049,C05,256,41,1001,1.0,0.6814024390243902,0.926829268292683,success,
27.7265625,37,COBYLA,2,N0,38,39,19968,110,35,1.606019379999907,"(2.058194585253594, 2.383328991575072, 1.2899099465292116, 0.2858018857953731)",G0050_C06_N0_S1000,G0050,erdos_renyi,20,55,10049,C06,512,41,1000,1.0,0.6762576219512195,0.902439024390244,success,
27.826171875,38,COBYLA,2,N0,38,39,19968,110,35,1.5989653310002725,"(2.410867109990649, 0.5462004362284731, 0.7926703764296306, 1.3459636362765326)",G0050_C06_N0_S1001,G0050,erdos_renyi,20,55,10049,C06,512,41,1001,1.0,0.678687118902439,0.926829268292683,success,
27.34765625,37,SPSA,2,N0,79,80,20480,110,35,2.6769787329999417,"(1.2158777750751353, 1.8624925121529528, 0.5621654466109094, 0.19648746830544686)",G0050_C07_N0_S1000,G0050,erdos_renyi,20,55,10049,C07,256,41,1000,1.0,0.667016006097561,0.902439024390244,success,
27.41796875,37,SPSA,2,N0,79,80,20480,110,35,3.548515909999878,"(1.792253083787147, 0.2697293436418956, 0.2288448810223715, 1.1106656901485554)",G0050_C07_N0_S1001,G0050,erdos_renyi,20,55,10049,C07,256,41,1001,1.0,0.6687309451219512,0.902439024390244,success,
27.052734375,39,SPSA,2,N0,79,80,40960,110,35,3.1436858800002483,"(1.6167573599236609, 1.875083705656416, 0.5809928012923108, 0.3828018752323939)",G0050_C08_N0_S1000,G0050,erdos_renyi,20,55,10049,C08,512,41,1000,1.0,0.6598227896341463,0.951219512195122,success,
27.966796875,39,SPSA,2,N0,79,80,40960,110,35,3.20187765899982,"(1.727843373926029, 0.2250708170375843, 0.07653776423668951, 1.1649408664717726)",G0050_C08_N0_S1001,G0050,erdos_renyi,20,55,10049,C08,512,41,1001,1.0,0.6821169969512195,0.951219512195122,success,
27.45703125,37,COBYLA,3,N0,52,53,13568,165,49,3.213704151999991,"(2.1366512736852235, 1.8956109907888554, 1.4818104985405751, 0.3195726762980129, 0.8272263386046786, 0.30223089644055373)",G0050_C09_N0_S1000,G0050,erdos_renyi,20,55,10049,C09,256,41,1000,1.0,0.6696836890243902,0.902439024390244,success,
27.7890625,37,COBYLA,3,N0,52,53,13568,165,49,2.3116194129997893,"(2.0209620376487427, 0.0552874378836303, 0.5797189311458848, 1.3386508278644704, 0.12040672735574773, 0.32315583570350326)",G0050_C09_N0_S1001,G0050,erdos_renyi,20,55,10049,C09,256,41,1001,1.0,0.6777820121951219,0.902439024390244,success,
27.443359375,36,COBYLA,3,N0,51,52,26624,165,49,2.585766075000265,"(1.6481359827783357, 1.8733076367845458, 1.4627844644773655, 0.315599017398259, 0.8106297356652671, 0.2662855324398762)",G0050_C10_N0_S1000,G0050,erdos_renyi,20,55,10049,C10,512,41,1000,1.0,0.6693502286585366,0.8780487804878049,success,
28.09375,37,COBYLA,3,N0,48,49,25088,165,49,2.4555098400001043,"(1.9492197676343954, 0.05848435531840912, 0.5809611464908022, 1.382540767113884, 0.11263953977583205, 0.29017706813850286)",G0050_C10_N0_S1001,G0050,erdos_renyi,20,55,10049,C10,512,41,1001,1.0,0.6852134146341463,0.902439024390244,success,
28.734375,36,SPSA,3,N0,79,80,20480,165,49,3.4000913309996577,"(1.5780992253327384, 1.9566613309683747, 1.5978000256798717, -0.07891895719962401, 1.100827748919792, -0.15511969985032098)",G0050_C11_N0_S1000,G0050,erdos_renyi,20,55,10049,C11,256,41,1000,1.0,0.7008384146341463,0.8780487804878049,success,
27.74609375,35,SPSA,3,N0,79,80,20480,165,49,4.315763441999934,"(1.9170621876219582, 0.09637733638438946, 0.8109617423441654, 1.1266487881349185, 0.3955244828930653, 0.268818955307047)",G0050_C11_N0_S1001,G0050,erdos_renyi,20,55,10049,C11,256,41,1001,1.0,0.676733993902439,0.8536585365853658,success,
28.248046875,36,SPSA,3,N0,79,80,40960,165,49,4.374673449000056,"(1.5938516018693503, 1.9323679586114382, 1.287609914519468, 0.0019476174635894156, 1.0034184605074004, 0.21588047917489864)",G0050_C12_N0_S1000,G0050,erdos_renyi,20,55,10049,C12,512,41,1000,1.0,0.6889767530487805,0.8780487804878049,success,
28.2734375,37,SPSA,3,N0,79,80,40960,165,49,3.906108853000205,"(1.925874978497616, -0.05346075951131114, 0.8549733627315397, 1.276486884030619, 0.2808852165090811, 0.41865705120274765)",G0050_C12_N0_S1001,G0050,erdos_renyi,20,55,10049,C12,512,41,1001,1.0,0.6895960365853658,0.902439024390244,success,
12.53125,14,COBYLA,1,N0,29,30,7680,20,17,0.4265676899999562,"(2.623860878317401, 1.2277178478236204)",G0051_C01_N0_S1000,G0051,random_regular,10,20,10050,C01,256,14,1000,1.0,0.8950892857142857,1.0,success,
10.125,14,COBYLA,1,N0,23,24,6144,20,17,0.1985458129997823,"(1.9245237272217217, 0.02466223718113823)",G0051_C01_N0_S1001,G0051,random_regular,10,20,10050,C01,256,14,1001,1.0,0.7232142857142857,1.0,success,
12.1328125,14,COBYLA,1,N0,34,35,17920,20,17,0.3397761020000871,"(2.424750010929349, 1.2827069593214726)",G0051_C02_N0_S1000,G0051,random_regular,10,20,10050,C02,512,14,1000,1.0,0.8666294642857143,1.0,success,
10.2578125,14,COBYLA,1,N0,29,30,15360,20,17,0.2988792169999215,"(1.9790126444507912, -0.6111847336162417)",G0051_C02_N0_S1001,G0051,random_regular,10,20,10050,C02,512,14,1001,1.0,0.7327008928571429,1.0,success,
10.1484375,14,SPSA,1,N0,79,80,20480,20,17,0.4860791569999492,"(1.9390878449793505, 1.0757891280872685)",G0051_C03_N0_S1000,G0051,random_regular,10,20,10050,C03,256,14,1000,1.0,0.7248883928571429,1.0,success,
12.71875,14,SPSA,1,N0,79,80,20480,20,17,0.5265323529997659,"(2.6527717325670133, -0.3589208872366489)",G0051_C03_N0_S1001,G0051,random_regular,10,20,10050,C03,256,14,1001,1.0,0.9084821428571428,1.0,success,
10.00390625,14,SPSA,1,N0,79,80,40960,20,17,0.6451270910001767,"(1.5864457063004431, 0.855519436449669)",G0051_C04_N0_S1000,G0051,random_regular,10,20,10050,C04,512,14,1000,1.0,0.7145647321428571,1.0,success,
12.65625,14,SPSA,1,N0,79,80,40960,20,17,0.6488339389998146,"(2.6466162873606613, -0.32136257258428985)",G0051_C04_N0_S1001,G0051,random_regular,10,20,10050,C04,512,14,1001,1.0,0.9040178571428572,1.0,success,
11.578125,14,COBYLA,2,N0,37,38,9728,40,30,0.3178146989998822,"(1.5987911459077002, 2.279227761443359, 1.339934162407506, 0.31142178704018697)",G0051_C05_N0_S1000,G0051,random_regular,10,20,10050,C05,256,14,1000,1.0,0.8270089285714286,1.0,success,
12.6015625,14,COBYLA,2,N0,43,44,11264,40,30,0.3879634770000848,"(1.9397920678377973, 0.6462105566848738, 0.08347276197498475, 1.2728200353506651)",G0051_C05_N0_S1001,G0051,random_regular,10,20,10050,C05,256,14,1001,1.0,0.9001116071428571,1.0,success,
12.546875,14,COBYLA,2,N0,46,47,24064,40,30,0.4806772639999508,"(1.4469410301282981, 2.263285180389148, 1.537730055588511, 0.35660213268358854)",G0051_C06_N0_S1000,G0051,random_regular,10,20,10050,C06,512,14,1000,1.0,0.8962053571428571,1.0,success,
12.109375,14,COBYLA,2,N0,39,40,20480,40,30,0.4207136150002952,"(1.9186494947402566, 0.49953422926385094, 0.21188379201031204, 1.2638509592432732)",G0051_C06_N0_S1001,G0051,random_regular,10,20,10050,C06,512,14,1001,1.0,0.8649553571428571,1.0,success,
11.0390625,14,SPSA,2,N0,79,80,20480,40,30,0.5838359579997814,"(1.9689230737416208, 1.6380292295823222, 1.3221325268040633, 0.44521592278939426)",G0051_C07_N0_S1000,G0051,random_regular,10,20,10050,C07,256,14,1000,1.0,0.7885044642857143,1.0,success,
11.90625,14,SPSA,2,N0,79,80,20480,40,30,0.6083486679999623,"(1.9173350924056112, 0.32788146367935134, 0.2876334631277131, 1.0913784555746284)",G0051_C07_N0_S1001,G0051,random_regular,10,20,10050,C07,256,14,1001,1.0,0.8504464285714286,1.0,success,
10.02734375,14,SPSA,2,N0,79,80,40960,40,30,1.375216464999994,"(1.5588793213852339, 1.696055839606027, 0.5543915998342361, 0.09086349941183788)",G0051_C08_N0_S1000,G0051,random_regular,10,20,10050,C08,512,14,1000,1.0,0.7162388392857143,1.0,success,
12.77734375,14,SPSA,2,N0,79,80,40960,40,30,0.7819376299999021,"(2.0279591345135084, 0.5991472838999464, 0.22826333607748311, 1.0596753809448758)",G0051_C08_N0_S1001,G0051,random_regular,10,20,10050,C08,512,14,1001,1.0,0.9126674107142856,1.0,success,
9.78125,14,COBYLA,3,N0,51,52,13312,60,43,1.0277794200001154,"(2.3274777606307775, 2.234646925038876, 1.4770040934059177, 0.8237993260062302, 0.804041622327066, 0.8109772661423355)",G0051_C09_N0_S1000,G0051,random_regular,10,20,10050,C09,256,14,1000,1.0,0.6986607142857143,1.0,success,
12.265625,14,COBYLA,3,N0,57,58,14848,60,43,0.5893715140000495,"(2.671729110858823, 0.8526231719706427, 0.5852107045214904, 1.1800143436797157, -0.06461254000101695, 0.08518495769589975)",G0051_C09_N0_S1001,G0051,random_regular,10,20,10050,C09,256,14,1001,1.0,0.8761160714285714,1.0,success,
10.00390625,14,COBYLA,3,N0,50,51,26112,60,43,0.6578839730000254,"(1.5754409937894445, 2.3950605758105183, 1.4778532496256842, 0.8175523441048644, 1.355279149187233, 0.30007908703546404)",G0051_C10_N0_S1000,G0051,random_regular,10,20,10050,C10,512,14,1000,1.0,0.7145647321428571,1.0,success,
12.46484375,14,COBYLA,3,N0,51,52,26624,60,43,0.6021791090001898,"(2.470112512945273, 0.5422691041713653, 1.0952781716390352, 1.2834589205413218, 0.03461152517772169, 0.26928656407409074)",G0051_C10_N0_S1001,G0051,random_regular,10,20,10050,C10,512,14,1001,1.0,0.8903459821428571,1.0,success,
9.953125,14,SPSA,3,N0,79,80,20480,60,43,0.7001572200001647,"(1.5851074083620245, 1.3626759301157478, 1.5125980270862827, 0.7865806123011776, 0.17276451087112255, 0.3107993535680883)",G0051_C11_N0_S1000,G0051,random_regular,10,20,10050,C11,256,14,1000,1.0,0.7109375,1.0,success,
12.6796875,14,SPSA,3,N0,79,80,20480,60,43,0.6859426510000048,"(3.5703665052444333, 0.904219564483484, -0.04605238298104203, 2.0691956785945407, -0.3915755375448505, -0.7642258057926342)",G0051_C11_N0_S1001,G0051,random_regular,10,20,10050,C11,256,14,1001,1.0,0.9056919642857144,1.0,success,
10.1875,14,SPSA,3,N0,79,80,40960,60,43,0.8736719209996409,"(1.2783079282469958, 1.4020441024005719, 1.8117303473226223, 0.6656998037995197, 0.37683651608323643, -0.11135393757424712)",G0051_C12_N0_S1000,G0051,random_regular,10,20,10050,C12,512,14,1000,1.0,0.7276785714285714,1.0,success,
12.453125,14,SPSA,3,N0,79,80,40960,60,43,0.8879626299999472,"(2.417312410292128, 1.0883740083365916, -0.045893093180574995, 1.2960315571841052, 0.4794129376782691, -0.2788978755867416)",G0051_C12_N0_S1001,G0051,random_regular,10,20,10050,C12,512,14,1001,1.0,0.8895089285714286,1.0,success,
10.59375,16,COBYLA,1,N0,25,26,6656,20,18,0.5518081969999002,"(2.1425932080131314, 1.4504446808676286)",G0052_C01_N0_S1000,G0052,random_regular,10,20,10051,C01,256,16,1000,1.0,0.662109375,1.0,success,
10.203125,14,COBYLA,1,N0,27,28,7168,20,18,0.2376734040003612,"(1.9231709283431995, 0.021181104865464866)",G0052_C01_N0_S1001,G0052,random_regular,10,20,10051,C01,256,16,1001,1.0,0.6376953125,0.875,success,
10.65625,16,COBYLA,1,N0,29,30,15360,20,18,0.6028157159998955,"(2.1547517239940897, 1.4259031934159976)",G0052_C02_N0_S1000,G0052,random_regular,10,20,10051,C02,512,16,1000,1.0,0.666015625,1.0,success,
10.13671875,14,COBYLA,1,N0,26,27,13824,20,18,0.2835073109999939,"(1.9281819116246153, 0.024779838970743984)",G0052_C02_N0_S1001,G0052,random_regular,10,20,10051,C02,512,16,1001,1.0,0.633544921875,0.875,success,
12.4296875,16,SPSA,1,N0,79,80,20480,20,18,0.9552341469998282,"(2.5668360936289907, 1.2940471940112446)",G0052_C03_N0_S1000,G0052,random_regular,10,20,10051,C03,256,16,1000,1.0,0.77685546875,1.0,success,
12.4609375,16,SPSA,1,N0,79,80,20480,20,18,0.5035884730000362,"(2.6126890909185754, -0.31101378188899803)",G0052_C03_N0_S1001,G0052,random_regular,10,20,10051,C03,256,16,1001,1.0,0.77880859375,1.0,success,
12.5,16,SPSA,1,N0,79,80,40960,20,18,0.640037226000004,"(2.6639520706551014, 1.2159278262722173)",G0052_C04_N0_S1000,G0052,random_regular,10,20,10051,C04,512,16,1000,1.0,0.78125,1.0,success,
12.56640625,16,SPSA,1,N0,79,80,40960,20,18,0.6492080889997851,"(2.6793149724359338, -0.34854200434760707)",G0052_C04_N0_S1001,G0052,random_regular,10,20,10051,C04,512,16,1001,1.0,0.785400390625,1.0,success,
12.5703125,16,COBYLA,2,N0,49,50,12800,40,34,0.4172889890000988,"(1.4901840829014632, 2.035524003459845, 1.5202267304622394, 0.3874543527856719)",G0052_C05_N0_S1000,G0052,random_regular,10,20,10051,C05,256,16,1000,1.0,0.78564453125,1.0,success,
12.546875,16,COBYLA,2,N0,41,42,10752,40,34,0.371123500000067,"(1.889258464914335, 0.6385704209828202, 0.19857892006596503, 1.1745418056329824)",G0052_C05_N0_S1001,G0052,random_regular,10,20,10051,C05,256,16,1001,1.0,0.7841796875,1.0,success,
11.99609375,16,COBYLA,2,N0,48,49,25088,40,34,0.5399264960001346,"(1.1002258268684262, 2.4522265605935543, 1.643697229092139, 0.24820080612762802)",G0052_C06_N0_S1000,G0052,random_regular,10,20,10051,C06,512,16,1000,1.0,0.749755859375,1.0,success,
12.8359375,16,COBYLA,2,N0,44,45,23040,40,34,0.4540462469999511,"(2.052494009267727, 0.46477047308006797, 0.16524865676048717, 1.1471566371059407)",G0052_C06_N0_S1001,G0052,random_regular,10,20,10051,C06,512,16,1001,1.0,0.80224609375,1.0,success,
12.1953125,16,SPSA,2,N0,79,80,20480,40,34,0.5766846759997861,"(1.9300887023521, 1.6944249377249045, 0.06550106322558458, 0.2590248425040772)",G0052_C07_N0_S1000,G0052,random_regular,10,20,10051,C07,256,16,1000,1.0,0.76220703125,1.0,success,
11.96875,16,SPSA,2,N0,79,80,20480,40,34,0.8558468709998124,"(1.8339953812835401, 0.8732484133686125, 0.2042937520056417, 1.0799730807457983)",G0052_C07_N0_S1001,G0052,random_regular,10,20,10051,C07,256,16,1001,1.0,0.748046875,1.0,success,
12.2734375,16,SPSA,2,N0,79,80,40960,40,34,0.7704420539998864,"(1.8114971554261219, 1.7172417686702004, -0.07234824319869973, 0.3236602372067565)",G0052_C08_N0_S1000,G0052,random_regular,10,20,10051,C08,512,16,1000,1.0,0.76708984375,1.0,success,
12.78125,16,SPSA,2,N0,79,80,40960,40,34,1.584452451999823,"(2.110413383524998, 0.505828549603015, 0.1471799294999543, 1.009025732029872)",G0052_C08_N0_S1001,G0052,random_regular,10,20,10051,C08,512,16,1001,1.0,0.798828125,1.0,success,
9.578125,16,COBYLA,3,N0,53,54,13824,60,50,0.5628077819997088,"(2.13798160410895, 2.3970251104851767, 1.4795072907359663, 0.3192611215778017, 0.8305727352036273, 0.30007908703546404)",G0052_C09_N0_S1000,G0052,random_regular,10,20,10051,C09,256,16,1000,1.0,0.5986328125,1.0,success,
12.796875,16,COBYLA,3,N0,52,53,13568,60,50,0.6055082530001528,"(2.5668770996071664, 0.4928325092158181, 0.6075018750910133, 1.3185465068512814, 0.013912547386240993, 0.2359287933159733)",G0052_C09_N0_S1001,G0052,random_regular,10,20,10051,C09,256,16,1001,1.0,0.7998046875,1.0,success,
12.4609375,16,COBYLA,3,N0,52,53,27136,60,50,0.6335386360001394,"(1.8569218067076059, 3.1336140479220784, 1.7105570563425432, 0.8519206739949445, 0.7321891792459736, 0.29979379051062977)",G0052_C10_N0_S1000,G0052,random_regular,10,20,10051,C10,512,16,1000,1.0,0.77880859375,1.0,success,
13.07421875,16,COBYLA,3,N0,62,63,32256,60,50,0.7009165790000225,"(2.6600863005834436, 0.596356595161125, 0.565375686428741, 1.2940011835779002, 0.03652065589762643, 0.12875200952370527)",G0052_C10_N0_S1001,G0052,random_regular,10,20,10051,C10,512,16,1001,1.0,0.817138671875,1.0,success,
10.6328125,16,SPSA,3,N0,79,80,20480,60,50,0.67598292699995,"(0.9965012712000041, 1.1739332062120442, 1.6903758739020662, 0.436671773438263, 0.4021963309268549, -0.03507383381719786)",G0052_C11_N0_S1000,G0052,random_regular,10,20,10051,C11,256,16,1000,1.0,0.66455078125,1.0,success,
12.4140625,16,SPSA,3,N0,79,80,20480,60,50,0.6769181969998499,"(3.8031824548931814, 1.5507629682448798, 0.14704340323176784, 1.9137322166090938, 0.5465862097591266, -0.6150021886783968)",G0052_C11_N0_S1001,G0052,random_regular,10,20,10051,C11,256,16,1001,1.0,0.77587890625,1.0,success,
10.3203125,16,SPSA,3,N0,79,80,40960,60,50,0.8622609489998467,"(1.1774949246280146, 1.2308806968973218, 1.9322132507824799, 0.49880068037785436, 0.41172553812905877, -0.08963320499600438)",G0052_C12_N0_S1000,G0052,random_regular,10,20,10051,C12,512,16,1000,1.0,0.64501953125,1.0,success,
13.0546875,16,SPSA,3,N0,79,80,40960,60,50,0.8616438399999424,"(2.7872535472767157, 0.7137697750007594, -0.6411361992571101, 1.3523208479563142, 0.1567251699957188, -0.1193101259566324)",G0052_C12_N0_S1001,G0052,random_regular,10,20,10051,C12,512,16,1001,1.0,0.81591796875,1.0,success,
10.3671875,16,COBYLA,1,N0,24,25,6400,20,16,0.1919300490003479,"(2.146086599979819, 1.3991738377690546)",G0053_C01_N0_S1000,G0053,random_regular,10,20,10052,C01,256,16,1000,1.0,0.64794921875,1.0,success,
12.734375,16,COBYLA,1,N0,31,32,8192,20,16,0.5297562709997692,"(2.6411923697121, -0.3353427238546477)",G0053_C01_N0_S1001,G0053,random_regular,10,20,10052,C01,256,16,1001,1.0,0.7958984375,1.0,success,
12.75,16,COBYLA,1,N0,32,33,16896,20,16,0.3111659750002218,"(2.5823230144991114, 1.1956975476924352)",G0053_C02_N0_S1000,G0053,random_regular,10,20,10052,C02,512,16,1000,1.0,0.796875,1.0,success,
12.80859375,16,COBYLA,1,N0,31,32,16384,20,16,0.2956474520001393,"(2.6832636145887077, -0.35659136336625386)",G0053_C02_N0_S1001,G0053,random_regular,10,20,10052,C02,512,16,1001,1.0,0.800537109375,1.0,success,
12.703125,16,SPSA,1,N0,79,80,20480,20,16,0.4790242000003673,"(2.6583302159491833, 1.221838725350951)",G0053_C03_N0_S1000,G0053,random_regular,10,20,10052,C03,256,16,1000,1.0,0.7939453125,1.0,success,
12.59375,16,SPSA,1,N0,79,80,20480,20,16,0.4922864010000012,"(2.6166265802059163, -0.3623746350922497)",G0053_C03_N0_S1001,G0053,random_regular,10,20,10052,C03,256,16,1001,1.0,0.787109375,1.0,success,
12.83203125,16,SPSA,1,N0,79,80,40960,20,16,0.6574855859998934,"(2.6428957302142044, 1.2221304848923886)",G0053_C04_N0_S1000,G0053,random_regular,10,20,10052,C04,512,16,1000,1.0,0.802001953125,1.0,success,
12.77734375,16,SPSA,1,N0,79,80,40960,20,16,0.6552612779996707,"(2.6107806292424147, -0.36417711927484997)",G0053_C04_N0_S1001,G0053,random_regular,10,20,10052,C04,512,16,1001,1.0,0.798583984375,1.0,success,
12.609375,16,COBYLA,2,N0,39,40,10240,40,29,0.3363354429998253,"(1.316751491682248, 2.1979863116967606, 1.5391432533130436, 0.28597543773344586)",G0053_C05_N0_S1000,G0053,random_regular,10,20,10052,C05,256,16,1000,1.0,0.7880859375,1.0,success,
13.2578125,16,COBYLA,2,N0,45,46,11776,40,29,0.3815388180000809,"(2.00545463423852, 0.5457303416000594, 0.23218888309543856, 1.0970856943795015)",G0053_C05_N0_S1001,G0053,random_regular,10,20,10052,C05,256,16,1001,1.0,0.82861328125,1.0,success,
12.86328125,16,COBYLA,2,N0,50,51,26112,40,29,0.5339464629996655,"(1.3893193386397107, 2.275154939916552, 1.5250967418470334, 0.30120676499674065)",G0053_C06_N0_S1000,G0053,random_regular,10,20,10052,C06,512,16,1000,1.0,0.803955078125,1.0,success,
12.6484375,16,COBYLA,2,N0,45,46,23552,40,29,0.4794938370000636,"(1.8689933887671306, 0.8409055005118493, 0.13460159656464515, 1.0455797981401034)",G0053_C06_N0_S1001,G0053,random_regular,10,20,10052,C06,512,16,1001,1.0,0.79052734375,1.0,success,
12.5,16,SPSA,2,N0,79,80,20480,40,29,0.5825904309999714,"(1.6982904999456914, 2.035610957444772, 0.09155051281233248, 0.27565378403464913)",G0053_C07_N0_S1000,G0053,random_regular,10,20,10052,C07,256,16,1000,1.0,0.78125,1.0,success,
13.6484375,16,SPSA,2,N0,79,80,20480,40,29,0.56488350599966,"(2.877879698787322, -0.6709395108567243, 1.16596694782079, 1.2910921380996385)",G0053_C07_N0_S1001,G0053,random_regular,10,20,10052,C07,256,16,1001,1.0,0.85302734375,1.0,success,
12.21875,16,SPSA,2,N0,79,80,40960,40,29,0.7630478760002006,"(1.491634755755531, 2.074307919610633, 0.11169530882604908, 0.4338609404877889)",G0053_C08_N0_S1000,G0053,random_regular,10,20,10052,C08,512,16,1000,1.0,0.763671875,1.0,success,
12.62109375,16,SPSA,2,N0,79,80,40960,40,29,0.7570137879997674,"(1.876177467436111, 0.7598649788492714, 0.24647583815821272, 1.1304552826245127)",G0053_C08_N0_S1001,G0053,random_regular,10,20,10052,C08,512,16,1001,1.0,0.788818359375,1.0,success,
11.046875,16,COBYLA,3,N0,59,60,15360,60,42,0.6416212600001927,"(2.1733264113667796, 2.574334089166152, 0.9018641112299224, 1.1037061591606832, 1.4912152940089756, 0.13883822195183124)",G0053_C09_N0_S1000,G0053,random_regular,10,20,10052,C09,256,16,1000,1.0,0.6904296875,1.0,success,
13.6953125,16,COBYLA,3,N0,53,54,13824,60,42,0.5026156460003222,"(2.577277496958232, 0.62647021836134, 0.5757300290012626, 1.360433129590438, 0.04190958260850944, 0.2877744195591575)",G0053_C09_N0_S1001,G0053,random_regular,10,20,10052,C09,256,16,1001,1.0,0.85595703125,1.0,success,
10.19921875,16,COBYLA,3,N0,57,58,29696,60,42,0.7142124130000411,"(2.139759933078661, 2.6038836065899518, 1.3671724069670999, 1.1245790816422048, 0.7984886071164122, -0.01569271179929259)",G0053_C10_N0_S1000,G0053,random_regular,10,20,10052,C10,512,16,1000,1.0,0.637451171875,1.0,success,
13.8046875,16,COBYLA,3,N0,54,55,28160,60,42,0.576109715000257,"(2.5638489769939703, 0.6261733553690972, 0.5717355313729835, 1.4017476753760065, 0.08301228794129556, 0.28660815512607385)",G0053_C10_N0_S1001,G0053,random_regular,10,20,10052,C10,512,16,1001,1.0,0.86279296875,1.0,success,
10.609375,16,SPSA,3,N0,79,80,20480,60,42,0.6718272860002799,"(1.1873397101721217, 1.960181814443264, 1.525220800007037, 0.3565814084412229, 0.17664073782953466, 0.17002463617172098)",G0053_C11_N0_S1000,G0053,random_regular,10,20,10052,C11,256,16,1000,1.0,0.6630859375,1.0,success,
13.5078125,16,SPSA,3,N0,79,80,20480,60,42,0.6860585530002936,"(2.9253096603983497, 1.5325902693201405, 0.8985112692396178, 2.682212703047783, 0.07763600328211442, -0.3914130116835471)",G0053_C11_N0_S1001,G0053,random_regular,10,20,10052,C11,256,16,1001,1.0,0.84423828125,1.0,success,
11.2265625,16,SPSA,3,N0,79,80,40960,60,42,1.8080988550000257,"(0.9111222553090155, 1.3955739050678255, 1.3491296742645191, 0.44328697344804247, 0.1760918165756692, -0.044651618148995445)",G0053_C12_N0_S1000,G0053,random_regular,10,20,10052,C12,512,16,1000,1.0,0.70166015625,1.0,success,
13.1953125,16,SPSA,3,N0,79,80,40960,60,42,0.8565011450000384,"(3.7357627317404574, 2.30631076750719, -0.17686974723878646, 1.7845538368389882, -0.11054490098960496, -0.09063645524661601)",G0053_C12_N0_S1001,G0053,random_regular,10,20,10052,C12,512,16,1001,1.0,0.82470703125,1.0,success,
12.6015625,16,COBYLA,1,N0,40,41,10496,20,19,0.2962031539996133,"(2.7114379720396142, 1.2878102990351163)",G0054_C01_N0_S1000,G0054,random_regular,10,20,10053,C01,256,16,1000,1.0,0.78759765625,1.0,success,
10.015625,14,COBYLA,1,N0,29,30,7680,20,19,0.2437509149999641,"(1.9693762295964112, 0.017684130028429043)",G0054_C01_N0_S1001,G0054,random_regular,10,20,10053,C01,256,16,1001,1.0,0.6259765625,0.875,success,
11.8359375,16,COBYLA,1,N0,33,34,17408,20,19,0.3556393429998934,"(2.334039756021045, 1.2348029956007665)",G0054_C02_N0_S1000,G0054,random_regular,10,20,10053,C02,512,16,1000,1.0,0.73974609375,1.0,success,
12.33984375,16,COBYLA,1,N0,35,36,18432,20,19,0.3451792840000962,"(2.5026897181710037, -0.40686365604075403)",G0054_C02_N0_S1001,G0054,random_regular,10,20,10053,C02,512,16,1001,1.0,0.771240234375,1.0,success,
9.90625,16,SPSA,1,N0,79,80,20480,20,19,0.4626137719997132,"(1.7010452529968187, 0.7212349794235032)",G0054_C03_N0_S1000,G0054,random_regular,10,20,10053,C03,256,16,1000,1.0,0.619140625,1.0,success,
12.625,16,SPSA,1,N0,79,80,20480,20,19,0.4924063359999309,"(2.666541435239954, -0.36174169260617467)",G0054_C03_N0_S1001,G0054,random_regular,10,20,10053,C03,256,16,1001,1.0,0.7890625,1.0,success,
10.43359375,16,SPSA,1,N0,79,80,40960,20,19,0.6732111540000005,"(2.0389383932842833, 1.1340737835104855)",G0054_C04_N0_S1000,G0054,random_regular,10,20,10053,C04,512,16,1000,1.0,0.652099609375,1.0,success,
12.640625,16,SPSA,1,N0,79,80,40960,20,19,0.6662376780000159,"(2.676333095564575, -0.35904204732399836)",G0054_C04_N0_S1001,G0054,random_regular,10,20,10053,C04,512,16,1001,1.0,0.7900390625,1.0,success,
12.2734375,16,COBYLA,2,N0,38,39,9984,40,34,0.3175271390000489,"(1.5279459017180794, 2.2760372802043514, 1.3719805294390381, 0.3717381701983984)",G0054_C05_N0_S1000,G0054,random_regular,10,20,10053,C05,256,16,1000,1.0,0.76708984375,1.0,success,
11.21875,16,COBYLA,2,N0,40,41,10496,40,34,0.363071667999975,"(2.0062409451454553, 0.41089322612227613, 0.2525414930344868, 1.3382989430188033)",G0054_C05_N0_S1001,G0054,random_regular,10,20,10053,C05,256,16,1001,1.0,0.701171875,1.0,success,
12.86328125,16,COBYLA,2,N0,47,48,24576,40,34,0.8914484699998866,"(1.4212041951057452, 2.214501152891116, 1.4813604578955384, 0.36462182351721295)",G0054_C06_N0_S1000,G0054,random_regular,10,20,10053,C06,512,16,1000,1.0,0.803955078125,1.0,success,
12.7890625,16,COBYLA,2,N0,42,43,22016,40,34,0.4324818679997406,"(2.068313499587507, 0.3835973249805343, 0.25139899689777073, 1.1329052297252922)",G0054_C06_N0_S1001,G0054,random_regular,10,20,10053,C06,512,16,1001,1.0,0.79931640625,1.0,success,
12.4296875,16,SPSA,2,N0,79,80,20480,40,34,1.1003780169999118,"(1.8761026799482488, 1.882524377487122, 1.5565528930574746, 0.3944838889735102)",G0054_C07_N0_S1000,G0054,random_regular,10,20,10053,C07,256,16,1000,1.0,0.77685546875,1.0,success,
13.234375,16,SPSA,2,N0,79,80,20480,40,34,0.5889147040002172,"(2.8596254291899377, -0.5946777848713766, 1.0047479623505424, 1.2677088279070472)",G0054_C07_N0_S1001,G0054,random_regular,10,20,10053,C07,256,16,1001,1.0,0.8271484375,1.0,success,
9.9375,16,SPSA,2,N0,79,80,40960,40,34,1.0635426190001454,"(1.6990295265749085, 1.7944012878127769, 0.7921130620984784, 0.42252739794811334)",G0054_C08_N0_S1000,G0054,random_regular,10,20,10053,C08,512,16,1000,1.0,0.62109375,1.0,success,
12.65234375,16,SPSA,2,N0,79,80,40960,40,34,0.7722226390001197,"(1.8574914457070615, 0.7341391912178786, 0.22778981642916318, 1.1422030185579881)",G0054_C08_N0_S1001,G0054,random_regular,10,20,10053,C08,512,16,1001,1.0,0.790771484375,1.0,success,
10.28125,16,COBYLA,3,N0,47,48,12288,60,49,0.4747084690002339,"(2.1407308568287404, 2.392695970522312, 1.516268306253432, 0.8218933354870385, 0.8670490121097131, 0.29719983637770075)",G0054_C09_N0_S1000,G0054,random_regular,10,20,10053,C09,256,16,1000,1.0,0.642578125,1.0,success,
12.7734375,16,COBYLA,3,N0,49,50,12800,60,49,0.4576829870002257,"(2.5442737822947854, 0.4945283101989413, 0.5758950797470909, 1.2746814122244163, 0.03795121419821331, 0.24900967719357886)",G0054_C09_N0_S1001,G0054,random_regular,10,20,10053,C09,256,16,1001,1.0,0.79833984375,1.0,success,
10.2421875,16,COBYLA,3,N0,50,51,26112,60,49,0.6339193599997088,"(2.13798160410895, 2.3970251104851767, 1.4795072907359663, 0.8192611215778016, 0.8305727352036273, 0.30007908703546404)",G0054_C10_N0_S1000,G0054,random_regular,10,20,10053,C10,512,16,1000,1.0,0.64013671875,1.0,success,
13.5546875,16,COBYLA,3,N0,52,53,27136,60,49,0.5890793179996763,"(2.6116607150962023, 0.6171731749301664, 0.5645600147068128, 1.3636867561619612, 0.11824434641331878, 0.25033486085832635)",G0054_C10_N0_S1001,G0054,random_regular,10,20,10053,C10,512,16,1001,1.0,0.84716796875,1.0,success,
10.0234375,16,SPSA,3,N0,79,80,20480,60,49,0.6804495659998793,"(1.0370610521580337, 1.4865520461544215, 1.7201449807129492, 0.6236514596786782, 0.42821193525709744, -0.06094830707436745)",G0054_C11_N0_S1000,G0054,random_regular,10,20,10053,C11,256,16,1000,1.0,0.62646484375,1.0,success,
12.734375,16,SPSA,3,N0,79,80,20480,60,49,0.7714583720003247,"(3.111642316235354, 1.8230938093570206, 0.8660717429102828, 1.66608859792656, 0.1371249575766743, -1.9517691704823774)",G0054_C11_N0_S1001,G0054,random_regular,10,20,10053,C11,256,16,1001,1.0,0.7958984375,1.0,success,
10.6328125,16,SPSA,3,N0,79,80,40960,60,49,0.8575741980002931,"(0.8746848447113144, 1.1806135993570566, 1.6282924990010947, 0.44897735524851423, 0.6146906662762133, 0.02676014691719379)",G0054_C12_N0_S1000,G0054,random_regular,10,20,10053,C12,512,16,1000,1.0,0.66455078125,1.0,success,
12.63671875,16,SPSA,3,N0,79,80,40960,60,49,1.900671258000329,"(3.4235322713256457, 1.229518729924233, 0.778202338588373, 1.7522155396061343, 0.028268525816318807, -0.37100192575264335)",G0054_C12_N0_S1001,G0054,random_regular,10,20,10053,C12,512,16,1001,1.0,0.789794921875,1.0,success,
12.6875,18,COBYLA,1,N0,29,30,7680,20,14,0.2289612970002963,"(2.726461518556453, 1.1220493988062017)",G0055_C01_N0_S1000,G0055,random_regular,10,20,10054,C01,256,18,1000,1.0,0.7048611111111112,1.0,success,
12.7421875,18,COBYLA,1,N0,42,43,11008,20,14,0.3271557940001912,"(2.668494744734656, -0.43130376396270037)",G0055_C01_N0_S1001,G0055,random_regular,10,20,10054,C01,256,18,1001,1.0,0.7078993055555556,1.0,success,
11.4609375,18,COBYLA,1,N0,33,34,17408,20,14,0.3908959650002543,"(2.3054635127653738, 1.0551396059110554)",G0055_C02_N0_S1000,G0055,random_regular,10,20,10054,C02,512,18,1000,1.0,0.63671875,1.0,success,
10.0546875,16,COBYLA,1,N0,28,29,14848,20,14,0.304817033999825,"(1.91623067673728, -0.03875230453023012)",G0055_C02_N0_S1001,G0055,random_regular,10,20,10054,C02,512,18,1001,1.0,0.55859375,0.8888888888888888,success,
12.953125,18,SPSA,1,N0,79,80,20480,20,14,0.4841233629999806,"(2.591799283113481, 1.2143479689875638)",G0055_C03_N0_S1000,G0055,random_regular,10,20,10054,C03,256,18,1000,1.0,0.7196180555555556,1.0,success,
12.96875,18,SPSA,1,N0,79,80,20480,20,14,0.5013477719999173,"(2.6256343441808494, -0.3655638606177801)",G0055_C03_N0_S1001,G0055,random_regular,10,20,10054,C03,256,18,1001,1.0,0.7204861111111112,1.0,success,
12.99609375,18,SPSA,1,N0,79,80,40960,20,14,0.6734381030000804,"(2.537031152252269, 1.198014724242679)",G0055_C04_N0_S1000,G0055,random_regular,10,20,10054,C04,512,18,1000,1.0,0.7220052083333334,1.0,success,
12.90625,18,SPSA,1,N0,79,80,40960,20,14,0.6531431000003067,"(2.6437346472862435, -0.3307826181146667)",G0055_C04_N0_S1001,G0055,random_regular,10,20,10054,C04,512,18,1001,1.0,0.7170138888888888,1.0,success,
12.90625,18,COBYLA,2,N0,44,45,11520,40,24,0.3812308530000337,"(1.5297507617261408, 2.149103428289284, 1.5752290678499345, 0.31890521288323537)",G0055_C05_N0_S1000,G0055,random_regular,10,20,10054,C05,256,18,1000,1.0,0.7170138888888888,1.0,success,
13.078125,18,COBYLA,2,N0,43,44,11264,40,24,0.5663451549999081,"(1.7325459416107416, 0.9237440781739252, 0.0004886372821564216, 1.1948123169912792)",G0055_C05_N0_S1001,G0055,random_regular,10,20,10054,C05,256,18,1001,1.0,0.7265625,1.0,success,
13.15625,18,COBYLA,2,N0,48,49,25088,40,24,0.5102746559996376,"(1.308603356282787, 2.404192433425242, 1.474435301368436, 0.47234616965793497)",G0055_C06_N0_S1000,G0055,random_regular,10,20,10054,C06,512,18,1000,1.0,0.7309027777777778,1.0,success,
12.8828125,18,COBYLA,2,N0,47,48,24576,40,24,1.21305287999985,"(1.6094132251018711, 0.9665382491199919, 0.05371287394400687, 1.1628902267040577)",G0055_C06_N0_S1001,G0055,random_regular,10,20,10054,C06,512,18,1001,1.0,0.7157118055555556,1.0,success,
9.578125,16,SPSA,2,N0,79,80,20480,40,24,0.6072082250002495,"(1.7888131586488412, 1.6067822658641713, 0.8513266366381315, 0.2992904933446388)",G0055_C07_N0_S1000,G0055,random_regular,10,20,10054,C07,256,18,1000,1.0,0.5321180555555556,0.8888888888888888,success,
13.46875,18,SPSA,2,N0,79,80,20480,40,24,0.9249175019999712,"(0.4757270863916447, 1.8711046534710676, 0.16374263923619375, 1.315605173860622)",G0055_C07_N0_S1001,G0055,random_regular,10,20,10054,C07,256,18,1001,1.0,0.7482638888888888,1.0,success,
10.08203125,18,SPSA,2,N0,79,80,40960,40,24,0.7923491480000848,"(1.6270414758458513, 1.8796894141561484, 0.755097160792403, 0.3689635864128717)",G0055_C08_N0_S1000,G0055,random_regular,10,20,10054,C08,512,18,1000,1.0,0.5601128472222222,1.0,success,
12.3046875,18,SPSA,2,N0,79,80,40960,40,24,0.8365710189996207,"(1.7734637280649321, 0.5149479682507583, 0.1437620987870339, 1.0609420061579065)",G0055_C08_N0_S1001,G0055,random_regular,10,20,10054,C08,512,18,1001,1.0,0.68359375,1.0,success,
10.671875,18,COBYLA,3,N0,52,53,13568,60,34,0.5165661319997525,"(1.8409441015312056, 2.740438849673711, 1.1485291309746994, 1.3132416497565063, 0.6547018698718681, 0.2575127696181987)",G0055_C09_N0_S1000,G0055,random_regular,10,20,10054,C09,256,18,1000,1.0,0.5928819444444444,1.0,success,
13.9140625,18,COBYLA,3,N0,51,52,13312,60,34,0.4776660710003853,"(2.5381618464608056, 0.5784806855770863, 0.5638856969719988, 1.3526268412411573, 0.043548316611496024, 0.25314654619318405)",G0055_C09_N0_S1001,G0055,random_regular,10,20,10054,C09,256,18,1001,1.0,0.7730034722222222,1.0,success,
11.359375,18,COBYLA,3,N0,54,55,28160,60,34,0.6602057610002703,"(2.4454951213828235, 2.6093959067833534, 1.205486049787823, 1.1223098535537703, 1.0083978182394728, 0.2674075864835883)",G0055_C10_N0_S1000,G0055,random_regular,10,20,10054,C10,512,18,1000,1.0,0.6310763888888888,1.0,success,
14.05078125,18,COBYLA,3,N0,50,51,26112,60,34,0.5412161510002989,"(2.5493364568281756, 0.5551026813660018, 0.5354046852697555, 1.3392468436525606, 0.07766283041178199, 0.2333046370264348)",G0055_C10_N0_S1001,G0055,random_regular,10,20,10054,C10,512,18,1001,1.0,0.7805989583333334,1.0,success,
10.3125,18,SPSA,3,N0,79,80,20480,60,34,0.6754919219997646,"(1.4821304261993182, 2.0247317074374216, 1.5777464282625635, 0.9128694298294046, 0.30931888330921586, 0.4111029955314691)",G0055_C11_N0_S1000,G0055,random_regular,10,20,10054,C11,256,18,1000,1.0,0.5729166666666666,1.0,success,
12.9375,18,SPSA,3,N0,79,80,20480,60,34,0.66786861699984,"(3.762989627078214, 1.5513525738550606, 0.21642885300318382, 1.9117396039603294, 0.00498748031484976, -0.13201566027713657)",G0055_C11_N0_S1001,G0055,random_regular,10,20,10054,C11,256,18,1001,1.0,0.71875,1.0,success,
10.65625,18,SPSA,3,N0,79,80,40960,60,34,0.8365713750004033,"(1.2652883006512268, 2.0093000566219557, 1.438403408521127, 0.8936268279402462, 0.3351278049055953, 0.42715528859488733)",G0055_C12_N0_S1000,G0055,random_regular,10,20,10054,C12,512,18,1000,1.0,0.5920138888888888,1.0,success,
13.16796875,18,SPSA,3,N0,79,80,40960,60,34,0.8740526739998131,"(2.543101237947383, 0.493054405600778, -0.3571059791433292, 0.03467208030963681, -0.5433031907485897, -0.2921723127456116)",G0055_C12_N0_S1001,G0055,random_regular,10,20,10054,C12,512,18,1001,1.0,0.7315538194444444,1.0,success,
10.4296875,16,COBYLA,1,N0,25,26,6656,20,14,0.1983848770000804,"(2.1137892556208686, 1.4424091409252402)",G0056_C01_N0_S1000,G0056,random_regular,10,20,10055,C01,256,16,1000,1.0,0.65185546875,1.0,success,
12.21875,16,COBYLA,1,N0,28,29,7424,20,14,0.2199870009999358,"(2.6165530568045288, -0.2589381814402419)",G0056_C01_N0_S1001,G0056,random_regular,10,20,10055,C01,256,16,1001,1.0,0.763671875,1.0,success,
10.7734375,16,COBYLA,1,N0,28,29,14848,20,14,0.2970624849999694,"(2.1958794302739117, 1.4294227294651995)",G0056_C02_N0_S1000,G0056,random_regular,10,20,10055,C02,512,16,1000,1.0,0.67333984375,1.0,success,
12.06640625,16,COBYLA,1,N0,32,33,16896,20,14,0.3202274390000639,"(2.482557249759449, -0.2565752504285915)",G0056_C02_N0_S1001,G0056,random_regular,10,20,10055,C02,512,16,1001,1.0,0.754150390625,1.0,success,
11.6875,16,SPSA,1,N0,79,80,20480,20,14,0.480589024999972,"(2.336748037127713, 1.1960378178387234)",G0056_C03_N0_S1000,G0056,random_regular,10,20,10055,C03,256,16,1000,1.0,0.73046875,1.0,success,
12.2734375,16,SPSA,1,N0,79,80,20480,20,14,0.4908397430003788,"(2.611627670507792, -0.2924402840904359)",G0056_C03_N0_S1001,G0056,random_regular,10,20,10055,C03,256,16,1001,1.0,0.76708984375,1.0,success,
10.3359375,16,SPSA,1,N0,79,80,40960,20,14,0.6537278369996784,"(1.8878231088988426, 1.0217488090288556)",G0056_C04_N0_S1000,G0056,random_regular,10,20,10055,C04,512,16,1000,1.0,0.64599609375,1.0,success,
12.39453125,16,SPSA,1,N0,79,80,40960,20,14,0.6674454680000963,"(2.6053968442940536, -0.3309205818693539)",G0056_C04_N0_S1001,G0056,random_regular,10,20,10055,C04,512,16,1001,1.0,0.774658203125,1.0,success,
12.1328125,16,COBYLA,2,N0,41,42,10752,40,24,0.3465598329999011,"(1.3704259453477563, 2.4539732985911513, 1.55939615484587, 0.33442827589442414)",G0056_C05_N0_S1000,G0056,random_regular,10,20,10055,C05,256,16,1000,1.0,0.75830078125,1.0,success,
12.1015625,16,COBYLA,2,N0,43,44,11264,40,24,0.3649667259996931,"(1.9600712457550287, 0.5418324302340147, 0.24575326848464316, 1.2047502060335173)",G0056_C05_N0_S1001,G0056,random_regular,10,20,10055,C05,256,16,1001,1.0,0.75634765625,1.0,success,
12.75,16,COBYLA,2,N0,47,48,24576,40,24,0.4826872539997566,"(1.2900407232788582, 2.3540478954730326, 1.5098495560128082, 0.3687333431752671)",G0056_C06_N0_S1000,G0056,random_regular,10,20,10055,C06,512,16,1000,1.0,0.796875,1.0,success,
12.578125,16,COBYLA,2,N0,46,47,24064,40,24,0.5070958139999675,"(2.0744568979015483, 0.38989087016552937, 0.09178151137561001, 1.2121494395375048)",G0056_C06_N0_S1001,G0056,random_regular,10,20,10055,C06,512,16,1001,1.0,0.7861328125,1.0,success,
11.859375,16,SPSA,2,N0,79,80,20480,40,24,0.5987184850000631,"(1.5483363352721584, 2.308366002368281, 0.028537158707400187, 0.31297758558083427)",G0056_C07_N0_S1000,G0056,random_regular,10,20,10055,C07,256,16,1000,1.0,0.7412109375,1.0,success,
12.1484375,16,SPSA,2,N0,79,80,20480,40,24,0.5657368130000577,"(1.4969762905350597, 1.2631269451605962, 0.004852177300823789, 1.2100279635347198)",G0056_C07_N0_S1001,G0056,random_regular,10,20,10055,C07,256,16,1001,1.0,0.75927734375,1.0,success,
10.0546875,16,SPSA,2,N0,79,80,40960,40,24,0.7597927540000455,"(1.4295299350967272, 1.929324166425829, 0.47702059766252936, 0.2803538421562408)",G0056_C08_N0_S1000,G0056,random_regular,10,20,10055,C08,512,16,1000,1.0,0.62841796875,1.0,success,
12.41796875,16,SPSA,2,N0,79,80,40960,40,24,0.7770174900001621,"(1.8557540799057077, 0.6416021510461714, 0.2260524506278095, 1.0809814900526078)",G0056_C08_N0_S1001,G0056,random_regular,10,20,10055,C08,512,16,1001,1.0,0.776123046875,1.0,success,
10.1875,14,COBYLA,3,N0,54,55,14080,60,34,0.537533921999966,"(2.1485078089841942, 2.6175232904870396, 1.304030622016556, 0.19699169346492615, 0.37419871072362854, 0.8988243506728095)",G0056_C09_N0_S1000,G0056,random_regular,10,20,10055,C09,256,16,1000,1.0,0.63671875,0.875,success,
12.921875,16,COBYLA,3,N0,57,58,14848,60,34,0.5895699770003375,"(2.526790470271529, 0.6082749645161173, 0.609094622870311, 1.404898638050592, 0.06589442175452381, 0.32161046223610823)",G0056_C09_N0_S1001,G0056,random_regular,10,20,10055,C09,256,16,1001,1.0,0.8076171875,1.0,success,
10.03125,14,COBYLA,3,N0,51,52,26624,60,34,0.7026675679999244,"(2.1296641004151433, 2.34359867716105, 1.4430453045450566, 0.319821205640025, 0.8358975476404746, 0.7810428472918949)",G0056_C10_N0_S1000,G0056,random_regular,10,20,10055,C10,512,16,1000,1.0,0.626953125,0.875,success,
12.265625,16,COBYLA,3,N0,49,50,25600,60,34,0.5459664029999658,"(2.5461393697522716, 0.6117045587318696, 0.5888601784304797, 1.2837291406628386, 0.09438253923121882, 0.2865609697253244)",G0056_C10_N0_S1001,G0056,random_regular,10,20,10055,C10,512,16,1001,1.0,0.7666015625,1.0,success,
9.828125,16,SPSA,3,N0,79,80,20480,60,34,1.495145156000035,"(1.258444983109345, 1.4919560987191764, 1.6972107325790353, 0.4995541704902635, 0.4743474522136147, -0.025612156521530358)",G0056_C11_N0_S1000,G0056,random_regular,10,20,10055,C11,256,16,1000,1.0,0.6142578125,1.0,success,
12.3203125,16,SPSA,3,N0,79,80,20480,60,34,0.6922487320002801,"(2.5723836160595135, 1.3226015366868056, 0.03832192653322694, 1.2312994148693874, -0.46800504467310966, -1.0791930487413273)",G0056_C11_N0_S1001,G0056,random_regular,10,20,10055,C11,256,16,1001,1.0,0.77001953125,1.0,success,
10.03125,16,SPSA,3,N0,79,80,40960,60,34,1.1788313319998451,"(1.2077887079143503, 1.4034428467021025, 1.8532818080277729, 0.5812112252862717, 0.5038829326324024, -0.07504576153062238)",G0056_C12_N0_S1000,G0056,random_regular,10,20,10055,C12,512,16,1000,1.0,0.626953125,1.0,success,
12.84375,16,SPSA,3,N0,79,80,40960,60,34,0.8607873460000519,"(2.6859165563641136, 0.06735362893536478, 0.1089135980831143, 1.5982153024712153, -0.7297846692047346, -1.2140486864917421)",G0056_C12_N0_S1001,G0056,random_regular,10,20,10055,C12,512,16,1001,1.0,0.802734375,1.0,success,
12.34375,16,COBYLA,1,N0,30,31,7936,20,14,0.2422669020002104,"(2.418766941801236, 1.2317096641440326)",G0057_C01_N0_S1000,G0057,random_regular,10,20,10056,C01,256,16,1000,1.0,0.771484375,1.0,success,
10.0859375,16,COBYLA,1,N0,23,24,6144,20,14,0.1832679099998131,"(1.9223037952246662, -0.00023900579844914407)",G0057_C01_N0_S1001,G0057,random_regular,10,20,10056,C01,256,16,1001,1.0,0.63037109375,1.0,success,
12.8203125,16,COBYLA,1,N0,33,34,17408,20,14,0.3296292569998513,"(2.613324851346924, 1.1616149746101128)",G0057_C02_N0_S1000,G0057,random_regular,10,20,10056,C02,512,16,1000,1.0,0.80126953125,1.0,success,
10.30078125,16,COBYLA,1,N0,27,28,14336,20,14,0.305123449000348,"(1.9155425862137296, -0.6006408411267217)",G0057_C02_N0_S1001,G0057,random_regular,10,20,10056,C02,512,16,1001,1.0,0.643798828125,1.0,success,
9.6484375,16,SPSA,1,N0,79,80,20480,20,14,0.5097478600000613,"(1.6517065800707325, 0.9207080474761192)",G0057_C03_N0_S1000,G0057,random_regular,10,20,10056,C03,256,16,1000,1.0,0.60302734375,1.0,success,
12.984375,16,SPSA,1,N0,79,80,20480,20,14,0.4982417009996425,"(2.570088143962685, -0.3710252088171279)",G0057_C03_N0_S1001,G0057,random_regular,10,20,10056,C03,256,16,1001,1.0,0.8115234375,1.0,success,
9.8984375,16,SPSA,1,N0,79,80,40960,20,14,1.3261121949999506,"(1.6140909961555054, 0.7267863296011654)",G0057_C04_N0_S1000,G0057,random_regular,10,20,10056,C04,512,16,1000,1.0,0.61865234375,1.0,success,
12.90234375,16,SPSA,1,N0,79,80,40960,20,14,0.6554178679998586,"(2.6987662027239177, -0.40091299233056965)",G0057_C04_N0_S1001,G0057,random_regular,10,20,10056,C04,512,16,1001,1.0,0.806396484375,1.0,success,
12.9140625,16,COBYLA,2,N0,48,49,12544,40,25,0.9647056470003008,"(1.2892846267613027, 2.384575362209165, 1.5428327148648149, 0.37363084460008017)",G0057_C05_N0_S1000,G0057,random_regular,10,20,10056,C05,256,16,1000,1.0,0.80712890625,1.0,success,
12.7578125,16,COBYLA,2,N0,47,48,12288,40,25,0.3951562580000427,"(1.8498035389397967, 0.7719596210819105, 0.18416087749503654, 1.0633870187329604)",G0057_C05_N0_S1001,G0057,random_regular,10,20,10056,C05,256,16,1001,1.0,0.79736328125,1.0,success,
12.88671875,16,COBYLA,2,N0,46,47,24064,40,25,0.6219267700003002,"(1.552900759153693, 2.1246159418674186, 1.5778794761389732, 0.32688996360163697)",G0057_C06_N0_S1000,G0057,random_regular,10,20,10056,C06,512,16,1000,1.0,0.805419921875,1.0,success,
11.9921875,16,COBYLA,2,N0,41,42,21504,40,25,0.4527537750000192,"(1.851071056825987, 0.8468010722169467, 0.13208789619869435, 0.9254579821015428)",G0057_C06_N0_S1001,G0057,random_regular,10,20,10056,C06,512,16,1001,1.0,0.74951171875,1.0,success,
9.796875,16,SPSA,2,N0,79,80,20480,40,25,0.5900067000002309,"(1.549337319746888, 1.6815691328250666, 0.8444041280848754, 0.35711009640671876)",G0057_C07_N0_S1000,G0057,random_regular,10,20,10056,C07,256,16,1000,1.0,0.6123046875,1.0,success,
12.53125,16,SPSA,2,N0,79,80,20480,40,25,0.5722403209997537,"(1.8675841411329783, 0.8005500138625419, 0.23788251185508014, 1.1163285458372845)",G0057_C07_N0_S1001,G0057,random_regular,10,20,10056,C07,256,16,1001,1.0,0.783203125,1.0,success,
9.91015625,16,SPSA,2,N0,79,80,40960,40,25,0.7837611189997915,"(1.67164148532333, 1.6611037663505124, 0.6802187085436963, 0.27315295838174447)",G0057_C08_N0_S1000,G0057,random_regular,10,20,10056,C08,512,16,1000,1.0,0.619384765625,1.0,success,
12.6015625,16,SPSA,2,N0,79,80,40960,40,25,0.7440327539998179,"(1.267157642161866, 1.394465096324637, -0.05136301877732832, 1.3047326920797655)",G0057_C08_N0_S1001,G0057,random_regular,10,20,10056,C08,512,16,1001,1.0,0.78759765625,1.0,success,
10.515625,16,COBYLA,3,N0,55,56,14336,60,36,0.5703430429998662,"(2.057760788838518, 2.8844984822156645, 1.0177666802670087, 1.1624112960713704, 0.6248641982028684, 0.9733664161112318)",G0057_C09_N0_S1000,G0057,random_regular,10,20,10056,C09,256,16,1000,1.0,0.6572265625,1.0,success,
13.3359375,16,COBYLA,3,N0,50,51,13056,60,36,0.5369734270002482,"(2.510529961096865, 0.5986342945822543, 0.5797395454539473, 1.2822291017046477, 0.07705356618655648, 0.2863686542323149)",G0057_C09_N0_S1001,G0057,random_regular,10,20,10056,C09,256,16,1001,1.0,0.83349609375,1.0,success,
14.0625,16,COBYLA,3,N0,55,56,28672,60,36,0.5938293320000412,"(2.8996957405089963, 2.5997213374731025, 1.0817897293274206, 1.1294773689509938, 1.3402907485739208, 0.04700811212727942)",G0057_C10_N0_S1000,G0057,random_regular,10,20,10056,C10,512,16,1000,1.0,0.87890625,1.0,success,
13.40625,16,COBYLA,3,N0,53,54,27648,60,36,1.410856526000316,"(2.5300423976115765, 0.6104446262564341, 0.5755909794590196, 1.2792170479482212, 0.07744647708761504, 0.3179605564867493)",G0057_C10_N0_S1001,G0057,random_regular,10,20,10056,C10,512,16,1001,1.0,0.837890625,1.0,success,
10.1171875,16,SPSA,3,N0,79,80,20480,60,36,0.6972104670003318,"(1.4320377275389882, 1.5379275216495285, 1.681957936175489, 0.831397703511932, 0.24630231746060727, 0.17864831805273754)",G0057_C11_N0_S1000,G0057,random_regular,10,20,10056,C11,256,16,1000,1.0,0.63232421875,1.0,success,
13.6875,16,SPSA,3,N0,79,80,20480,60,36,0.9988975740002388,"(2.4891030241672394, 1.0012322919948144, 0.41004667512788057, 1.4810798502618105, 0.4168496318837704, -1.2535779149125563)",G0057_C11_N0_S1001,G0057,random_regular,10,20,10056,C11,256,16,1001,1.0,0.85546875,1.0,success,
10.62109375,16,SPSA,3,N0,79,80,40960,60,36,0.8660945739998169,"(1.1625194912642247, 1.3084986137212755, 1.992621659409059, 0.4425937462308848, 0.5820572624864134, -0.40648190049173716)",G0057_C12_N0_S1000,G0057,random_regular,10,20,10056,C12,512,16,1000,1.0,0.663818359375,1.0,success,
12.46484375,16,SPSA,3,N0,79,80,40960,60,36,0.838744700999996,"(1.319490104995673, 1.1602879093037077, -1.0378365422823204, -0.031683431815500734, -0.3902905455156912, 0.013712661080892419)",G0057_C12_N0_S1001,G0057,random_regular,10,20,10056,C12,512,16,1001,1.0,0.779052734375,1.0,success,
12.5234375,16,COBYLA,1,N0,28,29,7424,20,16,0.2209452810002403,"(2.670134974154945, 1.2445678925409933)",G0058_C01_N0_S1000,G0058,random_regular,10,20,10057,C01,256,16,1000,1.0,0.78271484375,1.0,success,
12.265625,16,COBYLA,1,N0,33,34,8704,20,16,0.2459160929997779,"(2.426292646389964, -0.4116163377203791)",G0058_C01_N0_S1001,G0058,random_regular,10,20,10057,C01,256,16,1001,1.0,0.7666015625,1.0,success,
12.41015625,16,COBYLA,1,N0,29,30,15360,20,16,0.271064548999675,"(2.4753426152230897, 1.2380153519518184)",G0058_C02_N0_S1000,G0058,random_regular,10,20,10057,C02,512,16,1000,1.0,0.775634765625,1.0,success,
12.1953125,16,COBYLA,1,N0,36,37,18944,20,16,0.3515707380001913,"(2.3990764141416423, -0.38161884464926754)",G0058_C02_N0_S1001,G0058,random_regular,10,20,10057,C02,512,16,1001,1.0,0.76220703125,1.0,success,
12.546875,16,SPSA,1,N0,79,80,20480,20,16,0.4865153089999694,"(2.588483223315532, 1.2031697417994405)",G0058_C03_N0_S1000,G0058,random_regular,10,20,10057,C03,256,16,1000,1.0,0.7841796875,1.0,success,
12.71875,16,SPSA,1,N0,79,80,20480,20,16,0.730525254999975,"(2.7346722765637175, -0.359008687175163)",G0058_C03_N0_S1001,G0058,random_regular,10,20,10057,C03,256,16,1001,1.0,0.794921875,1.0,success,
11.9609375,16,SPSA,1,N0,79,80,40960,20,16,0.6433011730000544,"(2.3476037736316506, 1.1616012733408967)",G0058_C04_N0_S1000,G0058,random_regular,10,20,10057,C04,512,16,1000,1.0,0.74755859375,1.0,success,
12.6484375,16,SPSA,1,N0,79,80,40960,20,16,1.4068368729999747,"(2.6102147536320617, -0.3119878395828638)",G0058_C04_N0_S1001,G0058,random_regular,10,20,10057,C04,512,16,1001,1.0,0.79052734375,1.0,success,
11.234375,16,COBYLA,2,N0,41,42,10752,40,28,0.3719653610000932,"(1.5881446228817142, 2.2951373230374537, 1.2664260841580361, 0.27425972699636725)",G0058_C05_N0_S1000,G0058,random_regular,10,20,10057,C05,256,16,1000,1.0,0.7021484375,1.0,success,
11.59375,16,COBYLA,2,N0,41,42,10752,40,28,0.5603705050002645,"(1.8518808931787738, 0.8516817002121768, 0.28457422980937924, 0.88423032471812)",G0058_C05_N0_S1001,G0058,random_regular,10,20,10057,C05,256,16,1001,1.0,0.724609375,1.0,success,
12.58203125,16,COBYLA,2,N0,47,48,24576,40,28,0.4857402929997079,"(1.4717811560235392, 2.2069494241134042, 1.4038016779825515, 0.35158912779139634)",G0058_C06_N0_S1000,G0058,random_regular,10,20,10057,C06,512,16,1000,1.0,0.786376953125,1.0,success,
12.49609375,16,COBYLA,2,N0,46,47,24064,40,28,0.498222337000243,"(1.9288414053567828, 0.7869272860349612, 0.23623082238965173, 1.0277085471349292)",G0058_C06_N0_S1001,G0058,random_regular,10,20,10057,C06,512,16,1001,1.0,0.781005859375,1.0,success,
12.34375,16,SPSA,2,N0,79,80,20480,40,28,0.5986459169998852,"(2.0670726687069707, 1.7273088150189886, -0.14229935317756467, 0.2697057034483564)",G0058_C07_N0_S1000,G0058,random_regular,10,20,10057,C07,256,16,1000,1.0,0.771484375,1.0,success,
12.7734375,16,SPSA,2,N0,79,80,20480,40,28,0.5879798810001375,"(2.012993832283608, 0.431185106151044, 0.17971112363480254, 1.0366086566742967)",G0058_C07_N0_S1001,G0058,random_regular,10,20,10057,C07,256,16,1001,1.0,0.79833984375,1.0,success,
12.8125,16,SPSA,2,N0,79,80,40960,40,28,0.7662536819998422,"(2.1409843320749977, 1.4861128399397623, -0.035126307471053, 0.3009559345137905)",G0058_C08_N0_S1000,G0058,random_regular,10,20,10057,C08,512,16,1000,1.0,0.80078125,1.0,success,
13.48046875,16,SPSA,2,N0,79,80,40960,40,28,0.7519903530001102,"(2.2625837103826796, 0.29601580216221396, 0.19537474823807988, 1.0254034404844483)",G0058_C08_N0_S1001,G0058,random_regular,10,20,10057,C08,512,16,1001,1.0,0.842529296875,1.0,success,
9.625,16,COBYLA,3,N0,52,53,13568,60,40,0.5063016540002536,"(2.13798160410895, 2.3970251104851767, 1.4795072907359663, 0.3192611215778017, 0.8305727352036273, 0.30007908703546404)",G0058_C09_N0_S1000,G0058,random_regular,10,20,10057,C09,256,16,1000,1.0,0.6015625,1.0,success,
13.6484375,16,COBYLA,3,N0,59,60,15360,60,40,0.5353315359998305,"(2.673103180686232, 0.6086334403310603, 0.6155697123138079, 1.3436994267001434, 0.1438934239099424, 0.28531337338469337)",G0058_C09_N0_S1001,G0058,random_regular,10,20,10057,C09,256,16,1001,1.0,0.85302734375,1.0,success,
13.2734375,16,COBYLA,3,N0,61,62,31744,60,40,0.6949755189998541,"(2.743902117565488, 2.506840613850495, 1.6942755455509988, 1.3993381303342893, 1.4506705709882, 0.27686645481354516)",G0058_C10_N0_S1000,G0058,random_regular,10,20,10057,C10,512,16,1000,1.0,0.82958984375,1.0,success,
13.80078125,16,COBYLA,3,N0,60,61,31232,60,40,0.6449193480002577,"(2.687382517342283, 0.5944517888075289, 0.6241168230627785, 1.3325646388138168, 0.17879181934270028, 0.2585034942971693)",G0058_C10_N0_S1001,G0058,random_regular,10,20,10057,C10,512,16,1001,1.0,0.862548828125,1.0,success,
10.6953125,16,SPSA,3,N0,79,80,20480,60,40,0.6901273280000169,"(1.0701767969232294, 1.390658544130308, 1.7727493753459864, 0.5530378531523914, 0.24783523568191812, -0.2129610911011861)",G0058_C11_N0_S1000,G0058,random_regular,10,20,10057,C11,256,16,1000,1.0,0.66845703125,1.0,success,
12.3359375,16,SPSA,3,N0,79,80,20480,60,40,0.6833840270001019,"(2.571201543532989, 1.007337167755021, -0.1350492990560454, 1.104989771347393, -0.9761241291166692, -0.4540522782498712)",G0058_C11_N0_S1001,G0058,random_regular,10,20,10057,C11,256,16,1001,1.0,0.77099609375,1.0,success,
10.5078125,16,SPSA,3,N0,79,80,40960,60,40,0.879161053000189,"(1.1248386002268231, 1.3935189313124103, 1.588627075025281, 0.5489529356459695, 0.3761589351000814, -0.12804202353062766)",G0058_C12_N0_S1000,G0058,random_regular,10,20,10057,C12,512,16,1000,1.0,0.65673828125,1.0,success,
13.10546875,16,SPSA,3,N0,79,80,40960,60,40,0.837436145999618,"(2.5592683765288973, 1.3937538441672983, 0.8598376605502083, 2.5782363938964274, -0.10948511689736519, -0.2569703176833484)",G0058_C12_N0_S1001,G0058,random_regular,10,20,10057,C12,512,16,1001,1.0,0.819091796875,1.0,success,
12.25,18,COBYLA,1,N0,26,27,6912,20,17,0.1997397690001889,"(2.8561910590328914, 1.1622538383797294)",G0059_C01_N0_S1000,G0059,random_regular,10,20,10058,C01,256,18,1000,1.0,0.6805555555555556,1.0,success,
9.890625,18,COBYLA,1,N0,28,29,7424,20,17,0.2400138320003861,"(1.8692336405523409, -0.026488852186668476)",G0059_C01_N0_S1001,G0059,random_regular,10,20,10058,C01,256,18,1001,1.0,0.5494791666666666,1.0,success,
13.1015625,18,COBYLA,1,N0,30,31,15872,20,17,0.2855767549999655,"(2.5263061713412145, 1.1868445267027425)",G0059_C02_N0_S1000,G0059,random_regular,10,20,10058,C02,512,18,1000,1.0,0.7278645833333334,1.0,success,
12.88671875,18,COBYLA,1,N0,39,40,20480,20,17,0.3689629750001586,"(2.5411020342259527, -0.3933755183478354)",G0059_C02_N0_S1001,G0059,random_regular,10,20,10058,C02,512,18,1001,1.0,0.7159288194444444,1.0,success,
10.21875,16,SPSA,1,N0,79,80,20480,20,17,0.5280805050001618,"(1.9303273860552022, 0.9494109677074821)",G0059_C03_N0_S1000,G0059,random_regular,10,20,10058,C03,256,18,1000,1.0,0.5677083333333334,0.8888888888888888,success,
12.953125,18,SPSA,1,N0,79,80,20480,20,17,0.4883791610000116,"(2.5915386084073386, -0.42992139886493763)",G0059_C03_N0_S1001,G0059,random_regular,10,20,10058,C03,256,18,1001,1.0,0.7196180555555556,1.0,success,
9.93359375,16,SPSA,1,N0,79,80,40960,20,17,0.7157921410002928,"(1.812537790545243, 0.8514493509940939)",G0059_C04_N0_S1000,G0059,random_regular,10,20,10058,C04,512,18,1000,1.0,0.5518663194444444,0.8888888888888888,success,
12.90625,18,SPSA,1,N0,79,80,40960,20,17,0.6239347569999154,"(2.645379709173421, -0.3751497746390222)",G0059_C04_N0_S1001,G0059,random_regular,10,20,10058,C04,512,18,1001,1.0,0.7170138888888888,1.0,success,
13.296875,18,COBYLA,2,N0,49,50,12800,40,31,0.4151980750002622,"(2.5465505486798468, 1.2221410894624656, 1.223403792615604, 0.11204656879187004)",G0059_C05_N0_S1000,G0059,random_regular,10,20,10058,C05,256,18,1000,1.0,0.7387152777777778,1.0,success,
12.3046875,18,COBYLA,2,N0,40,41,10496,40,31,0.3547588239998731,"(1.5986719658246682, 0.8069663625734975, 0.030777629916233756, 1.0927284752805984)",G0059_C05_N0_S1001,G0059,random_regular,10,20,10058,C05,256,18,1001,1.0,0.68359375,1.0,success,
10.64453125,18,COBYLA,2,N0,43,44,22528,40,31,0.4726832219998869,"(1.5428296400174597, 2.279068950638736, 1.2197381441576116, 0.8190851591441622)",G0059_C06_N0_S1000,G0059,random_regular,10,20,10058,C06,512,18,1000,1.0,0.5913628472222222,1.0,success,
13.4375,18,COBYLA,2,N0,43,44,22528,40,31,0.4372306010000102,"(1.9853212205048245, 0.6269306588872497, 0.16487127191111986, 1.0846485841774636)",G0059_C06_N0_S1001,G0059,random_regular,10,20,10058,C06,512,18,1001,1.0,0.7465277777777778,1.0,success,
9.8828125,18,SPSA,2,N0,79,80,20480,40,31,0.5997904769997149,"(1.5050409702274372, 1.8550316926396024, 0.764802052281288, 0.45220175545931407)",G0059_C07_N0_S1000,G0059,random_regular,10,20,10058,C07,256,18,1000,1.0,0.5490451388888888,1.0,success,
13.5703125,18,SPSA,2,N0,79,80,20480,40,31,0.6102426000002197,"(2.6416703878253474, 0.15499704433819497, 0.47669659296831923, 2.0993825150428496)",G0059_C07_N0_S1001,G0059,random_regular,10,20,10058,C07,256,18,1001,1.0,0.75390625,1.0,success,
10.03515625,18,SPSA,2,N0,79,80,40960,40,31,0.7972956819999126,"(1.5612286929123282, 1.954630171993653, 0.7748491955638575, 0.3155872220880579)",G0059_C08_N0_S1000,G0059,random_regular,10,20,10058,C08,512,18,1000,1.0,0.5575086805555556,1.0,success,
13.46484375,18,SPSA,2,N0,79,80,40960,40,31,0.7833484709999539,"(2.7201027148726333, -0.5939353530822613, 1.1006028137622264, 1.0133258563767162)",G0059_C08_N0_S1001,G0059,random_regular,10,20,10058,C08,512,18,1001,1.0,0.748046875,1.0,success,
12.1484375,18,COBYLA,3,N0,59,60,15360,60,45,1.1957899110002472,"(2.285617995650603, 2.45291530701469, 0.7613252434596077, 0.974540586310546, 1.3890370255504543, 0.12799920466228418)",G0059_C09_N0_S1000,G0059,random_regular,10,20,10058,C09,256,18,1000,1.0,0.6749131944444444,1.0,success,
14.2265625,18,COBYLA,3,N0,57,58,14848,60,45,0.5296302269998705,"(2.5292959725027395, 0.6055790644141447, 0.6204036706875684, 1.3275338711263553, 0.08145004151745171, 0.33939502132911653)",G0059_C09_N0_S1001,G0059,random_regular,10,20,10058,C09,256,18,1001,1.0,0.7903645833333334,1.0,success,
15.1328125,18,COBYLA,3,N0,79,80,40960,60,45,1.3984416100001908,"(2.691553916991594, 2.3982349328017967, 1.0919591439465384, 1.0598036897665895, 1.3242795985536915, 0.13799229298411367)",G0059_C10_N0_S1000,G0059,random_regular,10,20,10058,C10,512,18,1000,1.0,0.8407118055555556,1.0,success,
14.40234375,18,COBYLA,3,N0,55,56,28672,60,45,0.6066241809999156,"(2.621260085225233, 0.62613850692999, 0.5425620934389325, 1.3152489927063342, 0.1192309952995499, 0.32153681648303295)",G0059_C10_N0_S1001,G0059,random_regular,10,20,10058,C10,512,18,1001,1.0,0.8001302083333334,1.0,success,
10.1171875,16,SPSA,3,N0,79,80,20480,60,45,0.6665549889999056,"(1.260666585612687, 1.6162762806062572, 1.3605363233270695, 0.73534204174565, 0.2938557452258563, 0.4988768769081776)",G0059_C11_N0_S1000,G0059,random_regular,10,20,10058,C11,256,18,1000,1.0,0.5620659722222222,0.8888888888888888,success,
13.7578125,18,SPSA,3,N0,79,80,20480,60,45,0.6896827350001331,"(3.6371960466280826, 3.064197389417074, -0.8685214876089133, 1.4017249438636445, -1.288818606957751, -0.30578375078360537)",G0059_C11_N0_S1001,G0059,random_regular,10,20,10058,C11,256,18,1001,1.0,0.7643229166666666,1.0,success,
10.61328125,18,SPSA,3,N0,79,80,40960,60,45,0.858119889000136,"(1.2638227415352594, 2.0231363888985148, 1.5405932295215299, 0.8619680178505587, 0.3047770232076556, 0.36580657159533186)",G0059_C12_N0_S1000,G0059,random_regular,10,20,10058,C12,512,18,1000,1.0,0.5896267361111112,1.0,success,
13.79296875,18,SPSA,3,N0,79,80,40960,60,45,0.8504523970000264,"(3.683376146906216, 0.6304510123474155, -1.0915291341488882, 0.35582341105311366, -1.4836457603242763, -0.08813829201528707)",G0059_C12_N0_S1001,G0059,random_regular,10,20,10058,C12,512,18,1001,1.0,0.7662760416666666,1.0,success,
12.09375,16,COBYLA,1,N0,36,37,9472,20,15,0.277762488999997,"(2.5231744285003113, 1.2057164194779988)",G0060_C01_N0_S1000,G0060,random_regular,10,20,10059,C01,256,16,1000,1.0,0.755859375,1.0,success,
10.0625,16,COBYLA,1,N0,23,24,6144,20,15,0.1854163730004074,"(1.9245237272217217, 0.02466223718113823)",G0060_C01_N0_S1001,G0060,random_regular,10,20,10059,C01,256,16,1001,1.0,0.62890625,1.0,success,
12.27734375,16,COBYLA,1,N0,29,30,15360,20,15,0.4968734940002832,"(2.8147560525696056, 1.2478478393998065)",G0060_C02_N0_S1000,G0060,random_regular,10,20,10059,C02,512,16,1000,1.0,0.767333984375,1.0,success,
10.16796875,16,COBYLA,1,N0,26,27,13824,20,15,0.2914582409998729,"(1.9242069804488067, 0.023677225323101708)",G0060_C02_N0_S1001,G0060,random_regular,10,20,10059,C02,512,16,1001,1.0,0.635498046875,1.0,success,
9.7421875,16,SPSA,1,N0,79,80,20480,20,15,1.0306195629996182,"(1.6167517972827392, 0.9993320480654075)",G0060_C03_N0_S1000,G0060,random_regular,10,20,10059,C03,256,16,1000,1.0,0.60888671875,1.0,success,
12.375,16,SPSA,1,N0,79,80,20480,20,15,0.4869508800002222,"(2.639410141925184, -0.30523545713240774)",G0060_C03_N0_S1001,G0060,random_regular,10,20,10059,C03,256,16,1001,1.0,0.7734375,1.0,success,
10.46875,16,SPSA,1,N0,79,80,40960,20,15,0.9385020470003838,"(2.0049251327630544, 1.1198369394890575)",G0060_C04_N0_S1000,G0060,random_regular,10,20,10059,C04,512,16,1000,1.0,0.654296875,1.0,success,
12.359375,16,SPSA,1,N0,79,80,40960,20,15,0.6884609799999453,"(2.6451429278346463, -0.39392744253608064)",G0060_C04_N0_S1001,G0060,random_regular,10,20,10059,C04,512,16,1001,1.0,0.7724609375,1.0,success,
12.3359375,16,COBYLA,2,N0,41,42,10752,40,26,0.3567283910001606,"(1.4758270185394085, 2.091608228202807, 1.461948255741706, 0.3485829163254678)",G0060_C05_N0_S1000,G0060,random_regular,10,20,10059,C05,256,16,1000,1.0,0.77099609375,1.0,success,
10.9921875,16,COBYLA,2,N0,40,41,10496,40,26,0.3676713780000682,"(1.5765425402329762, 0.7117528455514278, 0.15814298218789358, 0.9701718567339286)",G0060_C05_N0_S1001,G0060,random_regular,10,20,10059,C05,256,16,1001,1.0,0.68701171875,1.0,success,
12.3515625,16,COBYLA,2,N0,46,47,24064,40,26,0.4954109860000244,"(1.4728936523453895, 2.3037094513078205, 1.4485365873010856, 0.37536040350585725)",G0060_C06_N0_S1000,G0060,random_regular,10,20,10059,C06,512,16,1000,1.0,0.77197265625,1.0,success,
12.16796875,16,COBYLA,2,N0,43,44,22528,40,26,0.4707273710000663,"(1.6226979870191944, 1.0053386846682928, -0.10028431325037343, 1.3112363518345256)",G0060_C06_N0_S1001,G0060,random_regular,10,20,10059,C06,512,16,1001,1.0,0.760498046875,1.0,success,
9.859375,16,SPSA,2,N0,79,80,20480,40,26,0.5871741319997454,"(1.5379816041089498, 1.9970251104851768, 0.8397536453679831, 0.4192611215778017)",G0060_C07_N0_S1000,G0060,random_regular,10,20,10059,C07,256,16,1000,1.0,0.6162109375,1.0,success,
12.1328125,16,SPSA,2,N0,79,80,20480,40,26,0.588565323000239,"(1.2781038005320653, 1.2346397780401768, -0.023994278938348143, 1.2786200554455058)",G0060_C07_N0_S1001,G0060,random_regular,10,20,10059,C07,256,16,1001,1.0,0.75830078125,1.0,success,
9.86328125,16,SPSA,2,N0,79,80,40960,40,26,0.727753962999941,"(1.6828001461209154, 1.6038249840441174, 0.7075348173082651, 0.10647361508676897)",G0060_C08_N0_S1000,G0060,random_regular,10,20,10059,C08,512,16,1000,1.0,0.616455078125,1.0,success,
13.046875,16,SPSA,2,N0,79,80,40960,40,26,1.1128904779998263,"(3.7002198009039335, -0.12524520694715818, 0.833898139006988, 1.0983822003081383)",G0060_C08_N0_S1001,G0060,random_regular,10,20,10059,C08,512,16,1001,1.0,0.8154296875,1.0,success,
10.859375,16,COBYLA,3,N0,55,56,14336,60,37,0.5533884510000462,"(1.3318858089870589, 2.4917555268125344, 1.5332629242103555, 0.5023555090479711, 1.255877335010514, 0.9478227706867753)",G0060_C09_N0_S1000,G0060,random_regular,10,20,10059,C09,256,16,1000,1.0,0.6787109375,1.0,success,
12.8828125,16,COBYLA,3,N0,56,57,14592,60,37,1.176725110999996,"(2.5586834453150558, 0.6540958884139446, 0.6005058385149001, 1.3516114747846257, 0.04441270710880296, 0.23835158593722328)",G0060_C09_N0_S1001,G0060,random_regular,10,20,10059,C09,256,16,1001,1.0,0.80517578125,1.0,success,
10.703125,16,COBYLA,3,N0,59,60,30720,60,37,0.6974601100000655,"(1.7329717644074982, 2.637476393213107, 1.4959360574096539, 0.5346326376322137, 1.3753628215506486, 0.820091174899336)",G0060_C10_N0_S1000,G0060,random_regular,10,20,10059,C10,512,16,1000,1.0,0.6689453125,1.0,success,
13.0546875,16,COBYLA,3,N0,52,53,27136,60,37,0.8198138079997079,"(2.5886557887574697, 0.4713131943086478, 0.6305551391225287, 1.348539333002174, 0.021794914609211652, 0.19541296620981125)",G0060_C10_N0_S1001,G0060,random_regular,10,20,10059,C10,512,16,1001,1.0,0.81591796875,1.0,success,
10.4921875,16,SPSA,3,N0,79,80,20480,60,37,0.6810839570002827,"(1.2427189596434725, 2.0742976480649995, 1.538035585120477, 0.4279262567277703, 0.18333613186682463, 0.053895018048720614)",G0060_C11_N0_S1000,G0060,random_regular,10,20,10059,C11,256,16,1000,1.0,0.65576171875,1.0,success,
12.3125,16,SPSA,3,N0,79,80,20480,60,37,0.688752619999832,"(2.6899139363345643, 1.6316949940995036, -0.3875934391667553, 1.441244532201826, -1.516657758105565, -1.1950390360452077)",G0060_C11_N0_S1001,G0060,random_regular,10,20,10059,C11,256,16,1001,1.0,0.76953125,1.0,success,
11.3671875,16,SPSA,3,N0,79,80,40960,60,37,0.8529618930001561,"(1.0590480523363066, 2.1442471170610005, 1.485129684536807, 0.2151443856341936, 0.23770885200122488, 0.3109982376845658)",G0060_C12_N0_S1000,G0060,random_regular,10,20,10059,C12,512,16,1000,1.0,0.71044921875,1.0,success,
12.84375,16,SPSA,3,N0,79,80,40960,60,37,0.8683917680000377,"(3.3449389951605513, 2.1531486798005863, 0.06573630564340009, 1.6858302761272763, -1.026556255264923, -0.8996816629835754)",G0060_C12_N0_S1001,G0060,random_regular,10,20,10059,C12,512,16,1001,1.0,0.802734375,1.0,success,
14.96875,18,COBYLA,1,N0,38,39,9984,24,13,0.5562334629998986,"(2.56817746021315, 1.2731943361181126)",G0061_C01_N0_S1000,G0061,random_regular,12,24,10060,C01,256,18,1000,1.0,0.8315972222222222,1.0,success,
11.96875,16,COBYLA,1,N0,24,25,6400,24,13,0.2365669969999544,"(1.9245237272217217, 0.02466223718113823)",G0061_C01_N0_S1001,G0061,random_regular,12,24,10060,C01,256,18,1001,1.0,0.6649305555555556,0.8888888888888888,success,
15.08203125,18,COBYLA,1,N0,31,32,16384,24,13,0.4043516430001546,"(2.633406851389324, 1.2656664967750821)",G0061_C02_N0_S1000,G0061,random_regular,12,24,10060,C02,512,18,1000,1.0,0.837890625,1.0,success,
11.98828125,18,COBYLA,1,N0,24,25,12800,24,13,0.343682773999717,"(1.8997522539261849, 0.028034789740921263)",G0061_C02_N0_S1001,G0061,random_regular,12,24,10060,C02,512,18,1001,1.0,0.666015625,1.0,success,
12.2421875,18,SPSA,1,N0,79,80,20480,24,13,0.6330765080001584,"(1.494028664293829, 1.120474443401553)",G0061_C03_N0_S1000,G0061,random_regular,12,24,10060,C03,256,18,1000,1.0,0.6801215277777778,1.0,success,
15.140625,18,SPSA,1,N0,79,80,20480,24,13,0.6296256830000857,"(2.698625621025247, -0.36328958642998577)",G0061_C03_N0_S1001,G0061,random_regular,12,24,10060,C03,256,18,1001,1.0,0.8411458333333334,1.0,success,
15.15234375,18,SPSA,1,N0,79,80,40960,24,13,0.9284262350001882,"(2.6695956924218414, 1.2266078635673097)",G0061_C04_N0_S1000,G0061,random_regular,12,24,10060,C04,512,18,1000,1.0,0.841796875,1.0,success,
15.06640625,18,SPSA,1,N0,79,80,40960,24,13,0.92919872199991,"(2.648983503535635, -0.3279114429411366)",G0061_C04_N0_S1001,G0061,random_regular,12,24,10060,C04,512,18,1001,1.0,0.8370225694444444,1.0,success,
13.984375,18,COBYLA,2,N0,40,41,10496,48,23,0.4413255810000009,"(1.5763745735012336, 2.3065659333717745, 1.4038276920523245, 0.27176268265885234)",G0061_C05_N0_S1000,G0061,random_regular,12,24,10060,C05,256,18,1000,1.0,0.7769097222222222,1.0,success,
15.4375,18,COBYLA,2,N0,42,43,11008,48,23,0.4454420639999625,"(2.0503491200306065, 0.5192423328276276, 0.12941055958242492, 1.2295733479690902)",G0061_C05_N0_S1001,G0061,random_regular,12,24,10060,C05,256,18,1001,1.0,0.8576388888888888,1.0,success,
15.15234375,18,COBYLA,2,N0,44,45,23040,48,23,0.6268865789998017,"(1.6897191360757173, 1.9951869401771651, 1.5068842601596988, 0.32279817075817124)",G0061_C06_N0_S1000,G0061,random_regular,12,24,10060,C06,512,18,1000,1.0,0.841796875,1.0,success,
15.0234375,18,COBYLA,2,N0,49,50,25600,48,23,0.6947527060001448,"(1.553093045399365, 1.061775426746881, 0.01693046058410633, 1.2624828280911875)",G0061_C06_N0_S1001,G0061,random_regular,12,24,10060,C06,512,18,1001,1.0,0.8346354166666666,1.0,success,
12.2109375,18,SPSA,2,N0,79,80,20480,48,23,0.7567954830001327,"(1.3758019078854073, 1.7171214005332063, 0.7600541783819466, 0.25315757482341317)",G0061_C07_N0_S1000,G0061,random_regular,12,24,10060,C07,256,18,1000,1.0,0.6783854166666666,1.0,success,
14.984375,18,SPSA,2,N0,79,80,20480,48,23,0.7934028829999988,"(3.1119757158947925, 0.5653097029289617, 6.177564580083644e-05, 1.8749738734177823)",G0061_C07_N0_S1001,G0061,random_regular,12,24,10060,C07,256,18,1001,1.0,0.8324652777777778,1.0,success,
12.453125,18,SPSA,2,N0,79,80,40960,48,23,1.069031693999932,"(1.58373186921429, 1.8603698804444662, 0.40183403766306847, 0.2774908121090699)",G0061_C08_N0_S1000,G0061,random_regular,12,24,10060,C08,512,18,1000,1.0,0.6918402777777778,1.0,success,
14.859375,18,SPSA,2,N0,79,80,40960,48,23,1.0306526790000134,"(1.8907442248232846, 0.8652131262068844, 0.143834397931795, 1.1281994752286741)",G0061_C08_N0_S1001,G0061,random_regular,12,24,10060,C08,512,18,1001,1.0,0.8255208333333334,1.0,success,
11.59375,18,COBYLA,3,N0,50,51,13056,72,33,1.4021965870001625,"(2.2149661909547183, 2.3432158330467914, 1.5818854548869723, 0.4337177890020082, 0.8620367062149485, 0.9666834772207095)",G0061_C09_N0_S1000,G0061,random_regular,12,24,10060,C09,256,18,1000,1.0,0.6440972222222222,1.0,success,
15.6796875,18,COBYLA,3,N0,53,54,13824,72,33,0.6489754529998208,"(2.5804103304775543, 0.48757072138423796, 0.5895623303342326, 1.3841281205950324, -0.02452373019992318, 0.22510927026934602)",G0061_C09_N0_S1001,G0061,random_regular,12,24,10060,C09,256,18,1001,1.0,0.87109375,1.0,success,
15.42578125,18,COBYLA,3,N0,79,80,40960,72,33,1.7034334959998887,"(1.4793945488464777, 2.412067637596427, 1.6890619768612702, -0.11626322652465358, 0.14437916507525755, 1.3413242830905248)",G0061_C10_N0_S1000,G0061,random_regular,12,24,10060,C10,512,18,1000,1.0,0.8569878472222222,1.0,success,
15.0625,18,COBYLA,3,N0,52,53,27136,72,33,1.2184781880000628,"(2.4855346990641283, 0.5249515098074241, 1.1147590218016057, 1.3312868535638307, 0.024366268045896717, 0.21815382409482487)",G0061_C10_N0_S1001,G0061,random_regular,12,24,10060,C10,512,18,1001,1.0,0.8368055555555556,1.0,success,
13.171875,18,SPSA,3,N0,79,80,20480,72,33,0.8841136080000069,"(1.7038285068830121, 1.6447009104237482, 1.413660387961904, 0.2534142188037395, 0.5782485351421985, 0.36592598980952623)",G0061_C11_N0_S1000,G0061,random_regular,12,24,10060,C11,256,18,1000,1.0,0.7317708333333334,1.0,success,
12.875,18,SPSA,3,N0,79,80,20480,72,33,1.6891850930001056,"(2.63904943123139, 1.1371027537678082, 1.1220746910704327, 2.1565469646987303, 0.21684124156947535, -0.5250232351597696)",G0061_C11_N0_S1001,G0061,random_regular,12,24,10060,C11,256,18,1001,1.0,0.7152777777777778,1.0,success,
12.8828125,18,SPSA,3,N0,79,80,40960,72,33,1.1939737769998828,"(1.6934533622253332, 1.6550760550814272, 1.424035532619583, 0.26378936346141857, 0.5886236797998776, 0.3555508451518472)",G0061_C12_N0_S1000,G0061,random_regular,12,24,10060,C12,512,18,1000,1.0,0.7157118055555556,1.0,success,
14.98046875,18,SPSA,3,N0,79,80,40960,72,33,1.1882940730001792,"(3.298380931524751, 1.96869816225382, 0.522295528903733, 2.1847372659534896, 0.06316846353185085, -0.37679719846366366)",G0061_C12_N0_S1001,G0061,random_regular,12,24,10060,C12,512,18,1001,1.0,0.8322482638888888,1.0,success,
15.15625,20,COBYLA,1,N0,32,33,8448,24,15,0.3048400479997326,"(2.6067155309177026, 1.1920815391638864)",G0062_C01_N0_S1000,G0062,random_regular,12,24,10061,C01,256,20,1000,1.0,0.7578125,1.0,success,
11.7890625,18,COBYLA,1,N0,28,29,7424,24,15,0.2652236929998253,"(1.7940044071234118, -0.3349913485314026)",G0062_C01_N0_S1001,G0062,random_regular,12,24,10061,C01,256,20,1001,1.0,0.589453125,0.9,success,
15.29296875,20,COBYLA,1,N0,38,39,19968,24,15,0.4872903690002204,"(2.7399539967532123, 1.2081197336222593)",G0062_C02_N0_S1000,G0062,random_regular,12,24,10061,C02,512,20,1000,1.0,0.7646484375,1.0,success,
15.63671875,20,COBYLA,1,N0,36,37,18944,24,15,0.4837730150002244,"(2.6632934271985507, -0.36380316178691857)",G0062_C02_N0_S1001,G0062,random_regular,12,24,10061,C02,512,20,1001,1.0,0.7818359375,1.0,success,
15.2578125,20,SPSA,1,N0,79,80,20480,24,15,0.6345062940004027,"(2.674633608462715, 1.2317149764250934)",G0062_C03_N0_S1000,G0062,random_regular,12,24,10061,C03,256,20,1000,1.0,0.762890625,1.0,success,
15.515625,20,SPSA,1,N0,79,80,20480,24,15,0.6059615869999107,"(2.6736947615785773, -0.36525662692986954)",G0062_C03_N0_S1001,G0062,random_regular,12,24,10061,C03,256,20,1001,1.0,0.77578125,1.0,success,
15.48828125,20,SPSA,1,N0,79,80,40960,24,15,0.9387250139998288,"(2.638911638941157, 1.1884963645021631)",G0062_C04_N0_S1000,G0062,random_regular,12,24,10061,C04,512,20,1000,1.0,0.7744140625,1.0,success,
15.62890625,20,SPSA,1,N0,79,80,40960,24,15,0.8937575009999819,"(2.584974595438649, -0.32859400654019333)",G0062_C04_N0_S1001,G0062,random_regular,12,24,10061,C04,512,20,1001,1.0,0.7814453125,1.0,success,
15.1796875,20,COBYLA,2,N0,43,44,11264,48,27,0.4583335449997321,"(1.5381540964748215, 2.1297869816508546, 1.5470358328110845, 0.3585911475159104)",G0062_C05_N0_S1000,G0062,random_regular,12,24,10061,C05,256,20,1000,1.0,0.758984375,1.0,success,
15.6328125,20,COBYLA,2,N0,46,47,12032,48,27,0.4838594439997905,"(1.9388102051062963, 0.7796006597674208, 0.15114307618904435, 1.0918344088367018)",G0062_C05_N0_S1001,G0062,random_regular,12,24,10061,C05,256,20,1001,1.0,0.781640625,1.0,success,
15.984375,20,COBYLA,2,N0,55,56,28672,48,27,0.7576875429999745,"(1.160632570988229, 2.5499305467254616, 1.3775634241089154, 0.5180623840822791)",G0062_C06_N0_S1000,G0062,random_regular,12,24,10061,C06,512,20,1000,1.0,0.79921875,1.0,success,
15.18359375,20,COBYLA,2,N0,41,42,21504,48,27,0.581815483000355,"(1.9311629684423037, 0.7607469139154078, 0.1880290293795536, 0.9775208817843036)",G0062_C06_N0_S1001,G0062,random_regular,12,24,10061,C06,512,20,1001,1.0,0.7591796875,1.0,success,
12.53125,20,SPSA,2,N0,79,80,20480,48,27,0.7483659229997102,"(1.4538850584601015, 1.5495699360557105, 0.8262641926222571, 0.7424562703153972)",G0062_C07_N0_S1000,G0062,random_regular,12,24,10061,C07,256,20,1000,1.0,0.6265625,1.0,success,
16.078125,20,SPSA,2,N0,79,80,20480,48,27,0.7394753960002163,"(2.639592085447302, -0.5159345868269498, 1.000249196269258, 1.2127914707884377)",G0062_C07_N0_S1001,G0062,random_regular,12,24,10061,C07,256,20,1001,1.0,0.80390625,1.0,success,
12.4765625,20,SPSA,2,N0,79,80,40960,48,27,1.0095520640002178,"(1.4996452220425927, 1.5985941941098403, 0.7883179964749621, 0.6025674047688604)",G0062_C08_N0_S1000,G0062,random_regular,12,24,10061,C08,512,20,1000,1.0,0.623828125,1.0,success,
16.36328125,20,SPSA,2,N0,79,80,40960,48,27,1.003868623000017,"(2.9243547962293777, -0.7547865222592783, 1.031882345182868, 1.3045151791169087)",G0062_C08_N0_S1001,G0062,random_regular,12,24,10061,C08,512,20,1001,1.0,0.8181640625,1.0,success,
12.0234375,20,COBYLA,3,N0,52,53,13568,72,39,0.6987419430001864,"(2.137853711526599, 2.3969785880555627, 1.4799136346162058, 0.3195581950314367, 0.8310319070561322, 0.299947662627811)",G0062_C09_N0_S1000,G0062,random_regular,12,24,10061,C09,256,20,1000,1.0,0.601171875,1.0,success,
16.53125,20,COBYLA,3,N0,52,53,13568,72,39,0.6007139950002056,"(2.5263467367426755, 0.6212430272873509, 0.5606450297641026, 1.3626496859468602, 0.06590567337498887, 0.26582282513373223)",G0062_C09_N0_S1001,G0062,random_regular,12,24,10061,C09,256,20,1001,1.0,0.8265625,1.0,success,
12.17578125,20,COBYLA,3,N0,52,53,27136,72,39,0.8738173530000495,"(2.123077315730315, 2.399432657882398, 1.5313452297809544, 0.3759342270110892, 0.8515490409510712, 0.8372777345869873)",G0062_C10_N0_S1000,G0062,random_regular,12,24,10061,C10,512,20,1000,1.0,0.6087890625,1.0,success,
16.4609375,20,COBYLA,3,N0,52,53,27136,72,39,0.7471127310000156,"(2.52380066647421, 0.6372288718011807, 0.5758195123453442, 1.296892897375403, 0.07467777185950861, 0.2691834005657614)",G0062_C10_N0_S1001,G0062,random_regular,12,24,10061,C10,512,20,1001,1.0,0.823046875,1.0,success,
13.828125,20,SPSA,3,N0,79,80,20480,72,39,1.07647731499992,"(0.8266582157796005, 1.285226139087872, 1.7256576523969342, 0.4462607270949997, 0.3206338344953374, -0.10704203917942856)",G0062_C11_N0_S1000,G0062,random_regular,12,24,10061,C11,256,20,1000,1.0,0.69140625,1.0,success,
14.2890625,20,SPSA,3,N0,79,80,20480,72,39,0.8813369529998454,"(3.7511996515384465, 0.736216030232493, 1.710080582823773, 2.1227251259749305, 0.5791333471392057, -0.33108983184964047)",G0062_C11_N0_S1001,G0062,random_regular,12,24,10061,C11,256,20,1001,1.0,0.714453125,1.0,success,
12.35546875,20,SPSA,3,N0,79,80,40960,72,39,2.191298844999892,"(1.6450360204894974, 1.7034933968172625, 1.4724528743554188, 0.31220670519725413, 0.6370410215357132, 0.3071335034160116)",G0062_C12_N0_S1000,G0062,random_regular,12,24,10061,C12,512,20,1000,1.0,0.6177734375,1.0,success,
14.6328125,20,SPSA,3,N0,79,80,40960,72,39,1.163245886000368,"(2.5571204674989385, 1.517606958083924, 0.049968681325871595, -0.39325748941582916, -0.7297101241562955, -1.030298778082315)",G0062_C12_N0_S1001,G0062,random_regular,12,24,10061,C12,512,20,1001,1.0,0.731640625,1.0,success,
15.0,20,COBYLA,1,N0,28,29,7424,24,19,0.367433668999638,"(2.534555622850332, 1.1038489147335109)",G0063_C01_N0_S1000,G0063,random_regular,12,24,10062,C01,256,20,1000,1.0,0.75,1.0,success,
12.4375,18,COBYLA,1,N0,27,28,7168,24,19,0.276605704999838,"(2.0400059577106444, -0.19706699959494264)",G0063_C01_N0_S1001,G0063,random_regular,12,24,10062,C01,256,20,1001,1.0,0.621875,0.9,success,
15.03125,20,COBYLA,1,N0,33,34,17408,24,19,1.203679917000045,"(2.413769713960523, 1.2114883651347972)",G0063_C02_N0_S1000,G0063,random_regular,12,24,10062,C02,512,20,1000,1.0,0.7515625,1.0,success,
15.37890625,20,COBYLA,1,N0,29,30,15360,24,19,0.3824186359997839,"(2.619339374093276, -0.36623561100804136)",G0063_C02_N0_S1001,G0063,random_regular,12,24,10062,C02,512,20,1001,1.0,0.7689453125,1.0,success,
12.03125,20,SPSA,1,N0,79,80,20480,24,19,1.075264407999839,"(1.5532454599082264, 0.7879769758002206)",G0063_C03_N0_S1000,G0063,random_regular,12,24,10062,C03,256,20,1000,1.0,0.6015625,1.0,success,
15.234375,20,SPSA,1,N0,79,80,20480,24,19,0.6367261129998951,"(2.616676379065785, -0.440586581792187)",G0063_C03_N0_S1001,G0063,random_regular,12,24,10062,C03,256,20,1001,1.0,0.76171875,1.0,success,
14.953125,20,SPSA,1,N0,79,80,40960,24,19,0.9278661379998994,"(2.4765665247295687, 1.136247160990409)",G0063_C04_N0_S1000,G0063,random_regular,12,24,10062,C04,512,20,1000,1.0,0.74765625,1.0,success,
15.4140625,20,SPSA,1,N0,79,80,40960,24,19,1.8354994940000324,"(2.5666473528950737, -0.36535103718365264)",G0063_C04_N0_S1001,G0063,random_regular,12,24,10062,C04,512,20,1001,1.0,0.770703125,1.0,success,
13.0859375,18,COBYLA,2,N0,34,35,8960,48,35,0.3677309289996628,"(1.6380166144594743, 2.397140336040311, 1.2396333218662061, 0.3192134812406884)",G0063_C05_N0_S1000,G0063,random_regular,12,24,10062,C05,256,20,1000,1.0,0.654296875,0.9,success,
14.3828125,20,COBYLA,2,N0,36,37,9472,48,35,0.6413423569997576,"(1.5936669282987472, 0.7510054059161991, 0.04448463540554149, 1.0897520981208733)",G0063_C05_N0_S1001,G0063,random_regular,12,24,10062,C05,256,20,1001,1.0,0.719140625,1.0,success,
14.7890625,20,COBYLA,2,N0,42,43,22016,48,35,0.6133247650000158,"(1.7111338079399534, 1.8926993159438676, 1.5436507262348034, 0.23481337714894396)",G0063_C06_N0_S1000,G0063,random_regular,12,24,10062,C06,512,20,1000,1.0,0.739453125,1.0,success,
15.890625,20,COBYLA,2,N0,48,49,25088,48,35,0.6794503969999823,"(1.8782393769631924, 0.7470372917590535, 0.13957180752165135, 1.0959417249694214)",G0063_C06_N0_S1001,G0063,random_regular,12,24,10062,C06,512,20,1001,1.0,0.79453125,1.0,success,
12.4140625,20,SPSA,2,N0,79,80,20480,48,35,0.7600282769999467,"(1.5813323502109533, 1.8166180943751087, 0.7562883287826432, 0.6992816738494196)",G0063_C07_N0_S1000,G0063,random_regular,12,24,10062,C07,256,20,1000,1.0,0.620703125,1.0,success,
14.28125,20,SPSA,2,N0,79,80,20480,48,35,0.7443063919999986,"(0.7288591781917765, 0.2178808135389167, -1.0597010633902118, -0.10708794652428065)",G0063_C07_N0_S1001,G0063,random_regular,12,24,10062,C07,256,20,1001,1.0,0.7140625,1.0,success,
12.28515625,20,SPSA,2,N0,79,80,40960,48,35,1.0135998519999705,"(1.52667151404863, 1.6192450548663493, 0.8444976485889479, 0.6358362379010706)",G0063_C08_N0_S1000,G0063,random_regular,12,24,10062,C08,512,20,1000,1.0,0.6142578125,1.0,success,
14.1328125,20,SPSA,2,N0,79,80,40960,48,35,1.046709908000139,"(1.9855288958222004, 0.29680694025012155, 0.3558272665443021, 1.1000880962871906)",G0063_C08_N0_S1001,G0063,random_regular,12,24,10062,C08,512,20,1001,1.0,0.706640625,1.0,success,
16.5546875,20,COBYLA,3,N0,73,74,18944,72,51,0.8822797249999894,"(2.72549589200203, 3.3501116612723774, 2.2288672092013164, 1.129620612057347, 1.6123095396721558, -0.12169710982186395)",G0063_C09_N0_S1000,G0063,random_regular,12,24,10062,C09,256,20,1000,1.0,0.827734375,1.0,success,
15.9296875,20,COBYLA,3,N0,55,56,14336,72,51,0.6252071110002362,"(2.5246546458620753, 0.6105168899297919, 0.5748683797782383, 1.292407515366577, 0.07053831989070444, 0.27055931459364035)",G0063_C09_N0_S1001,G0063,random_regular,12,24,10062,C09,256,20,1001,1.0,0.796484375,1.0,success,
17.3515625,20,COBYLA,3,N0,59,60,30720,72,51,0.8370390289996976,"(2.8675186015974345, 2.5037769293524947, 1.1129991310933556, 1.072998910764866, 1.4023138336092473, 0.2396286268215166)",G0063_C10_N0_S1000,G0063,random_regular,12,24,10062,C10,512,20,1000,1.0,0.867578125,1.0,success,
15.80078125,20,COBYLA,3,N0,55,56,28672,72,51,0.7867173019999427,"(2.524590330240108, 0.47819862878319175, 0.6280265358046419, 1.2453370858236326, 0.07138675119176616, 0.2587361134251411)",G0063_C10_N0_S1001,G0063,random_regular,12,24,10062,C10,512,20,1001,1.0,0.7900390625,1.0,success,
12.21875,20,SPSA,3,N0,79,80,20480,72,51,0.890002387000095,"(1.7832336293164566, 1.75177308527767, 1.3342552655284596, 0.174009096370295, 0.6853207099961206, 0.44533111224297073)",G0063_C11_N0_S1000,G0063,random_regular,12,24,10062,C11,256,20,1000,1.0,0.6109375,1.0,success,
16.234375,20,SPSA,3,N0,79,80,20480,72,51,0.8624122630003512,"(1.6663663060064366, 1.132184136704221, 0.9360747295808616, 1.5995132738219584, -0.2709360385716752, -1.3819359377950982)",G0063_C11_N0_S1001,G0063,random_regular,12,24,10062,C11,256,20,1001,1.0,0.81171875,1.0,success,
16.453125,20,SPSA,3,N0,79,80,40960,72,51,1.1819016089998513,"(0.4843386759508358, 0.9056168153305538, 1.5644874212126307, 0.45619293329653354, 0.18915617471729843, -0.24126222930554805)",G0063_C12_N0_S1000,G0063,random_regular,12,24,10062,C12,512,20,1000,1.0,0.82265625,1.0,success,
15.36328125,20,SPSA,3,N0,79,80,40960,72,51,1.1336472200000571,"(3.9386878707071666, 1.6270552077065081, -1.450192676481215, 0.1641687327939515, -3.470492836926733, -1.4272125718247852)",G0063_C12_N0_S1001,G0063,random_regular,12,24,10062,C12,512,20,1001,1.0,0.7681640625,1.0,success,
12.6484375,20,COBYLA,1,N0,29,30,7680,24,16,0.293742451000071,"(2.140893377429719, 1.4364381934655464)",G0064_C01_N0_S1000,G0064,random_regular,12,24,10063,C01,256,20,1000,1.0,0.632421875,1.0,success,
15.4765625,20,COBYLA,1,N0,30,31,7936,24,16,0.2731745249998312,"(2.6481620442330587, -0.38016321727965635)",G0064_C01_N0_S1001,G0064,random_regular,12,24,10063,C01,256,20,1001,1.0,0.773828125,1.0,success,
15.53515625,20,COBYLA,1,N0,32,33,16896,24,16,0.3903041389999089,"(2.6210090949979725, 1.1503350438660191)",G0064_C02_N0_S1000,G0064,random_regular,12,24,10063,C02,512,20,1000,1.0,0.7767578125,1.0,success,
12.11328125,18,COBYLA,1,N0,27,28,14336,24,16,0.3755809440003759,"(1.6158936258473868, -0.2721524103393127)",G0064_C02_N0_S1001,G0064,random_regular,12,24,10063,C02,512,20,1001,1.0,0.6056640625,0.9,success,
11.8515625,20,SPSA,1,N0,79,80,20480,24,16,0.6295275139996193,"(1.6537919742358775, 1.01717937594378)",G0064_C03_N0_S1000,G0064,random_regular,12,24,10063,C03,256,20,1000,1.0,0.592578125,1.0,success,
15.4921875,20,SPSA,1,N0,79,80,20480,24,16,0.593885427999794,"(2.6528029555194923, -0.37380921094271846)",G0064_C03_N0_S1001,G0064,random_regular,12,24,10063,C03,256,20,1001,1.0,0.774609375,1.0,success,
15.54296875,20,SPSA,1,N0,79,80,40960,24,16,0.8967268189999231,"(2.623567202281973, 1.2399166951598959)",G0064_C04_N0_S1000,G0064,random_regular,12,24,10063,C04,512,20,1000,1.0,0.7771484375,1.0,success,
15.671875,20,SPSA,1,N0,79,80,40960,24,16,0.8800662909998209,"(2.6288171852610884, -0.3888064784100883)",G0064_C04_N0_S1001,G0064,random_regular,12,24,10063,C04,512,20,1001,1.0,0.78359375,1.0,success,
15.7734375,20,COBYLA,2,N0,42,43,11008,48,28,0.4394849899999826,"(1.3976501505251702, 2.3532656891823867, 1.5041459947834994, 0.3716538678732698)",G0064_C05_N0_S1000,G0064,random_regular,12,24,10063,C05,256,20,1000,1.0,0.788671875,1.0,success,
15.6171875,20,COBYLA,2,N0,54,55,14080,48,28,0.5794463970000834,"(1.8999914520966248, 0.7851467650213015, 0.15150990762166794, 1.0440029659724805)",G0064_C05_N0_S1001,G0064,random_regular,12,24,10063,C05,256,20,1001,1.0,0.780859375,1.0,success,
15.52734375,20,COBYLA,2,N0,43,44,22528,48,28,0.9954077810002672,"(1.357401224336923, 2.3130976876701004, 1.5778810732497957, 0.33629750273188874)",G0064_C06_N0_S1000,G0064,random_regular,12,24,10063,C06,512,20,1000,1.0,0.7763671875,1.0,success,
16.0,20,COBYLA,2,N0,43,44,22528,48,28,0.5687899869999455,"(1.8772466806693964, 0.7217046010717091, 0.13047887046493425, 1.0821325162042785)",G0064_C06_N0_S1001,G0064,random_regular,12,24,10063,C06,512,20,1001,1.0,0.8,1.0,success,
11.78125,20,SPSA,2,N0,79,80,20480,48,28,1.4362490459998298,"(1.6081858897101924, 1.815261651070768, 0.848029694581744, 0.289146529880308)",G0064_C07_N0_S1000,G0064,random_regular,12,24,10063,C07,256,20,1000,1.0,0.5890625,1.0,success,
14.984375,20,SPSA,2,N0,79,80,20480,48,28,0.7602963790000103,"(0.9249866157118916, 1.5586503876421673, 0.17001252507370504, 1.0443993376857577)",G0064_C07_N0_S1001,G0064,random_regular,12,24,10063,C07,256,20,1001,1.0,0.74921875,1.0,success,
14.65234375,20,SPSA,2,N0,79,80,40960,48,28,1.116698424000333,"(1.745331643004508, 2.0700538575514136, 1.380219494524343, 0.5162101765427771)",G0064_C08_N0_S1000,G0064,random_regular,12,24,10063,C08,512,20,1000,1.0,0.7326171875,1.0,success,
16.21484375,20,SPSA,2,N0,79,80,40960,48,28,1.9319540719998256,"(-0.27239702564377966, 0.8138737349279438, -0.23265075008406227, 1.817399428390386)",G0064_C08_N0_S1001,G0064,random_regular,12,24,10063,C08,512,20,1001,1.0,0.8107421875,1.0,success,
16.484375,20,COBYLA,3,N0,64,65,16640,72,40,0.7764978529999098,"(2.6488908946662955, 2.105248861331389, 1.1661361067762548, 0.8587153074543447, 1.542044257122842, 0.27762641734190685)",G0064_C09_N0_S1000,G0064,random_regular,12,24,10063,C09,256,20,1000,1.0,0.82421875,1.0,success,
16.3984375,20,COBYLA,3,N0,51,52,13312,72,40,0.9619529789997614,"(2.532962087235814, 0.5455871168932946, 0.5656991535674568, 1.3252549786734964, 0.044323188298634894, 0.24401250788297768)",G0064_C09_N0_S1001,G0064,random_regular,12,24,10063,C09,256,20,1001,1.0,0.819921875,1.0,success,
17.63671875,20,COBYLA,3,N0,61,62,31744,72,40,0.8090686659998028,"(2.7513116513845293, 2.334395918697397, 1.4142643854889594, 1.082037306605252, 1.2651251203703109, 0.19908922537356338)",G0064_C10_N0_S1000,G0064,random_regular,12,24,10063,C10,512,20,1000,1.0,0.8818359375,1.0,success,
16.51953125,20,COBYLA,3,N0,51,52,26624,72,40,0.7342316190001839,"(2.5206139588592857, 0.6231432886147824, 0.5744654043344765, 1.2929431954087216, 0.08538490563817613, 0.2493135145376726)",G0064_C10_N0_S1001,G0064,random_regular,12,24,10063,C10,512,20,1001,1.0,0.8259765625,1.0,success,
13.1953125,20,SPSA,3,N0,79,80,20480,72,40,0.8856757739999921,"(1.188750099319703, 1.9876211924208518, 1.4319924816171976, 0.2503123648893053, 0.23402900298683282, 0.38924198334695753)",G0064_C11_N0_S1000,G0064,random_regular,12,24,10063,C11,256,20,1000,1.0,0.659765625,1.0,success,
15.1328125,20,SPSA,3,N0,79,80,20480,72,40,0.8661391919999915,"(1.4286864003341142, 1.0778726355209711, -1.141400181517545, 0.0539213044294857, -0.4641741493393564, -0.18406545097473845)",G0064_C11_N0_S1001,G0064,random_regular,12,24,10063,C11,256,20,1001,1.0,0.756640625,1.0,success,
13.9296875,20,SPSA,3,N0,79,80,40960,72,40,1.193585595000059,"(0.6489839243096208, 1.0086767207711154, 1.8071092112234564, 0.6332860700621004, 0.4217695076067419, 0.13838527698351022)",G0064_C12_N0_S1000,G0064,random_regular,12,24,10063,C12,512,20,1000,1.0,0.696484375,1.0,success,
13.78515625,20,SPSA,3,N0,79,80,40960,72,40,1.1643726239999523,"(2.000625568837048, 1.1723823881515896, -0.47116284995559193, 0.3983815604037271, 0.10584156114541811, -0.8071860964601532)",G0064_C12_N0_S1001,G0064,random_regular,12,24,10063,C12,512,20,1001,1.0,0.6892578125,1.0,success,
15.2265625,18,COBYLA,1,N0,39,40,10240,24,17,0.3709621650000372,"(2.5485505910281834, 1.248481196780267)",G0065_C01_N0_S1000,G0065,random_regular,12,24,10064,C01,256,18,1000,1.0,0.8459201388888888,1.0,success,
12.2265625,18,COBYLA,1,N0,26,27,6912,24,17,0.2472443059996294,"(1.903484603400692, -0.020695841138422214)",G0065_C01_N0_S1001,G0065,random_regular,12,24,10064,C01,256,18,1001,1.0,0.6792534722222222,1.0,success,
12.73828125,18,COBYLA,1,N0,25,26,13312,24,17,0.33209613300005,"(2.13798160410895, 1.4485125552425884)",G0065_C02_N0_S1000,G0065,random_regular,12,24,10064,C02,512,18,1000,1.0,0.7076822916666666,1.0,success,
12.0859375,18,COBYLA,1,N0,29,30,15360,24,17,0.3914708450001853,"(1.8133025436958232, -0.11881378969711577)",G0065_C02_N0_S1001,G0065,random_regular,12,24,10064,C02,512,18,1001,1.0,0.6714409722222222,1.0,success,
15.4375,18,SPSA,1,N0,79,80,20480,24,17,0.6224235039999257,"(2.5928370579538136, 1.251897248088216)",G0065_C03_N0_S1000,G0065,random_regular,12,24,10064,C03,256,18,1000,1.0,0.8576388888888888,1.0,success,
15.4453125,18,SPSA,1,N0,79,80,20480,24,17,0.6250270089999503,"(2.6159441334947244, -0.3822951033906812)",G0065_C03_N0_S1001,G0065,random_regular,12,24,10064,C03,256,18,1001,1.0,0.8580729166666666,1.0,success,
15.37109375,18,SPSA,1,N0,79,80,40960,24,17,0.9148022409999612,"(2.6589495681332056, 1.1819434638038437)",G0065_C04_N0_S1000,G0065,random_regular,12,24,10064,C04,512,18,1000,1.0,0.8539496527777778,1.0,success,
15.3984375,18,SPSA,1,N0,79,80,40960,24,17,0.8826327229999151,"(2.649503848400414, -0.347125919715254)",G0065_C04_N0_S1001,G0065,random_regular,12,24,10064,C04,512,18,1001,1.0,0.85546875,1.0,success,
14.828125,18,COBYLA,2,N0,44,45,11520,48,30,0.4596519189999526,"(1.6563747121713137, 2.0154552659377725, 1.4300722926865201, 0.3758586339697166)",G0065_C05_N0_S1000,G0065,random_regular,12,24,10064,C05,256,18,1000,1.0,0.8237847222222222,1.0,success,
14.53125,18,COBYLA,2,N0,41,42,10752,48,30,0.4304038810000747,"(1.892995495722484, 0.8729461812749734, 0.13989248999250017, 0.9636637925890498)",G0065_C05_N0_S1001,G0065,random_regular,12,24,10064,C05,256,18,1001,1.0,0.8072916666666666,1.0,success,
15.359375,18,COBYLA,2,N0,54,55,28160,48,30,0.7612860929998533,"(1.6834305018593088, 1.963575015002656, 1.6193550244334032, 0.38600278823841283)",G0065_C06_N0_S1000,G0065,random_regular,12,24,10064,C06,512,18,1000,1.0,0.8532986111111112,1.0,success,
14.9921875,18,COBYLA,2,N0,44,45,23040,48,30,0.6179645119996167,"(1.9112613344914615, 0.9024756979592697, 0.12304544594776586, 1.0581616140194285)",G0065_C06_N0_S1001,G0065,random_regular,12,24,10064,C06,512,18,1001,1.0,0.8328993055555556,1.0,success,
12.03125,18,SPSA,2,N0,79,80,20480,48,30,0.7420880419999776,"(1.5069230408652914, 1.857010372050414, 0.6969432965936372, 0.45031968482146)",G0065_C07_N0_S1000,G0065,random_regular,12,24,10064,C07,256,18,1000,1.0,0.6684027777777778,1.0,success,
15.640625,18,SPSA,2,N0,79,80,20480,48,30,0.7537542239997492,"(1.9639113257820195, 0.5924529225411853, 0.16335343165440624, 1.0073265382644665)",G0065_C07_N0_S1001,G0065,random_regular,12,24,10064,C07,256,18,1001,1.0,0.8689236111111112,1.0,success,
11.80078125,18,SPSA,2,N0,79,80,40960,48,30,1.0322474669997064,"(1.6275228293996, 1.7077023553530717, 0.8107399690326087, 0.49403409512342183)",G0065_C08_N0_S1000,G0065,random_regular,12,24,10064,C08,512,18,1000,1.0,0.6555989583333334,1.0,success,
14.93359375,18,SPSA,2,N0,79,80,40960,48,30,1.0404342150000048,"(1.9893492654941125, 0.8480915610625768, 0.013255382747242223, 1.24378680599432)",G0065_C08_N0_S1001,G0065,random_regular,12,24,10064,C08,512,18,1001,1.0,0.8296440972222222,1.0,success,
12.0,18,COBYLA,3,N0,48,49,12544,72,43,0.581576934000168,"(2.2110485477147845, 2.4640631980548595, 1.4423319167881834, 0.2695791111456509, 1.0496966111555819, 0.8437787888913988)",G0065_C09_N0_S1000,G0065,random_regular,12,24,10064,C09,256,18,1000,1.0,0.6666666666666666,1.0,success,
16.28125,18,COBYLA,3,N0,53,54,13824,72,43,0.6385296769999513,"(2.5791023080749653, 0.727889455275171, 0.5503370239842279, 1.355177283861475, 0.12375013714277047, 0.20976897753050253)",G0065_C09_N0_S1001,G0065,random_regular,12,24,10064,C09,256,18,1001,1.0,0.9045138888888888,1.0,success,
12.109375,18,COBYLA,3,N0,52,53,27136,72,43,1.70433326400007,"(2.134585924419389, 2.3916713664056104, 1.483970777604444, 0.29004740075201757, 0.8276815295383387, 0.7951205018322286)",G0065_C10_N0_S1000,G0065,random_regular,12,24,10064,C10,512,18,1000,1.0,0.6727430555555556,1.0,success,
16.27734375,18,COBYLA,3,N0,55,56,28672,72,43,0.7982551980003336,"(2.632919505805558, 0.7257623637861402, 0.6007299007003868, 1.3641953632183736, 0.09388631993836546, 0.27195221948797904)",G0065_C10_N0_S1001,G0065,random_regular,12,24,10064,C10,512,18,1001,1.0,0.904296875,1.0,success,
12.3828125,18,SPSA,3,N0,79,80,20480,72,43,1.154376675000094,"(1.6554111651471763, 1.6931182521595836, 1.4620777296977399, 0.30183156053957505, 0.6266658768780342, 0.31750864807369067)",G0065_C11_N0_S1000,G0065,random_regular,12,24,10064,C11,256,18,1000,1.0,0.6879340277777778,1.0,success,
15.78125,18,SPSA,3,N0,79,80,20480,72,43,0.929621207999844,"(2.1681427336765617, 1.1485363539495863, 0.40172633593257057, 1.574045513572971, 0.3232544726362355, -1.2749157332927787)",G0065_C11_N0_S1001,G0065,random_regular,12,24,10064,C11,256,18,1001,1.0,0.8767361111111112,1.0,success,
11.85546875,18,SPSA,3,N0,79,80,40960,72,43,1.1646806129997458,"(1.3678660876417554, 1.524936931201946, 1.7582195877273792, 0.7385249295190257, 0.34444487757764514, 0.056475403175329564)",G0065_C12_N0_S1000,G0065,random_regular,12,24,10064,C12,512,18,1000,1.0,0.6586371527777778,1.0,success,
14.66015625,18,SPSA,3,N0,79,80,40960,72,43,2.344329291000122,"(2.104987751303624, 1.4402892844178412, 0.9817198312765808, 1.2934963560472015, 0.26168016342357336, -1.5024335168989842)",G0065_C12_N0_S1001,G0065,random_regular,12,24,10064,C12,512,18,1001,1.0,0.814453125,1.0,success,
15.3046875,18,COBYLA,1,N0,34,35,8960,24,17,0.3381615240000428,"(2.6601447364955417, 1.2109098968066732)",G0066_C01_N0_S1000,G0066,random_regular,12,24,10065,C01,256,18,1000,1.0,0.8502604166666666,1.0,success,
12.0,18,COBYLA,1,N0,28,29,7424,24,17,0.5639329269997688,"(1.6808136607086306, 0.20224946154649825)",G0066_C01_N0_S1001,G0066,random_regular,12,24,10065,C01,256,18,1001,1.0,0.6666666666666666,1.0,success,
15.2890625,18,COBYLA,1,N0,34,35,17920,24,17,0.4386946469999202,"(2.636360038926859, 1.2208299989331477)",G0066_C02_N0_S1000,G0066,random_regular,12,24,10065,C02,512,18,1000,1.0,0.8493923611111112,1.0,success,
12.03515625,18,COBYLA,1,N0,24,25,12800,24,17,0.89970621700013,"(1.9011857092496809, 0.01569915081891328)",G0066_C02_N0_S1001,G0066,random_regular,12,24,10065,C02,512,18,1001,1.0,0.6686197916666666,1.0,success,
15.234375,18,SPSA,1,N0,79,80,20480,24,17,0.628449093999734,"(2.6746591531887143, 1.193640850712965)",G0066_C03_N0_S1000,G0066,random_regular,12,24,10065,C03,256,18,1000,1.0,0.8463541666666666,1.0,success,
15.296875,18,SPSA,1,N0,79,80,20480,24,17,0.8458118170001399,"(2.50449678889385, -0.3559767816039917)",G0066_C03_N0_S1001,G0066,random_regular,12,24,10065,C03,256,18,1001,1.0,0.8498263888888888,1.0,success,
15.1171875,18,SPSA,1,N0,79,80,40960,24,17,0.9234569709997232,"(2.720593423381865, 1.1702544158036925)",G0066_C04_N0_S1000,G0066,random_regular,12,24,10065,C04,512,18,1000,1.0,0.83984375,1.0,success,
15.41796875,18,SPSA,1,N0,79,80,40960,24,17,0.9023533109998424,"(2.628657950691428, -0.34306530537469165)",G0066_C04_N0_S1001,G0066,random_regular,12,24,10065,C04,512,18,1001,1.0,0.8565538194444444,1.0,success,
15.34375,18,COBYLA,2,N0,49,50,12800,48,30,0.516577062000124,"(1.6221841152228826, 1.9806118994555248, 1.564914850870104, 0.361288711812429)",G0066_C05_N0_S1000,G0066,random_regular,12,24,10065,C05,256,18,1000,1.0,0.8524305555555556,1.0,success,
14.6640625,18,COBYLA,2,N0,40,41,10496,48,30,0.4326312070002132,"(1.8688784418222364, 0.9045683860272306, 0.14064090893318926, 1.0173460723111263)",G0066_C05_N0_S1001,G0066,random_regular,12,24,10065,C05,256,18,1001,1.0,0.8146701388888888,1.0,success,
15.21875,18,COBYLA,2,N0,49,50,25600,48,30,0.7280352470002072,"(1.5970720317806615, 2.0185986763753143, 1.5659357861794017, 0.3503995719833411)",G0066_C06_N0_S1000,G0066,random_regular,12,24,10065,C06,512,18,1000,1.0,0.8454861111111112,1.0,success,
14.46484375,18,COBYLA,2,N0,50,51,26112,48,30,0.717271983000046,"(1.6119526481153714, 0.9983401324314621, -0.11072590235264004, 1.3150386090042234)",G0066_C06_N0_S1001,G0066,random_regular,12,24,10065,C06,512,18,1001,1.0,0.8036024305555556,1.0,success,
11.8125,18,SPSA,2,N0,79,80,20480,48,30,0.7691690689998723,"(1.4607626209117255, 2.0331086169584305, 0.8366078788215267, 0.25918321666363353)",G0066_C07_N0_S1000,G0066,random_regular,12,24,10065,C07,256,18,1000,1.0,0.65625,1.0,success,
14.375,18,SPSA,2,N0,79,80,20480,48,30,0.7372214570000324,"(2.020804387658309, 0.33208243208623034, 0.39110275838041086, 1.064812604451082)",G0066_C07_N0_S1001,G0066,random_regular,12,24,10065,C07,256,18,1001,1.0,0.7986111111111112,1.0,success,
12.2890625,18,SPSA,2,N0,79,80,40960,48,30,1.065871209999841,"(1.5340932410514327, 2.025848353294521, 0.5584853485603468, 0.32063317790751555)",G0066_C08_N0_S1000,G0066,random_regular,12,24,10065,C08,512,18,1000,1.0,0.6827256944444444,1.0,success,
13.81640625,18,SPSA,2,N0,79,80,40960,48,30,1.0431262380002408,"(1.9654702828173543, 0.2767483272452754, 0.33576865353945595, 1.1201467092920367)",G0066_C08_N0_S1001,G0066,random_regular,12,24,10065,C08,512,18,1001,1.0,0.767578125,1.0,success,
11.7890625,18,COBYLA,3,N0,50,51,13056,72,43,0.6145936939997227,"(2.139566777356326, 2.4014007225644427, 1.4785760627894675, 0.3151993861686324, 0.830730448229383, 0.3001973718047809)",G0066_C09_N0_S1000,G0066,random_regular,12,24,10065,C09,256,18,1000,1.0,0.6549479166666666,1.0,success,
15.59375,18,COBYLA,3,N0,50,51,13056,72,43,0.5961643279997588,"(2.5022712626279406, 0.6060563464419053, 0.5764177476101328, 1.291745905882305, 0.07397622818649405, 0.2289076192256586)",G0066_C09_N0_S1001,G0066,random_regular,12,24,10065,C09,256,18,1001,1.0,0.8663194444444444,1.0,success,
11.890625,18,COBYLA,3,N0,53,54,27648,72,43,0.8450586449998809,"(2.1382265138137884, 2.387660084705194, 1.5120182490403156, 0.3560089042519831, 0.8263620751063916, 0.29918404370818213)",G0066_C10_N0_S1000,G0066,random_regular,12,24,10065,C10,512,18,1000,1.0,0.6605902777777778,1.0,success,
15.7890625,18,COBYLA,3,N0,50,51,26112,72,43,0.7187264770000183,"(2.5066097687150677, 0.6043752570184663, 0.5853512449465679, 1.3027218511670573, 0.07943980657890591, 0.2689018835032366)",G0066_C10_N0_S1001,G0066,random_regular,12,24,10065,C10,512,18,1001,1.0,0.8771701388888888,1.0,success,
13.09375,18,SPSA,3,N0,79,80,20480,72,43,0.8861443410000902,"(1.7190453857142747, 1.6294840315924857, 1.3984435091306415, 0.23819733997247688, 0.563031656310936, 0.38114286864078883)",G0066_C11_N0_S1000,G0066,random_regular,12,24,10065,C11,256,18,1000,1.0,0.7274305555555556,1.0,success,
14.9375,18,SPSA,3,N0,79,80,20480,72,43,0.8654308589998436,"(2.5764515043010356, 1.0454530976507206, 1.0151472674035982, 1.6139735725638718, 0.5433847654452238, -1.1766897293491303)",G0066_C11_N0_S1001,G0066,random_regular,12,24,10065,C11,256,18,1001,1.0,0.8298611111111112,1.0,success,
14.6171875,18,SPSA,3,N0,79,80,40960,72,43,1.2739967170000457,"(0.6919531252144484, 0.8236791545665416, 1.7421602581945572, 0.6617591585538039, 0.45405963334845395, -0.04213594354431156)",G0066_C12_N0_S1000,G0066,random_regular,12,24,10065,C12,512,18,1000,1.0,0.8120659722222222,1.0,success,
15.74609375,18,SPSA,3,N0,79,80,40960,72,43,1.1311615380000148,"(3.5174288819924175, 2.9094623712535332, 0.27768779830515844, 1.356145760463413, 0.3370491010736958, 0.3102661415268084)",G0066_C12_N0_S1001,G0066,random_regular,12,24,10065,C12,512,18,1001,1.0,0.8747829861111112,1.0,success,
14.6015625,20,COBYLA,1,N0,32,33,8448,24,19,0.2928137950002565,"(2.3590438769226507, 1.188109824938585)",G0067_C01_N0_S1000,G0067,random_regular,12,24,10066,C01,256,20,1000,1.0,0.730078125,1.0,success,
11.8984375,18,COBYLA,1,N0,28,29,7424,24,19,0.2604766189997463,"(1.81596852872374, -0.3803085817352348)",G0067_C01_N0_S1001,G0067,random_regular,12,24,10066,C01,256,20,1001,1.0,0.594921875,0.9,success,
15.3046875,20,COBYLA,1,N0,34,35,17920,24,19,0.4432598580001468,"(2.62396256243887, 1.2480883813742438)",G0067_C02_N0_S1000,G0067,random_regular,12,24,10066,C02,512,20,1000,1.0,0.765234375,1.0,success,
11.95703125,18,COBYLA,1,N0,28,29,14848,24,19,0.3763664749999407,"(1.8400207316710704, -0.6834978822081983)",G0067_C02_N0_S1001,G0067,random_regular,12,24,10066,C02,512,20,1001,1.0,0.5978515625,0.9,success,
15.3671875,20,SPSA,1,N0,79,80,20480,24,19,0.5982247070000994,"(2.594230011284353, 1.2051316737208408)",G0067_C03_N0_S1000,G0067,random_regular,12,24,10066,C03,256,20,1000,1.0,0.768359375,1.0,success,
15.1484375,20,SPSA,1,N0,79,80,20480,24,19,0.6255771549999736,"(2.666217769673151, -0.3593982521373727)",G0067_C03_N0_S1001,G0067,random_regular,12,24,10066,C03,256,20,1001,1.0,0.757421875,1.0,success,
15.32421875,20,SPSA,1,N0,79,80,40960,24,19,1.72544583600029,"(2.5863187634185523, 1.2524212003496793)",G0067_C04_N0_S1000,G0067,random_regular,12,24,10066,C04,512,20,1000,1.0,0.7662109375,1.0,success,
15.3046875,20,SPSA,1,N0,79,80,40960,24,19,0.8811649330000364,"(2.6176958438817297, -0.35041092149738784)",G0067_C04_N0_S1001,G0067,random_regular,12,24,10066,C04,512,20,1001,1.0,0.765234375,1.0,success,
14.9453125,20,COBYLA,2,N0,43,44,11264,48,33,0.862479448999693,"(1.895277918429304, 1.9039942971980042, 1.4992943125494866, 0.319535086139973)",G0067_C05_N0_S1000,G0067,random_regular,12,24,10066,C05,256,20,1000,1.0,0.747265625,1.0,success,
15.2734375,20,COBYLA,2,N0,45,46,11776,48,33,0.4601960479999434,"(1.9553303521325769, 0.6692619852336513, 0.21668761335456718, 1.0731490269409185)",G0067_C05_N0_S1001,G0067,random_regular,12,24,10066,C05,256,20,1001,1.0,0.763671875,1.0,success,
14.84375,20,COBYLA,2,N0,41,42,21504,48,33,0.5764984799998274,"(1.931174463391693, 1.9183983298774046, 1.5096776329370933, 0.35587355433001383)",G0067_C06_N0_S1000,G0067,random_regular,12,24,10066,C06,512,20,1000,1.0,0.7421875,1.0,success,
15.53515625,20,COBYLA,2,N0,44,45,23040,48,33,0.9927101000002948,"(1.9501117655765432, 0.656603349956617, 0.09065029752611611, 1.1158942967016912)",G0067_C06_N0_S1001,G0067,random_regular,12,24,10066,C06,512,20,1001,1.0,0.7767578125,1.0,success,
12.03125,20,SPSA,2,N0,79,80,20480,48,33,0.749444130000029,"(1.6587790626092882, 1.8785699500933266, 0.762835159125735, 0.48844414804043756)",G0067_C07_N0_S1000,G0067,random_regular,12,24,10066,C07,256,20,1000,1.0,0.6015625,1.0,success,
14.796875,20,SPSA,2,N0,79,80,20480,48,33,1.5250120559999232,"(1.7863230042922644, 0.9185009462882681, 0.15662137501436613, 1.0682678719011434)",G0067_C07_N0_S1001,G0067,random_regular,12,24,10066,C07,256,20,1001,1.0,0.73984375,1.0,success,
12.1328125,20,SPSA,2,N0,79,80,40960,48,33,1.082721021999987,"(1.5842120284942902, 1.744662111194147, 0.7699766094071501, 0.5373448960287317)",G0067_C08_N0_S1000,G0067,random_regular,12,24,10066,C08,512,20,1000,1.0,0.606640625,1.0,success,
15.14453125,20,SPSA,2,N0,79,80,40960,48,33,1.0444229060003636,"(1.7844634662511694, 0.7540361216729181, 0.1547618369732712, 1.0677916864810724)",G0067_C08_N0_S1001,G0067,random_regular,12,24,10066,C08,512,20,1001,1.0,0.7572265625,1.0,success,
11.6953125,20,COBYLA,3,N0,53,54,13824,72,47,0.6467070060002698,"(2.2564153997682346, 2.334197372537644, 1.5476638584513513, 0.4593358670039472, 0.8170185477452291, 0.9520631593471581)",G0067_C09_N0_S1000,G0067,random_regular,12,24,10066,C09,256,20,1000,1.0,0.584765625,1.0,success,
16.109375,20,COBYLA,3,N0,53,54,13824,72,47,0.6191140740002083,"(2.521753635201343, 0.6031692124581597, 0.6178228185632505, 1.3365046036938226, 0.03807556831929375, 0.2844683593916924)",G0067_C09_N0_S1001,G0067,random_regular,12,24,10066,C09,256,20,1001,1.0,0.80546875,1.0,success,
12.0546875,20,COBYLA,3,N0,52,53,27136,72,47,0.8565674390001732,"(1.8749433365301147, 2.445716496344804, 1.4334014556727797, 0.3019725457824492, 0.7688177491951513, 0.3123803475177407)",G0067_C10_N0_S1000,G0067,random_regular,12,24,10066,C10,512,20,1000,1.0,0.602734375,1.0,success,
15.96484375,20,COBYLA,3,N0,49,50,25600,72,47,0.6951195309998184,"(2.541684480225049, 0.6070301685043433, 0.5843937853041506, 1.307238016716888, 0.05350554079241415, 0.31122701024154653)",G0067_C10_N0_S1001,G0067,random_regular,12,24,10066,C10,512,20,1001,1.0,0.7982421875,1.0,success,
12.90625,20,SPSA,3,N0,79,80,20480,72,47,0.8690434459999778,"(1.833034323673316, 1.7019723909208107, 1.2844545711716002, 0.12420840201343555, 0.6355200156392612, 0.49513180659983014)",G0067_C11_N0_S1000,G0067,random_regular,12,24,10066,C11,256,20,1000,1.0,0.6453125,1.0,success,
12.9375,20,SPSA,3,N0,79,80,20480,72,47,0.8585510489997432,"(2.484526105494724, 0.4599883151700297, 1.2645028899033874, 2.0754471890463186, 0.5775492775850282, -1.0145564404654621)",G0067_C11_N0_S1001,G0067,random_regular,12,24,10066,C11,256,20,1001,1.0,0.646875,1.0,success,
14.27734375,20,SPSA,3,N0,79,80,40960,72,47,1.1499642730000232,"(0.7021879863677939, 1.1791212940113067, 1.5392233704577922, 0.4492918824823292, 0.36789797335302943, -0.0021532902281179017)",G0067_C12_N0_S1000,G0067,random_regular,12,24,10066,C12,512,20,1000,1.0,0.7138671875,1.0,success,
16.36328125,20,SPSA,3,N0,79,80,40960,72,47,1.1108397259999947,"(2.3262746793148392, 0.5439335490025414, 0.5115065113937212, 1.831943719163565, 0.8123012328917488, -1.2936955943032529)",G0067_C12_N0_S1001,G0067,random_regular,12,24,10066,C12,512,20,1001,1.0,0.8181640625,1.0,success,
15.59375,20,COBYLA,1,N0,30,31,7936,24,21,0.2749133530001018,"(2.6314749057738407, 1.2423117203560994)",G0068_C01_N0_S1000,G0068,random_regular,12,24,10067,C01,256,20,1000,1.0,0.7796875,1.0,success,
11.9765625,18,COBYLA,1,N0,24,25,6400,24,21,0.251119565999943,"(1.9006113189204064, 0.017368628387737006)",G0068_C01_N0_S1001,G0068,random_regular,12,24,10067,C01,256,20,1001,1.0,0.598828125,0.9,success,
15.234375,20,COBYLA,1,N0,32,33,16896,24,21,0.3985387249999803,"(2.657389855324858, 1.1367027203098854)",G0068_C02_N0_S1000,G0068,random_regular,12,24,10067,C02,512,20,1000,1.0,0.76171875,1.0,success,
12.0859375,18,COBYLA,1,N0,26,27,13824,24,21,0.3488360380001722,"(1.9482916889348927, -0.03230116590987194)",G0068_C02_N0_S1001,G0068,random_regular,12,24,10067,C02,512,20,1001,1.0,0.604296875,0.9,success,
12.2109375,18,SPSA,1,N0,79,80,20480,24,21,0.6049800900000264,"(1.6008455529073022, 0.8008918374433052)",G0068_C03_N0_S1000,G0068,random_regular,12,24,10067,C03,256,20,1000,1.0,0.610546875,0.9,success,
15.2734375,20,SPSA,1,N0,79,80,20480,24,21,0.6199130250001872,"(2.5884946905575976, -0.3908799026308496)",G0068_C03_N0_S1001,G0068,random_regular,12,24,10067,C03,256,20,1001,1.0,0.763671875,1.0,success,
14.4921875,20,SPSA,1,N0,79,80,40960,24,21,0.9086071249998896,"(2.3715472725094693, 1.1364197442786028)",G0068_C04_N0_S1000,G0068,random_regular,12,24,10067,C04,512,20,1000,1.0,0.724609375,1.0,success,
15.34765625,20,SPSA,1,N0,79,80,40960,24,21,0.8915546080002059,"(2.613998315514279, -0.34851372514296497)",G0068_C04_N0_S1001,G0068,random_regular,12,24,10067,C04,512,20,1001,1.0,0.7673828125,1.0,success,
15.5703125,20,COBYLA,2,N0,47,48,12288,48,37,0.5307721699996364,"(1.26268773794533, 2.3007249632529727, 1.4864996540449635, 0.33446929712900025)",G0068_C05_N0_S1000,G0068,random_regular,12,24,10067,C05,256,20,1000,1.0,0.778515625,1.0,success,
15.359375,20,COBYLA,2,N0,45,46,11776,48,37,0.4760126459996172,"(1.3835457834730633, 1.2424105982793054, -0.009717552248961354, 1.274173004919236)",G0068_C05_N0_S1001,G0068,random_regular,12,24,10067,C05,256,20,1001,1.0,0.76796875,1.0,success,
15.58203125,20,COBYLA,2,N0,41,42,21504,48,37,0.5558947380000063,"(1.4114142512637295, 2.2635829378729917, 1.5124727284281716, 0.37411631254959427)",G0068_C06_N0_S1000,G0068,random_regular,12,24,10067,C06,512,20,1000,1.0,0.7791015625,1.0,success,
15.19921875,20,COBYLA,2,N0,46,47,24064,48,37,0.6494408579997071,"(1.7971659493192058, 0.8253989131222801, 0.17502195932154663, 1.1660390235962066)",G0068_C06_N0_S1001,G0068,random_regular,12,24,10067,C06,512,20,1001,1.0,0.7599609375,1.0,success,
13.9375,20,SPSA,2,N0,79,80,20480,48,37,0.7550203010000587,"(1.5466113467975355, 2.2404431517944188, 1.3511936759416823, 0.5848161954245924)",G0068_C07_N0_S1000,G0068,random_regular,12,24,10067,C07,256,20,1000,1.0,0.696875,1.0,success,
14.03125,20,SPSA,2,N0,79,80,20480,48,37,0.7866821000002346,"(1.955786814470187, 0.26706485889810827, 0.3260851851922888, 1.129830177639204)",G0068_C07_N0_S1001,G0068,random_regular,12,24,10067,C07,256,20,1001,1.0,0.7015625,1.0,success,
12.046875,20,SPSA,2,N0,79,80,40960,48,37,1.8351323589999995,"(1.6728314610432613, 2.1936659033227777, 0.7364545389424082, 0.28704818653925834)",G0068_C08_N0_S1000,G0068,random_regular,12,24,10067,C08,512,20,1000,1.0,0.60234375,1.0,success,
14.90625,20,SPSA,2,N0,79,80,40960,48,37,1.0275927829998182,"(1.4698815756756471, 1.1572879346095206, 0.13626098310405854, 1.2321483037442023)",G0068_C08_N0_S1001,G0068,random_regular,12,24,10067,C08,512,20,1001,1.0,0.7453125,1.0,success,
11.4375,18,COBYLA,3,N0,50,51,13056,72,53,0.9821050169998672,"(2.138609352595994, 2.3978001884855105, 1.4762483097144736, 0.3164410881161115, 0.8298189509981456, 0.2978737640934719)",G0068_C09_N0_S1000,G0068,random_regular,12,24,10067,C09,256,20,1000,1.0,0.571875,0.9,success,
15.8515625,20,COBYLA,3,N0,51,52,13312,72,53,0.5909555170001113,"(2.518120616754924, 0.5560072983143812, 0.5725691007866689, 1.288867947644876, 0.06311035693103738, 0.2592896394455271)",G0068_C09_N0_S1001,G0068,random_regular,12,24,10067,C09,256,20,1001,1.0,0.792578125,1.0,success,
17.0859375,20,COBYLA,3,N0,69,70,35840,72,53,0.9452274319996832,"(2.906504643779054, 2.5958443933330733, 1.0814565606259683, 1.1730620641523937, 1.3299662554171672, 0.1419329938110521)",G0068_C10_N0_S1000,G0068,random_regular,12,24,10067,C10,512,20,1000,1.0,0.854296875,1.0,success,
16.1171875,20,COBYLA,3,N0,48,49,25088,72,53,1.0627795499999593,"(2.5237611477028326, 0.5563039220446178, 0.5760406768790511, 1.2852488858755415, 0.08230354761175732, 0.2459547711346362)",G0068_C10_N0_S1001,G0068,random_regular,12,24,10067,C10,512,20,1001,1.0,0.805859375,1.0,success,
12.5234375,20,SPSA,3,N0,79,80,20480,72,53,0.8764764899997317,"(1.2660303022414572, 1.9051634178498087, 1.5727812225594586, 0.4291424840941321, 0.21426877819767046, 0.3739516293576484)",G0068_C11_N0_S1000,G0068,random_regular,12,24,10067,C11,256,20,1000,1.0,0.626171875,1.0,success,
14.0,20,SPSA,3,N0,79,80,20480,72,53,1.6461186139999882,"(2.226246122134972, 1.425306599097634, 0.8724967185919162, 1.469974755732669, 0.28236618863562896, -1.021241859402168)",G0068_C11_N0_S1001,G0068,random_regular,12,24,10067,C11,256,20,1001,1.0,0.7,1.0,success,
12.76171875,20,SPSA,3,N0,79,80,40960,72,53,1.1674005699996997,"(0.7804323624356869, 1.1927595658480707, 1.5381735157203527, 0.4223850311790188, 0.6330486601465943, -0.13763516188008026)",G0068_C12_N0_S1000,G0068,random_regular,12,24,10067,C12,512,20,1000,1.0,0.6380859375,1.0,success,
14.94921875,20,SPSA,3,N0,79,80,40960,72,53,1.1459669269997903,"(2.826633063355162, 0.508333042997225, -0.3773146377856115, 0.13194313090446136, -0.9157587521783814, -0.14313675130578846)",G0068_C12_N0_S1001,G0068,random_regular,12,24,10067,C12,512,20,1001,1.0,0.7474609375,1.0,success,
14.84375,18,COBYLA,1,N0,34,35,8960,24,17,0.3166297100001429,"(2.4738318590086603, 1.301840675990973)",G0069_C01_N0_S1000,G0069,random_regular,12,24,10068,C01,256,18,1000,1.0,0.8246527777777778,1.0,success,
12.25,18,COBYLA,1,N0,32,33,8448,24,17,0.3230551289998402,"(1.8757983954871433, -0.5973146856124175)",G0069_C01_N0_S1001,G0069,random_regular,12,24,10068,C01,256,18,1001,1.0,0.6805555555555556,1.0,success,
15.2578125,18,COBYLA,1,N0,39,40,20480,24,17,0.4981104739999864,"(2.671796028758591, 1.2075538340188254)",G0069_C02_N0_S1000,G0069,random_regular,12,24,10068,C02,512,18,1000,1.0,0.84765625,1.0,success,
14.84765625,18,COBYLA,1,N0,32,33,16896,24,17,0.3999328050003896,"(2.5156048980891206, -0.39807417979859777)",G0069_C02_N0_S1001,G0069,random_regular,12,24,10068,C02,512,18,1001,1.0,0.8248697916666666,1.0,success,
12.0,18,SPSA,1,N0,79,80,20480,24,17,0.616526371999953,"(1.6212332243153484, 0.9431200473925347)",G0069_C03_N0_S1000,G0069,random_regular,12,24,10068,C03,256,18,1000,1.0,0.6666666666666666,1.0,success,
15.1484375,18,SPSA,1,N0,79,80,20480,24,17,0.6199750459995812,"(2.694944057296622, -0.3597738696998254)",G0069_C03_N0_S1001,G0069,random_regular,12,24,10068,C03,256,18,1001,1.0,0.8415798611111112,1.0,success,
12.6328125,18,SPSA,1,N0,79,80,40960,24,17,0.9105311530001928,"(1.9419595940909864, 1.114937189624239)",G0069_C04_N0_S1000,G0069,random_regular,12,24,10068,C04,512,18,1000,1.0,0.7018229166666666,1.0,success,
15.0390625,18,SPSA,1,N0,79,80,40960,24,17,0.8874376969997684,"(2.5715626169308448, -0.3185384687503925)",G0069_C04_N0_S1001,G0069,random_regular,12,24,10068,C04,512,18,1001,1.0,0.8355034722222222,1.0,success,
14.90625,18,COBYLA,2,N0,41,42,10752,48,28,0.4549751310000829,"(1.3841505728606713, 2.4260579877125856, 1.5842649517942253, 0.28188900484767565)",G0069_C05_N0_S1000,G0069,random_regular,12,24,10068,C05,256,18,1000,1.0,0.828125,1.0,success,
15.546875,18,COBYLA,2,N0,49,50,12800,48,28,0.505367046000174,"(2.128715065052575, 0.4924779546461199, 0.1739521112285632, 1.1094726490618074)",G0069_C05_N0_S1001,G0069,random_regular,12,24,10068,C05,256,18,1001,1.0,0.8637152777777778,1.0,success,
15.3203125,18,COBYLA,2,N0,47,48,24576,48,28,0.6545759929999804,"(1.2670491404160533, 2.312045285479044, 1.5488327852004564, 0.3497790634982344)",G0069_C06_N0_S1000,G0069,random_regular,12,24,10068,C06,512,18,1000,1.0,0.8511284722222222,1.0,success,
15.4453125,18,COBYLA,2,N0,48,49,25088,48,28,0.6618999319998693,"(2.0461898436152435, 0.544886794734631, 0.16803461066191103, 1.1680762101629916)",G0069_C06_N0_S1001,G0069,random_regular,12,24,10068,C06,512,18,1001,1.0,0.8580729166666666,1.0,success,
11.7578125,18,SPSA,2,N0,79,80,20480,48,28,0.7649257650000436,"(1.6219020641629034, 2.13204145962649, 0.694841162051167, 0.20107177133161086)",G0069_C07_N0_S1000,G0069,random_regular,12,24,10068,C07,256,18,1000,1.0,0.6532118055555556,1.0,success,
14.1484375,18,SPSA,2,N0,79,80,20480,48,28,0.7591511540003921,"(1.5583710855127948, -0.651466183678342, -0.13387103073769985, 0.4260768540153078)",G0069_C07_N0_S1001,G0069,random_regular,12,24,10068,C07,256,18,1001,1.0,0.7860243055555556,1.0,success,
12.15625,18,SPSA,2,N0,79,80,40960,48,28,1.066520035999929,"(1.6490449711491577, 1.782809794171061, 0.7413091381115224, 0.472511953373864)",G0069_C08_N0_S1000,G0069,random_regular,12,24,10068,C08,512,18,1000,1.0,0.6753472222222222,1.0,success,
13.85546875,18,SPSA,2,N0,79,80,40960,48,28,1.038749824000206,"(0.9880765671682574, -0.17043739335523783, 0.11334755195003499, 0.25426963193109803)",G0069_C08_N0_S1001,G0069,random_regular,12,24,10068,C08,512,18,1001,1.0,0.7697482638888888,1.0,success,
16.1875,18,COBYLA,3,N0,60,61,15616,72,39,0.7755909109996537,"(3.6825462389092634, 2.923248420550018, 0.830062575844065, 1.4958678323754109, 0.6054100195603327, 0.21904993431410266)",G0069_C09_N0_S1000,G0069,random_regular,12,24,10068,C09,256,18,1000,1.0,0.8993055555555556,1.0,success,
14.96875,18,COBYLA,3,N0,47,48,12288,72,39,0.5596534729997984,"(2.4765029207628717, 0.5442566323878387, 1.0522867012321646, 1.2918721641300293, 0.03064219064845859, 0.24751257223799608)",G0069_C09_N0_S1001,G0069,random_regular,12,24,10068,C09,256,18,1001,1.0,0.8315972222222222,1.0,success,
15.51953125,18,COBYLA,3,N0,66,67,34304,72,39,1.0268116739998732,"(2.3763790814639765, 3.2165212836731794, 1.2805797323701094, 0.9168829130762831, 0.46021244699550157, 0.3305648964775312)",G0069_C10_N0_S1000,G0069,random_regular,12,24,10068,C10,512,18,1000,1.0,0.8621961805555556,1.0,success,
15.84765625,18,COBYLA,3,N0,60,61,31232,72,39,0.8611750539998866,"(2.700010561976216, 0.5611280323421675, 0.6168856193794683, 1.2481843079067272, 0.07373266683596184, 0.21417255605701122)",G0069_C10_N0_S1001,G0069,random_regular,12,24,10068,C10,512,18,1001,1.0,0.8804253472222222,1.0,success,
14.796875,18,SPSA,3,N0,79,80,20480,72,39,0.9358615880000798,"(0.3389343861645051, 0.7883403895107259, 1.8424120068066319, 0.4590664282908723, 0.47426997304528495, 0.16752398497840962)",G0069_C11_N0_S1000,G0069,random_regular,12,24,10068,C11,256,18,1000,1.0,0.8220486111111112,1.0,success,
15.171875,18,SPSA,3,N0,79,80,20480,72,39,0.8530615430004218,"(1.7947647662714383, 0.7341035857014175, 2.3004559075434, 1.5541525979897963, -0.322987368510958, -1.7424651491095517)",G0069_C11_N0_S1001,G0069,random_regular,12,24,10068,C11,256,18,1001,1.0,0.8428819444444444,1.0,success,
15.51171875,18,SPSA,3,N0,79,80,40960,72,39,2.243872280999767,"(0.445671853707763, 0.8791539003977531, 1.7715797048450064, 0.3283721184499539, 0.257466627836866, 0.07573194881955775)",G0069_C12_N0_S1000,G0069,random_regular,12,24,10068,C12,512,18,1000,1.0,0.8617621527777778,1.0,success,
14.9453125,18,SPSA,3,N0,79,80,40960,72,39,1.1438894679999976,"(3.598031426023619, 1.1421686761073908, 0.24922939305814146, 1.9111698917597124, 0.5487720081623395, -0.5241575632444515)",G0069_C12_N0_S1001,G0069,random_regular,12,24,10068,C12,512,18,1001,1.0,0.8302951388888888,1.0,success,
15.078125,20,COBYLA,1,N0,33,34,8704,24,15,0.3581063110000286,"(2.695407609575101, 1.310913609107017)",G0070_C01_N0_S1000,G0070,random_regular,12,24,10069,C01,256,20,1000,1.0,0.75390625,1.0,success,
12.046875,20,COBYLA,1,N0,28,29,7424,24,15,0.2880491269997947,"(1.8042037208511783, -0.476631122625697)",G0070_C01_N0_S1001,G0070,random_regular,12,24,10069,C01,256,20,1001,1.0,0.60234375,1.0,success,
15.34765625,20,COBYLA,1,N0,28,29,14848,24,15,0.7175960600002327,"(2.576645131314798, 1.1995327722798284)",G0070_C02_N0_S1000,G0070,random_regular,12,24,10069,C02,512,20,1000,1.0,0.7673828125,1.0,success,
15.40234375,20,COBYLA,1,N0,36,37,18944,24,15,0.4655677079999805,"(2.711809346657161, -0.40304777626980803)",G0070_C02_N0_S1001,G0070,random_regular,12,24,10069,C02,512,20,1001,1.0,0.7701171875,1.0,success,
12.0546875,18,SPSA,1,N0,79,80,20480,24,15,1.3329569849997824,"(1.6407483093509976, 0.9457458500005407)",G0070_C03_N0_S1000,G0070,random_regular,12,24,10069,C03,256,20,1000,1.0,0.602734375,0.9,success,
15.5,20,SPSA,1,N0,79,80,20480,24,15,0.6280099730001893,"(2.650948682207117, -0.38081948380881014)",G0070_C03_N0_S1001,G0070,random_regular,12,24,10069,C03,256,20,1001,1.0,0.775,1.0,success,
14.69921875,20,SPSA,1,N0,79,80,40960,24,15,0.9536337959998492,"(2.416718393582625, 1.1312581818937633)",G0070_C04_N0_S1000,G0070,random_regular,12,24,10069,C04,512,20,1000,1.0,0.7349609375,1.0,success,
15.5625,20,SPSA,1,N0,79,80,40960,24,15,1.803471602999707,"(2.655598641610486, -0.39234668045226984)",G0070_C04_N0_S1001,G0070,random_regular,12,24,10069,C04,512,20,1001,1.0,0.778125,1.0,success,
15.1328125,20,COBYLA,2,N0,44,45,11520,48,27,0.4758644909998111,"(1.823148741584221, 1.9346342905321605, 1.5130322038667028, 0.3803242821523906)",G0070_C05_N0_S1000,G0070,random_regular,12,24,10069,C05,256,20,1000,1.0,0.756640625,1.0,success,
15.2734375,20,COBYLA,2,N0,48,49,12544,48,27,0.8232071659999747,"(1.9164329856215352, 0.838053236569733, 0.14507358836459758, 1.1018851599697301)",G0070_C05_N0_S1001,G0070,random_regular,12,24,10069,C05,256,20,1001,1.0,0.763671875,1.0,success,
14.7890625,20,COBYLA,2,N0,44,45,23040,48,27,0.6296594610003012,"(1.2957964980110424, 2.3963814800967227, 1.6558308903116248, 0.38560592954297607)",G0070_C06_N0_S1000,G0070,random_regular,12,24,10069,C06,512,20,1000,1.0,0.739453125,1.0,success,
15.6015625,20,COBYLA,2,N0,47,48,24576,48,27,0.6582607179998377,"(1.7134724941077946, 0.938594811730631, 0.02592109877270846, 1.1938820495193005)",G0070_C06_N0_S1001,G0070,random_regular,12,24,10069,C06,512,20,1001,1.0,0.780078125,1.0,success,
12.2578125,18,SPSA,2,N0,79,80,20480,48,27,0.7509491639998487,"(1.572792718330081, 1.8884750571658548, 0.4823744582276672, 0.4115486560936419)",G0070_C07_N0_S1000,G0070,random_regular,12,24,10069,C07,256,20,1000,1.0,0.612890625,0.9,success,
15.484375,20,SPSA,2,N0,79,80,20480,48,27,0.7495065500002056,"(1.809856451127292, 0.7238282616904036, 0.18015482184939385, 1.0337005086531685)",G0070_C07_N0_S1001,G0070,random_regular,12,24,10069,C07,256,20,1001,1.0,0.77421875,1.0,success,
11.8984375,20,SPSA,2,N0,79,80,40960,48,27,1.0494906889998674,"(1.8048365050309312, 1.924182461811863, 0.821950692459319, 0.3665553052371566)",G0070_C08_N0_S1000,G0070,random_regular,12,24,10069,C08,512,20,1000,1.0,0.594921875,1.0,success,
15.19921875,20,SPSA,2,N0,79,80,40960,48,27,1.0507452009996996,"(1.821762551762664, 0.7188389241601513, 0.19206092248476553, 1.0386898461834206)",G0070_C08_N0_S1001,G0070,random_regular,12,24,10069,C08,512,20,1001,1.0,0.7599609375,1.0,success,
15.8984375,20,COBYLA,3,N0,60,61,15616,72,39,0.7087465630002043,"(2.7117063001443107, 1.8553188729191046, 1.4835370323181445, 1.062942953175079, 1.4279521853475297, 0.18968094436776595)",G0070_C09_N0_S1000,G0070,random_regular,12,24,10069,C09,256,20,1000,1.0,0.794921875,1.0,success,
16.3671875,20,COBYLA,3,N0,51,52,13312,72,39,0.6208203969999886,"(2.5084950898387586, 0.5955787014262907, 0.5770235431181359, 1.3188585335166472, 0.05570569400829639, 0.27070161784719704)",G0070_C09_N0_S1001,G0070,random_regular,12,24,10069,C09,256,20,1001,1.0,0.818359375,1.0,success,
16.5625,20,COBYLA,3,N0,63,64,32768,72,39,0.909627897000064,"(2.5502257796004963, 2.377538731228101, 1.2560788924607107, 0.9797956104633595, 1.2386657769552778, 0.08754151590154216)",G0070_C10_N0_S1000,G0070,random_regular,12,24,10069,C10,512,20,1000,1.0,0.828125,1.0,success,
16.69140625,20,COBYLA,3,N0,53,54,27648,72,39,0.7541563439999663,"(2.5979456237628806, 0.6219263517177457, 0.5959251464589993, 1.3729066375971601, 0.08364744467988192, 0.2835267309604296)",G0070_C10_N0_S1001,G0070,random_regular,12,24,10069,C10,512,20,1001,1.0,0.8345703125,1.0,success,
15.15625,20,SPSA,3,N0,79,80,20480,72,39,0.8822088510000867,"(2.1718188236837, 1.4789422845483633, 1.4087180317780812, -0.2016214020530121, 0.24559744805496442, 0.21693058072543564)",G0070_C11_N0_S1000,G0070,random_regular,12,24,10069,C11,256,20,1000,1.0,0.7578125,1.0,success,
14.390625,20,SPSA,3,N0,79,80,20480,72,39,0.872808877999887,"(3.1707879191979362, 1.6856966514964875, 0.774548572684703, 0.9058280013430667, -0.03263015518155915, -1.9573569247079639)",G0070_C11_N0_S1001,G0070,random_regular,12,24,10069,C11,256,20,1001,1.0,0.71953125,1.0,success,
13.15234375,20,SPSA,3,N0,79,80,40960,72,39,1.1874161300002015,"(1.6913783332937973, 1.657151084012963, 1.426110561551119, 0.26586439239295434, 0.5906987087314135, 0.3534758162203113)",G0070_C12_N0_S1000,G0070,random_regular,12,24,10069,C12,512,20,1000,1.0,0.6576171875,1.0,success,
13.43359375,20,SPSA,3,N0,79,80,40960,72,39,1.159417771000335,"(2.1362684412677506, 1.2799760207229338, -1.0730352807325343, -0.8030338134628238, -1.5935086797402687, -1.1356541380173264)",G0070_C12_N0_S1001,G0070,random_regular,12,24,10069,C12,512,20,1001,1.0,0.6716796875,1.0,success,
19.140625,26,COBYLA,1,N0,38,39,9984,30,23,0.653208186000029,"(2.58473108984365, 1.1805144036437287)",G0071_C01_N0_S1000,G0071,random_regular,15,30,10070,C01,256,26,1000,1.0,0.7361778846153846,1.0,success,
15.0859375,22,COBYLA,1,N0,26,27,6912,30,23,0.6899211359996116,"(1.8787137756609311, -0.5499946033112236)",G0071_C01_N0_S1001,G0071,random_regular,15,30,10070,C01,256,26,1001,1.0,0.5802283653846154,0.8461538461538461,success,
19.16796875,26,COBYLA,1,N0,37,38,19456,30,23,0.6136013459999958,"(2.621767967163379, 1.200228940060521)",G0071_C02_N0_S1000,G0071,random_regular,15,30,10070,C02,512,26,1000,1.0,0.7372295673076923,1.0,success,
19.19140625,26,COBYLA,1,N0,37,38,19456,30,23,0.9326555779998672,"(2.6609593020991493, -0.3486238198893394)",G0071_C02_N0_S1001,G0071,random_regular,15,30,10070,C02,512,26,1001,1.0,0.7381310096153846,1.0,success,
19.0703125,26,SPSA,1,N0,79,80,20480,30,23,1.2975643049999237,"(2.6474521570881824, 1.1818693392681177)",G0071_C03_N0_S1000,G0071,random_regular,15,30,10070,C03,256,26,1000,1.0,0.7334735576923077,1.0,success,
19.421875,26,SPSA,1,N0,79,80,20480,30,23,0.8164815539998926,"(2.6482616861147403, -0.3547555138107433)",G0071_C03_N0_S1001,G0071,random_regular,15,30,10070,C03,256,26,1001,1.0,0.7469951923076923,1.0,success,
19.05859375,26,SPSA,1,N0,79,80,40960,30,23,1.8983568930002548,"(2.5482993683143595, 1.2021320907760957)",G0071_C04_N0_S1000,G0071,random_regular,15,30,10070,C04,512,26,1000,1.0,0.7330228365384616,1.0,success,
19.23828125,26,SPSA,1,N0,79,80,40960,30,23,1.1932531419997758,"(2.6947531349535705, -0.43603937052360053)",G0071_C04_N0_S1001,G0071,random_regular,15,30,10070,C04,512,26,1001,1.0,0.7399338942307693,1.0,success,
19.484375,26,COBYLA,2,N0,52,53,13568,60,37,0.7592543810001189,"(1.2214565805262585, 2.4800640017549664, 1.4924677805234243, 0.342721889783358)",G0071_C05_N0_S1000,G0071,random_regular,15,30,10070,C05,256,26,1000,1.0,0.7493990384615384,1.0,success,
19.0703125,26,COBYLA,2,N0,49,50,12800,60,37,0.7082721149999998,"(1.9023561651495202, 0.8240007288396188, 0.12680378416994845, 1.07284333936966)",G0071_C05_N0_S1001,G0071,random_regular,15,30,10070,C05,256,26,1001,1.0,0.7334735576923077,1.0,success,
19.1640625,26,COBYLA,2,N0,45,46,23552,60,37,0.8605151870001464,"(1.3288281694260173, 2.407685991071593, 1.5103551852450112, 0.332997794877479)",G0071_C06_N0_S1000,G0071,random_regular,15,30,10070,C06,512,26,1000,1.0,0.7370793269230769,1.0,success,
19.25390625,26,COBYLA,2,N0,41,42,21504,60,37,0.7888198830000874,"(1.8285714332496132, 0.7341752193141224, 0.1319206543634068, 1.056227952071639)",G0071_C06_N0_S1001,G0071,random_regular,15,30,10070,C06,512,26,1001,1.0,0.7405348557692307,1.0,success,
19.921875,26,SPSA,2,N0,79,80,20480,60,37,1.0211001439997744,"(2.7201631257032566, 2.7162494599563813, -0.4028278304078526, -0.2510796509101443)",G0071_C07_N0_S1000,G0071,random_regular,15,30,10070,C07,256,26,1000,1.0,0.7662259615384616,1.0,success,
19.7890625,26,SPSA,2,N0,79,80,20480,60,37,1.027834005999921,"(0.478843704294345, -0.1777269210754337, -0.895929666503023, -1.9694469367724015)",G0071_C07_N0_S1001,G0071,random_regular,15,30,10070,C07,256,26,1001,1.0,0.7611177884615384,1.0,success,
20.109375,26,SPSA,2,N0,79,80,40960,60,37,1.469957974999943,"(2.565410880257287, 2.4147912830253455, -0.6034362091978543, -0.3530235350167568)",G0071_C08_N0_S1000,G0071,random_regular,15,30,10070,C08,512,26,1000,1.0,0.7734375,1.0,success,
19.015625,26,SPSA,2,N0,79,80,40960,60,37,1.4066562629996042,"(0.6978984786703392, -0.1571243811283804, -0.8449987725765178, -0.29265865993898)",G0071_C08_N0_S1001,G0071,random_regular,15,30,10070,C08,512,26,1001,1.0,0.7313701923076923,1.0,success,
16.140625,24,COBYLA,3,N0,53,54,13824,90,51,0.897342037999806,"(1.6303505315763893, 2.1080058922290936, 2.151819168618789, 0.2642177049284352, 0.3185352829132935, 0.16170648698632628)",G0071_C09_N0_S1000,G0071,random_regular,15,30,10070,C09,256,26,1000,1.0,0.6207932692307693,0.9230769230769232,success,
19.875,26,COBYLA,3,N0,51,52,13312,90,51,0.842255385000044,"(2.580834383080424, 0.6178629319953257, 0.5713717251563483, 1.2492864769384988, 0.16034098396894883, 0.22062556431597766)",G0071_C09_N0_S1001,G0071,random_regular,15,30,10070,C09,256,26,1001,1.0,0.7644230769230769,1.0,success,
19.35546875,26,COBYLA,3,N0,67,68,34816,90,51,1.418603788999917,"(2.4990223128460953, 2.1905731828042394, 1.6865392430438297, 1.1823445786387772, 1.3970707003139577, -0.04344421168743858)",G0071_C10_N0_S1000,G0071,random_regular,15,30,10070,C10,512,26,1000,1.0,0.7444411057692307,1.0,success,
20.55859375,26,COBYLA,3,N0,56,57,29184,90,51,1.173257890000059,"(2.661751014128942, 0.5827063945476503, 0.5445797713911196, 1.393781919083463, 0.06580545705913936, 0.24882239438161496)",G0071_C10_N0_S1001,G0071,random_regular,15,30,10070,C10,512,26,1001,1.0,0.7907151442307693,1.0,success,
18.1171875,26,SPSA,3,N0,79,80,20480,90,51,1.2210210370003551,"(0.741169877708588, 0.5501723719983889, 1.2332960618569173, 0.47296322067907626, 0.3840788590512332, 0.11258458534373345)",G0071_C11_N0_S1000,G0071,random_regular,15,30,10070,C11,256,26,1000,1.0,0.6968149038461539,1.0,success,
19.71875,26,SPSA,3,N0,79,80,20480,90,51,1.3575962770000842,"(3.0982603106269573, 0.4836581875483288, -0.32492221990545367, -0.02107168560587734, -0.8507537120513224, -0.3179865956109086)",G0071_C11_N0_S1001,G0071,random_regular,15,30,10070,C11,256,26,1001,1.0,0.7584134615384616,1.0,success,
16.703125,24,SPSA,3,N0,79,80,40960,90,51,2.091072876999988,"(1.7854463115234207, 1.5630831057833396, 1.3320425833214955, 0.17179641416333097, 0.4966307305017901, 0.44754379444993475)",G0071_C12_N0_S1000,G0071,random_regular,15,30,10070,C12,512,26,1000,1.0,0.6424278846153846,0.9230769230769232,success,
18.9140625,26,SPSA,3,N0,79,80,40960,90,51,2.640504306999901,"(1.4087270809961465, 0.9130915518343009, 0.40892380696354674, 0.13025349263850733, -1.2730308413396045, -0.5202499069103155)",G0071_C12_N0_S1001,G0071,random_regular,15,30,10070,C12,512,26,1001,1.0,0.7274639423076923,1.0,success,
15.65625,24,COBYLA,1,N0,25,26,6656,30,15,0.2993550870000945,"(2.13798160410895, 0.9485125552425884)",G0072_C01_N0_S1000,G0072,random_regular,15,30,10071,C01,256,26,1000,1.0,0.6021634615384616,0.9230769230769232,success,
19.171875,26,COBYLA,1,N0,44,45,11520,30,15,0.5490818309999668,"(2.7045718175169164, -0.3357178668540057)",G0072_C01_N0_S1001,G0072,random_regular,15,30,10071,C01,256,26,1001,1.0,0.7373798076923077,1.0,success,
19.359375,26,COBYLA,1,N0,31,32,16384,30,15,0.5239819339999485,"(2.583612517286824, 1.1914976599202487)",G0072_C02_N0_S1000,G0072,random_regular,15,30,10071,C02,512,26,1000,1.0,0.7445913461538461,1.0,success,
19.10546875,26,COBYLA,1,N0,37,38,19456,30,15,0.6256526239999403,"(2.711771369763239, -0.38243312279936)",G0072_C02_N0_S1001,G0072,random_regular,15,30,10071,C02,512,26,1001,1.0,0.7348257211538461,1.0,success,
19.078125,24,SPSA,1,N0,79,80,20480,30,15,0.8114075190001131,"(2.678884251375278, 1.250933394213286)",G0072_C03_N0_S1000,G0072,random_regular,15,30,10071,C03,256,26,1000,1.0,0.7337740384615384,0.9230769230769232,success,
18.9296875,26,SPSA,1,N0,79,80,20480,30,15,0.8027239269999882,"(2.7397486767135164, -0.3592943849460237)",G0072_C03_N0_S1001,G0072,random_regular,15,30,10071,C03,256,26,1001,1.0,0.7280649038461539,1.0,success,
19.18359375,26,SPSA,1,N0,79,80,40960,30,15,1.207689179999761,"(2.507855954724766, 1.2256771215523463)",G0072_C04_N0_S1000,G0072,random_regular,15,30,10071,C04,512,26,1000,1.0,0.7378305288461539,1.0,success,
18.98828125,26,SPSA,1,N0,79,80,40960,30,15,1.2355475190001926,"(2.7254522274578594, -0.4029057269033715)",G0072_C04_N0_S1001,G0072,random_regular,15,30,10071,C04,512,26,1001,1.0,0.7303185096153846,1.0,success,
18.0546875,26,COBYLA,2,N0,39,40,10240,60,25,0.5552103219997662,"(1.2796679687231245, 2.3968251186083718, 1.6721657819890514, 0.29985413499076197)",G0072_C05_N0_S1000,G0072,random_regular,15,30,10071,C05,256,26,1000,1.0,0.6944110576923077,1.0,success,
18.640625,26,COBYLA,2,N0,47,48,12288,60,25,0.6710473510001975,"(1.8366074365067468, 0.7591882377035575, 0.10778690558835335, 1.0411099509770039)",G0072_C05_N0_S1001,G0072,random_regular,15,30,10071,C05,256,26,1001,1.0,0.7169471153846154,1.0,success,
19.5546875,26,COBYLA,2,N0,46,47,24064,60,25,0.8809468800000104,"(1.2137545609816707, 2.392533481502187, 1.4729928672650705, 0.34726914455156166)",G0072_C06_N0_S1000,G0072,random_regular,15,30,10071,C06,512,26,1000,1.0,0.7521033653846154,1.0,success,
18.91796875,26,COBYLA,2,N0,42,43,22016,60,25,0.806623235999723,"(1.8537136825690281, 0.8117960528650114, 0.12552532610933817, 1.0190412297406297)",G0072_C06_N0_S1001,G0072,random_regular,15,30,10071,C06,512,26,1001,1.0,0.7276141826923077,1.0,success,
15.2265625,22,SPSA,2,N0,79,80,20480,60,25,1.0230130850000023,"(1.4943373910313589, 1.9108370853946475, 0.6296949834683234, 0.49932406814288055)",G0072_C07_N0_S1000,G0072,random_regular,15,30,10071,C07,256,26,1000,1.0,0.5856370192307693,0.8461538461538461,success,
20.9296875,26,SPSA,2,N0,79,80,20480,60,25,1.0177812430001725,"(0.3949608523779262, 0.7026219245360023, -1.070162810501733, 0.3276633598039273)",G0072_C07_N0_S1001,G0072,random_regular,15,30,10071,C07,256,26,1001,1.0,0.8049879807692307,1.0,success,
15.01171875,22,SPSA,2,N0,79,80,40960,60,25,1.4229203550003149,"(1.5379816041089498, 1.9970251104851768, 0.8397536453679831, 0.4192611215778017)",G0072_C08_N0_S1000,G0072,random_regular,15,30,10071,C08,512,26,1000,1.0,0.5773737980769231,0.8461538461538461,success,
18.1796875,26,SPSA,2,N0,79,80,40960,60,25,1.9058970870000849,"(1.352503632577887, 1.2453483800297953, -1.6470906462375834, -0.4731699002254349)",G0072_C08_N0_S1001,G0072,random_regular,15,30,10071,C08,512,26,1001,1.0,0.69921875,1.0,success,
18.953125,26,COBYLA,3,N0,55,56,14336,90,35,0.9563748800001122,"(2.391633082735783, 2.396009877163592, 0.6747853571003866, 1.0599118057417896, 1.480008039323956, 0.19872397879942558)",G0072_C09_N0_S1000,G0072,random_regular,15,30,10071,C09,256,26,1000,1.0,0.7289663461538461,1.0,success,
20.5625,26,COBYLA,3,N0,54,55,14080,90,35,1.5117487380002783,"(2.562377985084913, 0.6407179467617136, 0.5914021909489577, 1.3381395140085752, 0.10064988372717072, 0.3139112586422807)",G0072_C09_N0_S1001,G0072,random_regular,15,30,10071,C09,256,26,1001,1.0,0.7908653846153846,1.0,success,
19.3515625,26,COBYLA,3,N0,61,62,31744,90,35,2.1915918440004134,"(2.550518897055648, 2.8280164173027234, 1.787995290502982, 1.3759368157148584, 1.5324850470829396, 0.24799402563667752)",G0072_C10_N0_S1000,G0072,random_regular,15,30,10071,C10,512,26,1000,1.0,0.7442908653846154,1.0,success,
20.796875,26,COBYLA,3,N0,66,67,34304,90,35,1.3172475880001002,"(2.6074113233961302, 0.7168681228209689, 0.5664759478121549, 1.3766320277637778, 0.19019041746345028, 0.2991367937182685)",G0072_C10_N0_S1001,G0072,random_regular,15,30,10071,C10,512,26,1001,1.0,0.7998798076923077,1.0,success,
16.375,22,SPSA,3,N0,79,80,20480,90,35,1.518828079999821,"(1.695528391156869, 1.6530010261498913, 1.4219605036880472, 0.26171433452988274, 0.5865486508683418, 0.357625874083383)",G0072_C11_N0_S1000,G0072,random_regular,15,30,10071,C11,256,26,1000,1.0,0.6298076923076923,0.8461538461538461,success,
18.015625,24,SPSA,3,N0,79,80,20480,90,35,1.2270308920001298,"(1.6405207831571205, 2.0515390530622546, -1.0053701971434448, -1.4819934886564987, -1.123429758538636, -1.5511535356229955)",G0072_C11_N0_S1001,G0072,random_regular,15,30,10071,C11,256,26,1001,1.0,0.6929086538461539,0.9230769230769232,success,
19.06640625,26,SPSA,3,N0,79,80,40960,90,35,1.600304301000051,"(0.6447606271954663, 0.90602256947777, 1.6347053488052328, 0.4737711116517276, 0.301960643176051, -0.31482864351932316)",G0072_C12_N0_S1000,G0072,random_regular,15,30,10071,C12,512,26,1000,1.0,0.7333233173076923,1.0,success,
18.078125,26,SPSA,3,N0,79,80,40960,90,35,1.6356162110000696,"(1.9044336494989926, 0.6129522329115326, -0.29906170721167674, -1.356301586810592, -0.12962782293888214, -0.25533456804985166)",G0072_C12_N0_S1001,G0072,random_regular,15,30,10071,C12,512,26,1001,1.0,0.6953125,1.0,success,
17.953125,24,COBYLA,1,N0,34,35,8960,30,13,0.434631169000113,"(2.3976292795279686, 1.1138011326505035)",G0073_C01_N0_S1000,G0073,random_regular,15,30,10072,C01,256,24,1000,1.0,0.748046875,1.0,success,
14.8828125,22,COBYLA,1,N0,26,27,6912,30,13,0.341130909000185,"(1.8747129321086136, 0.029007889053982782)",G0073_C01_N0_S1001,G0073,random_regular,15,30,10072,C01,256,24,1001,1.0,0.6201171875,0.9166666666666666,success,
19.1953125,24,COBYLA,1,N0,38,39,19968,30,13,0.6706672739996975,"(2.5819080724226544, 1.2168245218645726)",G0073_C02_N0_S1000,G0073,random_regular,15,30,10072,C02,512,24,1000,1.0,0.7998046875,1.0,success,
19.22265625,24,COBYLA,1,N0,39,40,20480,30,13,0.6970831889998408,"(2.681275875663687, -0.3534313732508421)",G0073_C02_N0_S1001,G0073,random_regular,15,30,10072,C02,512,24,1001,1.0,0.8009440104166666,1.0,success,
19.3125,24,SPSA,1,N0,79,80,20480,30,13,0.8402255380001407,"(2.567176757091239, 1.210773921682881)",G0073_C03_N0_S1000,G0073,random_regular,15,30,10072,C03,256,24,1000,1.0,0.8046875,1.0,success,
18.96875,24,SPSA,1,N0,79,80,20480,30,13,0.8256464040000537,"(2.525710628177917, -0.2965512636856257)",G0073_C03_N0_S1001,G0073,random_regular,15,30,10072,C03,256,24,1001,1.0,0.7903645833333334,1.0,success,
19.2734375,24,SPSA,1,N0,79,80,40960,30,13,1.2486218609997195,"(2.6450478729025546, 1.2200005801660072)",G0073_C04_N0_S1000,G0073,random_regular,15,30,10072,C04,512,24,1000,1.0,0.8030598958333334,1.0,success,
18.96484375,24,SPSA,1,N0,79,80,40960,30,13,1.7211835690000044,"(2.5719686120111245, -0.29309729612721913)",G0073_C04_N0_S1001,G0073,random_regular,15,30,10072,C04,512,24,1001,1.0,0.7902018229166666,1.0,success,
19.2265625,24,COBYLA,2,N0,42,43,11008,60,22,0.6143002430003435,"(2.0931926673811097, 1.711921282458275, 1.4648858605524306, 0.3366904857920274)",G0073_C05_N0_S1000,G0073,random_regular,15,30,10072,C05,256,24,1000,1.0,0.8011067708333334,1.0,success,
18.7265625,24,COBYLA,2,N0,41,42,10752,60,22,1.2353073189997303,"(1.824547299930239, 0.8685996303620364, 0.09461376412607703, 1.0210210633125778)",G0073_C05_N0_S1001,G0073,random_regular,15,30,10072,C05,256,24,1001,1.0,0.7802734375,1.0,success,
18.71484375,24,COBYLA,2,N0,39,40,20480,60,22,0.7792337450000559,"(1.6034091957874927, 1.9513386976772802, 1.5558705737057268, 0.43125527859524027)",G0073_C06_N0_S1000,G0073,random_regular,15,30,10072,C06,512,24,1000,1.0,0.77978515625,1.0,success,
19.82421875,24,COBYLA,2,N0,51,52,26624,60,22,1.021298214000126,"(1.9806863013868325, 0.6872775083130901, 0.14832620392413956, 1.1075259088252036)",G0073_C06_N0_S1001,G0073,random_regular,15,30,10072,C06,512,24,1001,1.0,0.8260091145833334,1.0,success,
18.2578125,24,SPSA,2,N0,79,80,20480,60,22,2.05214941300028,"(1.7695369677926336, 2.0158755113749516, 1.4436005020034797, 0.48713288585315806)",G0073_C07_N0_S1000,G0073,random_regular,15,30,10072,C07,256,24,1000,1.0,0.7607421875,1.0,success,
16.90625,22,SPSA,2,N0,79,80,20480,60,22,1.0413182099996448,"(1.9308864672917574, 0.2421645117196786, 0.3011848380138591, 1.1547305248176336)",G0073_C07_N0_S1001,G0073,random_regular,15,30,10072,C07,256,24,1001,1.0,0.7044270833333334,0.9166666666666666,success,
18.79296875,24,SPSA,2,N0,79,80,40960,60,22,1.6999805680002282,"(1.8143901254620671, 1.716028544640986, 1.6086413364051333, 0.31743578128498073)",G0073_C08_N0_S1000,G0073,random_regular,15,30,10072,C08,512,24,1000,1.0,0.7830403645833334,1.0,success,
17.10546875,24,SPSA,2,N0,79,80,40960,60,22,1.4488012679998974,"(1.9398782593284127, 0.2511563037563338, 0.31017663005051427, 1.1457387327809787)",G0073_C08_N0_S1001,G0073,random_regular,15,30,10072,C08,512,24,1001,1.0,0.7127278645833334,1.0,success,
19.671875,24,COBYLA,3,N0,68,69,17664,90,31,1.2160181939998438,"(2.7250153991966526, 2.812529048595243, 1.498640304313583, 1.2571859961044383, 1.3435263656651057, -0.018814556111377046)",G0073_C09_N0_S1000,G0073,random_regular,15,30,10072,C09,256,24,1000,1.0,0.8196614583333334,1.0,success,
20.7734375,24,COBYLA,3,N0,57,58,14848,90,31,0.9749223139997412,"(2.5425754191272127, 0.6622061573665682, 0.5987546211287926, 1.380439097891111, 0.13828441354059207, 0.33821209558490206)",G0073_C09_N0_S1001,G0073,random_regular,15,30,10072,C09,256,24,1001,1.0,0.8655598958333334,1.0,success,
19.1875,24,COBYLA,3,N0,59,60,30720,90,31,1.2871150320002016,"(2.559354487134772, 2.3211050638365363, 1.077832639470021, 1.2376410322420324, 1.483702095697812, -0.08093053065168093)",G0073_C10_N0_S1000,G0073,random_regular,15,30,10072,C10,512,24,1000,1.0,0.7994791666666666,1.0,success,
20.48046875,24,COBYLA,3,N0,51,52,26624,90,31,1.0759268820002037,"(2.5811461939244187, 0.6475629372080401, 0.5982329314809757, 1.3297483719425642, 0.09076773579037765, 0.21952798684242453)",G0073_C10_N0_S1001,G0073,random_regular,15,30,10072,C10,512,24,1001,1.0,0.8533528645833334,1.0,success,
17.0078125,24,SPSA,3,N0,79,80,20480,90,31,1.2619355810002162,"(1.7757628431762535, 1.5727665741305068, 1.3417260516686627, 0.1814798825104981, 0.5063141988489572, 0.4378603261027676)",G0073_C11_N0_S1000,G0073,random_regular,15,30,10072,C11,256,24,1000,1.0,0.7086588541666666,1.0,success,
20.0234375,24,SPSA,3,N0,79,80,20480,90,31,1.273728831999961,"(2.8100963560084065, 2.1827334588872978, 0.02321151188848003, 0.9967000354021764, 0.41390095003094457, -0.6558122231971153)",G0073_C11_N0_S1001,G0073,random_regular,15,30,10072,C11,256,24,1001,1.0,0.8343098958333334,1.0,success,
16.80078125,22,SPSA,3,N0,79,80,40960,90,31,1.6420993140000064,"(1.7729961379342059, 1.5755332793725545, 1.3444927569107104, 0.18424658775254585, 0.5090809040910049, 0.4350936208607199)",G0073_C12_N0_S1000,G0073,random_regular,15,30,10072,C12,512,24,1000,1.0,0.7000325520833334,0.9166666666666666,success,
17.01171875,24,SPSA,3,N0,79,80,40960,90,31,1.6348732640003618,"(1.4081598635944435, 0.48625396887308286, 0.7082346845962249, -0.2519205285798329, 0.5275272404328684, -0.6639203343045869)",G0073_C12_N0_S1001,G0073,random_regular,15,30,10072,C12,512,24,1001,1.0,0.7088216145833334,1.0,success,
16.4140625,24,COBYLA,1,N0,30,31,7936,30,19,0.3603542350001589,"(2.2213028320068275, 1.0436226543369582)",G0074_C01_N0_S1000,G0074,random_regular,15,30,10073,C01,256,26,1000,1.0,0.6313100961538461,0.9230769230769232,success,
14.8515625,22,COBYLA,1,N0,28,29,7424,30,19,0.3337740119995942,"(1.7228648079574875, -0.6918016610354288)",G0074_C01_N0_S1001,G0074,random_regular,15,30,10073,C01,256,26,1001,1.0,0.5712139423076923,0.8461538461538461,success,
19.30078125,26,COBYLA,1,N0,43,44,22528,30,19,1.228801875000045,"(2.6318852100138774, 1.221871206080668)",G0074_C02_N0_S1000,G0074,random_regular,15,30,10073,C02,512,26,1000,1.0,0.7423377403846154,1.0,success,
19.3046875,26,COBYLA,1,N0,39,40,20480,30,19,0.6548762519996671,"(0.47812097555405275, -1.2407432121319957)",G0074_C02_N0_S1001,G0074,random_regular,15,30,10073,C02,512,26,1001,1.0,0.7424879807692307,1.0,success,
18.984375,26,SPSA,1,N0,79,80,20480,30,19,1.6789698860002318,"(2.666231497319792, 1.2038725247982167)",G0074_C03_N0_S1000,G0074,random_regular,15,30,10073,C03,256,26,1000,1.0,0.7301682692307693,1.0,success,
19.2265625,26,SPSA,1,N0,79,80,20480,30,19,0.810683469000196,"(2.634085386454295, -0.3928343229504764)",G0074_C03_N0_S1001,G0074,random_regular,15,30,10073,C03,256,26,1001,1.0,0.7394831730769231,1.0,success,
19.12890625,26,SPSA,1,N0,79,80,40960,30,19,1.207235209999908,"(2.7376291925025034, 1.1797265993662482)",G0074_C04_N0_S1000,G0074,random_regular,15,30,10073,C04,512,26,1000,1.0,0.7357271634615384,1.0,success,
18.99609375,26,SPSA,1,N0,79,80,40960,30,19,1.2085806790000788,"(2.7083545115964847, -0.41931058150408596)",G0074_C04_N0_S1001,G0074,random_regular,15,30,10073,C04,512,26,1001,1.0,0.7306189903846154,1.0,success,
18.40625,24,COBYLA,2,N0,43,44,11264,60,34,0.6241726969997217,"(1.2798954698878369, 2.3693174364433243, 1.6810453341041713, 0.3343565624977213)",G0074_C05_N0_S1000,G0074,random_regular,15,30,10073,C05,256,26,1000,1.0,0.7079326923076923,0.9230769230769232,success,
19.2734375,26,COBYLA,2,N0,51,52,13312,60,34,0.7757943450001221,"(1.7784709979763702, 0.7827842692930358, 0.06498156431834905, 1.1982283614971965)",G0074_C05_N0_S1001,G0074,random_regular,15,30,10073,C05,256,26,1001,1.0,0.7412860576923077,1.0,success,
19.953125,26,COBYLA,2,N0,56,57,29184,60,34,1.0577550689999953,"(1.1625426563841326, 2.5125191549508843, 1.4322306263026503, 0.4615216271589464)",G0074_C06_N0_S1000,G0074,random_regular,15,30,10073,C06,512,26,1000,1.0,0.7674278846153846,1.0,success,
19.55859375,26,COBYLA,2,N0,47,48,24576,60,34,0.8949828590002653,"(1.8993160155750801, 0.7448419245332614, 0.16008142101033854, 1.1251224483908366)",G0074_C06_N0_S1001,G0074,random_regular,15,30,10073,C06,512,26,1001,1.0,0.7522536057692307,1.0,success,
15.96875,22,SPSA,2,N0,79,80,20480,60,34,1.019560255000215,"(1.5469708154712996, 2.085685315672632, 0.3352921628168623, 0.16916492644263798)",G0074_C07_N0_S1000,G0074,random_regular,15,30,10073,C07,256,26,1000,1.0,0.6141826923076923,0.8461538461538461,success,
19.171875,26,SPSA,2,N0,79,80,20480,60,34,1.0313366119999046,"(2.0100046940734413, 0.6103230409083273, 0.000625414876481406, 1.2095444951248064)",G0074_C07_N0_S1001,G0074,random_regular,15,30,10073,C07,256,26,1001,1.0,0.7373798076923077,1.0,success,
14.91796875,22,SPSA,2,N0,79,80,40960,60,34,1.4201936550002756,"(1.4563380953605893, 1.8860085568844798, 0.6681838975697285, 0.28406435184163226)",G0074_C08_N0_S1000,G0074,random_regular,15,30,10073,C08,512,26,1000,1.0,0.5737680288461539,0.8461538461538461,success,
17.17578125,26,SPSA,2,N0,79,80,40960,60,34,1.4282762319999165,"(1.9433366408809722, 0.2546146853088934, 0.31363501160307394, 1.1422803512284188)",G0074_C08_N0_S1001,G0074,random_regular,15,30,10073,C08,512,26,1001,1.0,0.6606069711538461,1.0,success,
20.5546875,26,COBYLA,3,N0,60,61,15616,90,49,1.0437553169999774,"(2.6412310518355744, 2.2221162669546763, 1.2566674451471438, 0.980773600638967, 1.4782794610596255, 0.25322071120271866)",G0074_C09_N0_S1000,G0074,random_regular,15,30,10073,C09,256,26,1000,1.0,0.7905649038461539,1.0,success,
20.0703125,26,COBYLA,3,N0,49,50,12800,90,49,0.7985081490000994,"(2.5365583032409953, 0.6537913480336499, 0.5779520565103408, 1.3390438574911214, 0.11818764931490564, 0.2662042168071374)",G0074_C09_N0_S1001,G0074,random_regular,15,30,10073,C09,256,26,1001,1.0,0.7719350961538461,1.0,success,
20.78125,26,COBYLA,3,N0,71,72,36864,90,49,1.4650500600000669,"(2.3162416153441585, 2.040169965895935, 1.4563999065656035, 0.3243095694475863, 1.551553556349388, 0.8763247022674748)",G0074_C10_N0_S1000,G0074,random_regular,15,30,10073,C10,512,26,1000,1.0,0.7992788461538461,1.0,success,
19.8515625,26,COBYLA,3,N0,51,52,26624,90,49,1.1774205010001424,"(2.5116359460448687, 0.6023382123901315, 0.5800831066641067, 1.304460918500191, 0.08122286386014198, 0.2729187109260859)",G0074_C10_N0_S1001,G0074,random_regular,15,30,10073,C10,512,26,1001,1.0,0.7635216346153846,1.0,success,
17.984375,26,SPSA,3,N0,79,80,20480,90,49,1.228620177999801,"(0.5136397801125636, 0.1261523356188205, 2.1598081090993393, 0.7798035186876626, 0.6957314952146709, -0.4231841266640967)",G0074_C11_N0_S1000,G0074,random_regular,15,30,10073,C11,256,26,1000,1.0,0.6917067307692307,1.0,success,
15.7109375,24,SPSA,3,N0,79,80,20480,90,49,2.300083570999959,"(2.7294569788595457, 1.0332526638714532, -0.120380174658803, 0.36364237266585897, -0.41133689786042693, -0.6680563721800169)",G0074_C11_N0_S1001,G0074,random_regular,15,30,10073,C11,256,26,1001,1.0,0.6042668269230769,0.9230769230769232,success,
15.90625,22,SPSA,3,N0,79,80,40960,90,49,2.87113590700028,"(1.6727030729099748, 1.6758263443967851, 1.4447858219349414, 0.2845396527767766, 0.6093739691152358, 0.33480055583648904)",G0074_C12_N0_S1000,G0074,random_regular,15,30,10073,C12,512,26,1000,1.0,0.6117788461538461,0.8461538461538461,success,
16.89453125,26,SPSA,3,N0,79,80,40960,90,49,1.6185551300000045,"(1.7950016160492566, 0.7139115810142533, -0.11971126400404648, -1.204569112340105, -1.1008886407587313, -1.0105624699910423)",G0074_C12_N0_S1001,G0074,random_regular,15,30,10073,C12,512,26,1001,1.0,0.6497896634615384,1.0,success,
18.5546875,22,COBYLA,1,N0,34,35,8960,30,19,0.4170768330000101,"(2.5172095063936175, 1.204961462732106)",G0075_C01_N0_S1000,G0075,random_regular,15,30,10074,C01,256,22,1000,1.0,0.8433948863636364,1.0,success,
14.984375,22,COBYLA,1,N0,25,26,6656,30,19,0.3017290980001235,"(1.7408546377303529, 0.19475220633342671)",G0075_C01_N0_S1001,G0075,random_regular,15,30,10074,C01,256,22,1001,1.0,0.6811079545454546,1.0,success,
18.55859375,22,COBYLA,1,N0,42,43,22016,30,19,0.754989291000129,"(2.662300498587501, 1.288755774777637)",G0075_C02_N0_S1000,G0075,random_regular,15,30,10074,C02,512,22,1000,1.0,0.8435724431818182,1.0,success,
14.84765625,22,COBYLA,1,N0,25,26,13312,30,19,0.4619956599999568,"(1.713420529436379, 0.16746626371108386)",G0075_C02_N0_S1001,G0075,random_regular,15,30,10074,C02,512,22,1001,1.0,0.6748934659090909,1.0,success,
15.0546875,22,SPSA,1,N0,79,80,20480,30,19,0.8574922779998815,"(1.7158170136079083, 0.8442086701046256)",G0075_C03_N0_S1000,G0075,random_regular,15,30,10074,C03,256,22,1000,1.0,0.6843039772727273,1.0,success,
18.828125,22,SPSA,1,N0,79,80,20480,30,19,0.8457023740002114,"(2.6797854781349653, -0.3266203258926357)",G0075_C03_N0_S1001,G0075,random_regular,15,30,10074,C03,256,22,1001,1.0,0.8558238636363636,1.0,success,
18.9375,22,SPSA,1,N0,79,80,40960,30,19,1.24117655200007,"(2.6688760584122604, 1.222848922641917)",G0075_C04_N0_S1000,G0075,random_regular,15,30,10074,C04,512,22,1000,1.0,0.8607954545454546,1.0,success,
18.71484375,22,SPSA,1,N0,79,80,40960,30,19,1.2371592250001413,"(2.6505343371838026, -0.28443422730310686)",G0075_C04_N0_S1001,G0075,random_regular,15,30,10074,C04,512,22,1001,1.0,0.8506747159090909,1.0,success,
18.53125,22,COBYLA,2,N0,43,44,11264,60,30,0.6551537760001338,"(1.9633875439881439, 1.6743752199721142, 1.5415723782542383, 0.4198990577791055)",G0075_C05_N0_S1000,G0075,random_regular,15,30,10074,C05,256,22,1000,1.0,0.8423295454545454,1.0,success,
16.8125,22,COBYLA,2,N0,35,36,9216,60,30,0.523115394999877,"(1.949238728519326, 0.5600345846698553, 0.311986720773202, 1.3090086768053522)",G0075_C05_N0_S1001,G0075,random_regular,15,30,10074,C05,256,22,1001,1.0,0.7642045454545454,1.0,success,
18.76953125,22,COBYLA,2,N0,46,47,24064,60,30,0.916267482999956,"(1.526765114785147, 2.1633631562115534, 1.535547007843088, 0.32753096952005334)",G0075_C06_N0_S1000,G0075,random_regular,15,30,10074,C06,512,22,1000,1.0,0.8531605113636364,1.0,success,
18.9609375,22,COBYLA,2,N0,51,52,26624,60,30,1.0044048740001017,"(1.7270052818878296, 0.9441565873283657, 0.03859585637130135, 1.210253509403646)",G0075_C06_N0_S1001,G0075,random_regular,15,30,10074,C06,512,22,1001,1.0,0.8618607954545454,1.0,success,
17.3046875,22,SPSA,2,N0,79,80,20480,60,30,1.0671056000001045,"(2.3078629097769308, 2.6381554489780314, 1.1804691343540783, -0.1029967980927986)",G0075_C07_N0_S1000,G0075,random_regular,15,30,10074,C07,256,22,1000,1.0,0.7865767045454546,1.0,success,
18.8515625,22,SPSA,2,N0,79,80,20480,60,30,1.4747535009996682,"(-0.3759801201589959, -1.1184248043007217, -2.029343076226137, -0.26663265663872093)",G0075_C07_N0_S1001,G0075,random_regular,15,30,10074,C07,256,22,1001,1.0,0.8568892045454546,1.0,success,
18.41015625,22,SPSA,2,N0,79,80,40960,60,30,1.7190336899998329,"(1.3998654125706131, 2.401584036439393, 1.4226945493374579, 0.4865888740230492)",G0075_C08_N0_S1000,G0075,random_regular,15,30,10074,C08,512,22,1000,1.0,0.8368252840909091,1.0,success,
17.1640625,22,SPSA,2,N0,79,80,40960,60,30,2.203564769999957,"(1.9627035775753066, 0.2739816220032277, 0.33300194829740815, 1.1229134145340844)",G0075_C08_N0_S1001,G0075,random_regular,15,30,10074,C08,512,22,1001,1.0,0.7801846590909091,1.0,success,
15.1640625,22,COBYLA,3,N0,46,47,12032,90,41,1.5839192469998125,"(2.159301400584375, 2.448449144627393, 1.4997784626523005, 0.3345691079277592, 0.855135557421794, 0.8136326068186547)",G0075_C09_N0_S1000,G0075,random_regular,15,30,10074,C09,256,22,1000,1.0,0.6892755681818182,1.0,success,
19.484375,22,COBYLA,3,N0,53,54,13824,90,41,0.8995036760002222,"(2.5715964635986004, 0.6024731584895784, 0.5942048420333289, 1.368037176765297, 0.08841459785956067, 0.17220405593326624)",G0075_C09_N0_S1001,G0075,random_regular,15,30,10074,C09,256,22,1001,1.0,0.8856534090909091,1.0,success,
15.96484375,22,COBYLA,3,N0,61,62,31744,90,41,1.4899436330001663,"(2.4426254046416345, 2.666306709567041, 1.3003569574285043, 0.8335533338188031, 1.3730597426007942, 1.0335685712791844)",G0075_C10_N0_S1000,G0075,random_regular,15,30,10074,C10,512,22,1000,1.0,0.7256747159090909,1.0,success,
19.0859375,22,COBYLA,3,N0,53,54,27648,90,41,1.1440256699997915,"(2.5158436008092377, 0.4679264602129724, 1.0583812127059702, 1.3395935144419948, -0.003236367103052086, 0.21355709074161114)",G0075_C10_N0_S1001,G0075,random_regular,15,30,10074,C10,512,22,1001,1.0,0.8675426136363636,1.0,success,
18.2109375,22,SPSA,3,N0,79,80,20480,90,41,1.2718568929999492,"(0.7766282722419676, 0.794619606449967, 1.4160715586516, 0.4572772944891863, 0.23794738724083295, -0.06057091647218221)",G0075_C11_N0_S1000,G0075,random_regular,15,30,10074,C11,256,22,1000,1.0,0.8277698863636364,1.0,success,
18.7890625,22,SPSA,3,N0,79,80,20480,90,41,1.2516212290001931,"(2.553812174414107, -0.08469280003008896, -0.7663037522514765, -0.00733635920210253, -0.3632188258862287, -1.6915262254580967)",G0075_C11_N0_S1001,G0075,random_regular,15,30,10074,C11,256,22,1001,1.0,0.8540482954545454,1.0,success,
18.30078125,22,SPSA,3,N0,79,80,40960,90,41,1.656644256999698,"(0.6674642616157407, 1.0412944366549757, 1.7536781452482701, 0.454891355480153, 0.32200953193403026, -0.19218076591928937)",G0075_C12_N0_S1000,G0075,random_regular,15,30,10074,C12,512,22,1000,1.0,0.8318536931818182,1.0,success,
19.6796875,22,SPSA,3,N0,79,80,40960,90,41,1.6441725040003805,"(3.4407142667814936, 0.3397628189277756, 0.5374562288679012, 2.084091145506008, 0.15464013016757114, -1.4526025086392997)",G0075_C12_N0_S1001,G0075,random_regular,15,30,10074,C12,512,22,1001,1.0,0.89453125,1.0,success,
15.7578125,22,COBYLA,1,N0,24,25,6400,30,18,0.2779477889998816,"(2.13798160410895, 1.4485125552425884)",G0076_C01_N0_S1000,G0076,random_regular,15,30,10075,C01,256,26,1000,1.0,0.6060697115384616,0.8461538461538461,success,
14.828125,24,COBYLA,1,N0,25,26,6656,30,18,0.3224820219998037,"(1.720081572842666, 0.1764427940740171)",G0076_C01_N0_S1001,G0076,random_regular,15,30,10075,C01,256,26,1001,1.0,0.5703125,0.9230769230769232,success,
19.1640625,26,COBYLA,1,N0,35,36,18432,30,18,0.599612599000011,"(2.689634120753437, 1.191665157451274)",G0076_C02_N0_S1000,G0076,random_regular,15,30,10075,C02,512,26,1000,1.0,0.7370793269230769,1.0,success,
19.1328125,26,COBYLA,1,N0,39,40,20480,30,18,0.644741139999951,"(2.660593799731269, -0.42526478732167616)",G0076_C02_N0_S1001,G0076,random_regular,15,30,10075,C02,512,26,1001,1.0,0.7358774038461539,1.0,success,
14.8359375,20,SPSA,1,N0,79,80,20480,30,18,0.8170542640000349,"(1.524024138082654, 0.7250849978730766)",G0076_C03_N0_S1000,G0076,random_regular,15,30,10075,C03,256,26,1000,1.0,0.5706129807692307,0.7692307692307693,success,
19.078125,26,SPSA,1,N0,79,80,20480,30,18,0.8016090239998448,"(2.5856629770432944, -0.29831836426655906)",G0076_C03_N0_S1001,G0076,random_regular,15,30,10075,C03,256,26,1001,1.0,0.7337740384615384,1.0,success,
19.01953125,26,SPSA,1,N0,79,80,40960,30,18,1.1884647179999774,"(2.6240275009433893, 1.1868224138991195)",G0076_C04_N0_S1000,G0076,random_regular,15,30,10075,C04,512,26,1000,1.0,0.7315204326923077,1.0,success,
19.24609375,26,SPSA,1,N0,79,80,40960,30,18,2.2099024920003103,"(2.616413984775677, -0.39432545440368494)",G0076_C04_N0_S1001,G0076,random_regular,15,30,10075,C04,512,26,1001,1.0,0.740234375,1.0,success,
19.140625,26,COBYLA,2,N0,45,46,11776,60,33,0.7254362899998341,"(1.4772974753881176, 2.27880805895387, 1.5299919421702732, 0.3867185162001215)",G0076_C05_N0_S1000,G0076,random_regular,15,30,10075,C05,256,26,1000,1.0,0.7361778846153846,1.0,success,
19.7890625,26,COBYLA,2,N0,48,49,12544,60,33,0.92980604100012,"(1.9619865833811734, 0.6082166113403157, 0.139085262652192, 1.1227772083546843)",G0076_C05_N0_S1001,G0076,random_regular,15,30,10075,C05,256,26,1001,1.0,0.7611177884615384,1.0,success,
19.01953125,26,COBYLA,2,N0,43,44,22528,60,33,1.803576868000164,"(1.4965915210612246, 2.1654268131436867, 1.4697222250655726, 0.2832828022457717)",G0076_C06_N0_S1000,G0076,random_regular,15,30,10075,C06,512,26,1000,1.0,0.7315204326923077,1.0,success,
19.39453125,26,COBYLA,2,N0,41,42,21504,60,33,0.7943945629999689,"(1.8429174009105223, 0.7001732589157252, 0.0826479232998108, 1.1193208607033198)",G0076_C06_N0_S1001,G0076,random_regular,15,30,10075,C06,512,26,1001,1.0,0.7459435096153846,1.0,success,
15.015625,22,SPSA,2,N0,79,80,20480,60,33,1.1251596239999344,"(1.6031280841819973, 1.8625837649736112, 0.8007628848619913, 0.3891183078754021)",G0076_C07_N0_S1000,G0076,random_regular,15,30,10075,C07,256,26,1000,1.0,0.5775240384615384,0.8461538461538461,success,
17.1875,26,SPSA,2,N0,79,80,20480,60,33,1.0096303170003011,"(1.9737703985434973, 0.2850484429714187, 0.34406876926559915, 1.1118465935658937)",G0076_C07_N0_S1001,G0076,random_regular,15,30,10075,C07,256,26,1001,1.0,0.6610576923076923,1.0,success,
14.99609375,24,SPSA,2,N0,79,80,40960,60,33,1.4036928030000126,"(1.4945731894282224, 2.0190564745211073, 0.7393162160187047, 0.46266953625852925)",G0076_C08_N0_S1000,G0076,random_regular,15,30,10075,C08,512,26,1000,1.0,0.5767728365384616,0.9230769230769232,success,
19.87109375,26,SPSA,2,N0,79,80,40960,60,33,1.4035554279998903,"(-0.3507045528528149, 0.9385477575140989, -1.9160230930465614, -1.3545159571057923)",G0076_C08_N0_S1001,G0076,random_regular,15,30,10075,C08,512,26,1001,1.0,0.7642728365384616,1.0,success,
14.71875,22,COBYLA,3,N0,50,51,13056,90,48,0.8406205850001243,"(2.1372787293295645, 2.396317125881767, 1.4803616368045587, 0.31445926548165953, 0.830792973148101, 0.299668610579774)",G0076_C09_N0_S1000,G0076,random_regular,15,30,10075,C09,256,26,1000,1.0,0.5661057692307693,0.8461538461538461,success,
20.546875,26,COBYLA,3,N0,51,52,13312,90,48,0.8200384990000202,"(2.527145388232847, 0.6119175950642037, 0.5831855855152217, 1.344826359378707, 0.07077806787892547, 0.24970063395516254)",G0076_C09_N0_S1001,G0076,random_regular,15,30,10075,C09,256,26,1001,1.0,0.7902644230769231,1.0,success,
14.72265625,22,COBYLA,3,N0,56,57,29184,90,48,1.2414948820000973,"(2.158419479440434, 2.4043274226236706, 1.4642534002765821, 0.2873761911613758, 0.8207718243838765, 0.3283147988049662)",G0076_C10_N0_S1000,G0076,random_regular,15,30,10075,C10,512,26,1000,1.0,0.5662560096153846,0.8461538461538461,success,
20.43359375,26,COBYLA,3,N0,47,48,24576,90,48,0.9606722530002116,"(2.602772257245395, 0.6748453562105989, 0.5923047533101945, 1.343933315766712, 0.06490640418042372, 0.2626922807731844)",G0076_C10_N0_S1001,G0076,random_regular,15,30,10075,C10,512,26,1001,1.0,0.7859074519230769,1.0,success,
16.734375,22,SPSA,3,N0,79,80,20480,90,48,1.2105020099998,"(1.7633126695870387, 1.5852167477197217, 1.3541762252578775, 0.19393005609971295, 0.5187643724381721, 0.42541015251355274)",G0076_C11_N0_S1000,G0076,random_regular,15,30,10075,C11,256,26,1000,1.0,0.6436298076923077,0.8461538461538461,success,
19.4140625,26,SPSA,3,N0,79,80,20480,90,48,1.198259324999981,"(2.0840281914610705, 0.2290427467024678, 0.4094642364770841, 0.03910430511669602, 0.2503017179862139, -0.8031353634612749)",G0076_C11_N0_S1001,G0076,random_regular,15,30,10075,C11,256,26,1001,1.0,0.7466947115384616,1.0,success,
17.37890625,26,SPSA,3,N0,79,80,40960,90,48,1.5851228360002096,"(1.9865003697359562, 1.644219004197802, 1.716668891251684, -0.02925764404920482, 0.5777666289162525, 0.06291748651974637)",G0076_C12_N0_S1000,G0076,random_regular,15,30,10075,C12,512,26,1000,1.0,0.6684194711538461,1.0,success,
18.15234375,26,SPSA,3,N0,79,80,40960,90,48,1.5825245720002383,"(1.6926742018502279, 2.7431312394087968, 1.0814779907121956, 2.0313929983839785, -0.34628509809370195, -0.5710898404621858)",G0076_C12_N0_S1001,G0076,random_regular,15,30,10075,C12,512,26,1001,1.0,0.6981670673076923,1.0,success,
18.9140625,24,COBYLA,1,N0,36,37,9472,30,20,0.4221692350001831,"(2.6318182457008517, 1.1970883479004706)",G0077_C01_N0_S1000,G0077,random_regular,15,30,10076,C01,256,24,1000,1.0,0.7880859375,1.0,success,
14.90625,22,COBYLA,1,N0,23,24,6144,30,20,0.2820642390001922,"(1.981654807987284, 0.016473072186159055)",G0077_C01_N0_S1001,G0077,random_regular,15,30,10076,C01,256,24,1001,1.0,0.62109375,0.9166666666666666,success,
17.01953125,22,COBYLA,1,N0,26,27,13824,30,20,0.5704109960001915,"(2.2566559751781594, 1.3590034812810798)",G0077_C02_N0_S1000,G0077,random_regular,15,30,10076,C02,512,24,1000,1.0,0.7091471354166666,0.9166666666666666,success,
18.828125,24,COBYLA,1,N0,34,35,17920,30,20,0.594892906000041,"(0.589204756241852, 0.3375077855914934)",G0077_C02_N0_S1001,G0077,random_regular,15,30,10076,C02,512,24,1001,1.0,0.7845052083333334,1.0,success,
15.0390625,22,SPSA,1,N0,79,80,20480,30,20,2.01639829800024,"(1.5966566664969466, 0.5559712426316605)",G0077_C03_N0_S1000,G0077,random_regular,15,30,10076,C03,256,24,1000,1.0,0.6266276041666666,0.9166666666666666,success,
19.2265625,24,SPSA,1,N0,79,80,20480,30,20,0.8383487620003507,"(2.666496914247249, -0.41789250562956026)",G0077_C03_N0_S1001,G0077,random_regular,15,30,10076,C03,256,24,1001,1.0,0.8011067708333334,1.0,success,
18.95703125,24,SPSA,1,N0,79,80,40960,30,20,1.2123833569999078,"(2.744081913741439, 1.1994265959776027)",G0077_C04_N0_S1000,G0077,random_regular,15,30,10076,C04,512,24,1000,1.0,0.7898763020833334,1.0,success,
19.046875,24,SPSA,1,N0,79,80,40960,30,20,1.1973741479996534,"(2.5702267619586205, -0.3807366982529415)",G0077_C04_N0_S1001,G0077,random_regular,15,30,10076,C04,512,24,1001,1.0,0.7936197916666666,1.0,success,
18.9609375,24,COBYLA,2,N0,46,47,12032,60,34,0.6658598839999286,"(1.428474328168034, 2.236415847878086, 1.4483170552743654, 0.3602898398768459)",G0077_C05_N0_S1000,G0077,random_regular,15,30,10076,C05,256,24,1000,1.0,0.7900390625,1.0,success,
17.921875,24,COBYLA,2,N0,45,46,11776,60,34,0.6737573589998647,"(1.6734335554211672, 0.7472438757661969, 0.24784314645770392, 1.017768535453425)",G0077_C05_N0_S1001,G0077,random_regular,15,30,10076,C05,256,24,1001,1.0,0.7467447916666666,1.0,success,
18.84765625,24,COBYLA,2,N0,45,46,23552,60,34,0.8775864949998322,"(1.3006096493072759, 2.414352625400115, 1.5579863433762442, 0.42350021401745275)",G0077_C06_N0_S1000,G0077,random_regular,15,30,10076,C06,512,24,1000,1.0,0.7853190104166666,1.0,success,
18.7578125,24,COBYLA,2,N0,43,44,22528,60,34,0.8384790449999855,"(1.8968388443440471, 0.7583593444431087, 0.208855409854302, 1.0169540917948237)",G0077_C06_N0_S1001,G0077,random_regular,15,30,10076,C06,512,24,1001,1.0,0.7815755208333334,1.0,success,
15.0,22,SPSA,2,N0,79,80,20480,60,34,1.0349155700000665,"(1.5742507720137104, 1.6897116637413485, 0.6460944495283807, 0.38143001161166623)",G0077_C07_N0_S1000,G0077,random_regular,15,30,10076,C07,256,24,1000,1.0,0.625,0.9166666666666666,success,
17.5703125,24,SPSA,2,N0,79,80,20480,60,34,1.0632332459999816,"(0.855538661743291, -0.13210222527612153, -0.9142613237539547, -0.3334174891639612)",G0077_C07_N0_S1001,G0077,random_regular,15,30,10076,C07,256,24,1001,1.0,0.7320963541666666,1.0,success,
16.109375,24,SPSA,2,N0,79,80,40960,60,34,1.4301867939998374,"(1.6207439005235769, 1.7343981727697608, 0.25755094443260473, 0.5818889424371585)",G0077_C08_N0_S1000,G0077,random_regular,15,30,10076,C08,512,24,1000,1.0,0.6712239583333334,1.0,success,
19.0390625,24,SPSA,2,N0,79,80,40960,60,34,1.425397579000219,"(0.5081680865630656, -0.017445940566476276, -1.6607125238758158, -1.0994165763431665)",G0077_C08_N0_S1001,G0077,random_regular,15,30,10076,C08,512,24,1001,1.0,0.7932942708333334,1.0,success,
14.8125,22,COBYLA,3,N0,51,52,13312,90,48,0.8866678179997507,"(2.1972184823522967, 2.4014818035191587, 1.475050597701984, 0.31480442854381946, 0.8483995073395562, 0.7956223940014818)",G0077_C09_N0_S1000,G0077,random_regular,15,30,10076,C09,256,24,1000,1.0,0.6171875,0.9166666666666666,success,
19.9453125,24,COBYLA,3,N0,63,64,16384,90,48,1.0763161189997843,"(2.5932744273218344, 0.47506173818741293, 0.6108636597908712, 1.3898183302850047, -0.03678211735913687, 0.24359451511244232)",G0077_C09_N0_S1001,G0077,random_regular,15,30,10076,C09,256,24,1001,1.0,0.8310546875,1.0,success,
19.2265625,24,COBYLA,3,N0,75,76,38912,90,48,1.653376406999996,"(2.261510257001732, 2.382730583227245, 2.25799835682721, -0.048057042681490886, 1.5200791429672433, 0.40290261901680613)",G0077_C10_N0_S1000,G0077,random_regular,15,30,10076,C10,512,24,1000,1.0,0.8011067708333334,1.0,success,
20.0859375,24,COBYLA,3,N0,51,52,26624,90,48,1.1432051550000324,"(2.58523125093586, 0.6436188073781733, 0.579439768463008, 1.385425012746888, 0.04937694906968784, 0.27627833949836744)",G0077_C10_N0_S1001,G0077,random_regular,15,30,10076,C10,512,24,1001,1.0,0.8369140625,1.0,success,
16.40625,22,SPSA,3,N0,79,80,20480,90,48,1.289800116999686,"(1.7176620330932506, 1.6308673842135093, 1.3998268617516656, 0.23958069259350076, 0.5644150089319598, 0.379759516019765)",G0077_C11_N0_S1000,G0077,random_regular,15,30,10076,C11,256,24,1000,1.0,0.68359375,0.9166666666666666,success,
15.96875,24,SPSA,3,N0,79,80,20480,90,48,2.4197666570003094,"(2.1740812220411025, 0.29888196918165744, 0.6527243934196614, 1.0980130673556547, 0.18277273234668479, 0.06631432250977909)",G0077_C11_N0_S1001,G0077,random_regular,15,30,10076,C11,256,24,1001,1.0,0.6653645833333334,1.0,success,
16.0234375,24,SPSA,3,N0,79,80,40960,90,48,2.8413390059999983,"(1.6879199517412373, 1.6606094655655226, 1.4295689431036789, 0.26932277394551407, 0.5941570902839731, 0.3500174346677517)",G0077_C12_N0_S1000,G0077,random_regular,15,30,10076,C12,512,24,1000,1.0,0.6676432291666666,1.0,success,
15.63671875,22,SPSA,3,N0,79,80,40960,90,48,1.6252618099997562,"(2.2943939186174727, 0.6381120158588641, 0.18207584774518681, 0.07617411207066287, -0.23895263238508013, -0.27291572416742754)",G0077_C12_N0_S1001,G0077,random_regular,15,30,10076,C12,512,24,1001,1.0,0.6515299479166666,0.9166666666666666,success,
19.4140625,24,COBYLA,1,N0,34,35,8960,30,19,0.4085736480001287,"(2.685007349090801, 1.203496359155729)",G0078_C01_N0_S1000,G0078,random_regular,15,30,10077,C01,256,24,1000,1.0,0.8089192708333334,1.0,success,
19.296875,24,COBYLA,1,N0,36,37,9472,30,19,0.4249440839998897,"(2.6225395416964714, -0.32109085617503946)",G0078_C01_N0_S1001,G0078,random_regular,15,30,10077,C01,256,24,1001,1.0,0.8040364583333334,1.0,success,
19.19140625,24,COBYLA,1,N0,31,32,16384,30,19,0.5367025900000044,"(2.6088223409767615, 1.2692762505173603)",G0078_C02_N0_S1000,G0078,random_regular,15,30,10077,C02,512,24,1000,1.0,0.7996419270833334,1.0,success,
19.14453125,24,COBYLA,1,N0,36,37,18944,30,19,0.6676747569999861,"(0.425270709181247, -1.2349278287741043)",G0078_C02_N0_S1001,G0078,random_regular,15,30,10077,C02,512,24,1001,1.0,0.7976888020833334,1.0,success,
19.2578125,24,SPSA,1,N0,79,80,20480,30,19,0.8248113589997956,"(2.673311086195781, 1.1568021071256873)",G0078_C03_N0_S1000,G0078,random_regular,15,30,10077,C03,256,24,1000,1.0,0.8024088541666666,1.0,success,
19.25,24,SPSA,1,N0,79,80,20480,30,19,0.8275900749999892,"(2.561679628902232, -0.42634077523553515)",G0078_C03_N0_S1001,G0078,random_regular,15,30,10077,C03,256,24,1001,1.0,0.8020833333333334,1.0,success,
19.45703125,24,SPSA,1,N0,79,80,40960,30,19,1.2093801519999945,"(2.6603184079256326, 1.1856853240181096)",G0078_C04_N0_S1000,G0078,random_regular,15,30,10077,C04,512,24,1000,1.0,0.8107096354166666,1.0,success,
19.0703125,24,SPSA,1,N0,79,80,40960,30,19,1.2013350460001675,"(2.6917794123278815, -0.4430024308437484)",G0078_C04_N0_S1001,G0078,random_regular,15,30,10077,C04,512,24,1001,1.0,0.7945963541666666,1.0,success,
19.203125,24,COBYLA,2,N0,50,51,13056,60,34,0.7215077800001382,"(1.4894486318527669, 2.056402010283732, 1.5314715445709217, 0.3757417911111778)",G0078_C05_N0_S1000,G0078,random_regular,15,30,10077,C05,256,24,1000,1.0,0.8001302083333334,1.0,success,
19.421875,24,COBYLA,2,N0,45,46,11776,60,34,0.7024143270000422,"(1.807729792017126, 0.800598738256125, 0.14147144513341386, 1.0743911989156494)",G0078_C05_N0_S1001,G0078,random_regular,15,30,10077,C05,256,24,1001,1.0,0.8092447916666666,1.0,success,
19.3515625,24,COBYLA,2,N0,56,57,29184,60,34,1.0707913100000042,"(1.3929497059899074, 2.364236594146463, 1.5234813340823092, 0.36538836369614686)",G0078_C06_N0_S1000,G0078,random_regular,15,30,10077,C06,512,24,1000,1.0,0.8063151041666666,1.0,success,
19.21875,24,COBYLA,2,N0,44,45,23040,60,34,0.8659435899999153,"(1.7387536524318044, 0.923065832719768, 0.1546047783458961, 1.0907466097026286)",G0078_C06_N0_S1001,G0078,random_regular,15,30,10077,C06,512,24,1001,1.0,0.80078125,1.0,success,
17.8125,24,SPSA,2,N0,79,80,20480,60,34,1.0199927979997483,"(1.6799887518196772, 1.790659355105412, 0.026121846068021592, 0.5420706200357578)",G0078_C07_N0_S1000,G0078,random_regular,15,30,10077,C07,256,24,1000,1.0,0.7421875,1.0,success,
16.75,24,SPSA,2,N0,79,80,20480,60,34,1.506006866000007,"(1.4301388370979926, -0.44402401099255717, -0.16332083502157546, 0.390107019299417)",G0078_C07_N0_S1001,G0078,random_regular,15,30,10077,C07,256,24,1001,1.0,0.6979166666666666,1.0,success,
16.96484375,24,SPSA,2,N0,79,80,40960,60,34,1.5320852099998774,"(1.792855462366312, 1.8330749166549494, 0.2707540205684077, 0.49830973183641236)",G0078_C08_N0_S1000,G0078,random_regular,15,30,10077,C08,512,24,1000,1.0,0.7068684895833334,1.0,success,
18.4921875,24,SPSA,2,N0,79,80,40960,60,34,2.1575273529997503,"(2.9599517309230348, -0.36438600188304715, 1.8663190934912637, 1.1459744403737302)",G0078_C08_N0_S1001,G0078,random_regular,15,30,10077,C08,512,24,1001,1.0,0.7705078125,1.0,success,
14.8125,22,COBYLA,3,N0,53,54,13824,90,49,1.7974607890000698,"(1.8266111425147373, 2.5039242109009154, 1.488041932021392, 0.2644581657424797, 0.5514908700693409, 0.2768826757773579)",G0078_C09_N0_S1000,G0078,random_regular,15,30,10077,C09,256,24,1000,1.0,0.6171875,0.9166666666666666,success,
20.6484375,24,COBYLA,3,N0,59,60,15360,90,49,1.000632559999758,"(2.654745573155365, 0.6700976237389317, 0.6118774540815899, 1.3087391299483297, 0.1031773302857052, 0.20814484474873038)",G0078_C09_N0_S1001,G0078,random_regular,15,30,10077,C09,256,24,1001,1.0,0.8603515625,1.0,success,
18.27734375,24,COBYLA,3,N0,54,55,28160,90,49,1.2307425740000326,"(2.342005769485633, 2.5646114208409374, 1.133727975482063, 1.2179929082766983, 1.3780464329782505, -0.02724665703647676)",G0078_C10_N0_S1000,G0078,random_regular,15,30,10077,C10,512,24,1000,1.0,0.7615559895833334,1.0,success,
20.16796875,24,COBYLA,3,N0,49,50,25600,90,49,1.0513895219996812,"(2.544617067492914, 0.49530306293038884, 0.5720155338083583, 1.2702804850160196, 0.05319295544084149, 0.22979877685661929)",G0078_C10_N0_S1001,G0078,random_regular,15,30,10077,C10,512,24,1001,1.0,0.84033203125,1.0,success,
18.2578125,24,SPSA,3,N0,79,80,20480,90,49,1.2628731280001375,"(2.6682350023912558, 1.4573152434404106, 1.849961105324273, -0.34123846794101825, 0.26146802621720466, 0.16998423926898681)",G0078_C11_N0_S1000,G0078,random_regular,15,30,10077,C11,256,24,1000,1.0,0.7607421875,1.0,success,
17.1875,24,SPSA,3,N0,79,80,20480,90,49,1.240850016999957,"(2.0907091341521102, 1.528236041264611, 0.13570142714974925, 1.3634250590571417, 0.9758660971450428, -0.6337165497985628)",G0078_C11_N0_S1001,G0078,random_regular,15,30,10077,C11,256,24,1001,1.0,0.7161458333333334,1.0,success,
16.49609375,24,SPSA,3,N0,79,80,40960,90,49,1.6196032379998542,"(1.7273455014404178, 1.6211839158663421, 1.3901433934044984, 0.22989722424633366, 0.5547315405847928, 0.38944298436693203)",G0078_C12_N0_S1000,G0078,random_regular,15,30,10077,C12,512,24,1000,1.0,0.6873372395833334,1.0,success,
16.3125,22,SPSA,3,N0,79,80,40960,90,49,1.6083934039997985,"(2.2573661575870796, 0.6234491375451384, 0.1912053155748169, 0.01652069791499243, -0.2074582818387828, -0.258252845853702)",G0078_C12_N0_S1001,G0078,random_regular,15,30,10077,C12,512,24,1001,1.0,0.6796875,0.9166666666666666,success,
19.1796875,24,COBYLA,1,N0,32,33,8448,30,19,0.3745586509999157,"(2.5066281709305342, 1.2383451382967863)",G0079_C01_N0_S1000,G0079,random_regular,15,30,10078,C01,256,24,1000,1.0,0.7991536458333334,1.0,success,
19.4296875,24,COBYLA,1,N0,29,30,7680,30,19,0.3393628220001119,"(2.543235724766025, -0.34067036440367193)",G0079_C01_N0_S1001,G0079,random_regular,15,30,10078,C01,256,24,1001,1.0,0.8095703125,1.0,success,
19.40625,24,COBYLA,1,N0,36,37,18944,30,19,0.6077631099997234,"(5.795472824445755, 1.1917841887208582)",G0079_C02_N0_S1000,G0079,random_regular,15,30,10078,C02,512,24,1000,1.0,0.80859375,1.0,success,
19.3203125,24,COBYLA,1,N0,34,35,17920,30,19,0.572410561000197,"(2.6802486934584273, -0.3841730420894826)",G0079_C02_N0_S1001,G0079,random_regular,15,30,10078,C02,512,24,1001,1.0,0.8050130208333334,1.0,success,
19.4453125,24,SPSA,1,N0,79,80,20480,30,19,0.8023967959998117,"(2.600537049536688, 1.1707463824094384)",G0079_C03_N0_S1000,G0079,random_regular,15,30,10078,C03,256,24,1000,1.0,0.8102213541666666,1.0,success,
19.515625,24,SPSA,1,N0,79,80,20480,30,19,0.8097602060001918,"(2.6373408070054802, -0.34861084759919736)",G0079_C03_N0_S1001,G0079,random_regular,15,30,10078,C03,256,24,1001,1.0,0.8131510416666666,1.0,success,
19.46875,24,SPSA,1,N0,79,80,40960,30,19,1.2048821079997651,"(2.640429804161149, 1.165431282579413)",G0079_C04_N0_S1000,G0079,random_regular,15,30,10078,C04,512,24,1000,1.0,0.8111979166666666,1.0,success,
19.50390625,24,SPSA,1,N0,79,80,40960,30,19,2.4718451130001995,"(2.701256079583337, -0.3310221656787781)",G0079_C04_N0_S1001,G0079,random_regular,15,30,10078,C04,512,24,1001,1.0,0.8126627604166666,1.0,success,
19.8515625,24,COBYLA,2,N0,45,46,11776,60,36,0.7299161030000505,"(1.3037529214315557, 2.419682363049696, 1.4828385106569932, 0.4123609564268663)",G0079_C05_N0_S1000,G0079,random_regular,15,30,10078,C05,256,24,1000,1.0,0.8271484375,1.0,success,
19.5859375,24,COBYLA,2,N0,42,43,11008,60,36,0.6097875359996578,"(1.8859512303332846, 0.8618569814451514, 0.08907934608049295, 1.0983200413960805)",G0079_C05_N0_S1001,G0079,random_regular,15,30,10078,C05,256,24,1001,1.0,0.8160807291666666,1.0,success,
19.03125,24,COBYLA,2,N0,41,42,21504,60,36,1.5195342040001378,"(1.88134378477405, 1.751209539743386, 1.4821049788326204, 0.29866441697412494)",G0079_C06_N0_S1000,G0079,random_regular,15,30,10078,C06,512,24,1000,1.0,0.79296875,1.0,success,
19.41796875,24,COBYLA,2,N0,47,48,24576,60,36,0.8833351220000623,"(1.7634378717182762, 0.8254133387623597, 0.14101695828862806, 1.1685658936858736)",G0079_C06_N0_S1001,G0079,random_regular,15,30,10078,C06,512,24,1001,1.0,0.80908203125,1.0,success,
17.2578125,22,SPSA,2,N0,79,80,20480,60,36,1.322435043000041,"(1.567902465973391, 1.9258884921751191, 0.22265383417910195, 0.23517312473637136)",G0079_C07_N0_S1000,G0079,random_regular,15,30,10078,C07,256,24,1000,1.0,0.7190755208333334,0.9166666666666666,success,
17.2890625,24,SPSA,2,N0,79,80,20480,60,36,1.0306159120000302,"(1.546229708467889, 0.8714095623402586, -1.2918688764600934, -0.5491514246323547)",G0079_C07_N0_S1001,G0079,random_regular,15,30,10078,C07,256,24,1001,1.0,0.7203776041666666,1.0,success,
18.41015625,24,SPSA,2,N0,79,80,40960,60,36,1.4171628100002636,"(1.0606223386245615, 2.397273407307355, -0.08039115932063641, 0.5941358292100978)",G0079_C08_N0_S1000,G0079,random_regular,15,30,10078,C08,512,24,1000,1.0,0.76708984375,1.0,success,
17.1875,24,SPSA,2,N0,79,80,40960,60,36,1.4244823280000674,"(1.947486698744044, 0.2587647431719651, 0.3177850694661456, 1.138130293365347)",G0079_C08_N0_S1001,G0079,random_regular,15,30,10078,C08,512,24,1001,1.0,0.7161458333333334,1.0,success,
20.6640625,24,COBYLA,3,N0,69,70,17920,90,53,1.1663230700000895,"(2.7340574077321733, 2.1111318940917654, 1.3136962519585205, 0.8940643295124073, 1.4765443927452915, 0.27303888321819736)",G0079_C09_N0_S1000,G0079,random_regular,15,30,10078,C09,256,24,1000,1.0,0.8610026041666666,1.0,success,
20.484375,24,COBYLA,3,N0,51,52,13312,90,53,0.8539137029997619,"(2.5330263626187275, 0.6043320334998115, 0.6162711674133263, 1.3153538388788077, 0.1210734229159272, 0.24302078468126076)",G0079_C09_N0_S1001,G0079,random_regular,15,30,10078,C09,256,24,1001,1.0,0.853515625,1.0,success,
19.91015625,24,COBYLA,3,N0,60,61,31232,90,53,1.255391604000124,"(2.5812772055836857, 1.9761564665225915, 1.4385951485723203, 0.9543423649924145, 1.4473761499348585, 0.23445926175619358)",G0079_C10_N0_S1000,G0079,random_regular,15,30,10078,C10,512,24,1000,1.0,0.82958984375,1.0,success,
20.4921875,24,COBYLA,3,N0,53,54,27648,90,53,1.1106462850002572,"(2.571149166789909, 0.6735461092541051, 0.5649385160044289, 1.3695888388982422, 0.06251535193293327, 0.20974190807751392)",G0079_C10_N0_S1001,G0079,random_regular,15,30,10078,C10,512,24,1001,1.0,0.8538411458333334,1.0,success,
17.9453125,24,SPSA,3,N0,79,80,20480,90,53,1.244384650000029,"(2.454834759774074, 0.9872912494699361, 0.7662229345571102, -0.5754388833631302, -0.21971533798170564, 1.3887555374641438)",G0079_C11_N0_S1000,G0079,random_regular,15,30,10078,C11,256,24,1000,1.0,0.7477213541666666,1.0,success,
16.9765625,24,SPSA,3,N0,79,80,20480,90,53,1.2493211949999932,"(2.6641167252240017, 0.9594497030791436, -0.09914461346540059, 0.26357642144016424, -0.3985640438237892, -0.5942534113877072)",G0079_C11_N0_S1001,G0079,random_regular,15,30,10078,C11,256,24,1001,1.0,0.7073567708333334,1.0,success,
16.7890625,24,SPSA,3,N0,79,80,40960,90,53,1.6598550769999747,"(1.7875213404549566, 1.5610080768518038, 1.3299675543899596, 0.16972138523179517, 0.4945557015702543, 0.4496188233814705)",G0079_C12_N0_S1000,G0079,random_regular,15,30,10078,C12,512,24,1000,1.0,0.6995442708333334,1.0,success,
18.86328125,24,SPSA,3,N0,79,80,40960,90,53,1.6283215959997506,"(1.9032086683841953, 0.7832816352010822, -0.045246974966347386, 0.1771283174602561, -0.5983491978387528, -0.03587893813669207)",G0079_C12_N0_S1001,G0079,random_regular,15,30,10078,C12,512,24,1001,1.0,0.7859700520833334,1.0,success,
19.5703125,26,COBYLA,1,N0,32,33,8448,30,18,0.5168326799998795,"(2.612945986999201, 1.1307155906994875)",G0080_C01_N0_S1000,G0080,random_regular,15,30,10079,C01,256,26,1000,1.0,0.7527043269230769,1.0,success,
19.59375,26,COBYLA,1,N0,31,32,8192,30,18,0.3620747969998774,"(2.663728854538381, -0.33985034556021254)",G0080_C01_N0_S1001,G0080,random_regular,15,30,10079,C01,256,26,1001,1.0,0.7536057692307693,1.0,success,
17.1875,26,COBYLA,1,N0,31,32,16384,30,18,1.2591020089998892,"(2.180512046783921, 1.246593893047812)",G0080_C02_N0_S1000,G0080,random_regular,15,30,10079,C02,512,26,1000,1.0,0.6610576923076923,1.0,success,
14.89453125,22,COBYLA,1,N0,26,27,13824,30,18,0.4653454189997319,"(1.6642497036890358, -0.223698987789785)",G0080_C02_N0_S1001,G0080,random_regular,15,30,10079,C02,512,26,1001,1.0,0.5728665865384616,0.8461538461538461,success,
19.5546875,26,SPSA,1,N0,79,80,20480,30,18,1.1665539369996625,"(2.693793837035648, 1.1474985749676485)",G0080_C03_N0_S1000,G0080,random_regular,15,30,10079,C03,256,26,1000,1.0,0.7521033653846154,1.0,success,
19.4375,26,SPSA,1,N0,79,80,20480,30,18,0.8195639529999426,"(2.688965416769487, -0.4000710670735079)",G0080_C03_N0_S1001,G0080,random_regular,15,30,10079,C03,256,26,1001,1.0,0.7475961538461539,1.0,success,
19.71875,26,SPSA,1,N0,79,80,40960,30,18,1.2054088280001451,"(2.6344185363371806, 1.1271440112903757)",G0080_C04_N0_S1000,G0080,random_regular,15,30,10079,C04,512,26,1000,1.0,0.7584134615384616,1.0,success,
19.234375,26,SPSA,1,N0,79,80,40960,30,18,1.200256619999891,"(2.588718743869804, -0.46806081315993375)",G0080_C04_N0_S1001,G0080,random_regular,15,30,10079,C04,512,26,1001,1.0,0.7397836538461539,1.0,success,
17.078125,26,COBYLA,2,N0,46,47,12032,60,34,0.6355761019999591,"(1.592965159511948, 2.2701640153964764, 1.2631737949611497, 0.2673633656465852)",G0080_C05_N0_S1000,G0080,random_regular,15,30,10079,C05,256,26,1000,1.0,0.6568509615384616,1.0,success,
18.9296875,26,COBYLA,2,N0,38,39,9984,60,34,0.5272035060002054,"(1.8275725626238504, 0.7628728264049117, 0.10250878777371776, 0.9857768462847382)",G0080_C05_N0_S1001,G0080,random_regular,15,30,10079,C05,256,26,1001,1.0,0.7280649038461539,1.0,success,
19.91015625,26,COBYLA,2,N0,43,44,22528,60,34,0.8053620610003236,"(1.368378386995257, 2.3402865087651543, 1.506783700800822, 0.35838304553369466)",G0080_C06_N0_S1000,G0080,random_regular,15,30,10079,C06,512,26,1000,1.0,0.7657752403846154,1.0,success,
19.75390625,26,COBYLA,2,N0,40,41,20992,60,34,0.736105576999762,"(1.802065681440798, 0.7508797032586323, 0.14387305590344387, 1.0695970828202832)",G0080_C06_N0_S1001,G0080,random_regular,15,30,10079,C06,512,26,1001,1.0,0.759765625,1.0,success,
14.78125,24,SPSA,2,N0,79,80,20480,60,34,1.0073556950001148,"(1.5391512188174832, 1.8703455199195615, 0.8060716844116894, 0.09298547689110934)",G0080_C07_N0_S1000,G0080,random_regular,15,30,10079,C07,256,26,1000,1.0,0.5685096153846154,0.9230769230769232,success,
21.3515625,26,SPSA,2,N0,79,80,20480,60,34,0.9888904600002206,"(0.3709617802239911, 0.6572363086021193, -1.019120701230037, 0.19125910288821119)",G0080_C07_N0_S1001,G0080,random_regular,15,30,10079,C07,256,26,1001,1.0,0.8212139423076923,1.0,success,
14.96484375,24,SPSA,2,N0,79,80,40960,60,34,1.4093534419998832,"(1.5562749162757197, 1.8357570268452956, 0.8252820493017253, 0.281885036666514)",G0080_C08_N0_S1000,G0080,random_regular,15,30,10079,C08,512,26,1000,1.0,0.5755709134615384,0.9230769230769232,success,
19.08984375,26,SPSA,2,N0,79,80,40960,60,34,1.4117199559996152,"(1.8210277191675515, 1.8270217394245816, -1.7150947036833692, 0.4210274327235887)",G0080_C08_N0_S1001,G0080,random_regular,15,30,10079,C08,512,26,1001,1.0,0.7342247596153846,1.0,success,
20.9609375,26,COBYLA,3,N0,62,63,16128,90,50,1.0073029549998864,"(2.6893111001565293, 2.04862172678266, 1.8680257875571853, 1.2774174592625962, 1.494158019651983, 0.1726447506941354)",G0080_C09_N0_S1000,G0080,random_regular,15,30,10079,C09,256,26,1000,1.0,0.8061899038461539,1.0,success,
21.0,26,COBYLA,3,N0,52,53,13568,90,50,0.8422932809999111,"(2.5419778425231083, 0.6051279123572425, 0.6101023165454276, 1.300365797603355, 0.07158469887067384, 0.2863902806321735)",G0080_C09_N0_S1001,G0080,random_regular,15,30,10079,C09,256,26,1001,1.0,0.8076923076923077,1.0,success,
19.20703125,26,COBYLA,3,N0,54,55,28160,90,50,1.1150130089999948,"(2.4442907092183526, 2.2377176586401184, 1.7208573556515423, 1.0254106561682428, 1.3990307054754443, -0.07774517787457255)",G0080_C10_N0_S1000,G0080,random_regular,15,30,10079,C10,512,26,1000,1.0,0.7387319711538461,1.0,success,
21.3125,26,COBYLA,3,N0,51,52,26624,90,50,0.99203498199995,"(2.588265414769551, 0.5869369804595076, 0.526253583845506, 1.343547848122605, 0.10226902683233269, 0.2717401734780487)",G0080_C10_N0_S1001,G0080,random_regular,15,30,10079,C10,512,26,1001,1.0,0.8197115384615384,1.0,success,
20.75,26,SPSA,3,N0,79,80,20480,90,50,1.1922894379999889,"(0.2759587743761869, 0.9692723443951635, 1.3827387228729136, 0.26928579963879073, 0.09623966867197595, -0.19579010011470813)",G0080_C11_N0_S1000,G0080,random_regular,15,30,10079,C11,256,26,1000,1.0,0.7980769230769231,1.0,success,
19.6328125,26,SPSA,3,N0,79,80,20480,90,50,1.7576990060001665,"(1.3701144229806832, 1.7220877653747062, -0.5038566283371548, 0.028028126310603876, -0.7332755572174565, -0.3822033189139047)",G0080_C11_N0_S1001,G0080,random_regular,15,30,10079,C11,256,26,1001,1.0,0.7551081730769231,1.0,success,
16.71875,26,SPSA,3,N0,79,80,40960,90,50,2.837149743000282,"(0.7892648321835329, 1.0318229466345568, 1.6810447386691842, 0.7076484402901355, 0.520289016729631, -0.0485019842693378)",G0080_C12_N0_S1000,G0080,random_regular,15,30,10079,C12,512,26,1000,1.0,0.6430288461538461,1.0,success,
19.4453125,26,SPSA,3,N0,79,80,40960,90,50,2.17557008599988,"(2.057904317904791, 0.4166928607793887, 0.20957441387568276, -1.2127060654048691, -0.5553195783528413, -1.7890230679267087)",G0080_C12_N0_S1001,G0080,random_regular,15,30,10079,C12,512,26,1001,1.0,0.7478966346153846,1.0,success,
22.9453125,28,COBYLA,1,N0,36,37,9472,36,18,0.8115121370001361,"(2.6464408049398496, 1.1887851186292187)",G0081_C01_N0_S1000,G0081,random_regular,18,36,10080,C01,256,28,1000,1.0,0.8194754464285714,1.0,success,
18.1015625,26,COBYLA,1,N0,28,29,7424,36,18,0.5171650950001094,"(1.9011646159970728, -0.07487295338442798)",G0081_C01_N0_S1001,G0081,random_regular,18,36,10080,C01,256,28,1001,1.0,0.646484375,0.9285714285714286,success,
22.890625,28,COBYLA,1,N0,32,33,16896,36,18,0.7116751569997177,"(2.539365663129533, 1.1888889126687574)",G0081_C02_N0_S1000,G0081,random_regular,18,36,10080,C02,512,28,1000,1.0,0.8175223214285714,1.0,success,
23.03515625,28,COBYLA,1,N0,35,36,18432,36,18,0.8426042290002442,"(-0.5452436321134289, 1.1971865169593952)",G0081_C02_N0_S1001,G0081,random_regular,18,36,10080,C02,512,28,1001,1.0,0.8226841517857143,1.0,success,
17.921875,28,SPSA,1,N0,79,80,20480,36,18,1.2214182650000112,"(1.5148736689580933, 1.2709974817708276)",G0081_C03_N0_S1000,G0081,random_regular,18,36,10080,C03,256,28,1000,1.0,0.6400669642857143,1.0,success,
22.71875,28,SPSA,1,N0,79,80,20480,36,18,1.3453483600001164,"(2.617963292619773, -0.4165736770976496)",G0081_C03_N0_S1001,G0081,random_regular,18,36,10080,C03,256,28,1001,1.0,0.8113839285714286,1.0,success,
22.90234375,28,SPSA,1,N0,79,80,40960,36,18,1.7567837579999832,"(2.5422003050307267, 1.209937181993697)",G0081_C04_N0_S1000,G0081,random_regular,18,36,10080,C04,512,28,1000,1.0,0.8179408482142857,1.0,success,
22.69921875,28,SPSA,1,N0,79,80,40960,36,18,1.7600713580000047,"(2.6078647125311054, -0.2801391937249154)",G0081_C04_N0_S1001,G0081,random_regular,18,36,10080,C04,512,28,1001,1.0,0.8106863839285714,1.0,success,
22.78125,28,COBYLA,2,N0,56,57,14592,72,31,1.771009931000208,"(1.793149077526107, 1.886695353948964, 1.5282279962489425, 0.41524022331165267)",G0081_C05_N0_S1000,G0081,random_regular,18,36,10080,C05,256,28,1000,1.0,0.8136160714285714,1.0,success,
22.890625,28,COBYLA,2,N0,42,43,11008,72,31,1.0353077790000498,"(1.8713794692364776, 0.8444002616960968, 0.0759291772762908, 1.1006301030571863)",G0081_C05_N0_S1001,G0081,random_regular,18,36,10080,C05,256,28,1001,1.0,0.8175223214285714,1.0,success,
22.953125,28,COBYLA,2,N0,51,52,26624,72,31,2.031309428999976,"(1.8213635476299896, 1.845306985711687, 1.5171832556132194, 0.34400185774799696)",G0081_C06_N0_S1000,G0081,random_regular,18,36,10080,C06,512,28,1000,1.0,0.8197544642857143,1.0,success,
23.25,28,COBYLA,2,N0,41,42,21504,72,31,1.1822837480003727,"(1.8918900249532822, 0.6991169215906106, 0.1551848943423739, 1.085745596972925)",G0081_C06_N0_S1001,G0081,random_regular,18,36,10080,C06,512,28,1001,1.0,0.8303571428571429,1.0,success,
17.7109375,26,SPSA,2,N0,79,80,20480,72,31,1.6872150419999343,"(1.5152156596802584, 2.0497204320917333, 0.6896792784050232, 0.6514398407069286)",G0081_C07_N0_S1000,G0081,random_regular,18,36,10080,C07,256,28,1000,1.0,0.6325334821428571,0.9285714285714286,success,
23.09375,28,SPSA,2,N0,79,80,20480,72,31,2.742277988999831,"(2.589775384095522, 1.801564827140226, -1.9353920245092722, -0.08321299718494797)",G0081_C07_N0_S1001,G0081,random_regular,18,36,10080,C07,256,28,1001,1.0,0.8247767857142857,1.0,success,
18.12890625,28,SPSA,2,N0,79,80,40960,72,31,2.15882981499999,"(1.623487932536601, 2.027600147313948, 0.7861802819907894, 0.6336648909128568)",G0081_C08_N0_S1000,G0081,random_regular,18,36,10080,C08,512,28,1000,1.0,0.6474609375,1.0,success,
21.5,28,SPSA,2,N0,79,80,40960,72,31,2.187833150000188,"(0.27292401176002024, 0.9215603912179559, -2.9531490247873022, 0.22086815743358224)",G0081_C08_N0_S1001,G0081,random_regular,18,36,10080,C08,512,28,1001,1.0,0.7678571428571429,1.0,success,
17.7109375,28,COBYLA,3,N0,52,53,13568,108,44,1.490004692000184,"(2.1165054392499627, 2.3755489456261896, 1.424883132290282, 0.3192611215778017, 0.8305727352036273, 0.800079087035464)",G0081_C09_N0_S1000,G0081,random_regular,18,36,10080,C09,256,28,1000,1.0,0.6325334821428571,1.0,success,
23.2265625,28,COBYLA,3,N0,51,52,13312,108,44,1.432298879999962,"(2.5636822959247816, 0.5245569778996173, 0.5797058042556305, 1.2418110738645196, 0.023121370843188313, 0.24981603958423104)",G0081_C09_N0_S1001,G0081,random_regular,18,36,10080,C09,256,28,1001,1.0,0.8295200892857143,1.0,success,
25.1015625,28,COBYLA,3,N0,79,80,40960,108,44,2.675354445999801,"(2.800093476087428, 2.4285189599805044, 1.4398629773176843, 1.064530966446612, 1.3070622428555432, 0.057331380697700045)",G0081_C10_N0_S1000,G0081,random_regular,18,36,10080,C10,512,28,1000,1.0,0.896484375,1.0,success,
24.6328125,28,COBYLA,3,N0,51,52,26624,108,44,1.591710061000413,"(2.5940171588778065, 0.630587073655185, 0.5837750496455902, 1.3458079757683186, 0.06952810839342739, 0.25211834190638166)",G0081_C10_N0_S1001,G0081,random_regular,18,36,10080,C10,512,28,1001,1.0,0.8797433035714286,1.0,success,
19.8203125,28,SPSA,3,N0,79,80,20480,108,44,2.9397810149998804,"(1.8518472373325667, 1.4966821799741936, 1.2656416575123495, 0.10539548835418505, 0.43022980469264416, 0.5139447202590807)",G0081_C11_N0_S1000,G0081,random_regular,18,36,10080,C11,256,28,1000,1.0,0.7078683035714286,1.0,success,
20.203125,28,SPSA,3,N0,79,80,20480,108,44,1.957453495000209,"(2.24463220571332, 0.36943295285387495, 0.723275377091879, 1.0274620836834374, 0.25332371601890236, -0.004236661162438454)",G0081_C11_N0_S1001,G0081,random_regular,18,36,10080,C11,256,28,1001,1.0,0.7215401785714286,1.0,success,
20.234375,28,SPSA,3,N0,79,80,40960,108,44,2.673126194000361,"(1.7667710511395982, 1.5817583661671617, 1.350717843705318, 0.19047167454715327, 0.5153059908856124, 0.4288685340661125)",G0081_C12_N0_S1000,G0081,random_regular,18,36,10080,C12,512,28,1000,1.0,0.72265625,1.0,success,
22.30078125,28,SPSA,3,N0,79,80,40960,108,44,2.37639755500004,"(3.350185276241379, 1.1818959288028874, -0.2602301179320549, 0.7403491485986154, -0.3905151227456473, -0.8166996371114509)",G0081_C12_N0_S1001,G0081,random_regular,18,36,10080,C12,512,28,1001,1.0,0.7964564732142857,1.0,success,
19.3984375,26,COBYLA,1,N0,26,27,6912,36,17,0.510288008000316,"(2.1215351935497115, 1.3992369313245596)",G0082_C01_N0_S1000,G0082,random_regular,18,36,10081,C01,256,28,1000,1.0,0.6928013392857143,0.9285714285714286,success,
17.9921875,26,COBYLA,1,N0,26,27,6912,36,17,0.4656504549998317,"(1.8389556427387648, -0.08677838775037512)",G0082_C01_N0_S1001,G0082,random_regular,18,36,10081,C01,256,28,1001,1.0,0.642578125,0.9285714285714286,success,
22.5078125,28,COBYLA,1,N0,41,42,21504,36,17,1.0129791710000973,"(2.5572354247548916, 1.2439281138751193)",G0082_C02_N0_S1000,G0082,random_regular,18,36,10081,C02,512,28,1000,1.0,0.8038504464285714,1.0,success,
18.0546875,26,COBYLA,1,N0,30,31,15872,36,17,0.7508953820001807,"(1.7874425742552447, -0.44425740144015846)",G0082_C02_N0_S1001,G0082,random_regular,18,36,10081,C02,512,28,1001,1.0,0.6448102678571429,0.9285714285714286,success,
22.71875,28,SPSA,1,N0,79,80,20480,36,17,1.3135068009996758,"(2.703333948666869, 1.2153534175795977)",G0082_C03_N0_S1000,G0082,random_regular,18,36,10081,C03,256,28,1000,1.0,0.8113839285714286,1.0,success,
22.8359375,28,SPSA,1,N0,79,80,20480,36,17,2.39924582499998,"(3.606173493697047, 0.36235436854672737)",G0082_C03_N0_S1001,G0082,random_regular,18,36,10081,C03,256,28,1001,1.0,0.8155691964285714,1.0,success,
22.47265625,28,SPSA,1,N0,79,80,40960,36,17,1.8108216400000856,"(2.5767091529013824, 1.2750172306374652)",G0082_C04_N0_S1000,G0082,random_regular,18,36,10081,C04,512,28,1000,1.0,0.8025948660714286,1.0,success,
22.56640625,28,SPSA,1,N0,79,80,40960,36,17,1.801929229000052,"(2.5858442774120967, -0.3746079098090781)",G0082_C04_N0_S1001,G0082,random_regular,18,36,10081,C04,512,28,1001,1.0,0.8059430803571429,1.0,success,
22.40625,28,COBYLA,2,N0,43,44,11264,72,28,1.0246869640000114,"(1.4830227896034132, 2.2678446659669733, 1.4768202819932832, 0.42493736720726577)",G0082_C05_N0_S1000,G0082,random_regular,18,36,10081,C05,256,28,1000,1.0,0.8002232142857143,1.0,success,
23.3671875,28,COBYLA,2,N0,41,42,10752,72,28,1.0045618720000675,"(1.9932127452105821, 0.5162068232693058, 0.14590081479786382, 1.1318645713880635)",G0082_C05_N0_S1001,G0082,random_regular,18,36,10081,C05,256,28,1001,1.0,0.8345424107142857,1.0,success,
23.109375,28,COBYLA,2,N0,51,52,26624,72,28,1.455005469000298,"(1.2064377715502466, 2.4132435341255127, 1.504386487144045, 0.38137966888259833)",G0082_C06_N0_S1000,G0082,random_regular,18,36,10081,C06,512,28,1000,1.0,0.8253348214285714,1.0,success,
22.73828125,28,COBYLA,2,N0,54,55,28160,72,28,1.5817048399999294,"(1.8052933598792473, 0.8529050998201825, 0.08140655216156018, 1.222409569709962)",G0082_C06_N0_S1001,G0082,random_regular,18,36,10081,C06,512,28,1001,1.0,0.8120814732142857,1.0,success,
17.875,26,SPSA,2,N0,79,80,20480,72,28,1.6901353399998698,"(1.6868247569633685, 2.0024815972716787, 0.8647794045315692, 0.27041796872338325)",G0082_C07_N0_S1000,G0082,random_regular,18,36,10081,C07,256,28,1000,1.0,0.6383928571428571,0.9285714285714286,success,
21.1875,28,SPSA,2,N0,79,80,20480,72,28,1.785576070999923,"(1.998670745721927, 0.3099487901498484, 0.36896911644402886, 1.086946246387464)",G0082_C07_N0_S1001,G0082,random_regular,18,36,10081,C07,256,28,1001,1.0,0.7566964285714286,1.0,success,
20.546875,26,SPSA,2,N0,79,80,40960,72,28,3.227076849999776,"(1.4886060362711413, 2.0903056052236217, 0.1990520131052917, 0.41787579211503484)",G0082_C08_N0_S1000,G0082,random_regular,18,36,10081,C08,512,28,1000,1.0,0.7338169642857143,0.9285714285714286,success,
20.9140625,28,SPSA,2,N0,79,80,40960,72,28,2.21281496399979,"(1.9654702828173543, 0.2767483272452754, 0.33576865353945595, 1.1201467092920367)",G0082_C08_N0_S1001,G0082,random_regular,18,36,10081,C08,512,28,1001,1.0,0.7469308035714286,1.0,success,
17.7265625,26,COBYLA,3,N0,52,53,13568,108,39,1.481775885999923,"(2.147864399929433, 2.3813163292023316, 1.5245665102202588, 0.31681107276659154, 0.8199688301869986, 0.29748597454521103)",G0082_C09_N0_S1000,G0082,random_regular,18,36,10081,C09,256,28,1000,1.0,0.6330915178571429,0.9285714285714286,success,
23.5859375,28,COBYLA,3,N0,64,65,16640,108,39,2.689665204999983,"(2.6188226248485256, 0.7959108682934315, 0.6501144922887818, 1.2748370493228518, 0.09186346716489001, 0.10099916785152119)",G0082_C09_N0_S1001,G0082,random_regular,18,36,10081,C09,256,28,1001,1.0,0.8423549107142857,1.0,success,
23.796875,28,COBYLA,3,N0,62,63,32256,108,39,1.9911034239999024,"(2.378765063012898, 2.1929390079043145, 1.2727470489801223, 0.34217041927495945, 1.4994057934485951, 0.853872478240594)",G0082_C10_N0_S1000,G0082,random_regular,18,36,10081,C10,512,28,1000,1.0,0.8498883928571429,1.0,success,
24.12890625,28,COBYLA,3,N0,65,66,33792,108,39,2.4501133310000114,"(2.7626915891850143, 0.7492009603860257, 0.45237419719263094, 1.314680359193889, 0.14072976379769964, 0.13579614985940952)",G0082_C10_N0_S1001,G0082,random_regular,18,36,10081,C10,512,28,1001,1.0,0.8617466517857143,1.0,success,
20.1328125,26,SPSA,3,N0,79,80,20480,108,39,1.9965141049997328,"(1.7992798377336592, 1.5492495795731007, 1.318209057111257, 0.15796288795309227, 0.4827972042915514, 0.46137732066017345)",G0082_C11_N0_S1000,G0082,random_regular,18,36,10081,C11,256,28,1000,1.0,0.7190290178571429,0.9285714285714286,success,
22.9921875,28,SPSA,3,N0,79,80,20480,108,39,2.0480427190000228,"(2.7438064071087687, 1.1481681882076644, -0.17996159415405927, 0.07485793631164335, -0.3703522212686949, -0.782971896516228)",G0082_C11_N0_S1001,G0082,random_regular,18,36,10081,C11,256,28,1001,1.0,0.8211495535714286,1.0,success,
20.44921875,28,SPSA,3,N0,79,80,40960,108,39,2.4074269590000767,"(1.8179550981174817, 1.5305743191892787, 1.2995337967274345, 0.13928762756926993, 0.464121943907729, 0.48005258104399584)",G0082_C12_N0_S1000,G0082,random_regular,18,36,10081,C12,512,28,1000,1.0,0.7303292410714286,1.0,success,
21.3984375,28,SPSA,3,N0,79,80,40960,108,39,2.4246682620000684,"(2.7527737435224378, 1.0690737989244556, -0.11608408370211322, 0.15395232559485195, -0.39453643651362624, -0.7038775072330193)",G0082_C12_N0_S1001,G0082,random_regular,18,36,10081,C12,512,28,1001,1.0,0.7642299107142857,1.0,success,
23.4296875,30,COBYLA,1,N0,36,37,9472,36,27,0.681311075999929,"(2.598078614521143, 1.1392664333888531)",G0083_C01_N0_S1000,G0083,random_regular,18,36,10082,C01,256,30,1000,1.0,0.7809895833333333,1.0,success,
23.7265625,30,COBYLA,1,N0,34,35,8960,36,27,0.6044660479997219,"(2.5999691253235184, -0.3700240109213355)",G0083_C01_N0_S1001,G0083,random_regular,18,36,10082,C01,256,30,1001,1.0,0.7908854166666667,1.0,success,
23.55859375,30,COBYLA,1,N0,27,28,14336,36,27,0.7335897669995575,"(2.697487497617754, 1.1711735452155658)",G0083_C02_N0_S1000,G0083,random_regular,18,36,10082,C02,512,30,1000,1.0,0.7852864583333333,1.0,success,
17.78125,26,COBYLA,1,N0,24,25,12800,36,27,0.5802456149999671,"(1.7141243584573909, 0.1816108159003375)",G0083_C02_N0_S1001,G0083,random_regular,18,36,10082,C02,512,30,1001,1.0,0.5927083333333333,0.8666666666666667,success,
23.125,30,SPSA,1,N0,79,80,20480,36,27,2.432365318999928,"(2.557739703415274, 1.2724996669632056)",G0083_C03_N0_S1000,G0083,random_regular,18,36,10082,C03,256,30,1000,1.0,0.7708333333333334,1.0,success,
23.0625,30,SPSA,1,N0,79,80,20480,36,27,1.3506146980002995,"(2.711290132227433, -0.4495552740820833)",G0083_C03_N0_S1001,G0083,random_regular,18,36,10082,C03,256,30,1001,1.0,0.76875,1.0,success,
23.23828125,30,SPSA,1,N0,79,80,40960,36,27,1.810375627999747,"(2.518374850728891, 1.198801535153631)",G0083_C04_N0_S1000,G0083,random_regular,18,36,10082,C04,512,30,1000,1.0,0.774609375,1.0,success,
23.27734375,30,SPSA,1,N0,79,80,40960,36,27,2.8405511599999045,"(2.6369060949886602, -0.4311850101406609)",G0083_C04_N0_S1001,G0083,random_regular,18,36,10082,C04,512,30,1001,1.0,0.7759114583333333,1.0,success,
23.7578125,30,COBYLA,2,N0,53,54,13824,72,49,1.274608348000129,"(1.3086744642506924, 2.3434331985355183, 1.505791707361243, 0.38749950791185706)",G0083_C05_N0_S1000,G0083,random_regular,18,36,10082,C05,256,30,1000,1.0,0.7919270833333333,1.0,success,
23.796875,30,COBYLA,2,N0,44,45,11520,72,49,1.1559255990000563,"(1.8506115696218328, 0.7426303376509955, 0.17649132923342675, 1.1309245497297917)",G0083_C05_N0_S1001,G0083,random_regular,18,36,10082,C05,256,30,1001,1.0,0.7932291666666667,1.0,success,
23.6171875,30,COBYLA,2,N0,49,50,25600,72,49,1.4508447330003946,"(1.4805088647217415, 2.197886129532945, 1.5371478850050808, 0.3715512070708085)",G0083_C06_N0_S1000,G0083,random_regular,18,36,10082,C06,512,30,1000,1.0,0.7872395833333333,1.0,success,
23.75390625,30,COBYLA,2,N0,43,44,22528,72,49,1.286790991000089,"(1.8320193524979478, 0.8433781328098777, 0.11092002563911399, 1.164070100136089)",G0083_C06_N0_S1001,G0083,random_regular,18,36,10082,C06,512,30,1001,1.0,0.791796875,1.0,success,
21.65625,28,SPSA,2,N0,79,80,20480,72,49,1.7545798289997947,"(1.6175204496476752, 2.294514802539818, -0.06531627805434029, 0.5389218108810071)",G0083_C07_N0_S1000,G0083,random_regular,18,36,10082,C07,256,30,1000,1.0,0.721875,0.9333333333333332,success,
23.234375,30,SPSA,2,N0,79,80,20480,72,49,1.733798055000079,"(2.7162379303117796, 1.3932502608446924, -1.9347016738884508, -0.049106886022858884)",G0083_C07_N0_S1001,G0083,random_regular,18,36,10082,C07,256,30,1001,1.0,0.7744791666666667,1.0,success,
18.43359375,26,SPSA,2,N0,79,80,40960,72,49,2.20474372300032,"(1.9609734866576418, 2.0034967745237533, 1.0557477584582906, 0.2002051859860372)",G0083_C08_N0_S1000,G0083,random_regular,18,36,10082,C08,512,30,1000,1.0,0.614453125,0.8666666666666667,success,
23.4921875,30,SPSA,2,N0,79,80,40960,72,49,2.2348324189997584,"(1.3381572622364815, 1.3711129969871745, -1.547352334452072, -0.41867227617128455)",G0083_C08_N0_S1001,G0083,random_regular,18,36,10082,C08,512,30,1001,1.0,0.7830729166666667,1.0,success,
24.515625,30,COBYLA,3,N0,70,71,18176,108,71,2.836436637000133,"(2.766183752143913, 2.606691174379173, 1.8607664960748822, 1.1049290515479204, 1.3824790321595273, 0.05511693401963703)",G0083_C09_N0_S1000,G0083,random_regular,18,36,10082,C09,256,30,1000,1.0,0.8171875,1.0,success,
24.953125,30,COBYLA,3,N0,48,49,12544,108,71,1.412897151999914,"(2.5368529664763133, 0.6227483848457381, 0.5735913819415909, 1.3157535308518842, 0.054988573119190406, 0.2849435194921488)",G0083_C09_N0_S1001,G0083,random_regular,18,36,10082,C09,256,30,1001,1.0,0.8317708333333333,1.0,success,
22.125,30,COBYLA,3,N0,57,58,29696,108,71,2.238402756999676,"(2.3915275941750176, 2.2668534411277457, 1.403135464474931, 1.028976257982232, 1.5218549002455266, 0.012339430567500137)",G0083_C10_N0_S1000,G0083,random_regular,18,36,10082,C10,512,30,1000,1.0,0.7375,1.0,success,
24.8125,30,COBYLA,3,N0,49,50,25600,108,71,1.630335366000054,"(2.5656332583023014, 0.623763523841123, 0.5728761697509701, 1.319257916190495, 0.04718348599969062, 0.26413242748386306)",G0083_C10_N0_S1001,G0083,random_regular,18,36,10082,C10,512,30,1001,1.0,0.8270833333333333,1.0,success,
23.109375,30,SPSA,3,N0,79,80,20480,108,71,2.067119554000328,"(3.503540774072994, 2.2247474622488186, 2.15132681305684, 0.23004782033283694, -0.5883434937176519, -0.3420331472512507)",G0083_C11_N0_S1000,G0083,random_regular,18,36,10082,C11,256,30,1000,1.0,0.7703125,1.0,success,
23.5703125,30,SPSA,3,N0,79,80,20480,108,71,3.2522741860002498,"(2.7038121838963005, 1.108173964995196, -0.23403534917121432, 0.11485215952411172, -0.42442597628585, -0.7429776733037596)",G0083_C11_N0_S1001,G0083,random_regular,18,36,10082,C11,256,30,1001,1.0,0.7856770833333333,1.0,success,
20.203125,30,SPSA,3,N0,79,80,40960,108,71,2.4627444339998874,"(1.7681544037606223, 1.580375013546138, 1.349334491084294, 0.1890883219261294, 0.5139226382645885, 0.4302518866871363)",G0083_C12_N0_S1000,G0083,random_regular,18,36,10082,C12,512,30,1000,1.0,0.6734375,1.0,success,
24.203125,30,SPSA,3,N0,79,80,40960,108,71,2.5605530349998844,"(2.8091779607796923, 0.2761061595687085, 0.9727602576114991, -0.29932500423921854, 0.20700520789154753, 0.34170923008746334)",G0083_C12_N0_S1001,G0083,random_regular,18,36,10082,C12,512,30,1001,1.0,0.8067708333333333,1.0,success,
23.28125,30,COBYLA,1,N0,31,32,8192,36,18,0.595961682000052,"(2.612053754755822, 1.111341836304446)",G0084_C01_N0_S1000,G0084,random_regular,18,36,10083,C01,256,30,1000,1.0,0.7760416666666666,1.0,success,
17.796875,26,COBYLA,1,N0,29,30,7680,36,18,0.5332970650001698,"(1.9245237272217217, 0.02466223718113823)",G0084_C01_N0_S1001,G0084,random_regular,18,36,10083,C01,256,30,1001,1.0,0.5932291666666667,0.8666666666666667,success,
23.6015625,30,COBYLA,1,N0,32,33,16896,36,18,0.8042976299998372,"(2.6556423206154163, 1.1562663879356367)",G0084_C02_N0_S1000,G0084,random_regular,18,36,10083,C02,512,30,1000,1.0,0.78671875,1.0,success,
17.9375,26,COBYLA,1,N0,24,25,12800,36,18,0.5885658130000593,"(1.9245237272217217, 0.02466223718113823)",G0084_C02_N0_S1001,G0084,random_regular,18,36,10083,C02,512,30,1001,1.0,0.5979166666666667,0.8666666666666667,success,
18.0078125,26,SPSA,1,N0,79,80,20480,36,18,1.375202676000299,"(1.5379816041089498, 1.0485125552425885)",G0084_C03_N0_S1000,G0084,random_regular,18,36,10083,C03,256,30,1000,1.0,0.6002604166666666,0.8666666666666667,success,
23.1796875,30,SPSA,1,N0,79,80,20480,36,18,1.3757358539996858,"(2.5427236432059486, -0.3235968222034472)",G0084_C03_N0_S1001,G0084,random_regular,18,36,10083,C03,256,30,1001,1.0,0.77265625,1.0,success,
23.1015625,30,SPSA,1,N0,79,80,40960,36,18,1.836427271000048,"(2.7690447515648406, 1.2312864292013646)",G0084_C04_N0_S1000,G0084,random_regular,18,36,10083,C04,512,30,1000,1.0,0.7700520833333333,1.0,success,
23.13671875,30,SPSA,1,N0,79,80,40960,36,18,1.8160838339999827,"(2.6629121709080357, -0.4440746624927019)",G0084_C04_N0_S1001,G0084,random_regular,18,36,10083,C04,512,30,1001,1.0,0.7712239583333333,1.0,success,
22.828125,30,COBYLA,2,N0,46,47,12032,72,31,1.9730611879999744,"(1.4938935294529971, 2.3520478405469585, 1.460246242166473, 0.3838741103841784)",G0084_C05_N0_S1000,G0084,random_regular,18,36,10083,C05,256,30,1000,1.0,0.7609375,1.0,success,
23.703125,30,COBYLA,2,N0,47,48,12288,72,31,1.10715885899981,"(1.9061284350552115, 0.7660276022394085, 0.17239178887675904, 1.0625318467998177)",G0084_C05_N0_S1001,G0084,random_regular,18,36,10083,C05,256,30,1001,1.0,0.7901041666666667,1.0,success,
23.421875,30,COBYLA,2,N0,41,42,21504,72,31,1.4307720359997802,"(1.4239043933925288, 2.2236437117183914, 1.5834136091426587, 0.3404936658282629)",G0084_C06_N0_S1000,G0084,random_regular,18,36,10083,C06,512,30,1000,1.0,0.7807291666666667,1.0,success,
23.87109375,30,COBYLA,2,N0,40,41,20992,72,31,1.1762005730001874,"(1.9057718822340473, 0.6681822733511189, 0.11557127440388226, 1.064653993342)",G0084_C06_N0_S1001,G0084,random_regular,18,36,10083,C06,512,30,1001,1.0,0.795703125,1.0,success,
19.9609375,28,SPSA,2,N0,79,80,20480,72,31,1.7131846810002571,"(2.0140620686773762, 2.0844235675652127, 1.3457955110550892, 0.3703926483717852)",G0084_C07_N0_S1000,G0084,random_regular,18,36,10083,C07,256,30,1000,1.0,0.6653645833333334,0.9333333333333332,success,
21.578125,30,SPSA,2,N0,79,80,20480,72,31,2.1922216650000337,"(2.004204156206023, 0.3154822006339439, 0.37450252692812436, 1.0814128359033686)",G0084_C07_N0_S1001,G0084,random_regular,18,36,10083,C07,256,30,1001,1.0,0.7192708333333333,1.0,success,
17.98046875,28,SPSA,2,N0,79,80,40960,72,31,2.1234198209999704,"(1.708227181827871, 1.785060014813515, 0.676776053851672, 0.31856112744452636)",G0084_C08_N0_S1000,G0084,random_regular,18,36,10083,C08,512,30,1000,1.0,0.5993489583333333,0.9333333333333332,success,
21.69921875,30,SPSA,2,N0,79,80,40960,72,31,2.834535118999611,"(0.7548273421700343, 1.4073218882477156, -2.9042798115765818, 0.005131561418024313)",G0084_C08_N0_S1001,G0084,random_regular,18,36,10083,C08,512,30,1001,1.0,0.7233072916666666,1.0,success,
17.796875,26,COBYLA,3,N0,51,52,13312,108,44,1.4392689969999992,"(2.13798160410895, 1.8970251104851767, 1.4795072907359663, 0.3192611215778017, 0.8305727352036273, 0.30007908703546404)",G0084_C09_N0_S1000,G0084,random_regular,18,36,10083,C09,256,30,1000,1.0,0.5932291666666667,0.8666666666666667,success,
25.171875,30,COBYLA,3,N0,55,56,14336,108,44,1.5538548330000594,"(2.577760402305427, 0.5878527298627879, 0.5792346347036048, 1.376680916797816, 0.1361040976622475, 0.2782006472927685)",G0084_C09_N0_S1001,G0084,random_regular,18,36,10083,C09,256,30,1001,1.0,0.8390625,1.0,success,
17.6796875,26,COBYLA,3,N0,50,51,26112,108,44,1.6219562719998066,"(2.19885253013123, 1.8970251104851767, 1.9795072907359663, 0.3192611215778017, 0.8163959808081362, 0.30007908703546404)",G0084_C10_N0_S1000,G0084,random_regular,18,36,10083,C10,512,30,1000,1.0,0.5893229166666667,0.8666666666666667,success,
25.12109375,30,COBYLA,3,N0,49,50,25600,108,44,1.541045350999866,"(2.601377338905257, 0.6131013886164763, 0.5378274335677558, 1.3399176102042731, 0.10810912147739346, 0.2914523968404876)",G0084_C10_N0_S1001,G0084,random_regular,18,36,10083,C10,512,30,1001,1.0,0.8373697916666667,1.0,success,
21.859375,30,SPSA,3,N0,79,80,20480,108,44,2.411542439999721,"(1.9265781698981066, 1.6271807356116923, 1.7108942481093237, 0.030664555788644923, 0.560728360330143, 0.06869212966210674)",G0084_C11_N0_S1000,G0084,random_regular,18,36,10083,C11,256,30,1000,1.0,0.7286458333333333,1.0,success,
24.1171875,30,SPSA,3,N0,79,80,20480,108,44,2.004663602999699,"(2.721645399009347, 1.145576452485326, -0.2105703213362936, 0.077449672033982, -0.3813916760738455, -0.7803801607938895)",G0084_C11_N0_S1001,G0084,random_regular,18,36,10083,C11,256,30,1001,1.0,0.80390625,1.0,success,
22.796875,30,SPSA,3,N0,79,80,40960,108,44,3.2267537279999488,"(2.574487536388356, 1.3418157769340218, 1.8204488912232437, -0.8179337722189117, -0.03395048676416326, 0.2859176549239325)",G0084_C12_N0_S1000,G0084,random_regular,18,36,10083,C12,512,30,1000,1.0,0.7598958333333333,1.0,success,
23.671875,30,SPSA,3,N0,79,80,40960,108,44,2.465322016999835,"(2.707065765231671, 1.1058363256513992, -0.20403065740693999, 0.11718979886790855, -0.40001250520074255, -0.7406400339599628)",G0084_C12_N0_S1001,G0084,random_regular,18,36,10083,C12,512,30,1001,1.0,0.7890625,1.0,success,
23.1640625,28,COBYLA,1,N0,26,27,6912,36,22,0.4925957280001967,"(2.7211741126293116, 1.2232669602275656)",G0085_C01_N0_S1000,G0085,random_regular,18,36,10084,C01,256,28,1000,1.0,0.8272879464285714,1.0,success,
18.140625,26,COBYLA,1,N0,24,25,6400,36,22,0.4439537660000496,"(1.926679160264665, -0.0784573549599709)",G0085_C01_N0_S1001,G0085,random_regular,18,36,10084,C01,256,28,1001,1.0,0.6478794642857143,0.9285714285714286,success,
23.15625,28,COBYLA,1,N0,38,39,19968,36,22,0.9479738350000844,"(2.6182117377191587, 1.1390070178081892)",G0085_C02_N0_S1000,G0085,random_regular,18,36,10084,C02,512,28,1000,1.0,0.8270089285714286,1.0,success,
18.09375,28,COBYLA,1,N0,26,27,13824,36,22,0.8426750989997345,"(1.8764437136566048, -0.6225805802443578)",G0085_C02_N0_S1001,G0085,random_regular,18,36,10084,C02,512,28,1001,1.0,0.6462053571428571,1.0,success,
22.890625,28,SPSA,1,N0,79,80,20480,36,22,1.3540558549998425,"(2.732926777253385, 1.2062796585679414)",G0085_C03_N0_S1000,G0085,random_regular,18,36,10084,C03,256,28,1000,1.0,0.8175223214285714,1.0,success,
23.078125,28,SPSA,1,N0,79,80,20480,36,22,2.292954691000432,"(2.6092241182863316, -0.4159664685112224)",G0085_C03_N0_S1001,G0085,random_regular,18,36,10084,C03,256,28,1001,1.0,0.82421875,1.0,success,
22.98046875,28,SPSA,1,N0,79,80,40960,36,22,1.8134452350000172,"(2.742825637989069, 1.1975119478631684)",G0085_C04_N0_S1000,G0085,random_regular,18,36,10084,C04,512,28,1000,1.0,0.8207310267857143,1.0,success,
22.72265625,28,SPSA,1,N0,79,80,40960,36,22,1.8145926879997205,"(2.6070240061382, -0.296260981516711)",G0085_C04_N0_S1001,G0085,random_regular,18,36,10084,C04,512,28,1001,1.0,0.8115234375,1.0,success,
23.0859375,28,COBYLA,2,N0,47,48,12288,72,36,1.1331614430000627,"(1.6287281153525934, 2.032495464398614, 1.6227988914480407, 0.337964341331137)",G0085_C05_N0_S1000,G0085,random_regular,18,36,10084,C05,256,28,1000,1.0,0.8244977678571429,1.0,success,
23.578125,28,COBYLA,2,N0,46,47,12032,72,36,1.103019194999888,"(1.9541063147326405, 0.649746574528053, 0.07971139360143042, 1.1049518267990635)",G0085_C05_N0_S1001,G0085,random_regular,18,36,10084,C05,256,28,1001,1.0,0.8420758928571429,1.0,success,
23.1015625,28,COBYLA,2,N0,43,44,22528,72,36,1.2600715250000576,"(1.6344905802251424, 1.989860431035849, 1.5801978558094463, 0.39819761835222645)",G0085_C06_N0_S1000,G0085,random_regular,18,36,10084,C06,512,28,1000,1.0,0.8250558035714286,1.0,success,
22.94140625,28,COBYLA,2,N0,39,40,20480,72,36,1.123608034999961,"(1.8206681946357075, 0.7670085110420141, 0.1751499319961389, 1.0522360249218818)",G0085_C06_N0_S1001,G0085,random_regular,18,36,10084,C06,512,28,1001,1.0,0.8193359375,1.0,success,
21.71875,28,SPSA,2,N0,79,80,20480,72,36,1.68970221499967,"(1.431052110945069, 2.1576498202282215, 0.16188454262804092, 0.3957439509104284)",G0085_C07_N0_S1000,G0085,random_regular,18,36,10084,C07,256,28,1000,1.0,0.7756696428571429,1.0,success,
21.0078125,28,SPSA,2,N0,79,80,20480,72,36,1.709918769000069,"(0.7510028176799904, 1.0513596545861463, -0.959206897948354, 0.15635743951902592)",G0085_C07_N0_S1001,G0085,random_regular,18,36,10084,C07,256,28,1001,1.0,0.7502790178571429,1.0,success,
21.43359375,28,SPSA,2,N0,79,80,40960,72,36,3.2137035920000017,"(1.6996080840168795, 2.2562206157854843, 1.4212224578218982, 0.29076217482882516)",G0085_C08_N0_S1000,G0085,random_regular,18,36,10084,C08,512,28,1000,1.0,0.7654854910714286,1.0,success,
22.10546875,28,SPSA,2,N0,79,80,40960,72,36,2.162650981999832,"(0.20954184491915878, 0.10512778437659083, -1.3746955734913926, 0.26927174322425745)",G0085_C08_N0_S1001,G0085,random_regular,18,36,10084,C08,512,28,1001,1.0,0.7894810267857143,1.0,success,
24.0703125,28,COBYLA,3,N0,63,64,16384,108,50,1.8328742790004071,"(2.5760526856245507, 3.193236707288005, 1.321320843005259, 0.8857485945147404, 2.0474079685554463, 0.19917037842741955)",G0085_C09_N0_S1000,G0085,random_regular,18,36,10084,C09,256,28,1000,1.0,0.8596540178571429,1.0,success,
24.546875,28,COBYLA,3,N0,51,52,13312,108,50,1.6795908589997453,"(2.5929836989912878, 0.675349147570697, 0.5696015902668672, 1.3157837425562737, 0.05088695222521509, 0.2586632187821185)",G0085_C09_N0_S1001,G0085,random_regular,18,36,10084,C09,256,28,1001,1.0,0.8766741071428571,1.0,success,
22.9921875,28,COBYLA,3,N0,64,65,33280,108,50,2.1507054989997414,"(2.520746772555749, 3.081475829906831, 0.8003421539204011, 1.3111377322230318, 1.4550189673634175, -0.01848947464326141)",G0085_C10_N0_S1000,G0085,random_regular,18,36,10084,C10,512,28,1000,1.0,0.8211495535714286,1.0,success,
24.66796875,28,COBYLA,3,N0,53,54,27648,108,50,2.522109922999789,"(2.580151891470902, 0.6371351992295295, 0.5624792742194336, 1.3439285236619996, 0.08919721647724418, 0.2539750703383198)",G0085_C10_N0_S1001,G0085,random_regular,18,36,10084,C10,512,28,1001,1.0,0.8809988839285714,1.0,success,
22.0078125,28,SPSA,3,N0,79,80,20480,108,50,2.032892135000111,"(1.1142700597791824, 2.5869673349169604, 1.333599427939057, -0.13213456474690546, 0.20283495995828113, -0.22377736221047748)",G0085_C11_N0_S1000,G0085,random_regular,18,36,10084,C11,256,28,1000,1.0,0.7859933035714286,1.0,success,
21.9765625,28,SPSA,3,N0,79,80,20480,108,50,2.0435112740001387,"(3.5833227955765685, 2.094294999507379, -1.2950350617011188, 0.292042366509162, -1.640857856895913, -1.732734170090791)",G0085_C11_N0_S1001,G0085,random_regular,18,36,10084,C11,256,28,1001,1.0,0.7848772321428571,1.0,success,
20.15625,28,SPSA,3,N0,79,80,40960,108,50,2.47113031400022,"(1.7063363084831413, 1.6769163157635048, 1.6610009905376735, 0.2449564753076272, 0.4435714792701059, -0.054257015874075956)",G0085_C12_N0_S1000,G0085,random_regular,18,36,10084,C12,512,28,1000,1.0,0.7198660714285714,1.0,success,
24.14453125,28,SPSA,3,N0,79,80,40960,108,50,2.4463995729997805,"(2.921901513060117, 1.248414259042835, -0.4445885022879775, -0.021295444565235883, -0.16794917944626417, 0.48471514228047985)",G0085_C12_N0_S1001,G0085,random_regular,18,36,10084,C12,512,28,1001,1.0,0.8623046875,1.0,success,
23.09375,30,COBYLA,1,N0,29,30,7680,36,21,0.5252562350001426,"(2.6827959344682832, 1.2502887798833393)",G0086_C01_N0_S1000,G0086,random_regular,18,36,10085,C01,256,30,1000,1.0,0.7697916666666667,1.0,success,
23.046875,30,COBYLA,1,N0,36,37,9472,36,21,0.6356351370000084,"(2.602879852743334, -0.3182564653418938)",G0086_C01_N0_S1001,G0086,random_regular,18,36,10085,C01,256,30,1001,1.0,0.7682291666666666,1.0,success,
22.87890625,30,COBYLA,1,N0,36,37,18944,36,21,0.8550226990000738,"(2.496743910579366, 1.20304832600598)",G0086_C02_N0_S1000,G0086,random_regular,18,36,10085,C02,512,30,1000,1.0,0.7626302083333333,1.0,success,
18.83984375,28,COBYLA,1,N0,29,30,15360,36,21,0.687548875000175,"(1.96898983816656, -0.5037370463843606)",G0086_C02_N0_S1001,G0086,random_regular,18,36,10085,C02,512,30,1001,1.0,0.6279947916666667,0.9333333333333332,success,
23.2578125,30,SPSA,1,N0,79,80,20480,36,21,1.4129474780002056,"(2.690800753196573, 1.1856645124264806)",G0086_C03_N0_S1000,G0086,random_regular,18,36,10085,C03,256,30,1000,1.0,0.7752604166666667,1.0,success,
22.953125,30,SPSA,1,N0,79,80,20480,36,21,1.271677155999896,"(2.5013677067421867, -0.33708369675291205)",G0086_C03_N0_S1001,G0086,random_regular,18,36,10085,C03,256,30,1001,1.0,0.7651041666666667,1.0,success,
23.2265625,30,SPSA,1,N0,79,80,40960,36,21,2.6528407060000063,"(2.598353603433969, 1.1830630289769595)",G0086_C04_N0_S1000,G0086,random_regular,18,36,10085,C04,512,30,1000,1.0,0.77421875,1.0,success,
22.4296875,30,SPSA,1,N0,79,80,40960,36,21,1.727742982000109,"(2.497076664662941, -0.4310365774689352)",G0086_C04_N0_S1001,G0086,random_regular,18,36,10085,C04,512,30,1001,1.0,0.74765625,1.0,success,
22.328125,30,COBYLA,2,N0,46,47,12032,72,40,1.06728129899966,"(1.4248750104474446, 2.4350615387663903, 1.4908195413043897, 0.34437905319470075)",G0086_C05_N0_S1000,G0086,random_regular,18,36,10085,C05,256,30,1000,1.0,0.7442708333333333,1.0,success,
22.1328125,30,COBYLA,2,N0,47,48,12288,72,40,1.2267336539998723,"(1.6415729575932478, 0.8257909947406756, 0.08709975458440683, 1.0762944834467598)",G0086_C05_N0_S1001,G0086,random_regular,18,36,10085,C05,256,30,1001,1.0,0.7377604166666667,1.0,success,
22.95703125,30,COBYLA,2,N0,51,52,26624,72,40,1.4528831039997383,"(1.2180161288422149, 2.413062133309852, 1.5599910350170296, 0.294784607475162)",G0086_C06_N0_S1000,G0086,random_regular,18,36,10085,C06,512,30,1000,1.0,0.765234375,1.0,success,
23.3515625,30,COBYLA,2,N0,50,51,26112,72,40,2.345526318999873,"(1.8539072580527165, 0.8288145168043881, 0.09626780292947379, 1.171242850569733)",G0086_C06_N0_S1001,G0086,random_regular,18,36,10085,C06,512,30,1001,1.0,0.7783854166666667,1.0,success,
21.421875,30,SPSA,2,N0,79,80,20480,72,40,1.7057560820003346,"(1.6909837307842688, 2.147326804104599, 1.3896577112851116, 0.49281184995165017)",G0086_C07_N0_S1000,G0086,random_regular,18,36,10085,C07,256,30,1000,1.0,0.7140625,1.0,success,
21.6484375,30,SPSA,2,N0,79,80,20480,72,40,1.6902262000003248,"(2.01388762455319, 0.325165668981111, 0.3841859952752915, 1.0717293675562014)",G0086_C07_N0_S1001,G0086,random_regular,18,36,10085,C07,256,30,1001,1.0,0.7216145833333333,1.0,success,
18.0625,26,SPSA,2,N0,79,80,40960,72,40,2.130880938000246,"(1.4743469566647254, 1.677608692921551, 0.7042509990553326, 0.3606837601836999)",G0086_C08_N0_S1000,G0086,random_regular,18,36,10085,C08,512,30,1000,1.0,0.6020833333333333,0.8666666666666667,success,
20.78125,28,SPSA,2,N0,79,80,40960,72,40,2.136388602999886,"(1.0199406987647892, 1.2450366702517035, -1.510596069769909, -0.47549167835215456)",G0086_C08_N0_S1001,G0086,random_regular,18,36,10085,C08,512,30,1001,1.0,0.6927083333333334,0.9333333333333332,success,
19.9921875,28,COBYLA,3,N0,59,60,15360,108,59,1.621316240999931,"(2.3991363693658845, 3.051268125568121, 0.998154993208925, 1.2653374528240466, 1.1741924548260025, 1.125527688371443)",G0086_C09_N0_S1000,G0086,random_regular,18,36,10085,C09,256,30,1000,1.0,0.66640625,0.9333333333333332,success,
24.5703125,30,COBYLA,3,N0,48,49,12544,108,59,1.319736075000037,"(2.54948607936404, 0.6213848726340397, 0.5935245001501208, 1.3444971358223248, 0.05549135663727566, 0.2507051306076095)",G0086_C09_N0_S1001,G0086,random_regular,18,36,10085,C09,256,30,1001,1.0,0.8190104166666666,1.0,success,
18.8125,28,COBYLA,3,N0,61,62,31744,108,59,2.871104789000128,"(2.1706274836223343, 2.831577464716, 1.3770191455761163, 0.9599668543638143, 1.3860241650715217, 0.9933852019115126)",G0086_C10_N0_S1000,G0086,random_regular,18,36,10085,C10,512,30,1000,1.0,0.6270833333333333,0.9333333333333332,success,
24.40234375,30,COBYLA,3,N0,52,53,27136,108,59,1.6346419410001545,"(2.5865396257440434, 0.631600631602499, 0.6092155268163352, 1.3763538359863834, 0.10815829722080457, 0.22724230798151612)",G0086_C10_N0_S1001,G0086,random_regular,18,36,10085,C10,512,30,1001,1.0,0.8134114583333333,1.0,success,
20.734375,28,SPSA,3,N0,79,80,20480,108,59,2.1183797539997613,"(0.8449204935111145, 1.3067420199118336, 1.588509628553181, 0.29396535586616845, 0.15447299606663878, 0.09385289747009354)",G0086_C11_N0_S1000,G0086,random_regular,18,36,10085,C11,256,30,1000,1.0,0.6911458333333333,0.9333333333333332,success,
20.0625,30,SPSA,3,N0,79,80,20480,108,59,2.0001953900000444,"(3.611588547591689, 0.9052602131397418, 1.4269434509698178, 1.9987091221718505, 0.3939148561703808, -0.46200393680176943)",G0086_C11_N0_S1001,G0086,random_regular,18,36,10085,C11,256,30,1001,1.0,0.66875,1.0,success,
21.44921875,30,SPSA,3,N0,79,80,40960,108,59,2.3875224440002967,"(0.7642024123523028, 0.8969295337562835, 1.979623598809894, 0.7976062810783164, 0.34587035205588446, -0.20421035738611468)",G0086_C12_N0_S1000,G0086,random_regular,18,36,10085,C12,512,30,1000,1.0,0.7149739583333333,1.0,success,
23.59765625,30,SPSA,3,N0,79,80,40960,108,59,3.503378239000085,"(2.680959750661526, 1.1482227644010483, -0.21183328063099205, 0.07480336011825962, -0.339322675105001, -0.7830264727096118)",G0086_C12_N0_S1001,G0086,random_regular,18,36,10085,C12,512,30,1001,1.0,0.7865885416666667,1.0,success,
21.7421875,30,COBYLA,1,N0,26,27,6912,36,18,0.466923559999941,"(2.326499170535538, 1.2029847806858043)",G0087_C01_N0_S1000,G0087,random_regular,18,36,10086,C01,256,30,1000,1.0,0.7247395833333333,1.0,success,
17.8515625,26,COBYLA,1,N0,24,25,6400,36,18,0.6767895170000884,"(1.8984903311065395, 0.01866713347063754)",G0087_C01_N0_S1001,G0087,random_regular,18,36,10086,C01,256,30,1001,1.0,0.5950520833333334,0.8666666666666667,success,
23.26953125,30,COBYLA,1,N0,36,37,18944,36,18,0.8529019030002019,"(2.629767857563613, 1.2286190192372382)",G0087_C02_N0_S1000,G0087,random_regular,18,36,10086,C02,512,30,1000,1.0,0.7756510416666667,1.0,success,
22.40234375,30,COBYLA,1,N0,28,29,14848,36,18,1.1164846839997151,"(2.4824024209148514, -0.4699513401932625)",G0087_C02_N0_S1001,G0087,random_regular,18,36,10086,C02,512,30,1001,1.0,0.7467447916666666,1.0,success,
22.859375,30,SPSA,1,N0,79,80,20480,36,18,1.2603601519999756,"(2.7690227677853803, 1.1825313223001543)",G0087_C03_N0_S1000,G0087,random_regular,18,36,10086,C03,256,30,1000,1.0,0.7619791666666667,1.0,success,
23.21875,30,SPSA,1,N0,79,80,20480,36,18,1.3381074379999518,"(2.5789072936801545, -0.339763951324653)",G0087_C03_N0_S1001,G0087,random_regular,18,36,10086,C03,256,30,1001,1.0,0.7739583333333333,1.0,success,
18.14453125,26,SPSA,1,N0,79,80,40960,36,18,1.7441465679999055,"(1.6868664353460814, 1.068812773967487)",G0087_C04_N0_S1000,G0087,random_regular,18,36,10086,C04,512,30,1000,1.0,0.6048177083333334,0.8666666666666667,success,
23.078125,30,SPSA,1,N0,79,80,40960,36,18,1.81750866099992,"(2.5622892060091287, -0.41978306015447275)",G0087_C04_N0_S1001,G0087,random_regular,18,36,10086,C04,512,30,1001,1.0,0.7692708333333333,1.0,success,
22.984375,30,COBYLA,2,N0,52,53,13568,72,31,1.2011795739999798,"(1.2537914395367435, 2.381255367731035, 1.5954319496295981, 0.2879969176802884)",G0087_C05_N0_S1000,G0087,random_regular,18,36,10086,C05,256,30,1000,1.0,0.7661458333333333,1.0,success,
23.734375,28,COBYLA,2,N0,47,48,12288,72,31,1.0881524569999783,"(1.8954019379356755, 0.7254373577868688, 0.12098959511237169, 1.1858360554183074)",G0087_C05_N0_S1001,G0087,random_regular,18,36,10086,C05,256,30,1001,1.0,0.7911458333333333,0.9333333333333332,success,
23.125,30,COBYLA,2,N0,42,43,22016,72,31,1.1984466409999186,"(1.5901472745891994, 2.0494471777185144, 1.6159354189259845, 0.32135650248457287)",G0087_C06_N0_S1000,G0087,random_regular,18,36,10086,C06,512,30,1000,1.0,0.7708333333333334,1.0,success,
23.46875,30,COBYLA,2,N0,41,42,21504,72,31,1.1826554819999728,"(1.87564595006615, 0.732854922302366, 0.07191107265136544, 1.1497849253266217)",G0087_C06_N0_S1001,G0087,random_regular,18,36,10086,C06,512,30,1001,1.0,0.7822916666666667,1.0,success,
18.796875,30,SPSA,2,N0,79,80,20480,72,31,2.758117471999867,"(1.767884142877182, 1.9521966284378456, 0.30987754776289644, 0.544352698723022)",G0087_C07_N0_S1000,G0087,random_regular,18,36,10086,C07,256,30,1000,1.0,0.6265625,1.0,success,
23.5078125,28,SPSA,2,N0,79,80,20480,72,31,1.6517772009997316,"(0.502597995948261, 1.2547192230672881, -1.2399264661693394, 0.08955022872418887)",G0087_C07_N0_S1001,G0087,random_regular,18,36,10086,C07,256,30,1001,1.0,0.78359375,0.9333333333333332,success,
18.6015625,26,SPSA,2,N0,79,80,40960,72,31,2.154183772000124,"(1.566807324209011, 2.16622246183231, 1.0230783830845729, 0.3661937328968933)",G0087_C08_N0_S1000,G0087,random_regular,18,36,10086,C08,512,30,1000,1.0,0.6200520833333333,0.8666666666666667,success,
21.05859375,28,SPSA,2,N0,79,80,40960,72,31,2.1384966579998945,"(1.9910623063062958, 0.30234035073421706, 0.3613606770283976, 1.0945546858030952)",G0087_C08_N0_S1001,G0087,random_regular,18,36,10086,C08,512,30,1001,1.0,0.701953125,0.9333333333333332,success,
17.7109375,26,COBYLA,3,N0,52,53,13568,108,44,1.4920550159999948,"(2.0716935756995802, 2.393474881727826, 1.4579690713660047, 0.2782362831263069, 0.7522157277421244, 0.31751308349269347)",G0087_C09_N0_S1000,G0087,random_regular,18,36,10086,C09,256,30,1000,1.0,0.5903645833333333,0.8666666666666667,success,
24.828125,30,COBYLA,3,N0,54,55,14080,108,44,2.2131136079997304,"(2.5881437980174287, 0.6547718068316478, 0.5243888607569716, 1.403531157791231, 0.12832077900402059, 0.26897789904787267)",G0087_C09_N0_S1001,G0087,random_regular,18,36,10086,C09,256,30,1001,1.0,0.8276041666666667,1.0,success,
17.859375,26,COBYLA,3,N0,51,52,26624,108,44,1.680009577000419,"(2.13798160410895, 2.3970251104851767, 1.4795072907359663, 0.3192611215778017, 0.8305727352036273, 0.30007908703546404)",G0087_C10_N0_S1000,G0087,random_regular,18,36,10086,C10,512,30,1000,1.0,0.5953125,0.8666666666666667,success,
24.48828125,30,COBYLA,3,N0,49,50,25600,108,44,1.850278655999773,"(2.5471997546589895, 0.6275519979614935, 0.5881747524690747, 1.3218640272057272, 0.11717171697301439, 0.23804885271382273)",G0087_C10_N0_S1001,G0087,random_regular,18,36,10086,C10,512,30,1001,1.0,0.8162760416666667,1.0,success,
23.6015625,30,SPSA,3,N0,79,80,20480,108,44,2.008371182999781,"(0.6352852443399386, 0.8196514232244037, 1.4266488603727843, 0.48929342537460446, 0.2221838488249297, 0.11266366046454741)",G0087_C11_N0_S1000,G0087,random_regular,18,36,10086,C11,256,30,1000,1.0,0.78671875,1.0,success,
22.6328125,30,SPSA,3,N0,79,80,20480,108,44,2.017781980000109,"(2.217941464478557, 1.4498343056968608, -0.02592632473591902, 0.05930774416610049, -0.4035904688838673, -0.6959535339651328)",G0087_C11_N0_S1001,G0087,random_regular,18,36,10086,C11,256,30,1001,1.0,0.7544270833333333,1.0,success,
21.95703125,30,SPSA,3,N0,79,80,40960,108,44,2.521688468999855,"(1.9027355515543667, 2.222118279077366, 1.6651775776177244, 0.1643085661144253, 0.2085125796332747, -0.3987170840726719)",G0087_C12_N0_S1000,G0087,random_regular,18,36,10086,C12,512,30,1000,1.0,0.7319010416666667,1.0,success,
22.1796875,28,SPSA,3,N0,79,80,40960,108,44,2.389406839000003,"(2.0566173844553304, 0.48879575084435145, -0.1294948406825604, -1.2319909799563473, 0.07661980591153858, -0.5317181631952209)",G0087_C12_N0_S1001,G0087,random_regular,18,36,10086,C12,512,30,1001,1.0,0.7393229166666667,0.9333333333333332,success,
19.5546875,28,COBYLA,1,N0,27,28,7168,36,17,0.4872737389996473,"(2.217368442706545, 1.4550842764396263)",G0088_C01_N0_S1000,G0088,random_regular,18,36,10087,C01,256,28,1000,1.0,0.6983816964285714,1.0,success,
22.4609375,28,COBYLA,1,N0,46,47,12032,36,17,0.8222819930001606,"(2.5463361940463662, -0.2803305918758178)",G0088_C01_N0_S1001,G0088,random_regular,18,36,10087,C01,256,28,1001,1.0,0.8021763392857143,1.0,success,
22.89453125,28,COBYLA,1,N0,40,41,20992,36,17,1.0032283649998135,"(2.640781184148639, 1.219854150743884)",G0088_C02_N0_S1000,G0088,random_regular,18,36,10087,C02,512,28,1000,1.0,0.8176618303571429,1.0,success,
22.84375,28,COBYLA,1,N0,43,44,22528,36,17,1.0242234959996497,"(2.699902435841613, -0.3118912361285594)",G0088_C02_N0_S1001,G0088,random_regular,18,36,10087,C02,512,28,1001,1.0,0.8158482142857143,1.0,success,
22.625,28,SPSA,1,N0,79,80,20480,36,17,2.077977319000184,"(2.672438788319185, 1.2422954973742475)",G0088_C03_N0_S1000,G0088,random_regular,18,36,10087,C03,256,28,1000,1.0,0.8080357142857143,1.0,success,
21.1796875,28,SPSA,1,N0,79,80,20480,36,17,1.3024214749998464,"(2.315739534825576, -0.22448238852909025)",G0088_C03_N0_S1001,G0088,random_regular,18,36,10087,C03,256,28,1001,1.0,0.7564174107142857,1.0,success,
22.5234375,28,SPSA,1,N0,79,80,40960,36,17,2.1200687579998885,"(2.587365730502141, 1.1995355320663683)",G0088_C04_N0_S1000,G0088,random_regular,18,36,10087,C04,512,28,1000,1.0,0.8044084821428571,1.0,success,
22.4296875,28,SPSA,1,N0,79,80,40960,36,17,1.7825197270003628,"(2.5919542802689275, -0.24644416298328536)",G0088_C04_N0_S1001,G0088,random_regular,18,36,10087,C04,512,28,1001,1.0,0.8010602678571429,1.0,success,
20.140625,26,COBYLA,2,N0,36,37,9472,72,32,0.906598799999756,"(1.6672879932822924, 2.3629084243580816, 1.3056286016908674, 0.34724274536212874)",G0088_C05_N0_S1000,G0088,random_regular,18,36,10087,C05,256,28,1000,1.0,0.7193080357142857,0.9285714285714286,success,
22.4765625,28,COBYLA,2,N0,50,51,13056,72,32,1.8469669709998016,"(1.824321718703945, 0.829218391433962, 0.14659508266069404, 1.0654421936653657)",G0088_C05_N0_S1001,G0088,random_regular,18,36,10087,C05,256,28,1001,1.0,0.802734375,1.0,success,
22.80078125,28,COBYLA,2,N0,43,44,22528,72,32,1.2716482149999138,"(1.6366455055289713, 1.9244184873919679, 1.5817961678871262, 0.3377284199870734)",G0088_C06_N0_S1000,G0088,random_regular,18,36,10087,C06,512,28,1000,1.0,0.8143136160714286,1.0,success,
23.47265625,28,COBYLA,2,N0,48,49,25088,72,32,1.835781935999876,"(2.003119143651884, 0.6104189539068998, 0.073488778862589, 1.1438547307772853)",G0088_C06_N0_S1001,G0088,random_regular,18,36,10087,C06,512,28,1001,1.0,0.8383091517857143,1.0,success,
20.0625,28,SPSA,2,N0,79,80,20480,72,32,1.6742158629999722,"(2.151451289522577, 2.698695242988989, -0.36539457745440884, 0.17440413584120118)",G0088_C07_N0_S1000,G0088,random_regular,18,36,10087,C07,256,28,1000,1.0,0.7165178571428571,1.0,success,
22.3671875,28,SPSA,2,N0,79,80,20480,72,32,1.7333305800002563,"(0.2933433079532503, 0.6988315007713136, -2.4275272537886954, 0.5036264219894103)",G0088_C07_N0_S1001,G0088,random_regular,18,36,10087,C07,256,28,1001,1.0,0.798828125,1.0,success,
17.88671875,26,SPSA,2,N0,79,80,40960,72,32,2.139394261999769,"(1.5383615290601698, 1.777130475568432, 0.6351699185080967, 0.5872753489486796)",G0088_C08_N0_S1000,G0088,random_regular,18,36,10087,C08,512,28,1000,1.0,0.6388113839285714,0.9285714285714286,success,
23.46484375,28,SPSA,2,N0,79,80,40960,72,32,2.134578529000009,"(0.2826628968406532, 0.65187429638853, -0.9929194471168934, 0.4543359471169322)",G0088_C08_N0_S1001,G0088,random_regular,18,36,10087,C08,512,28,1001,1.0,0.8380301339285714,1.0,success,
17.4921875,26,COBYLA,3,N0,50,51,13056,108,47,1.392776288999812,"(2.137319222207568, 2.396101151293033, 1.4873145824571632, 0.2958546122706723, 0.8327722253001519, 0.29906457184377117)",G0088_C09_N0_S1000,G0088,random_regular,18,36,10087,C09,256,28,1000,1.0,0.6247209821428571,0.9285714285714286,success,
24.2578125,28,COBYLA,3,N0,52,53,13568,108,47,1.4389701289996992,"(2.6135254065748925, 0.6632240256152107, 0.5961637205209249, 1.3347861821324702, 0.1302913072971716, 0.24479891923528083)",G0088_C09_N0_S1001,G0088,random_regular,18,36,10087,C09,256,28,1001,1.0,0.8663504464285714,1.0,success,
17.51953125,26,COBYLA,3,N0,53,54,27648,108,47,2.3582705190001434,"(2.236172690438236, 2.3295029603836634, 1.428658860024226, 0.3080452633452149, 0.7587376952531746, 0.28123372394581025)",G0088_C10_N0_S1000,G0088,random_regular,18,36,10087,C10,512,28,1000,1.0,0.6256975446428571,0.9285714285714286,success,
23.40234375,28,COBYLA,3,N0,52,53,27136,108,47,1.660037887999806,"(2.5089953109920557, 0.6052649909909517, 0.5855384698965516, 1.3055895139160851, 0.08373321800932627, 0.26804010953289836)",G0088_C10_N0_S1001,G0088,random_regular,18,36,10087,C10,512,28,1001,1.0,0.8357979910714286,1.0,success,
22.5234375,28,SPSA,3,N0,79,80,20480,108,47,2.3993665530001635,"(0.38135004697254865, 0.6894445707006076, 1.4143674102976842, 0.11305712195809378, -0.0734052132123511, -0.28902572481438527)",G0088_C11_N0_S1000,G0088,random_regular,18,36,10087,C11,256,28,1000,1.0,0.8044084821428571,1.0,success,
21.6640625,28,SPSA,3,N0,79,80,20480,108,47,2.1279292250001163,"(2.7532728009947838, 1.0883350648028582, -0.20125306945762225, 0.1526773316291818, -0.5398110445701787, -0.7231387731114215)",G0088_C11_N0_S1001,G0088,random_regular,18,36,10087,C11,256,28,1001,1.0,0.7737165178571429,1.0,success,
23.15234375,28,SPSA,3,N0,79,80,40960,108,47,2.4276564130000224,"(0.4088338728609373, -0.030992600651987487, 2.261696279652512, 0.9764673591288975, -0.5561453258902523, -0.009573257589671216)",G0088_C12_N0_S1000,G0088,random_regular,18,36,10087,C12,512,28,1000,1.0,0.8268694196428571,1.0,success,
20.5234375,28,SPSA,3,N0,79,80,40960,108,47,3.4402105750000374,"(2.6275161231202193, 1.3025140456022442, -0.28035669932870794, 0.20310297436251773, -0.37010535421834095, -0.9373177539108078)",G0088_C12_N0_S1001,G0088,random_regular,18,36,10087,C12,512,28,1001,1.0,0.7329799107142857,1.0,success,
23.046875,28,COBYLA,1,N0,34,35,8960,36,24,0.6291963389999182,"(2.528077893455665, 1.2400610822013929)",G0089_C01_N0_S1000,G0089,random_regular,18,36,10088,C01,256,30,1000,1.0,0.7682291666666666,0.9333333333333332,success,
23.390625,30,COBYLA,1,N0,30,31,7936,36,24,0.5420235339997816,"(2.602063578565314, -0.34606247672734614)",G0089_C01_N0_S1001,G0089,random_regular,18,36,10088,C01,256,30,1001,1.0,0.7796875,1.0,success,
23.28125,30,COBYLA,1,N0,39,40,20480,36,24,0.9369819639996422,"(2.606792970592744, 1.232699579654004)",G0089_C02_N0_S1000,G0089,random_regular,18,36,10088,C02,512,30,1000,1.0,0.7760416666666666,1.0,success,
17.80078125,26,COBYLA,1,N0,28,29,14848,36,24,0.6912135409993425,"(1.9069812383690323, -0.03079773214993201)",G0089_C02_N0_S1001,G0089,random_regular,18,36,10088,C02,512,30,1001,1.0,0.593359375,0.8666666666666667,success,
23.046875,30,SPSA,1,N0,79,80,20480,36,24,1.323844156999712,"(2.621009416552656, 1.2842744617157946)",G0089_C03_N0_S1000,G0089,random_regular,18,36,10088,C03,256,30,1000,1.0,0.7682291666666666,1.0,success,
23.484375,30,SPSA,1,N0,79,80,20480,36,24,1.322548349000499,"(2.6575223960193735, -0.41796415906462386)",G0089_C03_N0_S1001,G0089,random_regular,18,36,10088,C03,256,30,1001,1.0,0.7828125,1.0,success,
23.19140625,30,SPSA,1,N0,79,80,40960,36,24,1.7812262789998383,"(2.706793039296589, 1.2190214603954108)",G0089_C04_N0_S1000,G0089,random_regular,18,36,10088,C04,512,30,1000,1.0,0.773046875,1.0,success,
22.8203125,30,SPSA,1,N0,79,80,40960,36,24,1.8063193689995387,"(2.511643220043004, -0.44661516688961556)",G0089_C04_N0_S1001,G0089,random_regular,18,36,10088,C04,512,30,1001,1.0,0.7606770833333333,1.0,success,
19.21875,26,COBYLA,2,N0,35,36,9216,72,42,0.8329314729999169,"(1.6361640924310812, 2.459584617729289, 1.2402523945077608, 0.31975368717765273)",G0089_C05_N0_S1000,G0089,random_regular,18,36,10088,C05,256,30,1000,1.0,0.640625,0.8666666666666667,success,
23.78125,30,COBYLA,2,N0,45,46,11776,72,42,1.0670796519998476,"(1.9520165720737495, 0.6244301757898914, 0.18274485227783885, 1.0894319117400766)",G0089_C05_N0_S1001,G0089,random_regular,18,36,10088,C05,256,30,1001,1.0,0.7927083333333333,1.0,success,
23.0,30,COBYLA,2,N0,39,40,20480,72,42,1.356059820000155,"(1.649357604763141, 2.0349416019052025, 1.632703094886449, 0.44209667670561903)",G0089_C06_N0_S1000,G0089,random_regular,18,36,10088,C06,512,30,1000,1.0,0.7666666666666667,1.0,success,
23.69921875,30,COBYLA,2,N0,43,44,22528,72,42,1.2554538510003113,"(1.9137743589559766, 0.7329311216468365, 0.11838034348067922, 1.152565761532847)",G0089_C06_N0_S1001,G0089,random_regular,18,36,10088,C06,512,30,1001,1.0,0.7899739583333333,1.0,success,
22.6484375,30,SPSA,2,N0,79,80,20480,72,42,2.49493477399983,"(1.7649105268291512, 1.8366823955917904, 1.4603106260267549, 0.46015164494117233)",G0089_C07_N0_S1000,G0089,random_regular,18,36,10088,C07,256,30,1000,1.0,0.7549479166666667,1.0,success,
21.2421875,28,SPSA,2,N0,79,80,20480,72,42,1.688605018000089,"(1.9668536354383783, 0.2781316798662993, 0.3371520061604798, 1.1187633566710131)",G0089_C07_N0_S1001,G0089,random_regular,18,36,10088,C07,256,30,1001,1.0,0.7080729166666667,0.9333333333333332,success,
23.05859375,28,SPSA,2,N0,79,80,40960,72,42,2.182402703000207,"(1.405341571747605, 2.325946324655669, 1.513751329358367, 0.4704828898414125)",G0089_C08_N0_S1000,G0089,random_regular,18,36,10088,C08,512,30,1000,1.0,0.7686197916666667,0.9333333333333332,success,
24.57421875,30,SPSA,2,N0,79,80,40960,72,42,3.214950624999801,"(0.45435967833533575, 0.7468416687159564, -2.5539491243143937, 0.20572372141446893)",G0089_C08_N0_S1001,G0089,random_regular,18,36,10088,C08,512,30,1001,1.0,0.819140625,1.0,success,
23.984375,30,COBYLA,3,N0,64,65,16640,108,60,1.7745862459996715,"(2.088680936570381, 3.103770611658907, 0.6074996748271362, 1.181718764642543, 2.1515915599196203, -0.46791223038296675)",G0089_C09_N0_S1000,G0089,random_regular,18,36,10088,C09,256,30,1000,1.0,0.7994791666666666,1.0,success,
24.75,30,COBYLA,3,N0,53,54,13824,108,60,1.4764096569997491,"(2.556861638893237, 0.6415911578807045, 0.5337184091104182, 1.3395188972242826, 0.07718795108078098, 0.2271780232155625)",G0089_C09_N0_S1001,G0089,random_regular,18,36,10088,C09,256,30,1001,1.0,0.825,1.0,success,
25.734375,30,COBYLA,3,N0,72,73,37376,108,60,2.300845013000071,"(2.6581526453590083, 2.3053111985018875, 1.36247169698717, 1.0508187284700201, 1.335904360482025, 0.11228202178145437)",G0089_C10_N0_S1000,G0089,random_regular,18,36,10088,C10,512,30,1000,1.0,0.8578125,1.0,success,
23.84765625,30,COBYLA,3,N0,49,50,25600,108,60,1.5474143930005084,"(2.5486654395501853, 0.5053614515925255, 0.5731642958178961, 1.265171061826282, 0.04991972049058161, 0.22695149321179967)",G0089_C10_N0_S1001,G0089,random_regular,18,36,10088,C10,512,30,1001,1.0,0.794921875,1.0,success,
20.6796875,26,SPSA,3,N0,79,80,20480,108,60,1.979561854000167,"(1.8432752108484893, 1.4757133142003653, 1.3809849384570578, -0.05602665431986438, 0.4092609389188158, 0.22860727015624588)",G0089_C11_N0_S1000,G0089,random_regular,18,36,10088,C11,256,30,1000,1.0,0.6893229166666667,0.8666666666666667,success,
21.3984375,28,SPSA,3,N0,79,80,20480,108,60,2.0066245570005776,"(1.0886801239904813, 1.9143689442603182, -0.6444729086233296, -1.3855314168939599, -1.528459248198642, -1.944478003371353)",G0089_C11_N0_S1001,G0089,random_regular,18,36,10088,C11,256,30,1001,1.0,0.71328125,0.9333333333333332,success,
21.57421875,30,SPSA,3,N0,79,80,40960,108,60,3.524289786999361,"(1.525340066047553, 2.086438662978565, 1.3601987193799767, -0.25266474135475175, 0.39370504579434823, -0.17833500425216303)",G0089_C12_N0_S1000,G0089,random_regular,18,36,10088,C12,512,30,1000,1.0,0.719140625,1.0,success,
22.59765625,30,SPSA,3,N0,79,80,40960,108,60,2.387423625000338,"(3.2269238341307354, 2.374669272886204, -1.9534706635408807, -1.3688227529455483, -0.46602361197644554, -1.4811619487389702)",G0089_C12_N0_S1001,G0089,random_regular,18,36,10088,C12,512,30,1001,1.0,0.7532552083333334,1.0,success,
23.1875,28,COBYLA,1,N0,33,34,8704,36,14,1.0124684649999836,"(2.6751871085847125, 1.2089544702053578)",G0090_C01_N0_S1000,G0090,random_regular,18,36,10089,C01,256,28,1000,1.0,0.828125,1.0,success,
23.125,28,COBYLA,1,N0,43,44,11264,36,14,0.7747503979999237,"(2.653788997154618, -0.3517587202223903)",G0090_C01_N0_S1001,G0090,random_regular,18,36,10089,C01,256,28,1001,1.0,0.8258928571428571,1.0,success,
20.94140625,28,COBYLA,1,N0,30,31,15872,36,14,1.4194559959996695,"(2.2522393328895314, 1.2051858555469728)",G0090_C02_N0_S1000,G0090,random_regular,18,36,10089,C02,512,28,1000,1.0,0.7479073660714286,1.0,success,
17.8828125,28,COBYLA,1,N0,25,26,13312,36,14,0.6125694279999152,"(1.741797290645585, 0.1952818414949073)",G0090_C02_N0_S1001,G0090,random_regular,18,36,10089,C02,512,28,1001,1.0,0.638671875,1.0,success,
22.7890625,28,SPSA,1,N0,79,80,20480,36,14,1.36095534100059,"(2.5533039047814023, 1.2332674342849896)",G0090_C03_N0_S1000,G0090,random_regular,18,36,10089,C03,256,28,1000,1.0,0.8138950892857143,1.0,success,
23.0234375,28,SPSA,1,N0,79,80,20480,36,14,1.3497909190000428,"(2.5963538279473064, -0.41351802238477703)",G0090_C03_N0_S1001,G0090,random_regular,18,36,10089,C03,256,28,1001,1.0,0.822265625,1.0,success,
22.3515625,28,SPSA,1,N0,79,80,40960,36,14,1.802018006000253,"(2.438012707646921, 1.2247164033105429)",G0090_C04_N0_S1000,G0090,random_regular,18,36,10089,C04,512,28,1000,1.0,0.7982700892857143,1.0,success,
22.8046875,28,SPSA,1,N0,79,80,40960,36,14,2.9056776289999107,"(2.5218203980223364, -0.38010991405670547)",G0090_C04_N0_S1001,G0090,random_regular,18,36,10089,C04,512,28,1001,1.0,0.814453125,1.0,success,
22.15625,28,COBYLA,2,N0,49,50,12800,72,25,1.1583178990003944,"(0.7387433518961268, 2.3684304382074997, 1.8916976715077338, 0.014560758084430653)",G0090_C05_N0_S1000,G0090,random_regular,18,36,10089,C05,256,28,1000,1.0,0.7912946428571429,1.0,success,
21.4296875,28,COBYLA,2,N0,40,41,10496,72,25,0.9560743160000128,"(1.7763227070351977, 0.8803049401581735, -0.03230035678357486, 1.0516518060009268)",G0090_C05_N0_S1001,G0090,random_regular,18,36,10089,C05,256,28,1001,1.0,0.7653459821428571,1.0,success,
23.43359375,28,COBYLA,2,N0,44,45,23040,72,25,1.2637031809999826,"(1.2873655397647774, 2.3713961802381736, 1.4899075994064381, 0.3842429929792012)",G0090_C06_N0_S1000,G0090,random_regular,18,36,10089,C06,512,28,1000,1.0,0.8369140625,1.0,success,
23.3203125,28,COBYLA,2,N0,53,54,27648,72,25,1.547710353000184,"(1.889102468972196, 0.683027176002811, 0.10478141905952314, 1.1718919328629744)",G0090_C06_N0_S1001,G0090,random_regular,18,36,10089,C06,512,28,1001,1.0,0.8328683035714286,1.0,success,
21.1015625,28,SPSA,2,N0,79,80,20480,72,25,1.6905589650004913,"(1.5751556942376783, 2.2587553620784586, 1.3200777319056496, 0.4350518314917553)",G0090_C07_N0_S1000,G0090,random_regular,18,36,10089,C07,256,28,1000,1.0,0.7536272321428571,1.0,success,
21.875,28,SPSA,2,N0,79,80,20480,72,25,1.7412811330004845,"(0.9570464166242786, 1.4774692108508367, -1.352443105560665, -0.1915924942250957)",G0090_C07_N0_S1001,G0090,random_regular,18,36,10089,C07,256,28,1001,1.0,0.78125,1.0,success,
18.0234375,26,SPSA,2,N0,79,80,40960,72,25,2.1621742420002192,"(1.5487611846155753, 1.82302478592537, 0.9977316690896085, 0.2753908449411896)",G0090_C08_N0_S1000,G0090,random_regular,18,36,10089,C08,512,28,1000,1.0,0.6436941964285714,0.9285714285714286,success,
21.203125,28,SPSA,2,N0,79,80,40960,72,25,2.1507468160007197,"(1.9959040404798793, 0.30718208490780063, 0.36620241120198116, 1.0897129516295117)",G0090_C08_N0_S1001,G0090,random_regular,18,36,10089,C08,512,28,1001,1.0,0.7572544642857143,1.0,success,
17.875,26,COBYLA,3,N0,50,51,13056,108,36,2.43376548499964,"(2.13798160410895, 2.3970251104851767, 1.4795072907359663, 0.8192611215778016, 0.8305727352036273, 0.30007908703546404)",G0090_C09_N0_S1000,G0090,random_regular,18,36,10089,C09,256,28,1000,1.0,0.6383928571428571,0.9285714285714286,success,
23.8828125,28,COBYLA,3,N0,54,55,14080,108,36,1.4786804760005907,"(2.6212128085427024, 0.5181701551121867, 0.5899968032872498, 1.2489732441672536, 0.07731339702597681, 0.246054198629708)",G0090_C09_N0_S1001,G0090,random_regular,18,36,10089,C09,256,28,1001,1.0,0.8529575892857143,1.0,success,
23.91796875,28,COBYLA,3,N0,62,63,32256,108,36,2.1348810979998234,"(2.5765279118002153, 2.083046117548449, 1.3208908551396132, 0.9942685779847744, 1.477787665455278, 0.19232682536295054)",G0090_C10_N0_S1000,G0090,random_regular,18,36,10089,C10,512,28,1000,1.0,0.8542131696428571,1.0,success,
24.3828125,28,COBYLA,3,N0,60,61,31232,108,36,2.30540606500017,"(2.6722353535764594, 0.5242343290876031, 0.6007071468038923, 1.3416379533728253, 0.06973289410741383, 0.23152354093294492)",G0090_C10_N0_S1001,G0090,random_regular,18,36,10089,C10,512,28,1001,1.0,0.8708147321428571,1.0,success,
20.40625,28,SPSA,3,N0,79,80,20480,108,36,1.99322478600061,"(0.8936176148409295, 1.3568008391384714, 1.3885631638143332, -0.2376543035076301, -0.17690995545298815, 0.32890797534021954)",G0090_C11_N0_S1000,G0090,random_regular,18,36,10089,C11,256,28,1000,1.0,0.7287946428571429,1.0,success,
22.984375,28,SPSA,3,N0,79,80,20480,108,36,2.643937004999316,"(2.675543343369371, 1.110656838203684, -0.2116178752012725, 0.11236928631562383, -0.3712567885804906, -0.7454605465122476)",G0090_C11_N0_S1001,G0090,random_regular,18,36,10089,C11,256,28,1001,1.0,0.8208705357142857,1.0,success,
20.9765625,28,SPSA,3,N0,79,80,40960,108,36,2.4041270449997683,"(0.8600494584643449, 0.8064073786417072, 1.47650177049839, 0.39616332383920727, 0.36032330010723246, 0.13167970314055977)",G0090_C12_N0_S1000,G0090,random_regular,18,36,10089,C12,512,28,1000,1.0,0.7491629464285714,1.0,success,
22.74609375,28,SPSA,3,N0,79,80,40960,108,36,2.422935637000592,"(2.706181588983691, 1.099360928724253, -0.17957167640648342, 0.1236651957950549, -0.3811447448794526, -0.7341646370328165)",G0090_C12_N0_S1001,G0090,random_regular,18,36,10089,C12,512,28,1001,1.0,0.8123604910714286,1.0,success,
25.9140625,32,COBYLA,1,N0,29,30,7680,40,17,1.0107857839993812,"(2.723982661815159, 1.177130972389377)",G0091_C01_N0_S1000,G0091,random_regular,20,40,10090,C01,256,32,1000,1.0,0.809814453125,1.0,success,
25.6875,32,COBYLA,1,N0,29,30,7680,40,17,0.7010095400000864,"(2.5018800552417333, -0.43319951963741804)",G0091_C01_N0_S1001,G0091,random_regular,20,40,10090,C01,256,32,1001,1.0,0.802734375,1.0,success,
26.34765625,32,COBYLA,1,N0,39,40,20480,40,17,1.1438543599997502,"(2.615266719282377, 1.186095948215931)",G0091_C02_N0_S1000,G0091,random_regular,20,40,10090,C02,512,32,1000,1.0,0.8233642578125,1.0,success,
26.01953125,32,COBYLA,1,N0,31,32,16384,40,17,0.9242773460000535,"(2.6005499238313785, -0.35036621406351703)",G0091_C02_N0_S1001,G0091,random_regular,20,40,10090,C02,512,32,1001,1.0,0.8131103515625,1.0,success,
20.6171875,30,SPSA,1,N0,79,80,20480,40,17,1.7242773859998124,"(1.9699639439471908, 1.0089808834248541)",G0091_C03_N0_S1000,G0091,random_regular,20,40,10090,C03,256,32,1000,1.0,0.644287109375,0.9375,success,
25.15625,32,SPSA,1,N0,79,80,20480,40,17,1.7381581769996046,"(3.721608876363957, -1.0847866922783371)",G0091_C03_N0_S1001,G0091,random_regular,20,40,10090,C03,256,32,1001,1.0,0.7861328125,1.0,success,
25.59765625,32,SPSA,1,N0,79,80,40960,40,17,2.2028452909999032,"(2.4380697308681425, 1.1712456417508994)",G0091_C04_N0_S1000,G0091,random_regular,20,40,10090,C04,512,32,1000,1.0,0.7999267578125,1.0,success,
25.63671875,32,SPSA,1,N0,79,80,40960,40,17,3.281576207999933,"(2.514966540410277, -0.3404106125830859)",G0091_C04_N0_S1001,G0091,random_regular,20,40,10090,C04,512,32,1001,1.0,0.8011474609375,1.0,success,
26.3671875,32,COBYLA,2,N0,43,44,11264,80,30,1.4303728169998067,"(1.452595376538501, 2.2884782579807506, 1.5208635995049944, 0.39645687263704876)",G0091_C05_N0_S1000,G0091,random_regular,20,40,10090,C05,256,32,1000,1.0,0.823974609375,1.0,success,
23.953125,30,COBYLA,2,N0,37,38,9728,80,30,1.2321000040001309,"(1.8883762630520722, 0.8553257710671212, 0.16098687415520752, 0.9122398801600583)",G0091_C05_N0_S1001,G0091,random_regular,20,40,10090,C05,256,32,1001,1.0,0.74853515625,0.9375,success,
26.265625,32,COBYLA,2,N0,43,44,22528,80,30,2.6391994619998513,"(1.500802355049896, 2.218464099987251, 1.522076443506394, 0.40814109709976354)",G0091_C06_N0_S1000,G0091,random_regular,20,40,10090,C06,512,32,1000,1.0,0.82080078125,1.0,success,
26.22265625,32,COBYLA,2,N0,40,41,20992,80,30,1.5426273389994094,"(1.8572266027436815, 0.8167432347640361, 0.07893491788011311, 1.0760581664343554)",G0091_C06_N0_S1001,G0091,random_regular,20,40,10090,C06,512,32,1001,1.0,0.8194580078125,1.0,success,
23.0625,30,SPSA,2,N0,79,80,20480,80,30,2.453360083000007,"(1.3347034013904537, 2.073526918790616, 1.3033320359941314, 0.4395326968460697)",G0091_C07_N0_S1000,G0091,random_regular,20,40,10090,C07,256,32,1000,1.0,0.720703125,0.9375,success,
27.046875,32,SPSA,2,N0,79,80,20480,80,30,2.438169442999424,"(0.5203459957156223, 0.6046570061636624, -1.1984613580323498, 0.09242738124074298)",G0091_C07_N0_S1001,G0091,random_regular,20,40,10090,C07,256,32,1001,1.0,0.84521484375,1.0,success,
20.85546875,32,SPSA,2,N0,79,80,40960,80,30,2.863109589000487,"(1.684895725292349, 2.053077696339653, 1.158644207954723, 0.6861344660684766)",G0091_C08_N0_S1000,G0091,random_regular,20,40,10090,C08,512,32,1000,1.0,0.6517333984375,1.0,success,
23.421875,32,SPSA,2,N0,79,80,40960,80,30,2.9084636409997984,"(1.981378837959129, 0.29265688238705, 0.3516772086812305, 1.1042381541502624)",G0091_C08_N0_S1001,G0091,random_regular,20,40,10090,C08,512,32,1001,1.0,0.73193359375,1.0,success,
28.40625,32,COBYLA,3,N0,64,65,16640,120,43,2.61203499200019,"(2.8950998185169676, 2.387403015878524, 1.2487318171998534, 1.131972694914868, 1.4065701518177243, 0.23120676923001787)",G0091_C09_N0_S1000,G0091,random_regular,20,40,10090,C09,256,32,1000,1.0,0.8876953125,1.0,success,
27.5,32,COBYLA,3,N0,47,48,12288,120,43,2.8067361959992922,"(2.536595680109891, 0.574176509438972, 0.5698384536650076, 1.2834476277692641, 0.06287347959341412, 0.24560654835542947)",G0091_C09_N0_S1001,G0091,random_regular,20,40,10090,C09,256,32,1001,1.0,0.859375,1.0,success,
27.9296875,32,COBYLA,3,N0,63,64,32768,120,43,3.7049729999998817,"(2.7964362408106713, 2.5624345715450763, 1.3609796441246413, 0.9716485097506252, 1.298381934075045, 0.10289571923721126)",G0091_C10_N0_S1000,G0091,random_regular,20,40,10090,C10,512,32,1000,1.0,0.872802734375,1.0,success,
27.84375,32,COBYLA,3,N0,51,52,26624,120,43,2.3609276500001215,"(2.5725790410794063, 0.6469288266807249, 0.5595745581164162, 1.3498354485783188, 0.08373234641989505, 0.22184279752344963)",G0091_C10_N0_S1001,G0091,random_regular,20,40,10090,C10,512,32,1001,1.0,0.8701171875,1.0,success,
21.6015625,30,SPSA,3,N0,79,80,20480,120,43,3.215261735999775,"(1.8385677341574116, 1.696438980436715, 1.2789211606875046, 0.11867499152934005, 0.6299866051551657, 0.5006652170839256)",G0091_C11_N0_S1000,G0091,random_regular,20,40,10090,C11,256,32,1000,1.0,0.675048828125,0.9375,success,
26.9453125,32,SPSA,3,N0,79,80,20480,120,43,3.1482313269998485,"(2.4775903872237235, 1.2923688266849187, -0.18859367577097402, -0.11291775700250593, -0.1385618136814366, -0.9271725349934825)",G0091_C11_N0_S1001,G0091,random_regular,20,40,10090,C11,256,32,1001,1.0,0.842041015625,1.0,success,
22.1796875,30,SPSA,3,N0,79,80,40960,120,43,3.5715130900007352,"(1.7847546352129084, 1.5637747820938515, 1.3327342596320078, 0.17248809047384292, 0.497322406812302, 0.4468521181394228)",G0091_C12_N0_S1000,G0091,random_regular,20,40,10090,C12,512,32,1000,1.0,0.693115234375,0.9375,success,
26.9375,32,SPSA,3,N0,79,80,40960,120,43,3.6042478970002776,"(2.6340474266906067, 1.2382953470697158, -0.19538771148082157, -0.015269222550408065, -0.1858921993152436, -0.8730990553782794)",G0091_C12_N0_S1001,G0091,random_regular,20,40,10090,C12,512,32,1001,1.0,0.841796875,1.0,success,
25.7578125,34,COBYLA,1,N0,31,32,8192,40,19,0.8882323319994612,"(2.551829265409891, 1.1495366710208872)",G0092_C01_N0_S1000,G0092,random_regular,20,40,10091,C01,256,34,1000,1.0,0.7575827205882353,1.0,success,
20.0625,28,COBYLA,1,N0,28,29,7424,40,19,1.0425908850002088,"(1.8384379006309888, -0.3780996470595562)",G0092_C01_N0_S1001,G0092,random_regular,20,40,10091,C01,256,34,1001,1.0,0.5900735294117647,0.8235294117647058,success,
25.92578125,32,COBYLA,1,N0,35,36,18432,40,19,1.0541618960005508,"(2.6771948290650234, 1.1523039027191828)",G0092_C02_N0_S1000,G0092,random_regular,20,40,10091,C02,512,34,1000,1.0,0.7625229779411765,0.9411764705882353,success,
25.28515625,34,COBYLA,1,N0,33,34,17408,40,19,1.0684599940004773,"(2.453280254560605, -0.36320692006080074)",G0092_C02_N0_S1001,G0092,random_regular,20,40,10091,C02,512,34,1001,1.0,0.7436810661764706,1.0,success,
19.9296875,28,SPSA,1,N0,79,80,20480,40,19,1.727659451999898,"(1.5247463358933164, 0.9351772452651327)",G0092_C03_N0_S1000,G0092,random_regular,20,40,10091,C03,256,34,1000,1.0,0.5861672794117647,0.8235294117647058,success,
24.875,32,SPSA,1,N0,79,80,20480,40,19,1.740439909000088,"(2.420423062655265, -0.36785701060112747)",G0092_C03_N0_S1001,G0092,random_regular,20,40,10091,C03,256,34,1001,1.0,0.7316176470588235,0.9411764705882353,success,
26.05859375,34,SPSA,1,N0,79,80,40960,40,19,3.367060362000302,"(2.7102942251098576, 1.1860009449660074)",G0092_C04_N0_S1000,G0092,random_regular,20,40,10091,C04,512,34,1000,1.0,0.7664292279411765,1.0,success,
25.71484375,32,SPSA,1,N0,79,80,40960,40,19,2.2114038240006266,"(2.511696265549341, -0.35682008457014447)",G0092_C04_N0_S1001,G0092,random_regular,20,40,10091,C04,512,34,1001,1.0,0.7563189338235294,0.9411764705882353,success,
26.1484375,34,COBYLA,2,N0,47,48,12288,80,33,1.5350159700001313,"(1.4501435420940776, 2.104554243461672, 1.57784067559583, 0.358730591143503)",G0092_C05_N0_S1000,G0092,random_regular,20,40,10091,C05,256,34,1000,1.0,0.7690716911764706,1.0,success,
25.8125,32,COBYLA,2,N0,40,41,10496,80,33,1.3090217420003682,"(1.7790936101296477, 0.8557426383099164, 0.09269485090125483, 1.052277151127514)",G0092_C05_N0_S1001,G0092,random_regular,20,40,10091,C05,256,34,1001,1.0,0.7591911764705882,0.9411764705882353,success,
26.30859375,32,COBYLA,2,N0,51,52,26624,80,33,1.948665271000209,"(1.4288842735364637, 2.256774894653105, 1.4823101142440485, 0.38626242628385105)",G0092_C06_N0_S1000,G0092,random_regular,20,40,10091,C06,512,34,1000,1.0,0.7737821691176471,0.9411764705882353,success,
26.703125,32,COBYLA,2,N0,51,52,26624,80,33,1.9287200459993983,"(1.9690152896609177, 0.6827588307141588, 0.11210348064361612, 1.1365565774107407)",G0092_C06_N0_S1001,G0092,random_regular,20,40,10091,C06,512,34,1001,1.0,0.7853860294117647,0.9411764705882353,success,
24.6796875,34,SPSA,2,N0,79,80,20480,80,33,2.4345527259993105,"(1.6168006144101355, 2.201766342070206, 0.10219314031983182, 0.4052878015496939)",G0092_C07_N0_S1000,G0092,random_regular,20,40,10091,C07,256,34,1000,1.0,0.7258731617647058,1.0,success,
24.28125,32,SPSA,2,N0,79,80,20480,80,33,3.1794535709996126,"(2.0733717872572166, 0.38464983168513756, 0.4436701579793181, 1.0122452048521748)",G0092_C07_N0_S1001,G0092,random_regular,20,40,10091,C07,256,34,1001,1.0,0.7141544117647058,0.9411764705882353,success,
25.4453125,34,SPSA,2,N0,79,80,40960,80,33,2.8868934060001266,"(1.7520089757138408, 0.7222286314262986, -0.0024622829012085345, -0.3790354262649921)",G0092_C08_N0_S1000,G0092,random_regular,20,40,10091,C08,512,34,1000,1.0,0.7483915441176471,1.0,success,
24.47265625,34,SPSA,2,N0,79,80,40960,80,33,3.013767779999398,"(0.7362263454939546, 1.7626534645584406, -1.2879838580533827, -0.49811426768721034)",G0092_C08_N0_S1001,G0092,random_regular,20,40,10091,C08,512,34,1001,1.0,0.7197840073529411,1.0,success,
20.046875,30,COBYLA,3,N0,55,56,14336,120,47,3.047197555999446,"(2.119792451967843, 2.310814254832455, 1.5151100598573437, 0.31528231832240794, 0.8364743091901589, 0.3840771532973031)",G0092_C09_N0_S1000,G0092,random_regular,20,40,10091,C09,256,34,1000,1.0,0.5896139705882353,0.8823529411764706,success,
27.4140625,34,COBYLA,3,N0,53,54,13824,120,47,2.1878254559997004,"(2.537278327640297, 0.6024012991561212, 0.5662202136989669, 1.330408433724676, 0.05845214778139691, 0.2870945005517446)",G0092_C09_N0_S1001,G0092,random_regular,20,40,10091,C09,256,34,1001,1.0,0.8062959558823529,1.0,success,
28.57421875,34,COBYLA,3,N0,75,76,38912,120,47,3.4676234329999716,"(2.622166132964525, 2.3455266218671444, 1.0582990849101472, 1.0350023985435635, 1.4036546688026001, 0.11844421549569337)",G0092_C10_N0_S1000,G0092,random_regular,20,40,10091,C10,512,34,1000,1.0,0.8404181985294118,1.0,success,
27.59765625,34,COBYLA,3,N0,53,54,27648,120,47,2.4463166909999927,"(2.507345011422232, 0.646848560046702, 0.5297966057951515, 1.3646126259180509, 0.06578750429495354, 0.2874023317961669)",G0092_C10_N0_S1001,G0092,random_regular,20,40,10091,C10,512,34,1001,1.0,0.8116957720588235,1.0,success,
21.6171875,32,SPSA,3,N0,79,80,20480,120,47,3.1840702579993376,"(1.505751671348881, 0.1919234623109428, 1.0278186985349416, 0.8515481654792166, -0.55709847672169, 0.9597186954756003)",G0092_C11_N0_S1000,G0092,random_regular,20,40,10091,C11,256,34,1000,1.0,0.6357996323529411,0.9411764705882353,success,
26.3203125,32,SPSA,3,N0,79,80,20480,120,47,3.5122511129993654,"(2.7463868903318005, 1.2094564885619472, -0.34915139894820424, 0.01356963595736059, -0.48083420893158846, -0.8442601968705108)",G0092_C11_N0_S1001,G0092,random_regular,20,40,10091,C11,256,34,1001,1.0,0.7741268382352942,0.9411764705882353,success,
25.6875,34,SPSA,3,N0,79,80,40960,120,47,4.068919707000532,"(2.3020870671380895, 1.4204074606183998, 2.420063137445835, -1.6018001577002035, 0.24619390623096934, -0.017974042231351378)",G0092_C12_N0_S1000,G0092,random_regular,20,40,10091,C12,512,34,1000,1.0,0.7555147058823529,1.0,success,
26.37109375,34,SPSA,3,N0,79,80,40960,120,47,4.048503254000025,"(2.6517005303741508, 1.2629374766022183, -0.46073319707147786, -0.03991135208291045, -0.44424865905694144, -0.8977411849107817)",G0092_C12_N0_S1001,G0092,random_regular,20,40,10091,C12,512,34,1001,1.0,0.7756204044117647,1.0,success,
25.7109375,34,COBYLA,1,N0,31,32,8192,40,20,1.498637699000028,"(2.642970608169818, 1.133485191354557)",G0093_C01_N0_S1000,G0093,random_regular,20,40,10092,C01,256,34,1000,1.0,0.7562040441176471,1.0,success,
25.9453125,32,COBYLA,1,N0,31,32,8192,40,20,0.715892019000421,"(0.4950566844771506, -1.214751157068115)",G0093_C01_N0_S1001,G0093,random_regular,20,40,10092,C01,256,34,1001,1.0,0.7630974264705882,0.9411764705882353,success,
26.1953125,34,COBYLA,1,N0,30,31,15872,40,20,1.025405082999896,"(2.654133892987842, 1.2184626788592563)",G0093_C02_N0_S1000,G0093,random_regular,20,40,10092,C02,512,34,1000,1.0,0.7704503676470589,1.0,success,
25.640625,34,COBYLA,1,N0,40,41,20992,40,20,1.1737083890002395,"(0.5597900829321792, -1.1356585590246209)",G0093_C02_N0_S1001,G0093,random_regular,20,40,10092,C02,512,34,1001,1.0,0.7541360294117647,1.0,success,
21.3046875,32,SPSA,1,N0,79,80,20480,40,20,1.7200955990001603,"(2.174862048386851, 0.9680615064449832)",G0093_C03_N0_S1000,G0093,random_regular,20,40,10092,C03,256,34,1000,1.0,0.6266084558823529,0.9411764705882353,success,
25.71875,32,SPSA,1,N0,79,80,20480,40,20,1.7105018620004557,"(2.5754124454536225, -0.306925246407972)",G0093_C03_N0_S1001,G0093,random_regular,20,40,10092,C03,256,34,1001,1.0,0.7564338235294118,0.9411764705882353,success,
25.4765625,32,SPSA,1,N0,79,80,40960,40,20,2.1924989259996437,"(2.523975873046471, 1.2922728200689169)",G0093_C04_N0_S1000,G0093,random_regular,20,40,10092,C04,512,34,1000,1.0,0.7493106617647058,0.9411764705882353,success,
23.671875,32,SPSA,1,N0,79,80,40960,40,20,2.1959376069999053,"(2.2753892806208893, -0.29071969909915246)",G0093_C04_N0_S1001,G0093,random_regular,20,40,10092,C04,512,34,1001,1.0,0.6962316176470589,0.9411764705882353,success,
26.3671875,34,COBYLA,2,N0,48,49,12544,80,35,1.5388611609996588,"(1.3181645635362262, 2.290632200482962, 1.5050295028303171, 0.39686691692680187)",G0093_C05_N0_S1000,G0093,random_regular,20,40,10092,C05,256,34,1000,1.0,0.7755055147058824,1.0,success,
26.2109375,32,COBYLA,2,N0,49,50,12800,80,35,2.1481512420004947,"(1.886203650801717, 0.6722422895566338, 0.06639776534823706, 1.1913415527354372)",G0093_C05_N0_S1001,G0093,random_regular,20,40,10092,C05,256,34,1001,1.0,0.7709099264705882,0.9411764705882353,success,
25.8203125,34,COBYLA,2,N0,47,48,24576,80,35,1.7628582260003895,"(1.2916806744310587, 2.4294108432806936, 1.5615135274776661, 0.31226404524254003)",G0093_C06_N0_S1000,G0093,random_regular,20,40,10092,C06,512,34,1000,1.0,0.7594209558823529,1.0,success,
24.61328125,34,COBYLA,2,N0,43,44,22528,80,35,1.986091609000141,"(1.818926043412707, 0.900236977691113, 0.15015506571195544, 0.981734760836495)",G0093_C06_N0_S1001,G0093,random_regular,20,40,10092,C06,512,34,1001,1.0,0.7239200367647058,1.0,success,
19.9609375,30,SPSA,2,N0,79,80,20480,80,35,3.1955658079996283,"(1.6512240516384191, 2.0063103286314696, 0.8288656498101296, 0.2650418666837963)",G0093_C07_N0_S1000,G0093,random_regular,20,40,10092,C07,256,34,1000,1.0,0.5870863970588235,0.8823529411764706,success,
23.953125,32,SPSA,2,N0,79,80,20480,80,35,2.4165563599999587,"(2.008354214069094, 0.3196322584970155, 0.378652584791196, 1.0772627780402968)",G0093_C07_N0_S1001,G0093,random_regular,20,40,10092,C07,256,34,1001,1.0,0.7045036764705882,0.9411764705882353,success,
21.1953125,30,SPSA,2,N0,79,80,40960,80,35,2.9183777239995834,"(1.0459206042259257, 1.6761164448710095, 0.5034334176078084, 0.18577298415240373)",G0093_C08_N0_S1000,G0093,random_regular,20,40,10092,C08,512,34,1000,1.0,0.6233915441176471,0.8823529411764706,success,
23.2578125,34,SPSA,2,N0,79,80,40960,80,35,3.007290761999684,"(1.2908394216533703, 1.3310492443650381, -1.7530040226000172, -0.509199244691785)",G0093_C08_N0_S1001,G0093,random_regular,20,40,10092,C08,512,34,1001,1.0,0.6840533088235294,1.0,success,
19.796875,28,COBYLA,3,N0,46,47,12032,120,50,1.8516753630001404,"(2.13798160410895, 2.3970251104851767, 1.4795072907359663, 0.3192611215778017, 0.8305727352036273, 0.30007908703546404)",G0093_C09_N0_S1000,G0093,random_regular,20,40,10092,C09,256,34,1000,1.0,0.5822610294117647,0.8235294117647058,success,
26.0546875,34,COBYLA,3,N0,51,52,13312,120,50,2.19092369199916,"(2.552613118123639, 0.49745571786424475, 0.5678632239809905, 1.2692727857175363, 0.04815781984561622, 0.23246421607041123)",G0093_C09_N0_S1001,G0093,random_regular,20,40,10092,C09,256,34,1001,1.0,0.7663143382352942,1.0,success,
27.1640625,34,COBYLA,3,N0,64,65,33280,120,50,2.9304301870006384,"(2.6650053024723928, 2.1451395261943214, 2.0167360801865426, 1.2953971538985611, 1.5499447502454837, 0.20366449588474178)",G0093_C10_N0_S1000,G0093,random_regular,20,40,10092,C10,512,34,1000,1.0,0.7989430147058824,1.0,success,
26.87109375,34,COBYLA,3,N0,55,56,28672,120,50,3.5308380530004797,"(2.539507371691792, 0.5956068426835457, 0.5893471068105658, 1.2770023190961273, 0.13962739142743447, 0.304258387729946)",G0093_C10_N0_S1001,G0093,random_regular,20,40,10092,C10,512,34,1001,1.0,0.7903262867647058,1.0,success,
22.4375,32,SPSA,3,N0,79,80,20480,120,50,3.7437209230001827,"(1.8158800691859458, 1.5326493481208145, 1.3016088256589704, 0.14136265650080576, 0.46619697283926487, 0.47797755211245996)",G0093_C11_N0_S1000,G0093,random_regular,20,40,10092,C11,256,34,1000,1.0,0.6599264705882353,0.9411764705882353,success,
26.4921875,34,SPSA,3,N0,79,80,20480,120,50,3.2297232239998266,"(2.7821092795530737, 1.2116315537082196, -0.26555860159099653, 0.011394570811088092, -0.43078873564938147, -0.8464352620167833)",G0093_C11_N0_S1001,G0093,random_regular,20,40,10092,C11,256,34,1001,1.0,0.7791819852941176,1.0,success,
26.50390625,34,SPSA,3,N0,79,80,40960,120,50,3.810895679999703,"(2.8607948280932214, 1.209738303788357, 2.524756773650491, -0.4445519988512316, -0.10107787459600977, -1.3414350590972308)",G0093_C12_N0_S1000,G0093,random_regular,20,40,10092,C12,512,34,1000,1.0,0.7795266544117647,1.0,success,
26.859375,34,SPSA,3,N0,79,80,40960,120,50,3.6450062180001623,"(2.752306009067843, 1.2293536589959073, -0.3164811697832569, -0.0063275344765992975, -0.434185928068724, -0.8641573673044708)",G0093_C12_N0_S1001,G0093,random_regular,20,40,10092,C12,512,34,1001,1.0,0.7899816176470589,1.0,success,
24.265625,32,COBYLA,1,N0,30,31,7936,40,17,0.8850519870002245,"(2.349731037549084, 1.2089323919574813)",G0094_C01_N0_S1000,G0094,random_regular,20,40,10093,C01,256,32,1000,1.0,0.75830078125,1.0,success,
25.4453125,32,COBYLA,1,N0,37,38,9728,40,17,0.8700458990006155,"(2.7198811172133803, -0.3432394467327262)",G0094_C01_N0_S1001,G0094,random_regular,20,40,10093,C01,256,32,1001,1.0,0.795166015625,1.0,success,
25.83984375,32,COBYLA,1,N0,33,34,17408,40,17,1.0429901710003833,"(2.61339605245313, 1.2048816026046971)",G0094_C02_N0_S1000,G0094,random_regular,20,40,10093,C02,512,32,1000,1.0,0.8074951171875,1.0,success,
25.20703125,32,COBYLA,1,N0,39,40,20480,40,17,1.6986246529995697,"(0.6412988691328113, 0.4098857439638329)",G0094_C02_N0_S1001,G0094,random_regular,20,40,10093,C02,512,32,1001,1.0,0.7877197265625,1.0,success,
25.734375,32,SPSA,1,N0,79,80,20480,40,17,1.7268581850003102,"(2.675428960343293, 1.234904342193016)",G0094_C03_N0_S1000,G0094,random_regular,20,40,10093,C03,256,32,1000,1.0,0.80419921875,1.0,success,
25.6171875,32,SPSA,1,N0,79,80,20480,40,17,2.261012010999366,"(3.6028366387362665, 0.44332378020441515)",G0094_C03_N0_S1001,G0094,random_regular,20,40,10093,C03,256,32,1001,1.0,0.800537109375,1.0,success,
25.83984375,32,SPSA,1,N0,79,80,40960,40,17,2.24973203799982,"(2.559952689398763, 1.220544576137187)",G0094_C04_N0_S1000,G0094,random_regular,20,40,10093,C04,512,32,1000,1.0,0.8074951171875,1.0,success,
25.59765625,32,SPSA,1,N0,79,80,40960,40,17,2.218626963999668,"(3.7559352892162483, 0.3191735489202827)",G0094_C04_N0_S1001,G0094,random_regular,20,40,10093,C04,512,32,1001,1.0,0.7999267578125,1.0,success,
26.09375,30,COBYLA,2,N0,44,45,11520,80,31,2.2743428730000232,"(1.3096149448704826, 2.350704457196551, 1.524337675884517, 0.3884436560093551)",G0094_C05_N0_S1000,G0094,random_regular,20,40,10093,C05,256,32,1000,1.0,0.8154296875,0.9375,success,
25.140625,32,COBYLA,2,N0,42,43,11008,80,31,1.3957809749999797,"(1.865643355538913, 0.6636210347585892, 0.17252791716384505, 1.0107747705738428)",G0094_C05_N0_S1001,G0094,random_regular,20,40,10093,C05,256,32,1001,1.0,0.78564453125,1.0,success,
26.03125,32,COBYLA,2,N0,47,48,24576,80,31,1.8385634649994245,"(1.354469425955841, 2.391452936429391, 1.487633979157528, 0.37606186601001795)",G0094_C06_N0_S1000,G0094,random_regular,20,40,10093,C06,512,32,1000,1.0,0.8134765625,1.0,success,
26.1953125,32,COBYLA,2,N0,52,53,27136,80,31,2.028813982000429,"(1.9276802493098617, 0.7146011524044912, 0.1407347658239828, 1.067278367285774)",G0094_C06_N0_S1001,G0094,random_regular,20,40,10093,C06,512,32,1001,1.0,0.818603515625,1.0,success,
23.1953125,30,SPSA,2,N0,79,80,20480,80,31,2.4445582640000794,"(0.8957153775813051, 1.8184847501413655, 0.39400115511405276, 0.04121315473020801)",G0094_C07_N0_S1000,G0094,random_regular,20,40,10093,C07,256,32,1000,1.0,0.724853515625,0.9375,success,
24.8046875,32,SPSA,2,N0,79,80,20480,80,31,2.4861682890004886,"(2.0540048505628823, 0.3652828949908033, 0.4243032212849839, 1.0316121415465092)",G0094_C07_N0_S1001,G0094,random_regular,20,40,10093,C07,256,32,1001,1.0,0.775146484375,1.0,success,
19.90625,30,SPSA,2,N0,79,80,40960,80,31,2.933074334999219,"(1.704875816101224, 2.005931679479873, 0.6740107328798262, 0.2116663238631107)",G0094_C08_N0_S1000,G0094,random_regular,20,40,10093,C08,512,32,1000,1.0,0.6220703125,0.9375,success,
24.05859375,30,SPSA,2,N0,79,80,40960,80,31,3.9972910989999946,"(2.023571092900357, 0.33484913732827815, 0.3938694636224586, 1.0620458992090342)",G0094_C08_N0_S1001,G0094,random_regular,20,40,10093,C08,512,32,1001,1.0,0.7518310546875,0.9375,success,
26.5,32,COBYLA,3,N0,65,66,16896,120,45,2.8411339700005556,"(2.8057905034709187, 2.554501349543776, 1.533806467795624, 1.4951788216594948, 1.546079489790309, 0.3245393774736522)",G0094_C09_N0_S1000,G0094,random_regular,20,40,10093,C09,256,32,1000,1.0,0.828125,1.0,success,
26.328125,32,COBYLA,3,N0,48,49,12544,120,45,2.026866663999499,"(2.5454765730597835, 0.4961817368588323, 0.5759775440130626, 1.290758288997043, 0.033374449006419525, 0.22480310660590555)",G0094_C09_N0_S1001,G0094,random_regular,20,40,10093,C09,256,32,1001,1.0,0.82275390625,1.0,success,
26.98828125,32,COBYLA,3,N0,61,62,31744,120,45,3.7463280330002817,"(2.604068279816132, 2.5910109168386666, 1.725067951177897, 1.3289537172005423, 1.5862908670870703, 0.23682740201785724)",G0094_C10_N0_S1000,G0094,random_regular,20,40,10093,C10,512,32,1000,1.0,0.8433837890625,1.0,success,
26.97265625,32,COBYLA,3,N0,50,51,26112,120,45,2.369174586000554,"(2.5282957055925794, 0.6188045572089077, 0.5822468149279911, 1.3136048749157743, 0.0596346840769447, 0.2573345515616555)",G0094_C10_N0_S1001,G0094,random_regular,20,40,10093,C10,512,32,1001,1.0,0.8428955078125,1.0,success,
25.921875,32,SPSA,3,N0,79,80,20480,120,45,3.2152243959999396,"(0.19241856044259362, 0.1784081775804568, 2.496030670175644, 1.4131971067890887, 0.41566402692640425, -0.06883922093200534)",G0094_C11_N0_S1000,G0094,random_regular,20,40,10093,C11,256,32,1000,1.0,0.81005859375,1.0,success,
24.6953125,32,SPSA,3,N0,79,80,20480,120,45,3.2244891039999857,"(2.765106324955648, 1.3232266747316308, -0.19455117663925642, 0.07366836180568131, -0.23118323507680472, -0.9580303830401944)",G0094_C11_N0_S1001,G0094,random_regular,20,40,10093,C11,256,32,1001,1.0,0.771728515625,1.0,success,
24.56640625,30,SPSA,3,N0,79,80,40960,120,45,3.6439089010000316,"(2.46554666600472, 2.0225593280795087, 3.143221865837535, 1.2395776371531542, 0.07485547259486786, -0.38221973704904)",G0094_C12_N0_S1000,G0094,random_regular,20,40,10093,C12,512,32,1000,1.0,0.7677001953125,0.9375,success,
26.5625,32,SPSA,3,N0,79,80,40960,120,45,4.496463549000509,"(2.598908115649853, 1.3759458155266724, -0.29153760130706174, 0.030582814478895035, -0.2792464788019003, -1.0107495238352358)",G0094_C12_N0_S1001,G0094,random_regular,20,40,10093,C12,512,32,1001,1.0,0.830078125,1.0,success,
25.875,32,COBYLA,1,N0,31,32,8192,40,19,0.9271244780002235,"(2.5439308653612986, 1.1871596649898863)",G0095_C01_N0_S1000,G0095,random_regular,20,40,10094,C01,256,32,1000,1.0,0.80859375,1.0,success,
19.1640625,28,COBYLA,1,N0,28,29,7424,40,19,0.6595152449999659,"(1.316003392431064, -0.6747145616007834)",G0095_C01_N0_S1001,G0095,random_regular,20,40,10094,C01,256,32,1001,1.0,0.598876953125,0.875,success,
25.85546875,30,COBYLA,1,N0,30,31,15872,40,19,1.6754391590002342,"(2.663632921135052, 1.2046236895621005)",G0095_C02_N0_S1000,G0095,random_regular,20,40,10094,C02,512,32,1000,1.0,0.8079833984375,0.9375,success,
25.734375,32,COBYLA,1,N0,45,46,23552,40,19,1.3428521349997027,"(2.670646568292402, -0.4088544831430713)",G0095_C02_N0_S1001,G0095,random_regular,20,40,10094,C02,512,32,1001,1.0,0.80419921875,1.0,success,
25.953125,32,SPSA,1,N0,79,80,20480,40,19,2.1297150090003925,"(2.580054735914414, 1.241703866607551)",G0095_C03_N0_S1000,G0095,random_regular,20,40,10094,C03,256,32,1000,1.0,0.81103515625,1.0,success,
23.90625,32,SPSA,1,N0,79,80,20480,40,19,1.7389815119995546,"(2.386917619265716, -0.26098546533141387)",G0095_C03_N0_S1001,G0095,random_regular,20,40,10094,C03,256,32,1001,1.0,0.7470703125,1.0,success,
25.1015625,32,SPSA,1,N0,79,80,40960,40,19,2.261091815000327,"(2.5146651602720587, 1.3083718642929112)",G0095_C04_N0_S1000,G0095,random_regular,20,40,10094,C04,512,32,1000,1.0,0.784423828125,1.0,success,
20.24609375,28,SPSA,1,N0,79,80,40960,40,19,2.252923376000581,"(1.8245237272217216, -0.07533776281886177)",G0095_C04_N0_S1001,G0095,random_regular,20,40,10094,C04,512,32,1001,1.0,0.6326904296875,0.875,success,
26.1796875,30,COBYLA,2,N0,47,48,12288,80,33,1.5254447860006621,"(1.6194131783303896, 2.099345985243753, 1.5458430883776217, 0.37750682644570716)",G0095_C05_N0_S1000,G0095,random_regular,20,40,10094,C05,256,32,1000,1.0,0.818115234375,0.9375,success,
25.90625,32,COBYLA,2,N0,41,42,10752,80,33,1.4618034149998493,"(1.8737230184680644, 0.7887176155793553, 0.16760070119118142, 1.1564266245321047)",G0095_C05_N0_S1001,G0095,random_regular,20,40,10094,C05,256,32,1001,1.0,0.8095703125,1.0,success,
26.09375,30,COBYLA,2,N0,50,51,26112,80,33,1.9721140159999777,"(1.6464428129709483, 2.05664526938561, 1.5368920930310626, 0.3763294861869505)",G0095_C06_N0_S1000,G0095,random_regular,20,40,10094,C06,512,32,1000,1.0,0.8154296875,0.9375,success,
24.69140625,32,COBYLA,2,N0,42,43,22016,80,33,2.4231795460000285,"(1.8668611669145598, 0.8716161563822343, 0.14724361507094655, 0.9860822893393234)",G0095_C06_N0_S1001,G0095,random_regular,20,40,10094,C06,512,32,1001,1.0,0.7716064453125,1.0,success,
23.5,30,SPSA,2,N0,79,80,20480,80,33,2.4849782870005583,"(0.730939679957217, 1.9457235829065578, 0.4504776980698904, 0.1861556907709922)",G0095_C07_N0_S1000,G0095,random_regular,20,40,10094,C07,256,32,1000,1.0,0.734375,0.9375,success,
25.90625,32,SPSA,2,N0,79,80,20480,80,33,2.421776251000665,"(-0.5130792113708258, 1.5734147515328578, -1.8483353517922279, -1.4335732131702899)",G0095_C07_N0_S1001,G0095,random_regular,20,40,10094,C07,256,32,1001,1.0,0.8095703125,1.0,success,
26.453125,32,SPSA,2,N0,79,80,40960,80,33,3.7984592840002733,"(2.6365624978179545, 2.660349091528112, -0.4889619979328315, -0.16085033992007353)",G0095_C08_N0_S1000,G0095,random_regular,20,40,10094,C08,512,32,1000,1.0,0.82666015625,1.0,success,
24.046875,32,SPSA,2,N0,79,80,40960,80,33,2.8439168789991527,"(2.0297961796949644, 0.34107422412288557, 0.40009455041706604, 1.0558208124144266)",G0095_C08_N0_S1001,G0095,random_regular,20,40,10094,C08,512,32,1001,1.0,0.75146484375,1.0,success,
26.9140625,32,COBYLA,3,N0,65,66,16896,120,47,2.647523497000293,"(2.6929659866578075, 2.7958317020546777, 1.2707443025049527, 1.2442613179935273, 1.4836983109258666, 0.18076605381534713)",G0095_C09_N0_S1000,G0095,random_regular,20,40,10094,C09,256,32,1000,1.0,0.841064453125,1.0,success,
26.7265625,32,COBYLA,3,N0,47,48,12288,120,47,1.9512957790002474,"(2.5361689841042203, 0.6155965162716771, 0.5785777502925759, 1.301469202555255, 0.05536881979331981, 0.30620179012234644)",G0095_C09_N0_S1001,G0095,random_regular,20,40,10094,C09,256,32,1001,1.0,0.835205078125,1.0,success,
27.58203125,32,COBYLA,3,N0,69,70,35840,120,47,3.1637173500002973,"(2.6682423720250776, 2.2142210058561895, 1.657358793613145, 1.112938955413259, 1.3322549140861533, 0.06970939376428145)",G0095_C10_N0_S1000,G0095,random_regular,20,40,10094,C10,512,32,1000,1.0,0.8619384765625,1.0,success,
27.37890625,32,COBYLA,3,N0,59,60,30720,120,47,2.9147323289998894,"(2.593433783176733, 0.6346604377455043, 0.5751102754148775, 1.317004619298668, 0.14489093164537992, 0.25465263616863254)",G0095_C10_N0_S1001,G0095,random_regular,20,40,10094,C10,512,32,1001,1.0,0.8555908203125,1.0,success,
23.53125,32,SPSA,3,N0,79,80,20480,120,47,3.3114838450001116,"(0.5254196209531471, -0.13764509845143455, 1.1749326392096648, -1.2488843789852173, -0.011710053401270265, 0.4465948839836643)",G0095_C11_N0_S1000,G0095,random_regular,20,40,10094,C11,256,32,1000,1.0,0.7353515625,1.0,success,
26.1875,32,SPSA,3,N0,79,80,20480,120,47,3.677998617999947,"(2.723291975377182, 1.1248581461364942, -0.22581918313408256, 0.09816797838281381, -0.4190054205883016, -0.7596618544450575)",G0095_C11_N0_S1001,G0095,random_regular,20,40,10094,C11,256,32,1001,1.0,0.818359375,1.0,success,
23.8515625,32,SPSA,3,N0,79,80,40960,120,47,3.9472185449994868,"(0.2725574393569414, 0.5630018779418406, 3.3060552465499784, -1.254644996741733, 1.621085956479494, -1.0624973975368082)",G0095_C12_N0_S1000,G0095,random_regular,20,40,10094,C12,512,32,1000,1.0,0.745361328125,1.0,success,
25.51171875,32,SPSA,3,N0,79,80,40960,120,47,3.4760748559992862,"(2.809091257406634, 1.1421649748461522, -0.18225849651869014, 0.08086114967315579, -0.44393718729270293, -0.7769686831547156)",G0095_C12_N0_S1001,G0095,random_regular,20,40,10094,C12,512,32,1001,1.0,0.7972412109375,1.0,success,
25.25,32,COBYLA,1,N0,34,35,8960,40,21,0.9459662529998241,"(2.467796142572168, 1.25170963819971)",G0096_C01_N0_S1000,G0096,random_regular,20,40,10095,C01,256,32,1000,1.0,0.7890625,1.0,success,
20.015625,28,COBYLA,1,N0,25,26,6656,40,21,0.5858479979997355,"(1.9167534027408046, -0.0014238609140222191)",G0096_C01_N0_S1001,G0096,random_regular,20,40,10095,C01,256,32,1001,1.0,0.62548828125,0.875,success,
25.953125,32,COBYLA,1,N0,40,41,20992,40,21,1.2471235869998054,"(2.5944173656065455, 1.2380090759923632)",G0096_C02_N0_S1000,G0096,random_regular,20,40,10095,C02,512,32,1000,1.0,0.81103515625,1.0,success,
19.74609375,30,COBYLA,1,N0,28,29,14848,40,21,0.8326240050000706,"(1.9639108539198615, -0.01285744910030609)",G0096_C02_N0_S1001,G0096,random_regular,20,40,10095,C02,512,32,1001,1.0,0.6170654296875,0.9375,success,
25.328125,32,SPSA,1,N0,79,80,20480,40,21,1.7261425830001826,"(2.7378447269862125, 1.1377059093944444)",G0096_C03_N0_S1000,G0096,random_regular,20,40,10095,C03,256,32,1000,1.0,0.79150390625,1.0,success,
25.4765625,32,SPSA,1,N0,79,80,20480,40,21,1.733241148000161,"(2.595206814578401, -0.3069243739281807)",G0096_C03_N0_S1001,G0096,random_regular,20,40,10095,C03,256,32,1001,1.0,0.796142578125,1.0,success,
25.703125,32,SPSA,1,N0,79,80,40960,40,21,2.227326436000112,"(2.6546944574493274, 1.2716530838521827)",G0096_C04_N0_S1000,G0096,random_regular,20,40,10095,C04,512,32,1000,1.0,0.80322265625,1.0,success,
25.02734375,32,SPSA,1,N0,79,80,40960,40,21,2.948958472999948,"(2.7641783729070837, -0.2753053926890508)",G0096_C04_N0_S1001,G0096,random_regular,20,40,10095,C04,512,32,1001,1.0,0.7821044921875,1.0,success,
24.71875,32,COBYLA,2,N0,41,42,10752,80,37,1.3026448450000316,"(1.3346247433546754, 2.3909651952752773, 1.5706831273850328, 0.23055575997313157)",G0096_C05_N0_S1000,G0096,random_regular,20,40,10095,C05,256,32,1000,1.0,0.7724609375,1.0,success,
26.2421875,32,COBYLA,2,N0,47,48,12288,80,37,1.921025816999645,"(1.7452495924410818, 0.8731304378318611, 0.03436398545111843, 1.2207197205566456)",G0096_C05_N0_S1001,G0096,random_regular,20,40,10095,C05,256,32,1001,1.0,0.820068359375,1.0,success,
26.16796875,32,COBYLA,2,N0,54,55,28160,80,37,3.0513589070005764,"(1.2894617636226213, 2.388733572134884, 1.4369375539416132, 0.42848556949225847)",G0096_C06_N0_S1000,G0096,random_regular,20,40,10095,C06,512,32,1000,1.0,0.8177490234375,1.0,success,
25.9296875,32,COBYLA,2,N0,44,45,23040,80,37,1.7341496610006288,"(1.766226785170441, 0.8734148402305622, 0.0913722259666888, 1.08232460700542)",G0096_C06_N0_S1001,G0096,random_regular,20,40,10095,C06,512,32,1001,1.0,0.810302734375,1.0,success,
26.640625,32,SPSA,2,N0,79,80,20480,80,37,2.3987009679995026,"(2.663961410419189, 2.6563769630768785, -0.4748195913808044, -0.2118633897568792)",G0096_C07_N0_S1000,G0096,random_regular,20,40,10095,C07,256,32,1000,1.0,0.83251953125,1.0,success,
24.0,32,SPSA,2,N0,79,80,20480,80,37,2.4069869550003204,"(2.026337798142405, 0.33761584257032584, 0.39663616886450637, 1.0592791939669866)",G0096_C07_N0_S1001,G0096,random_regular,20,40,10095,C07,256,32,1001,1.0,0.75,1.0,success,
23.74609375,32,SPSA,2,N0,79,80,40960,80,37,2.825348822999331,"(1.566765969611017, 2.076169762821782, 1.3757854880907798, 0.548556585420046)",G0096_C08_N0_S1000,G0096,random_regular,20,40,10095,C08,512,32,1000,1.0,0.7420654296875,1.0,success,
25.48828125,32,SPSA,2,N0,79,80,40960,80,37,2.83556248900004,"(0.6340347575674004, 1.4799457475686697, -2.799270782630657, 0.03426100759300918)",G0096_C08_N0_S1001,G0096,random_regular,20,40,10095,C08,512,32,1001,1.0,0.7965087890625,1.0,success,
24.109375,32,COBYLA,3,N0,50,51,13056,120,53,1.9873219379996954,"(2.394540380834336, 2.014259386630961, 1.4310577068273693, 0.8799664625213527, 1.4022801748169846, 0.20008706293518472)",G0096_C09_N0_S1000,G0096,random_regular,20,40,10095,C09,256,32,1000,1.0,0.75341796875,1.0,success,
27.1484375,32,COBYLA,3,N0,48,49,12544,120,53,2.231093557999884,"(2.583520342695074, 0.5264498263600775, 0.5791018258193119, 1.3075619398039524, 0.050182154919867356, 0.18229870491308894)",G0096_C09_N0_S1001,G0096,random_regular,20,40,10095,C09,256,32,1001,1.0,0.848388671875,1.0,success,
22.8046875,30,COBYLA,3,N0,49,50,25600,120,53,2.2706699199998184,"(2.1521860668634516, 2.4666423611347805, 2.0073646874860946, 0.2818256378300968, 1.306505842208623, 0.3626097758670719)",G0096_C10_N0_S1000,G0096,random_regular,20,40,10095,C10,512,32,1000,1.0,0.712646484375,0.9375,success,
27.45703125,32,COBYLA,3,N0,50,51,26112,120,53,2.8532629479996103,"(2.5915002376490097, 0.6477830661940344, 0.5993202646434588, 1.3563627211216858, 0.11157167944342077, 0.2707604963275327)",G0096_C10_N0_S1001,G0096,random_regular,20,40,10095,C10,512,32,1001,1.0,0.8580322265625,1.0,success,
25.6875,32,SPSA,3,N0,79,80,20480,120,53,3.79862728200078,"(1.9610423014525027, 1.7600981182990547, 0.5366708652827374, -0.0475221814187201, 0.2790363818099516, 0.27337765755569443)",G0096_C11_N0_S1000,G0096,random_regular,20,40,10095,C11,256,32,1000,1.0,0.802734375,1.0,success,
24.390625,32,SPSA,3,N0,79,80,20480,120,53,3.10875577600018,"(-0.0833678223871055, 2.8475356296223135, -0.12126203089408039, -1.084091803450213, -0.43189627832957855, -3.1690152526687245)",G0096_C11_N0_S1001,G0096,random_regular,20,40,10095,C11,256,32,1001,1.0,0.76220703125,1.0,success,
25.046875,32,SPSA,3,N0,79,80,40960,120,53,3.43964801599941,"(2.193810691837639, 2.9277403294303332, 0.2038678808501327, -0.6013816890856272, -0.6202048717927563, 0.8262846396959299)",G0096_C12_N0_S1000,G0096,random_regular,20,40,10095,C12,512,32,1000,1.0,0.78271484375,1.0,success,
26.0546875,32,SPSA,3,N0,79,80,40960,120,53,3.5671755479997955,"(2.7825148154282826, 1.160318298301136, -0.20179517259469787, 0.0627078262181719, -0.4187440979353758, -0.7951220066096996)",G0096_C12_N0_S1001,G0096,random_regular,20,40,10095,C12,512,32,1001,1.0,0.814208984375,1.0,success,
26.171875,32,COBYLA,1,N0,29,30,7680,40,15,0.8192383089999566,"(2.6154276656979114, 1.1591204087508284)",G0097_C01_N0_S1000,G0097,random_regular,20,40,10096,C01,256,34,1000,1.0,0.7697610294117647,0.9411764705882353,success,
26.1796875,34,COBYLA,1,N0,46,47,12032,40,15,1.0302905380003722,"(2.5490257911793113, -0.41192597856878915)",G0097_C01_N0_S1001,G0097,random_regular,20,40,10096,C01,256,34,1001,1.0,0.7699908088235294,1.0,success,
25.78515625,34,COBYLA,1,N0,36,37,18944,40,15,1.066442241999539,"(2.684959985588203, 1.2325338824134182)",G0097_C02_N0_S1000,G0097,random_regular,20,40,10096,C02,512,34,1000,1.0,0.7583869485294118,1.0,success,
26.23046875,34,COBYLA,1,N0,39,40,20480,40,15,1.1023502620000727,"(0.480747647996347, 0.3611941644470315)",G0097_C02_N0_S1001,G0097,random_regular,20,40,10096,C02,512,34,1001,1.0,0.771484375,1.0,success,
25.875,34,SPSA,1,N0,79,80,20480,40,15,1.6582844409995232,"(3.571323886803654, 0.4418411316595511)",G0097_C03_N0_S1000,G0097,random_regular,20,40,10096,C03,256,34,1000,1.0,0.7610294117647058,1.0,success,
26.28125,34,SPSA,1,N0,79,80,20480,40,15,2.409769912000229,"(3.653118353603837, -1.256711431829048)",G0097_C03_N0_S1001,G0097,random_regular,20,40,10096,C03,256,34,1001,1.0,0.7729779411764706,1.0,success,
25.75390625,34,SPSA,1,N0,79,80,40960,40,15,2.2451933069996812,"(2.692755948240657, 1.088669988953356)",G0097_C04_N0_S1000,G0097,random_regular,20,40,10096,C04,512,34,1000,1.0,0.7574678308823529,1.0,success,
26.0625,34,SPSA,1,N0,79,80,40960,40,15,2.5109695669998473,"(2.67197897347473, -0.4467304756773458)",G0097_C04_N0_S1001,G0097,random_regular,20,40,10096,C04,512,34,1001,1.0,0.7665441176470589,1.0,success,
26.3671875,34,COBYLA,2,N0,51,52,13312,80,25,2.4074497149995295,"(1.2202960765769417, 2.4150981697824316, 1.451200612550621, 0.38813794750919584)",G0097_C05_N0_S1000,G0097,random_regular,20,40,10096,C05,256,34,1000,1.0,0.7755055147058824,1.0,success,
26.453125,34,COBYLA,2,N0,41,42,10752,80,25,1.2653278699999646,"(1.8677091091149394, 0.8075874092541421, 0.12034135603682848, 1.1743786618844798)",G0097_C05_N0_S1001,G0097,random_regular,20,40,10096,C05,256,34,1001,1.0,0.7780330882352942,1.0,success,
26.31640625,34,COBYLA,2,N0,47,48,24576,80,25,1.6630845030003911,"(1.361944577964657, 2.2917259462439543, 1.5314231857232656, 0.3624160542320015)",G0097_C06_N0_S1000,G0097,random_regular,20,40,10096,C06,512,34,1000,1.0,0.7740119485294118,1.0,success,
26.44140625,34,COBYLA,2,N0,43,44,22528,80,25,1.5837117020000733,"(1.8948292909282822, 0.7962429052038809, 0.1533536518239344, 1.1733405544429787)",G0097_C06_N0_S1001,G0097,random_regular,20,40,10096,C06,512,34,1001,1.0,0.7776884191176471,1.0,success,
26.2578125,34,SPSA,2,N0,79,80,20480,80,25,2.202498679999735,"(2.46847576150532, 2.2304454392324473, -0.5267455124574401, -0.1577575000880091)",G0097_C07_N0_S1000,G0097,random_regular,20,40,10096,C07,256,34,1000,1.0,0.7722886029411765,1.0,success,
25.1640625,34,SPSA,2,N0,79,80,20480,80,25,2.327897125000163,"(0.9651010200875452, 2.61588512273889, -0.458335352374231, -0.7834230285663839)",G0097_C07_N0_S1001,G0097,random_regular,20,40,10096,C07,256,34,1001,1.0,0.7401194852941176,1.0,success,
26.0546875,34,SPSA,2,N0,79,80,40960,80,25,2.7016097759997137,"(1.6370213965695928, 2.14642788802696, -0.04916586348421258, 0.3944341672692551)",G0097_C08_N0_S1000,G0097,random_regular,20,40,10096,C08,512,34,1000,1.0,0.7663143382352942,1.0,success,
25.0703125,32,SPSA,2,N0,79,80,40960,80,25,2.801771749999716,"(0.6521871276243192, 1.374471089556152, -2.8285571671318284, -0.18348188741101365)",G0097_C08_N0_S1001,G0097,random_regular,20,40,10096,C08,512,34,1001,1.0,0.7373621323529411,0.9411764705882353,success,
19.578125,30,COBYLA,3,N0,49,50,12800,120,36,1.8194970829999875,"(2.1580332081324065, 2.4013150847914826, 1.4891392448812297, 0.3153014003961944, 0.8399279435441899, 0.30300405557373544)",G0097_C09_N0_S1000,G0097,random_regular,20,40,10096,C09,256,34,1000,1.0,0.5758272058823529,0.8823529411764706,success,
27.875,34,COBYLA,3,N0,51,52,13312,120,36,2.747914509999646,"(2.543273911762399, 0.6205316786962877, 0.5723818113703805, 1.332562698819925, 0.05330274301634116, 0.2607633979252752)",G0097_C09_N0_S1001,G0097,random_regular,20,40,10096,C09,256,34,1001,1.0,0.8198529411764706,1.0,success,
28.91015625,34,COBYLA,3,N0,74,75,38400,120,36,3.9415621239995744,"(2.684263134835886, 2.6870810206782356, 0.5725148937244827, 0.8981876142089341, 1.3592982985516782, 0.2660465548715714)",G0097_C10_N0_S1000,G0097,random_regular,20,40,10096,C10,512,34,1000,1.0,0.8502987132352942,1.0,success,
28.26953125,34,COBYLA,3,N0,56,57,29184,120,36,2.3855298420003237,"(2.609695796370981, 0.601900916045563, 0.5759529051901399, 1.3844257538259406, 0.10683088561844702, 0.2872166870907532)",G0097_C10_N0_S1001,G0097,random_regular,20,40,10096,C10,512,34,1001,1.0,0.8314568014705882,1.0,success,
26.9140625,34,SPSA,3,N0,79,80,20480,120,36,2.8228813530004118,"(2.590413450537461, 2.6336740745532228, 0.0498845623391672, -0.42568869199994075, 0.5591804038659226, 0.8937157190606859)",G0097_C11_N0_S1000,G0097,random_regular,20,40,10096,C11,256,34,1000,1.0,0.7915900735294118,1.0,success,
25.21875,34,SPSA,3,N0,79,80,20480,120,36,2.847286662999977,"(3.6373072596983067, 0.8364243172727075, -0.07937746830371593, 0.44587490830899656, -0.5465335190371091, -0.4712280255812712)",G0097_C11_N0_S1001,G0097,random_regular,20,40,10096,C11,256,34,1001,1.0,0.7417279411764706,1.0,success,
25.83984375,34,SPSA,3,N0,79,80,40960,120,36,3.2877445040003295,"(1.7435042886842307, 2.040411578786928, 0.7068059107218565, -0.17680856309812137, 0.4200872417335868, 0.21667043915609024)",G0097_C12_N0_S1000,G0097,random_regular,20,40,10096,C12,512,34,1000,1.0,0.7599954044117647,1.0,success,
26.984375,34,SPSA,3,N0,79,80,40960,120,36,3.250438707000285,"(0.9396982838771893, -1.3905899957616497, 0.3305480914695554, -1.3756416455836944, -2.7025397348890086, -0.8417793794644035)",G0097_C12_N0_S1001,G0097,random_regular,20,40,10096,C12,512,34,1001,1.0,0.7936580882352942,1.0,success,
25.8984375,30,COBYLA,1,N0,32,33,8448,40,19,0.8881071310006519,"(2.696455115325923, 1.2024722566350683)",G0098_C01_N0_S1000,G0098,random_regular,20,40,10097,C01,256,32,1000,1.0,0.809326171875,0.9375,success,
25.1328125,32,COBYLA,1,N0,36,37,9472,40,19,0.8222767090001071,"(2.6921602559057978, -0.46357335207672073)",G0098_C01_N0_S1001,G0098,random_regular,20,40,10097,C01,256,32,1001,1.0,0.785400390625,1.0,success,
25.89453125,32,COBYLA,1,N0,29,30,15360,40,19,0.853389724000408,"(2.6313589710968137, 1.2290825828272451)",G0098_C02_N0_S1000,G0098,random_regular,20,40,10097,C02,512,32,1000,1.0,0.8092041015625,1.0,success,
20.41796875,30,COBYLA,1,N0,26,27,13824,40,19,1.3205200660004266,"(1.911324413509394, -0.5678730064987115)",G0098_C02_N0_S1001,G0098,random_regular,20,40,10097,C02,512,32,1001,1.0,0.6380615234375,0.9375,success,
25.6328125,32,SPSA,1,N0,79,80,20480,40,19,1.650202697000168,"(2.651529275642626, 1.1319793335414992)",G0098_C03_N0_S1000,G0098,random_regular,20,40,10097,C03,256,32,1000,1.0,0.801025390625,1.0,success,
25.6171875,32,SPSA,1,N0,79,80,20480,40,19,2.2455017960000987,"(2.6872185292401927, -0.38680074420478416)",G0098_C03_N0_S1001,G0098,random_regular,20,40,10097,C03,256,32,1001,1.0,0.800537109375,1.0,success,
25.5625,32,SPSA,1,N0,79,80,40960,40,19,3.21819660500023,"(2.603874921263596, 1.12460619767829)",G0098_C04_N0_S1000,G0098,random_regular,20,40,10097,C04,512,32,1000,1.0,0.798828125,1.0,success,
25.25390625,32,SPSA,1,N0,79,80,40960,40,19,2.152782534000835,"(2.5600396414831734, -0.4763774158113302)",G0098_C04_N0_S1001,G0098,random_regular,20,40,10097,C04,512,32,1001,1.0,0.7891845703125,1.0,success,
23.234375,30,COBYLA,2,N0,38,39,9984,80,36,1.174456332999398,"(1.3673350744486923, 2.427974710355285, 1.7320569129185457, 0.32336058529529593)",G0098_C05_N0_S1000,G0098,random_regular,20,40,10097,C05,256,32,1000,1.0,0.72607421875,0.9375,success,
25.4453125,32,COBYLA,2,N0,45,46,11776,80,36,1.389103258000432,"(1.9348226927233065, 0.8428407288763354, 0.131687788168066, 1.0657927543061718)",G0098_C05_N0_S1001,G0098,random_regular,20,40,10097,C05,256,32,1001,1.0,0.795166015625,1.0,success,
24.515625,30,COBYLA,2,N0,42,43,22016,80,36,1.4990660539997407,"(1.2061377745611996, 2.3948547957663067, 1.6500097804345504, 0.2616620930766424)",G0098_C06_N0_S1000,G0098,random_regular,20,40,10097,C06,512,32,1000,1.0,0.76611328125,0.9375,success,
26.6328125,32,COBYLA,2,N0,49,50,25600,80,36,1.8253777950003496,"(2.0452101408849988, 0.6031229043345143, 0.12015626344223422, 1.1464327139998152)",G0098_C06_N0_S1001,G0098,random_regular,20,40,10097,C06,512,32,1001,1.0,0.832275390625,1.0,success,
23.3828125,30,SPSA,2,N0,79,80,20480,80,36,2.253384921000361,"(2.189592228397038, 1.7649788429304645, 1.4689492065530703, 0.5195573551428657)",G0098_C07_N0_S1000,G0098,random_regular,20,40,10097,C07,256,32,1000,1.0,0.730712890625,0.9375,success,
23.6875,32,SPSA,2,N0,79,80,20480,80,36,2.2727733040001112,"(2.011120919311142, 0.32239896373906324, 0.3814192900332437, 1.074496072798249)",G0098_C07_N0_S1001,G0098,random_regular,20,40,10097,C07,256,32,1001,1.0,0.740234375,1.0,success,
20.109375,28,SPSA,2,N0,79,80,40960,80,36,2.745285304999925,"(1.2667400420236743, 1.8532364353403534, 0.6141900352782406, 0.3695661203417422)",G0098_C08_N0_S1000,G0098,random_regular,20,40,10097,C08,512,32,1000,1.0,0.62841796875,0.875,success,
24.92578125,32,SPSA,2,N0,79,80,40960,80,36,3.683430901000065,"(0.6861287575333131, -0.039533893777041876, -0.8480371389712292, -0.25257174029537965)",G0098_C08_N0_S1001,G0098,random_regular,20,40,10097,C08,512,32,1001,1.0,0.7789306640625,1.0,success,
24.6875,30,COBYLA,3,N0,65,66,16896,120,53,3.186772674999702,"(2.0092750202729333, 2.503277139505665, 2.1393152763157914, 0.1444835279115591, 1.398990325116437, 0.3944072839526511)",G0098_C09_N0_S1000,G0098,random_regular,20,40,10097,C09,256,32,1000,1.0,0.771484375,0.9375,success,
27.296875,32,COBYLA,3,N0,50,51,13056,120,53,1.9151536959998339,"(2.5567639261245763, 0.647318038636876, 0.606265923614485, 1.3362310714636936, 0.02257306265458847, 0.2294561056711706)",G0098_C09_N0_S1001,G0098,random_regular,20,40,10097,C09,256,32,1001,1.0,0.85302734375,1.0,success,
23.140625,30,COBYLA,3,N0,59,60,30720,120,53,2.671809567999844,"(2.2066345000684238, 2.3996013908314415, 2.037561000279038, 0.23539413651221727, 1.3702613012830938, 0.4269471841396099)",G0098_C10_N0_S1000,G0098,random_regular,20,40,10097,C10,512,32,1000,1.0,0.72314453125,0.9375,success,
27.546875,32,COBYLA,3,N0,50,51,26112,120,53,2.1840724459998455,"(2.5909512500947676, 0.6411292083689855, 0.5979480318890852, 1.3464119795638285, 0.07857909914962205, 0.2578656344309541)",G0098_C10_N0_S1001,G0098,random_regular,20,40,10097,C10,512,32,1001,1.0,0.86083984375,1.0,success,
25.9609375,30,SPSA,3,N0,79,80,20480,120,53,2.9520984350001527,"(0.5609206023165159, 2.0043802235326607, 1.580212273384997, -1.3985281512115912, -0.30183650694769926, -0.18682064005763008)",G0098_C11_N0_S1000,G0098,random_regular,20,40,10097,C11,256,32,1000,1.0,0.811279296875,0.9375,success,
24.5703125,32,SPSA,3,N0,79,80,20480,120,53,2.9159348720004346,"(2.815072155854456, 1.1942734438971008, -0.3339683542833576, 0.028752680622207274, -0.549519474454244, -0.8290771522056641)",G0098_C11_N0_S1001,G0098,random_regular,20,40,10097,C11,256,32,1001,1.0,0.767822265625,1.0,success,
23.08984375,32,SPSA,3,N0,79,80,40960,120,53,3.3909276539998245,"(0.7749987468720733, 0.5559336251243499, 0.8614668563926832, 0.3613138613014951, 0.580553274844955, 0.2055996516890857)",G0098_C12_N0_S1000,G0098,random_regular,20,40,10097,C12,512,32,1000,1.0,0.7215576171875,1.0,success,
25.40234375,32,SPSA,3,N0,79,80,40960,120,53,4.093300545000602,"(2.660045588942897, -1.810132577634217, -0.49779470151710115, -2.006725392406443, 0.18470014508317847, 1.6298749823357779)",G0098_C12_N0_S1001,G0098,random_regular,20,40,10097,C12,512,32,1001,1.0,0.7938232421875,1.0,success,
25.421875,30,COBYLA,1,N0,32,33,8448,40,25,0.9266798979997475,"(2.6745981202410913, 1.2452033095739976)",G0099_C01_N0_S1000,G0099,random_regular,20,40,10098,C01,256,30,1000,1.0,0.8473958333333333,1.0,success,
19.609375,26,COBYLA,1,N0,26,27,6912,40,25,0.6092032809992816,"(1.8500351217414255, -0.07221508891009339)",G0099_C01_N0_S1001,G0099,random_regular,20,40,10098,C01,256,30,1001,1.0,0.6536458333333334,0.8666666666666667,success,
25.34375,30,COBYLA,1,N0,37,38,19456,40,25,1.0915041819998805,"(2.624346649275865, 1.209630413299864)",G0099_C02_N0_S1000,G0099,random_regular,20,40,10098,C02,512,30,1000,1.0,0.8447916666666667,1.0,success,
20.015625,28,COBYLA,1,N0,27,28,14336,40,25,0.8225879699994039,"(1.71619182860495, 0.22579159094214957)",G0099_C02_N0_S1001,G0099,random_regular,20,40,10098,C02,512,30,1001,1.0,0.6671875,0.9333333333333333,success,
25.28125,30,SPSA,1,N0,79,80,20480,40,25,2.7058266499998354,"(2.557284814504205, 1.2437304485511946)",G0099_C03_N0_S1000,G0099,random_regular,20,40,10098,C03,256,30,1000,1.0,0.8427083333333333,1.0,success,
25.1484375,30,SPSA,1,N0,79,80,20480,40,25,1.7513576249994003,"(2.6067131335803073, -0.2630964601538156)",G0099_C03_N0_S1001,G0099,random_regular,20,40,10098,C03,256,30,1001,1.0,0.83828125,1.0,success,
25.171875,30,SPSA,1,N0,79,80,40960,40,25,2.232600019000529,"(2.593431600393886, 1.2136648892129493)",G0099_C04_N0_S1000,G0099,random_regular,20,40,10098,C04,512,30,1000,1.0,0.8390625,1.0,success,
24.28515625,30,SPSA,1,N0,79,80,40960,40,25,2.195831346999512,"(2.4119194774529853, -0.41849423798406227)",G0099_C04_N0_S1001,G0099,random_regular,20,40,10098,C04,512,30,1001,1.0,0.8095052083333333,1.0,success,
25.4765625,30,COBYLA,2,N0,46,47,12032,80,43,1.4702291550001974,"(1.2423244465691365, 2.4757154930186394, 1.5229957719621139, 0.3152283652153639)",G0099_C05_N0_S1000,G0099,random_regular,20,40,10098,C05,256,30,1000,1.0,0.84921875,1.0,success,
25.5390625,30,COBYLA,2,N0,47,48,12288,80,43,1.5222692529996493,"(1.5627985881007276, 1.1156501682866276, 0.010862840703523209, 1.2041257714798166)",G0099_C05_N0_S1001,G0099,random_regular,20,40,10098,C05,256,30,1001,1.0,0.8513020833333333,1.0,success,
25.7421875,30,COBYLA,2,N0,53,54,27648,80,43,1.9778683550002825,"(1.2492934402547415, 2.3725188435899613, 1.5188736063528672, 0.3652051941005245)",G0099_C06_N0_S1000,G0099,random_regular,20,40,10098,C06,512,30,1000,1.0,0.8580729166666666,1.0,success,
25.5,30,COBYLA,2,N0,49,50,25600,80,43,2.824273967999943,"(1.6409454843425717, 0.9836518437094662, 0.08492471449348123, 1.232505862119328)",G0099_C06_N0_S1001,G0099,random_regular,20,40,10098,C06,512,30,1001,1.0,0.85,1.0,success,
25.359375,30,SPSA,2,N0,79,80,20480,80,43,2.3918870349998542,"(1.5620012777296142, 2.048438504883811, 1.4547943892757427, 0.32765116311877385)",G0099_C07_N0_S1000,G0099,random_regular,20,40,10098,C07,256,30,1000,1.0,0.8453125,1.0,success,
24.4453125,30,SPSA,2,N0,79,80,20480,80,43,2.4341603479997502,"(2.0982721344356463, 0.40955017886356726, 0.4685705051577478, 0.987344857673745)",G0099_C07_N0_S1001,G0099,random_regular,20,40,10098,C07,256,30,1001,1.0,0.81484375,1.0,success,
24.64453125,30,SPSA,2,N0,79,80,40960,80,43,3.933646910999414,"(2.4750765815317974, 2.589315675414613, 1.2114345629918426, 0.03043752043701023)",G0099_C08_N0_S1000,G0099,random_regular,20,40,10098,C08,512,30,1000,1.0,0.821484375,1.0,success,
24.17578125,30,SPSA,2,N0,79,80,40960,80,43,2.8667237880008543,"(2.047088087457763, 0.35836613188568395, 0.4173864581798644, 1.0385289046516282)",G0099_C08_N0_S1001,G0099,random_regular,20,40,10098,C08,512,30,1001,1.0,0.805859375,1.0,success,
21.9296875,28,COBYLA,3,N0,66,67,17152,120,61,2.818426005999754,"(2.2049923980933537, 2.401892882974653, 1.7382018875079857, 0.9111699248624516, 1.4829964238038211, 1.2337581551712316)",G0099_C09_N0_S1000,G0099,random_regular,20,40,10098,C09,256,30,1000,1.0,0.7309895833333333,0.9333333333333333,success,
25.1640625,30,COBYLA,3,N0,52,53,13568,120,61,2.1268474290000086,"(2.583270726210542, 0.8201009256651703, 0.5879285151409248, 1.2211802978971162, -0.041258967907423165, 0.03255418792330524)",G0099_C09_N0_S1001,G0099,random_regular,20,40,10098,C09,256,30,1001,1.0,0.8388020833333333,1.0,success,
26.3671875,30,COBYLA,3,N0,75,76,38912,120,61,3.4894192969995856,"(2.268612150166575, 2.0511894648525315, 1.4474104602066429, 0.39962221071797793, 1.5549450965537555, 0.8931762057929332)",G0099_C10_N0_S1000,G0099,random_regular,20,40,10098,C10,512,30,1000,1.0,0.87890625,1.0,success,
26.91015625,30,COBYLA,3,N0,65,66,33792,120,61,3.582865137999761,"(2.6500591293112574, 0.7284532067400783, 0.5705689233353021, 1.3274718640466099, 0.13334937961258486, 0.1922840961425969)",G0099_C10_N0_S1001,G0099,random_regular,20,40,10098,C10,512,30,1001,1.0,0.8970052083333333,1.0,success,
23.546875,30,SPSA,3,N0,79,80,20480,120,61,3.142160479999802,"(0.7236718592930568, 0.588889693868147, 1.1884638127997063, 0.32466388229878607, 0.28578847459475687, 0.2652756460104493)",G0099_C11_N0_S1000,G0099,random_regular,20,40,10098,C11,256,30,1000,1.0,0.7848958333333333,1.0,success,
24.609375,30,SPSA,3,N0,79,80,20480,120,61,3.278872651000711,"(3.0101067601872535, 2.4014493317445864, 0.4605019537405455, 0.13837247556539095, 0.42675614105713555, 0.9780379598642801)",G0099_C11_N0_S1001,G0099,random_regular,20,40,10098,C11,256,30,1001,1.0,0.8203125,1.0,success,
24.7734375,30,SPSA,3,N0,79,80,40960,120,61,4.17921177000062,"(1.232607227142834, 0.7890582984076437, 0.49555446238255935, 0.16013143731652513, 0.06812442618578252, 1.1895892632819116)",G0099_C12_N0_S1000,G0099,random_regular,20,40,10098,C12,512,30,1000,1.0,0.82578125,1.0,success,
23.51171875,30,SPSA,3,N0,79,80,40960,120,61,3.505060542999672,"(2.722509387452681, 1.2470824131536635, -0.17097431466019622, 0.14981262338364873, -0.2411536971727453, -0.881886121462227)",G0099_C12_N0_S1001,G0099,random_regular,20,40,10098,C12,512,30,1001,1.0,0.7837239583333333,1.0,success,
26.1875,32,COBYLA,1,N0,33,34,8704,40,23,0.9319656229999964,"(2.6173814670815507, 1.2315496067925993)",G0100_C01_N0_S1000,G0100,random_regular,20,40,10099,C01,256,34,1000,1.0,0.7702205882352942,0.9411764705882353,success,
25.875,34,COBYLA,1,N0,40,41,10496,40,23,0.9305259669999941,"(2.627625805667451, -0.4296022920716715)",G0100_C01_N0_S1001,G0100,random_regular,20,40,10099,C01,256,34,1001,1.0,0.7610294117647058,1.0,success,
25.78515625,34,COBYLA,1,N0,33,34,17408,40,23,0.9744560889994318,"(2.630317361843281, 1.1245016932890401)",G0100_C02_N0_S1000,G0100,random_regular,20,40,10099,C02,512,34,1000,1.0,0.7583869485294118,1.0,success,
19.875,28,COBYLA,1,N0,24,25,12800,40,23,0.7183614039995518,"(1.8996765319365125, 0.021902366448898376)",G0100_C02_N0_S1001,G0100,random_regular,20,40,10099,C02,512,34,1001,1.0,0.5845588235294118,0.8235294117647058,success,
25.59375,32,SPSA,1,N0,79,80,20480,40,23,1.6825401460000649,"(2.6179614097721426, 1.1316432859902241)",G0100_C03_N0_S1000,G0100,random_regular,20,40,10099,C03,256,34,1000,1.0,0.7527573529411765,0.9411764705882353,success,
25.8046875,34,SPSA,1,N0,79,80,20480,40,23,2.4263986549995025,"(2.5521362420597398, -0.3348955298738818)",G0100_C03_N0_S1001,G0100,random_regular,20,40,10099,C03,256,34,1001,1.0,0.7589613970588235,1.0,success,
23.77734375,34,SPSA,1,N0,79,80,40960,40,23,2.189452803000677,"(2.4169138161917263, 1.024308024113766)",G0100_C04_N0_S1000,G0100,random_regular,20,40,10099,C04,512,34,1000,1.0,0.6993336397058824,1.0,success,
25.3984375,34,SPSA,1,N0,79,80,40960,40,23,2.4554740080002375,"(2.6523841626514284, -0.2829442528234198)",G0100_C04_N0_S1001,G0100,random_regular,20,40,10099,C04,512,34,1001,1.0,0.7470128676470589,1.0,success,
26.3515625,34,COBYLA,2,N0,44,45,11520,80,39,1.5619278989997838,"(1.3672862718730197, 2.3088099061858744, 1.4727293111400201, 0.3698423652854135)",G0100_C05_N0_S1000,G0100,random_regular,20,40,10099,C05,256,34,1000,1.0,0.7750459558823529,1.0,success,
24.03125,34,COBYLA,2,N0,42,43,11008,80,39,1.3795467419995475,"(1.7825486941750215, 0.7352170625781739, 0.06721566743243841, 0.9435530365372179)",G0100_C05_N0_S1001,G0100,random_regular,20,40,10099,C05,256,34,1001,1.0,0.7068014705882353,1.0,success,
26.421875,34,COBYLA,2,N0,48,49,25088,80,39,2.4671663489998537,"(1.3282936221033583, 2.412900922522175, 1.5272584198523305, 0.38146462292358757)",G0100_C06_N0_S1000,G0100,random_regular,20,40,10099,C06,512,34,1000,1.0,0.7771139705882353,1.0,success,
26.09375,34,COBYLA,2,N0,49,50,25600,80,39,1.891750181000134,"(1.9919113955415293, 0.7599201845555541, 0.1572206459379836, 1.0787218120736757)",G0100_C06_N0_S1001,G0100,random_regular,20,40,10099,C06,512,34,1001,1.0,0.7674632352941176,1.0,success,
23.8359375,34,SPSA,2,N0,79,80,20480,80,39,2.4260500350001166,"(1.7406217865059823, 2.1391010279121594, 1.3843997519937814, 0.475408977514471)",G0100_C07_N0_S1000,G0100,random_regular,20,40,10099,C07,256,34,1000,1.0,0.7010569852941176,1.0,success,
23.9609375,34,SPSA,2,N0,79,80,20480,80,39,2.463989710000533,"(2.004204156206023, 0.3154822006339439, 0.37450252692812436, 1.0814128359033686)",G0100_C07_N0_S1001,G0100,random_regular,20,40,10099,C07,256,34,1001,1.0,0.7047334558823529,1.0,success,
22.296875,32,SPSA,2,N0,79,80,40960,80,39,2.8919391680001354,"(1.729239436229936, 2.2735377167436446, 1.3163860677088697, 0.5994117553778038)",G0100_C08_N0_S1000,G0100,random_regular,20,40,10099,C08,512,34,1000,1.0,0.6557904411764706,0.9411764705882353,success,
25.3984375,32,SPSA,2,N0,79,80,40960,80,39,3.449679579000076,"(0.6398487415957944, 1.0086491025020956, -1.2250108211876196, -1.2612564138863263)",G0100_C08_N0_S1001,G0100,random_regular,20,40,10099,C08,512,34,1001,1.0,0.7470128676470589,0.9411764705882353,success,
27.9609375,34,COBYLA,3,N0,62,63,16128,120,55,2.5612208019992977,"(2.862871606108873, 2.555147927468435, 1.2275399773307536, 1.2251874254700184, 1.4782236522745413, 0.18188059747328342)",G0100_C09_N0_S1000,G0100,random_regular,20,40,10099,C09,256,34,1000,1.0,0.8223805147058824,1.0,success,
27.671875,34,COBYLA,3,N0,54,55,14080,120,55,2.4432148149999193,"(2.5902306070256746, 0.6752379327459687, 0.5626852719195697, 1.387781344439608, 0.08987480833693114, 0.2439470583784433)",G0100_C09_N0_S1001,G0100,random_regular,20,40,10099,C09,256,34,1001,1.0,0.8138786764705882,1.0,success,
24.63671875,34,COBYLA,3,N0,65,66,33792,120,55,3.843003657999361,"(2.143263817950926, 1.8132255670978743, 1.8560105688701536, 0.3792939765061469, 0.02275784803190707, 0.6734063683642436)",G0100_C10_N0_S1000,G0100,random_regular,20,40,10099,C10,512,34,1000,1.0,0.724609375,1.0,success,
27.75,34,COBYLA,3,N0,53,54,27648,120,55,2.4760152740000194,"(2.601230811900711, 0.614918518868146, 0.5963423567236904, 1.3049377416176196, 0.059060778903376944, 0.2796572246232308)",G0100_C10_N0_S1001,G0100,random_regular,20,40,10099,C10,512,34,1001,1.0,0.8161764705882353,1.0,success,
24.0625,32,SPSA,3,N0,79,80,20480,120,55,3.171891219999452,"(1.9570940260497534, 1.6300295393428617, 1.7390862090889285, 0.0001486996369982757, 0.5635771640613121, 0.04050016868250171)",G0100_C11_N0_S1000,G0100,random_regular,20,40,10099,C11,256,34,1000,1.0,0.7077205882352942,0.9411764705882353,success,
27.921875,34,SPSA,3,N0,79,80,20480,120,55,3.216600732000188,"(-0.7686275994897495, 3.447458358017359, 1.951136217486603, -1.2756264864186442, 0.9264191646503341, -1.6629866038115186)",G0100_C11_N0_S1001,G0100,random_regular,20,40,10099,C11,256,34,1001,1.0,0.8212316176470589,1.0,success,
24.04296875,32,SPSA,3,N0,79,80,40960,120,55,3.5998460849996263,"(1.9725161623000584, 1.6523684386982862, 1.758609202083416, -0.01527343661330692, 0.5859160634167366, 0.02097717568801448)",G0100_C12_N0_S1000,G0100,random_regular,20,40,10099,C12,512,34,1000,1.0,0.7071461397058824,0.9411764705882353,success,
26.59765625,34,SPSA,3,N0,79,80,40960,120,55,4.290556498999649,"(2.6384733937884137, -0.092086010096636, 0.1723001723812192, -1.0165699787563023, -0.0991631545813354, 0.6215965006243427)",G0100_C12_N0_S1001,G0100,random_regular,20,40,10099,C12,512,34,1001,1.0,0.7822840073529411,1.0,success,
