graph_id,config_id,noise_condition,depth,optimizer,shots,mean_expected_approximation_ratio,std_expected_approximation_ratio,n_seeds,num_nodes,num_edges,graph_family,graph_seed,density,optimizer_code,noise_code,family_code
G0001,C01,N0,1,COBYLA,256,0.6294921875,0.014639320079252774,2,10,12,erdos_renyi,10000,0.26666666666666666,0,0,0
G0001,C02,N0,1,COBYLA,512,0.64853515625,0.01588228121805722,2,10,12,erdos_renyi,10000,0.26666666666666666,0,0,0
G0001,C03,N0,1,SPSA,256,0.6363281249999999,0.009391261937633889,2,10,12,erdos_renyi,10000,0.26666666666666666,1,0,0
G0001,C04,N0,1,SPSA,512,0.6375,0.007181553246425818,2,10,12,erdos_renyi,10000,0.26666666666666666,1,0,0
G0001,C05,N0,2,COBYLA,256,0.67421875,0.01933495104806966,2,10,12,erdos_renyi,10000,0.26666666666666666,0,0,0
G0001,C06,N0,2,COBYLA,512,0.6357421875,0.011048543456039806,2,10,12,erdos_renyi,10000,0.26666666666666666,0,0,0
G0001,C07,N0,2,SPSA,256,0.704296875,0.1016465997955662,2,10,12,erdos_renyi,10000,0.26666666666666666,1,0,0
G0001,C08,N0,2,SPSA,512,0.6673828125000001,0.03756504775053536,2,10,12,erdos_renyi,10000,0.26666666666666666,1,0,0
G0001,C09,N0,3,COBYLA,256,0.646875,0.03922232926894128,2,10,12,erdos_renyi,10000,0.26666666666666666,0,0,0
G0001,C10,N0,3,COBYLA,512,0.63056640625,0.01256771818124527,2,10,12,erdos_renyi,10000,0.26666666666666666,0,0,0
G0001,C11,N0,3,SPSA,256,0.7181640625000001,0.0991606775179573,2,10,12,erdos_renyi,10000,0.26666666666666666,1,0,0
G0001,C12,N0,3,SPSA,512,0.726171875,0.09474126013554135,2,10,12,erdos_renyi,10000,0.26666666666666666,1,0,0
G0002,C01,N0,1,COBYLA,256,0.6357421875,0.0013810679320049757,2,10,14,erdos_renyi,10001,0.3111111111111111,0,0,0
G0002,C02,N0,1,COBYLA,512,0.6433919270833333,0.00437338178468241,2,10,14,erdos_renyi,10001,0.3111111111111111,0,0,0
G0002,C03,N0,1,SPSA,256,0.6554361979166667,0.008516585580697416,2,10,14,erdos_renyi,10001,0.3111111111111111,1,0,0
G0002,C04,N0,1,SPSA,512,0.658203125,0.00184142390934002,2,10,14,erdos_renyi,10001,0.3111111111111111,1,0,0
G0002,C05,N0,2,COBYLA,256,0.6490885416666667,0.02577993473075961,2,10,14,erdos_renyi,10001,0.3111111111111111,0,0,0
G0002,C06,N0,2,COBYLA,512,0.662353515625,0.01945004004240346,2,10,14,erdos_renyi,10001,0.3111111111111111,0,0,0
G0002,C07,N0,2,SPSA,256,0.6697591145833334,0.02140655294607712,2,10,14,erdos_renyi,10001,0.3111111111111111,1,0,0
G0002,C08,N0,2,SPSA,512,0.6682942708333334,0.020716018980074635,2,10,14,erdos_renyi,10001,0.3111111111111111,1,0,0
G0002,C09,N0,3,COBYLA,256,0.6590169270833333,0.01956512903673714,2,10,14,erdos_renyi,10001,0.3111111111111111,0,0,0
G0002,C10,N0,3,COBYLA,512,0.6708984375,0.023017798866749543,2,10,14,erdos_renyi,10001,0.3111111111111111,0,0,0
G0002,C11,N0,3,SPSA,256,0.6695963541666667,0.01150889943337481,2,10,14,erdos_renyi,10001,0.3111111111111111,1,0,0
G0002,C12,N0,3,SPSA,512,0.6774088541666667,0.03291545237945193,2,10,14,erdos_renyi,10001,0.3111111111111111,1,0,0
G0003,C01,N0,1,COBYLA,256,0.6326497395833333,0.01956512903673714,2,10,15,erdos_renyi,10002,0.3333333333333333,0,0,0
G0003,C02,N0,1,COBYLA,512,0.728759765625,0.0010358009490037316,2,10,15,erdos_renyi,10002,0.3333333333333333,0,0,0
G0003,C03,N0,1,SPSA,256,0.6935221354166667,0.04028114801681178,2,10,15,erdos_renyi,10002,0.3333333333333333,1,0,0
G0003,C04,N0,1,SPSA,512,0.7255045572916666,0.004488470779016171,2,10,15,erdos_renyi,10002,0.3333333333333333,1,0,0
G0003,C05,N0,2,COBYLA,256,0.6959635416666666,0.01242961138804478,2,10,15,erdos_renyi,10002,0.3333333333333333,0,0,0
G0003,C06,N0,2,COBYLA,512,0.701416015625,0.0010358009490037316,2,10,15,erdos_renyi,10002,0.3333333333333333,0,0,0
G0003,C07,N0,2,SPSA,256,0.6803385416666667,0.07826051614694861,2,10,15,erdos_renyi,10002,0.3333333333333333,1,0,0
G0003,C08,N0,2,SPSA,512,0.68212890625,0.06928357458891622,2,10,15,erdos_renyi,10002,0.3333333333333333,1,0,0
G0003,C09,N0,3,COBYLA,256,0.6904296875,0.07181553246425873,2,10,15,erdos_renyi,10002,0.3333333333333333,0,0,0
G0003,C10,N0,3,COBYLA,512,0.67919921875,0.05501253929153158,2,10,15,erdos_renyi,10002,0.3333333333333333,0,0,0
G0003,C11,N0,3,SPSA,256,0.7433268229166667,0.019104773059402176,2,10,15,erdos_renyi,10002,0.3333333333333333,1,0,0
G0003,C12,N0,3,SPSA,512,0.7411295572916667,0.004028114801681244,2,10,15,erdos_renyi,10002,0.3333333333333333,1,0,0
G0004,C01,N0,1,COBYLA,256,0.6703404017857143,0.08976941558032342,2,10,16,erdos_renyi,10003,0.35555555555555557,0,0,0
G0004,C02,N0,1,COBYLA,512,0.5867047991071429,0.032455096402116926,2,10,16,erdos_renyi,10003,0.35555555555555557,0,0,0
G0004,C03,N0,1,SPSA,256,0.5717075892857142,0.02722676780238378,2,10,16,erdos_renyi,10003,0.35555555555555557,1,0,0
G0004,C04,N0,1,SPSA,512,0.5744977678571428,0.021505200655506065,2,10,16,erdos_renyi,10003,0.35555555555555557,1,0,0
G0004,C05,N0,2,COBYLA,256,0.5799386160714286,0.006116157984593486,2,10,16,erdos_renyi,10003,0.35555555555555557,0,0,0
G0004,C06,N0,2,COBYLA,512,0.5992606026785714,0.02772000634952842,2,10,16,erdos_renyi,10003,0.35555555555555557,0,0,0
G0004,C07,N0,2,SPSA,256,0.6037946428571428,0.015783633508628197,2,10,16,erdos_renyi,10003,0.35555555555555557,1,0,0
G0004,C08,N0,2,SPSA,512,0.5980747767857143,0.003354022120583535,2,10,16,erdos_renyi,10003,0.35555555555555557,1,0,0
G0004,C09,N0,3,COBYLA,256,0.6007254464285714,0.0011837725131471275,2,10,16,erdos_renyi,10003,0.35555555555555557,0,0,0
G0004,C10,N0,3,COBYLA,512,0.6003069196428572,0.006116157984593368,2,10,16,erdos_renyi,10003,0.35555555555555557,0,0,0
G0004,C11,N0,3,SPSA,256,0.5998883928571429,0.0,2,10,16,erdos_renyi,10003,0.35555555555555557,1,0,0
G0004,C12,N0,3,SPSA,512,0.6109793526785714,0.003452669830012439,2,10,16,erdos_renyi,10003,0.35555555555555557,1,0,0
G0005,C01,N0,1,COBYLA,256,0.6626953124999999,0.030107280917708524,2,10,12,erdos_renyi,10004,0.26666666666666666,0,0,0
G0005,C02,N0,1,COBYLA,512,0.630859375,0.00580048531442096,2,10,12,erdos_renyi,10004,0.26666666666666666,0,0,0
G0005,C03,N0,1,SPSA,256,0.673046875,0.006076698900821979,2,10,12,erdos_renyi,10004,0.26666666666666666,1,0,0
G0005,C04,N0,1,SPSA,512,0.6854492187500001,0.03355995074772096,2,10,12,erdos_renyi,10004,0.26666666666666666,1,0,0
G0005,C05,N0,2,COBYLA,256,0.677734375,0.035907766232129365,2,10,12,erdos_renyi,10004,0.26666666666666666,0,0,0
G0005,C06,N0,2,COBYLA,512,0.7176757812500001,0.11228082287200458,2,10,12,erdos_renyi,10004,0.26666666666666666,0,0,0
G0005,C07,N0,2,SPSA,256,0.688671875,0.0392223292689414,2,10,12,erdos_renyi,10004,0.26666666666666666,1,0,0
G0005,C08,N0,2,SPSA,512,0.7232421875,0.0999893182771602,2,10,12,erdos_renyi,10004,0.26666666666666666,1,0,0
G0005,C09,N0,3,COBYLA,256,0.6677734375,0.03894611568254026,2,10,12,erdos_renyi,10004,0.26666666666666666,0,0,0
G0005,C10,N0,3,COBYLA,512,0.642578125,0.02209708691207961,2,10,12,erdos_renyi,10004,0.26666666666666666,0,0,0
G0005,C11,N0,3,SPSA,256,0.80625,0.007733980419227895,2,10,12,erdos_renyi,10004,0.26666666666666666,1,0,0
G0005,C12,N0,3,SPSA,512,0.834375,0.027621358640099514,2,10,12,erdos_renyi,10004,0.26666666666666666,1,0,0
G0006,C01,N0,1,COBYLA,256,0.6121419270833333,0.012659789376712343,2,10,14,erdos_renyi,10005,0.3111111111111111,0,0,0
G0006,C02,N0,1,COBYLA,512,0.62353515625,0.007135517648692321,2,10,14,erdos_renyi,10005,0.3111111111111111,0,0,0
G0006,C03,N0,1,SPSA,256,0.62548828125,0.012199433399377338,2,10,14,erdos_renyi,10005,0.3111111111111111,1,0,0
G0006,C04,N0,1,SPSA,512,0.628662109375,0.0017263349150062196,2,10,14,erdos_renyi,10005,0.3111111111111111,1,0,0
G0006,C05,N0,2,COBYLA,256,0.6240234375,0.03959061405080925,2,10,14,erdos_renyi,10005,0.3111111111111111,0,0,0
G0006,C06,N0,2,COBYLA,512,0.637939453125,0.02750626964576571,2,10,14,erdos_renyi,10005,0.3111111111111111,0,0,0
G0006,C07,N0,2,SPSA,256,0.6399739583333333,0.0105881874787048,2,10,14,erdos_renyi,10005,0.3111111111111111,1,0,0
G0006,C08,N0,2,SPSA,512,0.6402994791666667,0.011969255410709855,2,10,14,erdos_renyi,10005,0.3111111111111111,1,0,0
G0006,C09,N0,3,COBYLA,256,0.5856119791666667,0.006444983682689952,2,10,14,erdos_renyi,10005,0.3111111111111111,0,0,0
G0006,C10,N0,3,COBYLA,512,0.625244140625,0.015537014235055976,2,10,14,erdos_renyi,10005,0.3111111111111111,0,0,0
G0006,C11,N0,3,SPSA,256,0.638671875,0.002301779886674907,2,10,14,erdos_renyi,10005,0.3111111111111111,1,0,0
G0006,C12,N0,3,SPSA,512,0.642578125,0.003452669830012439,2,10,14,erdos_renyi,10005,0.3111111111111111,1,0,0
G0007,C01,N0,1,COBYLA,256,0.6185396634615384,0.0316583264413448,2,10,16,erdos_renyi,10006,0.35555555555555557,0,0,0
G0007,C02,N0,1,COBYLA,512,0.6440054086538463,0.03622647421643816,2,10,16,erdos_renyi,10006,0.35555555555555557,0,0,0
G0007,C03,N0,1,SPSA,256,0.6236478365384615,0.027408886650560276,2,10,16,erdos_renyi,10006,0.35555555555555557,1,0,0
G0007,C04,N0,1,SPSA,512,0.6026141826923077,0.007648991623412185,2,10,16,erdos_renyi,10006,0.35555555555555557,1,0,0
G0007,C05,N0,2,COBYLA,256,0.6431790865384616,0.02825877460871718,2,10,16,erdos_renyi,10006,0.35555555555555557,0,0,0
G0007,C06,N0,2,COBYLA,512,0.6617337740384616,0.017953883116064683,2,10,16,erdos_renyi,10006,0.35555555555555557,0,0,0
G0007,C07,N0,2,SPSA,256,0.701171875,0.10432374686376047,2,10,16,erdos_renyi,10006,0.35555555555555557,1,0,0
G0007,C08,N0,2,SPSA,512,0.6561748798076923,0.04939973756787025,2,10,16,erdos_renyi,10006,0.35555555555555557,1,0,0
G0007,C09,N0,3,COBYLA,256,0.6292067307692308,0.03824495811706081,2,10,16,erdos_renyi,10006,0.35555555555555557,0,0,0
G0007,C10,N0,3,COBYLA,512,0.6781850961538461,0.0146605672782067,2,10,16,erdos_renyi,10006,0.35555555555555557,0,0,0
G0007,C11,N0,3,SPSA,256,0.6482872596153846,0.03845743010660016,2,10,16,erdos_renyi,10006,0.35555555555555557,1,0,0
G0007,C12,N0,3,SPSA,512,0.6622596153846154,0.056942493196512796,2,10,16,erdos_renyi,10006,0.35555555555555557,1,0,0
G0008,C01,N0,1,COBYLA,256,0.67333984375,0.005294093739352459,2,10,15,erdos_renyi,10007,0.3333333333333333,0,0,0
G0008,C02,N0,1,COBYLA,512,0.67919921875,0.00184142390934002,2,10,15,erdos_renyi,10007,0.3333333333333333,0,0,0
G0008,C03,N0,1,SPSA,256,0.6466471354166666,0.003452669830012439,2,10,15,erdos_renyi,10007,0.3333333333333333,1,0,0
G0008,C04,N0,1,SPSA,512,0.6869303385416666,0.035562499249128125,2,10,15,erdos_renyi,10007,0.3333333333333333,1,0,0
G0008,C05,N0,2,COBYLA,256,0.638671875,0.011969255410709737,2,10,15,erdos_renyi,10007,0.3333333333333333,0,0,0
G0008,C06,N0,2,COBYLA,512,0.6669108072916667,0.033030541373785735,2,10,15,erdos_renyi,10007,0.3333333333333333,0,0,0
G0008,C07,N0,2,SPSA,256,0.7081705729166667,0.05915574308754647,2,10,15,erdos_renyi,10007,0.3333333333333333,1,0,0
G0008,C08,N0,2,SPSA,512,0.7146809895833333,0.06951375257758372,2,10,15,erdos_renyi,10007,0.3333333333333333,1,0,0
G0008,C09,N0,3,COBYLA,256,0.6599934895833333,0.02232726490074717,2,10,15,erdos_renyi,10007,0.3333333333333333,0,0,0
G0008,C10,N0,3,COBYLA,512,0.6522623697916666,0.014846480269053488,2,10,15,erdos_renyi,10007,0.3333333333333333,0,0,0
G0008,C11,N0,3,SPSA,256,0.685546875,0.0032224918413449955,2,10,15,erdos_renyi,10007,0.3333333333333333,1,0,0
G0008,C12,N0,3,SPSA,512,0.6925455729166667,0.020485840991407153,2,10,15,erdos_renyi,10007,0.3333333333333333,1,0,0
G0009,C01,N0,1,COBYLA,256,0.578515625,0.018966666266201686,2,10,17,erdos_renyi,10008,0.37777777777777777,0,0,0
G0009,C02,N0,1,COBYLA,512,0.6534505208333333,0.1155493503110829,2,10,17,erdos_renyi,10008,0.37777777777777777,0,0,0
G0009,C03,N0,1,SPSA,256,0.5838541666666667,0.016572815184059706,2,10,17,erdos_renyi,10008,0.37777777777777777,1,0,0
G0009,C04,N0,1,SPSA,512,0.5825520833333333,0.015652103229389737,2,10,17,erdos_renyi,10008,0.37777777777777777,1,0,0
G0009,C05,N0,2,COBYLA,256,0.58125,0.00883883476483193,2,10,17,erdos_renyi,10008,0.37777777777777777,0,0,0
G0009,C06,N0,2,COBYLA,512,0.5856770833333333,0.0005524271728019589,2,10,17,erdos_renyi,10008,0.37777777777777777,0,0,0
G0009,C07,N0,2,SPSA,256,0.5872395833333334,0.0003682847818679726,2,10,17,erdos_renyi,10008,0.37777777777777777,1,0,0
G0009,C08,N0,2,SPSA,512,0.5858723958333334,0.00027621358640094015,2,10,17,erdos_renyi,10008,0.37777777777777777,1,0,0
G0009,C09,N0,3,COBYLA,256,0.5934895833333333,0.01694109996592768,2,10,17,erdos_renyi,10008,0.37777777777777777,0,0,0
G0009,C10,N0,3,COBYLA,512,0.5915364583333333,0.013074109756313812,2,10,17,erdos_renyi,10008,0.37777777777777777,0,0,0
G0009,C11,N0,3,SPSA,256,0.570703125,0.01933495104806966,2,10,17,erdos_renyi,10008,0.37777777777777777,1,0,0
G0009,C12,N0,3,SPSA,512,0.5786458333333333,0.009943689110435848,2,10,17,erdos_renyi,10008,0.37777777777777777,1,0,0
G0010,C01,N0,1,COBYLA,256,0.6282087053571428,0.10200173154951035,2,10,15,erdos_renyi,10009,0.3333333333333333,0,0,0
G0010,C02,N0,1,COBYLA,512,0.6200474330357143,0.1022976746777971,2,10,15,erdos_renyi,10009,0.3333333333333333,0,0,0
G0010,C03,N0,1,SPSA,256,0.6040736607142857,0.08168030340715136,2,10,15,erdos_renyi,10009,0.3333333333333333,1,0,0
G0010,C04,N0,1,SPSA,512,0.5851702008928572,0.03008755137582271,2,10,15,erdos_renyi,10009,0.3333333333333333,1,0,0
G0010,C05,N0,2,COBYLA,256,0.5844029017857143,0.01716470144063329,2,10,15,erdos_renyi,10009,0.3333333333333333,0,0,0
G0010,C06,N0,2,COBYLA,512,0.595703125,0.026042995289236728,2,10,15,erdos_renyi,10009,0.3333333333333333,0,0,0
G0010,C07,N0,2,SPSA,256,0.6139787946428572,0.011245838874897732,2,10,15,erdos_renyi,10009,0.3333333333333333,1,0,0
G0010,C08,N0,2,SPSA,512,0.6024693080357143,0.0077931690448851745,2,10,15,erdos_renyi,10009,0.3333333333333333,1,0,0
G0010,C09,N0,3,COBYLA,256,0.5732421875,0.04281310589215424,2,10,15,erdos_renyi,10009,0.3333333333333333,0,0,0
G0010,C10,N0,3,COBYLA,512,0.5749162946428572,0.04439146924301707,2,10,15,erdos_renyi,10009,0.3333333333333333,0,0,0
G0010,C11,N0,3,SPSA,256,0.6668526785714286,0.10930166204725092,2,10,15,erdos_renyi,10009,0.3333333333333333,1,0,0
G0010,C12,N0,3,SPSA,512,0.6906389508928572,0.14767562101510337,2,10,15,erdos_renyi,10009,0.3333333333333333,1,0,0
G0011,C01,N0,1,COBYLA,256,0.63759765625,0.0020716018980074633,2,12,25,erdos_renyi,10010,0.3787878787878788,0,0,0
G0011,C02,N0,1,COBYLA,512,0.636083984375,0.009460315334234115,2,12,25,erdos_renyi,10010,0.3787878787878788,0,0,0
G0011,C03,N0,1,SPSA,256,0.6337890625,0.011877184215242823,2,12,25,erdos_renyi,10010,0.3787878787878788,1,0,0
G0011,C04,N0,1,SPSA,512,0.639599609375,0.00462657757221666,2,12,25,erdos_renyi,10010,0.3787878787878788,1,0,0
G0011,C05,N0,2,COBYLA,256,0.63232421875,0.009529368730834301,2,12,25,erdos_renyi,10010,0.3787878787878788,0,0,0
G0011,C06,N0,2,COBYLA,512,0.6932617187500001,0.08534999819790755,2,12,25,erdos_renyi,10010,0.3787878787878788,0,0,0
G0011,C07,N0,2,SPSA,256,0.66884765625,0.06560072677023635,2,12,25,erdos_renyi,10010,0.3787878787878788,1,0,0
G0011,C08,N0,2,SPSA,512,0.65849609375,0.040741503994146784,2,12,25,erdos_renyi,10010,0.3787878787878788,1,0,0
G0011,C09,N0,3,COBYLA,256,0.62578125,0.0022097086912078747,2,12,25,erdos_renyi,10010,0.3787878787878788,0,0,0
G0011,C10,N0,3,COBYLA,512,0.6498046875000001,0.003866990209613908,2,12,25,erdos_renyi,10010,0.3787878787878788,0,0,0
G0011,C11,N0,3,SPSA,256,0.65107421875,0.002347815484408482,2,12,25,erdos_renyi,10010,0.3787878787878788,1,0,0
G0011,C12,N0,3,SPSA,512,0.703515625,0.07236795963706069,2,12,25,erdos_renyi,10010,0.3787878787878788,1,0,0
G0012,C01,N0,1,COBYLA,256,0.6027560763888888,0.0041432037960149265,2,12,22,erdos_renyi,10011,0.3333333333333333,0,0,0
G0012,C02,N0,1,COBYLA,512,0.6254340277777778,0.0021483278942299447,2,12,22,erdos_renyi,10011,0.3333333333333333,0,0,0
G0012,C03,N0,1,SPSA,256,0.6130642361111112,0.019948759017849628,2,12,22,erdos_renyi,10011,0.3333333333333333,1,0,0
G0012,C04,N0,1,SPSA,512,0.6152886284722222,0.009590749527812348,2,12,22,erdos_renyi,10011,0.3333333333333333,1,0,0
G0012,C05,N0,2,COBYLA,256,0.6030815972222222,0.00184142390934002,2,12,22,erdos_renyi,10011,0.3333333333333333,0,0,0
G0012,C06,N0,2,COBYLA,512,0.6939019097222222,0.09575404328567837,2,12,22,erdos_renyi,10011,0.3333333333333333,0,0,0
G0012,C07,N0,2,SPSA,256,0.6259765625,0.020102211010294628,2,12,22,erdos_renyi,10011,0.3333333333333333,1,0,0
G0012,C08,N0,2,SPSA,512,0.6868489583333334,0.09529368730834333,2,12,22,erdos_renyi,10011,0.3333333333333333,1,0,0
G0012,C09,N0,3,COBYLA,256,0.6144748263888888,0.02194363491963453,2,12,22,erdos_renyi,10011,0.3333333333333333,0,0,0
G0012,C10,N0,3,COBYLA,512,0.6630316840277778,0.039206984069696846,2,12,22,erdos_renyi,10011,0.3333333333333333,0,0,0
G0012,C11,N0,3,SPSA,256,0.6296657986111112,0.012736515372934822,2,12,22,erdos_renyi,10011,0.3333333333333333,1,0,0
G0012,C12,N0,3,SPSA,512,0.6347113715277778,0.0029923138526773948,2,12,22,erdos_renyi,10011,0.3333333333333333,1,0,0
G0013,C01,N0,1,COBYLA,256,0.6480654761904763,0.003682847818679922,2,12,26,erdos_renyi,10012,0.3939393939393939,0,0,0
G0013,C02,N0,1,COBYLA,512,0.6267206101190477,0.034395168020885734,2,12,26,erdos_renyi,10012,0.3939393939393939,0,0,0
G0013,C03,N0,1,SPSA,256,0.6420200892857143,0.0001315302792385392,2,12,26,erdos_renyi,10012,0.3939393939393939,1,0,0
G0013,C04,N0,1,SPSA,512,0.6448102678571428,0.003945908377157079,2,12,26,erdos_renyi,10012,0.3939393939393939,1,0,0
G0013,C05,N0,2,COBYLA,256,0.6267671130952381,0.0003945908377157353,2,12,26,erdos_renyi,10012,0.3939393939393939,0,0,0
G0013,C06,N0,2,COBYLA,512,0.6477864583333334,0.008944058988222706,2,12,26,erdos_renyi,10012,0.3939393939393939,0,0,0
G0013,C07,N0,2,SPSA,256,0.6447172619047619,0.00078918167543151,2,12,26,erdos_renyi,10012,0.3939393939393939,1,0,0
G0013,C08,N0,2,SPSA,512,0.6502511160714286,0.01335032334271483,2,12,26,erdos_renyi,10012,0.3939393939393939,1,0,0
G0013,C09,N0,3,COBYLA,256,0.6275111607142858,0.01065395261832407,2,12,26,erdos_renyi,10012,0.3939393939393939,0,0,0
G0013,C10,N0,3,COBYLA,512,0.6421130952380952,0.03248797897192656,2,12,26,erdos_renyi,10012,0.3939393939393939,0,0,0
G0013,C11,N0,3,SPSA,256,0.6434151785714286,0.0005261211169541961,2,12,26,erdos_renyi,10012,0.3939393939393939,1,0,0
G0013,C12,N0,3,SPSA,512,0.6395554315476191,0.014139505018146143,2,12,26,erdos_renyi,10012,0.3939393939393939,1,0,0
G0014,C01,N0,1,COBYLA,256,0.574938322368421,0.0027621358640099515,2,12,22,erdos_renyi,10013,0.3333333333333333,0,0,0
G0014,C02,N0,1,COBYLA,512,0.5847553453947368,0.0032709503652749174,2,12,22,erdos_renyi,10013,0.3333333333333333,0,0,0
G0014,C03,N0,1,SPSA,256,0.587890625,0.013810679320049757,2,12,22,erdos_renyi,10013,0.3333333333333333,1,0,0
G0014,C04,N0,1,SPSA,512,0.590306332236842,0.0025440725063248706,2,12,22,erdos_renyi,10013,0.3333333333333333,1,0,0
G0014,C05,N0,2,COBYLA,256,0.579358552631579,0.0014537557178999764,2,12,22,erdos_renyi,10013,0.3333333333333333,0,0,0
G0014,C06,N0,2,COBYLA,512,0.5914370888157895,0.003125574793484994,2,12,22,erdos_renyi,10013,0.3333333333333333,0,0,0
G0014,C07,N0,2,SPSA,256,0.5779194078947368,0.00436126715369989,2,12,22,erdos_renyi,10013,0.3333333333333333,1,0,0
G0014,C08,N0,2,SPSA,512,0.5877878289473684,0.004942769440860014,2,12,22,erdos_renyi,10013,0.3333333333333333,1,0,0
G0014,C09,N0,3,COBYLA,256,0.5806949013157895,0.006541900730549835,2,12,22,erdos_renyi,10013,0.3333333333333333,0,0,0
G0014,C10,N0,3,COBYLA,512,0.5841899671052632,0.006251149586969832,2,12,22,erdos_renyi,10013,0.3333333333333333,0,0,0
G0014,C11,N0,3,SPSA,256,0.581517269736842,0.0036343892947499215,2,12,22,erdos_renyi,10013,0.3333333333333333,1,0,0
G0014,C12,N0,3,SPSA,512,0.585731907894737,0.0026167602922199103,2,12,22,erdos_renyi,10013,0.3333333333333333,1,0,0
G0015,C01,N0,1,COBYLA,256,0.6618009868421053,0.0063965251587598726,2,12,23,erdos_renyi,10014,0.3484848484848485,0,0,0
G0015,C02,N0,1,COBYLA,512,0.643040707236842,0.04484836389721422,2,12,23,erdos_renyi,10014,0.3484848484848485,0,0,0
G0015,C03,N0,1,SPSA,256,0.6053659539473684,0.033291005939909454,2,12,23,erdos_renyi,10014,0.3484848484848485,1,0,0
G0015,C04,N0,1,SPSA,512,0.6087582236842106,0.00348901372295992,2,12,23,erdos_renyi,10014,0.3484848484848485,1,0,0
G0015,C05,N0,2,COBYLA,256,0.6288034539473684,0.02107945790954964,2,12,23,erdos_renyi,10014,0.3484848484848485,0,0,0
G0015,C06,N0,2,COBYLA,512,0.6682771381578947,0.0174450686147996,2,12,23,erdos_renyi,10014,0.3484848484848485,0,0,0
G0015,C07,N0,2,SPSA,256,0.6588199013157895,0.02631297849398958,2,12,23,erdos_renyi,10014,0.3484848484848485,1,0,0
G0015,C08,N0,2,SPSA,512,0.6582545230263157,0.03627120516160437,2,12,23,erdos_renyi,10014,0.3484848484848485,1,0,0
G0015,C09,N0,3,COBYLA,256,0.6400082236842105,0.060185486721058924,2,12,23,erdos_renyi,10014,0.3484848484848485,0,0,0
G0015,C10,N0,3,COBYLA,512,0.637438322368421,0.044484924967739224,2,12,23,erdos_renyi,10014,0.3484848484848485,0,0,0
G0015,C11,N0,3,SPSA,256,0.6822574013157895,0.026022227350409575,2,12,23,erdos_renyi,10014,0.3484848484848485,1,0,0
G0015,C12,N0,3,SPSA,512,0.657689144736842,0.03663464409107933,2,12,23,erdos_renyi,10014,0.3484848484848485,1,0,0
G0016,C01,N0,1,COBYLA,256,0.5943359374999999,0.012705824974445721,2,12,24,erdos_renyi,10015,0.36363636363636365,0,0,0
G0016,C02,N0,1,COBYLA,512,0.611328125,0.007595873626027366,2,12,24,erdos_renyi,10015,0.36363636363636365,0,0,0
G0016,C03,N0,1,SPSA,256,0.6207031249999999,0.0011048543456039569,2,12,24,erdos_renyi,10015,0.36363636363636365,1,0,0
G0016,C04,N0,1,SPSA,512,0.618310546875,0.0017263349150062196,2,12,24,erdos_renyi,10015,0.36363636363636365,1,0,0
G0016,C05,N0,2,COBYLA,256,0.66357421875,0.0981939299655538,2,12,24,erdos_renyi,10015,0.36363636363636365,0,0,0
G0016,C06,N0,2,COBYLA,512,0.59736328125,0.0033145630368119493,2,12,24,erdos_renyi,10015,0.36363636363636365,0,0,0
G0016,C07,N0,2,SPSA,256,0.619921875,0.0033145630368119493,2,12,24,erdos_renyi,10015,0.36363636363636365,1,0,0
G0016,C08,N0,2,SPSA,512,0.62373046875,0.0006905339660024879,2,12,24,erdos_renyi,10015,0.36363636363636365,1,0,0
G0016,C09,N0,3,COBYLA,256,0.5978515625,0.014086892906450696,2,12,24,erdos_renyi,10015,0.36363636363636365,0,0,0
G0016,C10,N0,3,COBYLA,512,0.6046875,0.01602038801125763,2,12,24,erdos_renyi,10015,0.36363636363636365,0,0,0
G0016,C11,N0,3,SPSA,256,0.61796875,0.0024859222776089326,2,12,24,erdos_renyi,10015,0.36363636363636365,1,0,0
G0016,C12,N0,3,SPSA,512,0.60771484375,0.008562621178430872,2,12,24,erdos_renyi,10015,0.36363636363636365,1,0,0
G0017,C01,N0,1,COBYLA,256,0.6298314144736843,0.006251149586969949,2,12,24,erdos_renyi,10016,0.36363636363636365,0,0,0
G0017,C02,N0,1,COBYLA,512,0.6397512335526316,0.00457933051138497,2,12,24,erdos_renyi,10016,0.36363636363636365,0,0,0
G0017,C03,N0,1,SPSA,256,0.6404194078947368,0.010176290025299796,2,12,24,erdos_renyi,10016,0.36363636363636365,1,0,0
G0017,C04,N0,1,SPSA,512,0.6462787828947368,0.0058150228715999055,2,12,24,erdos_renyi,10016,0.36363636363636365,1,0,0
G0017,C05,N0,2,COBYLA,256,0.6543996710526316,0.004942769440860014,2,12,24,erdos_renyi,10016,0.36363636363636365,0,0,0
G0017,C06,N0,2,COBYLA,512,0.6576891447368421,0.010757792312459801,2,12,24,erdos_renyi,10016,0.36363636363636365,0,0,0
G0017,C07,N0,2,SPSA,256,0.6618009868421053,0.007268778589499882,2,12,24,erdos_renyi,10016,0.36363636363636365,1,0,0
G0017,C08,N0,2,SPSA,512,0.6458675986842106,0.00043612671536996547,2,12,24,erdos_renyi,10016,0.36363636363636365,1,0,0
G0017,C09,N0,3,COBYLA,256,0.6261307565789473,0.02398696934534955,2,12,24,erdos_renyi,10016,0.36363636363636365,0,0,0
G0017,C10,N0,3,COBYLA,512,0.6366159539473684,0.017735819758379682,2,12,24,erdos_renyi,10016,0.36363636363636365,0,0,0
G0017,C11,N0,3,SPSA,256,0.6519325657894737,0.006687276302339915,2,12,24,erdos_renyi,10016,0.36363636363636365,1,0,0
G0017,C12,N0,3,SPSA,512,0.646021792763158,0.0005088145012650055,2,12,24,erdos_renyi,10016,0.36363636363636365,1,0,0
G0018,C01,N0,1,COBYLA,256,0.6147748161764706,0.054105367218547924,2,12,20,erdos_renyi,10017,0.30303030303030304,0,0,0
G0018,C02,N0,1,COBYLA,512,0.7054227941176471,0.08318903308077032,2,12,20,erdos_renyi,10017,0.30303030303030304,0,0,0
G0018,C03,N0,1,SPSA,256,0.6263786764705883,0.042569388021800374,2,12,20,erdos_renyi,10017,0.30303030303030304,1,0,0
G0018,C04,N0,1,SPSA,512,0.6291360294117647,0.04305682376250804,2,12,20,erdos_renyi,10017,0.30303030303030304,1,0,0
G0018,C05,N0,2,COBYLA,256,0.6379825367647058,0.0030870930244817287,2,12,20,erdos_renyi,10017,0.30303030303030304,0,0,0
G0018,C06,N0,2,COBYLA,512,0.6224724264705882,0.030708451664581242,2,12,20,erdos_renyi,10017,0.30303030303030304,0,0,0
G0018,C07,N0,2,SPSA,256,0.6357996323529411,0.01007367197462459,2,12,20,erdos_renyi,10017,0.30303030303030304,1,0,0
G0018,C08,N0,2,SPSA,512,0.6241957720588236,0.040132209318262196,2,12,20,erdos_renyi,10017,0.30303030303030304,1,0,0
G0018,C09,N0,3,COBYLA,256,0.7061121323529411,0.07961450431558095,2,12,20,erdos_renyi,10017,0.30303030303030304,0,0,0
G0018,C10,N0,3,COBYLA,512,0.7093864889705883,0.08570745107442647,2,12,20,erdos_renyi,10017,0.30303030303030304,0,0,0
G0018,C11,N0,3,SPSA,256,0.693014705882353,0.06726613221765412,2,12,20,erdos_renyi,10017,0.30303030303030304,1,0,0
G0018,C12,N0,3,SPSA,512,0.7022633272058822,0.08278283663018056,2,12,20,erdos_renyi,10017,0.30303030303030304,1,0,0
G0019,C01,N0,1,COBYLA,256,0.65576171875,0.061181309387820355,2,12,25,erdos_renyi,10018,0.3787878787878788,0,0,0
G0019,C02,N0,1,COBYLA,512,0.6773925781250001,0.0642887122348316,2,12,25,erdos_renyi,10018,0.3787878787878788,0,0,0
G0019,C03,N0,1,SPSA,256,0.6794921875,0.08175922157469458,2,12,25,erdos_renyi,10018,0.3787878787878788,1,0,0
G0019,C04,N0,1,SPSA,512,0.674365234375,0.07506104210447041,2,12,25,erdos_renyi,10018,0.3787878787878788,1,0,0
G0019,C05,N0,2,COBYLA,256,0.7322265625,0.033421843954520435,2,12,25,erdos_renyi,10018,0.3787878787878788,0,0,0
G0019,C06,N0,2,COBYLA,512,0.694140625,0.09487936692874185,2,12,25,erdos_renyi,10018,0.3787878787878788,0,0,0
G0019,C07,N0,2,SPSA,256,0.6763671875,0.07651116343307562,2,12,25,erdos_renyi,10018,0.3787878787878788,1,0,0
G0019,C08,N0,2,SPSA,512,0.659619140625,0.05296395519239073,2,12,25,erdos_renyi,10018,0.3787878787878788,1,0,0
G0019,C09,N0,3,COBYLA,256,0.76044921875,0.054828396900597556,2,12,25,erdos_renyi,10018,0.3787878787878788,0,0,0
G0019,C10,N0,3,COBYLA,512,0.762548828125,0.031557402246313725,2,12,25,erdos_renyi,10018,0.3787878787878788,0,0,0
G0019,C11,N0,3,SPSA,256,0.701171875,0.08949320199392237,2,12,25,erdos_renyi,10018,0.3787878787878788,1,0,0
G0019,C12,N0,3,SPSA,512,0.6747070312500001,0.07140121208465719,2,12,25,erdos_renyi,10018,0.3787878787878788,1,0,0
G0020,C01,N0,1,COBYLA,256,0.7376644736842106,0.035762390660339406,2,12,27,erdos_renyi,10019,0.4090909090909091,0,0,0
G0020,C02,N0,1,COBYLA,512,0.704821134868421,0.0041432037960149265,2,12,27,erdos_renyi,10019,0.4090909090909091,0,0,0
G0020,C03,N0,1,SPSA,256,0.7027138157894737,0.003779764866539884,2,12,27,erdos_renyi,10019,0.4090909090909091,1,0,0
G0020,C04,N0,1,SPSA,512,0.708984375,0.0034890137229598803,2,12,27,erdos_renyi,10019,0.4090909090909091,1,0,0
G0020,C05,N0,2,COBYLA,256,0.7196751644736843,0.006541900730549953,2,12,27,erdos_renyi,10019,0.4090909090909091,0,0,0
G0020,C06,N0,2,COBYLA,512,0.7236842105263157,0.016136688468689663,2,12,27,erdos_renyi,10019,0.4090909090909091,0,0,0
G0020,C07,N0,2,SPSA,256,0.7046669407894737,0.0036343892947499606,2,12,27,erdos_renyi,10019,0.4090909090909091,1,0,0
G0020,C08,N0,2,SPSA,512,0.715563322368421,0.0157005617533197,2,12,27,erdos_renyi,10019,0.4090909090909091,1,0,0
G0020,C09,N0,3,COBYLA,256,0.7100123355263158,0.0036343892947499606,2,12,27,erdos_renyi,10019,0.4090909090909091,0,0,0
G0020,C10,N0,3,COBYLA,512,0.7126850328947368,0.006396525158759912,2,12,27,erdos_renyi,10019,0.4090909090909091,0,0,0
G0020,C11,N0,3,SPSA,256,0.7256373355263157,0.01759044418658968,2,12,27,erdos_renyi,10019,0.4090909090909091,1,0,0
G0020,C12,N0,3,SPSA,512,0.7229646381578947,0.006105774015179791,2,12,27,erdos_renyi,10019,0.4090909090909091,1,0,0
G0021,C01,N0,1,COBYLA,256,0.7289341517857142,0.04518065091844854,2,15,39,erdos_renyi,10020,0.37142857142857144,0,0,0
G0021,C02,N0,1,COBYLA,512,0.7497209821428572,0.034329402881266464,2,15,39,erdos_renyi,10020,0.37142857142857144,0,0,0
G0021,C03,N0,1,SPSA,256,0.7361188616071428,0.048633320748460974,2,15,39,erdos_renyi,10020,0.37142857142857144,1,0,0
G0021,C04,N0,1,SPSA,512,0.7355259486607142,0.04976776940689361,2,15,39,erdos_renyi,10020,0.37142857142857144,1,0,0
G0021,C05,N0,2,COBYLA,256,0.7394670758928572,0.03206050556440119,2,15,39,erdos_renyi,10020,0.37142857142857144,0,0,0
G0021,C06,N0,2,COBYLA,512,0.7401297433035714,0.040593532430003465,2,15,39,erdos_renyi,10020,0.37142857142857144,0,0,0
G0021,C07,N0,2,SPSA,256,0.7271205357142857,0.058794034819640364,2,15,39,erdos_renyi,10020,0.37142857142857144,1,0,0
G0021,C08,N0,2,SPSA,512,0.760986328125,0.006757368095881443,2,15,39,erdos_renyi,10020,0.37142857142857144,1,0,0
G0021,C09,N0,3,COBYLA,256,0.7310965401785714,0.05376300163876515,2,15,39,erdos_renyi,10020,0.37142857142857144,0,0,0
G0021,C10,N0,3,COBYLA,512,0.7338518415178572,0.05331908694633488,2,15,39,erdos_renyi,10020,0.37142857142857144,0,0,0
G0021,C11,N0,3,SPSA,256,0.7746930803571428,0.022688973168653075,2,15,39,erdos_renyi,10020,0.37142857142857144,1,0,0
G0021,C12,N0,3,SPSA,512,0.76806640625,0.007299930497740653,2,15,39,erdos_renyi,10020,0.37142857142857144,1,0,0
G0022,C01,N0,1,COBYLA,256,0.6047926682692307,0.0007436519633873067,2,15,32,erdos_renyi,10021,0.3047619047619048,0,0,0
G0022,C02,N0,1,COBYLA,512,0.6123046875,0.0012748319372353379,2,15,32,erdos_renyi,10021,0.3047619047619048,0,0,0
G0022,C03,N0,1,SPSA,256,0.6080979567307692,0.0026558998692404316,2,15,32,erdos_renyi,10021,0.3047619047619048,1,0,0
G0022,C04,N0,1,SPSA,512,0.6227839543269231,0.0010092419503112831,2,15,32,erdos_renyi,10021,0.3047619047619048,1,0,0
G0022,C05,N0,2,COBYLA,256,0.6160606971153846,0.013491971335740883,2,15,32,erdos_renyi,10021,0.3047619047619048,0,0,0
G0022,C06,N0,2,COBYLA,512,0.6258638822115385,0.005258681741095926,2,15,32,erdos_renyi,10021,0.3047619047619048,0,0,0
G0022,C07,N0,2,SPSA,256,0.6056189903846154,0.004249439790784564,2,15,32,erdos_renyi,10021,0.3047619047619048,1,0,0
G0022,C08,N0,2,SPSA,512,0.6148212139423077,0.006745985667870422,2,15,32,erdos_renyi,10021,0.3047619047619048,1,0,0
G0022,C09,N0,3,COBYLA,256,0.6169621394230769,0.013704443325280237,2,15,32,erdos_renyi,10021,0.3047619047619048,0,0,0
G0022,C10,N0,3,COBYLA,512,0.6179762620192308,0.013438853338356064,2,15,32,erdos_renyi,10021,0.3047619047619048,0,0,0
G0022,C11,N0,3,SPSA,256,0.6231971153846154,0.006799103665255241,2,15,32,erdos_renyi,10021,0.3047619047619048,1,0,0
G0022,C12,N0,3,SPSA,512,0.6245868389423077,0.012376493390659962,2,15,32,erdos_renyi,10021,0.3047619047619048,1,0,0
G0023,C01,N0,1,COBYLA,256,0.6018749999999999,0.0017677669529663704,2,15,30,erdos_renyi,10022,0.2857142857142857,0,0,0
G0023,C02,N0,1,COBYLA,512,0.61015625,0.011159028890600142,2,15,30,erdos_renyi,10022,0.2857142857142857,0,0,0
G0023,C03,N0,1,SPSA,256,0.5996874999999999,0.0013258252147247875,2,15,30,erdos_renyi,10022,0.2857142857142857,1,0,0
G0023,C04,N0,1,SPSA,512,0.602578125,0.006076698900821979,2,15,30,erdos_renyi,10022,0.2857142857142857,1,0,0
G0023,C05,N0,2,COBYLA,256,0.6741406249999999,0.09468601741826109,2,15,30,erdos_renyi,10022,0.2857142857142857,0,0,0
G0023,C06,N0,2,COBYLA,512,0.6040234375,0.008010194005628834,2,15,30,erdos_renyi,10022,0.2857142857142857,0,0,0
G0023,C07,N0,2,SPSA,256,0.626015625,0.02662698972905593,2,15,30,erdos_renyi,10022,0.2857142857142857,1,0,0
G0023,C08,N0,2,SPSA,512,0.6035937499999999,0.0014363106492851637,2,15,30,erdos_renyi,10022,0.2857142857142857,1,0,0
G0023,C09,N0,3,COBYLA,256,0.6014843750000001,0.019776892786311204,2,15,30,erdos_renyi,10022,0.2857142857142857,0,0,0
G0023,C10,N0,3,COBYLA,512,0.6151953125,0.007568252267387291,2,15,30,erdos_renyi,10022,0.2857142857142857,0,0,0
G0023,C11,N0,3,SPSA,256,0.606171875,0.01093805802147939,2,15,30,erdos_renyi,10022,0.2857142857142857,1,0,0
G0023,C12,N0,3,SPSA,512,0.6076171875,0.002596407712169348,2,15,30,erdos_renyi,10022,0.2857142857142857,1,0,0
G0024,C01,N0,1,COBYLA,256,0.7231069711538463,0.03973226204383542,2,15,35,erdos_renyi,10023,0.3333333333333333,0,0,0
G0024,C02,N0,1,COBYLA,512,0.7960111177884615,0.005789861714943958,2,15,35,erdos_renyi,10023,0.3333333333333333,0,0,0
G0024,C03,N0,1,SPSA,256,0.7361027644230769,0.0816954799778328,2,15,35,erdos_renyi,10023,0.3333333333333333,1,0,0
G0024,C04,N0,1,SPSA,512,0.7362154447115385,0.08036753004321256,2,15,35,erdos_renyi,10023,0.3333333333333333,1,0,0
G0024,C05,N0,2,COBYLA,256,0.7566105769230769,0.0473812536672476,2,15,35,erdos_renyi,10023,0.3333333333333333,0,0,0
G0024,C06,N0,2,COBYLA,512,0.7921799879807692,0.0002655899869240549,2,15,35,erdos_renyi,10023,0.3333333333333333,0,0,0
G0024,C07,N0,2,SPSA,256,0.7848557692307692,0.004249439790784446,2,15,35,erdos_renyi,10023,0.3333333333333333,1,0,0
G0024,C08,N0,2,SPSA,512,0.7769305889423077,0.016307225197135653,2,15,35,erdos_renyi,10023,0.3333333333333333,1,0,0
G0024,C09,N0,3,COBYLA,256,0.7399338942307692,0.10134913901021136,2,15,35,erdos_renyi,10023,0.3333333333333333,0,0,0
G0024,C10,N0,3,COBYLA,512,0.7722355769230769,0.07712733220273947,2,15,35,erdos_renyi,10023,0.3333333333333333,0,0,0
G0024,C11,N0,3,SPSA,256,0.7650240384615384,0.007011575654794516,2,15,35,erdos_renyi,10023,0.3333333333333333,1,0,0
G0024,C12,N0,3,SPSA,512,0.7576246995192308,0.010889189463885467,2,15,35,erdos_renyi,10023,0.3333333333333333,1,0,0
G0025,C01,N0,1,COBYLA,256,0.6298466435185186,0.00010230132829662852,2,15,34,erdos_renyi,10024,0.3238095238095238,0,0,0
G0025,C02,N0,1,COBYLA,512,0.62890625,0.005421970399723313,2,15,34,erdos_renyi,10024,0.3238095238095238,0,0,0
G0025,C03,N0,1,SPSA,256,0.6362123842592593,0.0029667385206032866,2,15,34,erdos_renyi,10024,0.3238095238095238,1,0,0
G0025,C04,N0,1,SPSA,512,0.6320167824074074,0.0009207119546700491,2,15,34,erdos_renyi,10024,0.3238095238095238,1,0,0
G0025,C05,N0,2,COBYLA,256,0.6339699074074074,0.010639338142853134,2,15,34,erdos_renyi,10024,0.3238095238095238,0,0,0
G0025,C06,N0,2,COBYLA,512,0.6333550347222223,0.009360571539144866,2,15,34,erdos_renyi,10024,0.3238095238095238,0,0,0
G0025,C07,N0,2,SPSA,256,0.6623987268518519,0.043273461869489285,2,15,34,erdos_renyi,10024,0.3238095238095238,1,0,0
G0025,C08,N0,2,SPSA,512,0.6342230902777777,0.0018925745734882753,2,15,34,erdos_renyi,10024,0.3238095238095238,1,0,0
G0025,C09,N0,3,COBYLA,256,0.6285445601851851,0.00010230132829670702,2,15,34,erdos_renyi,10024,0.3238095238095238,0,0,0
G0025,C10,N0,3,COBYLA,512,0.630859375,0.009923228844776538,2,15,34,erdos_renyi,10024,0.3238095238095238,0,0,0
G0025,C11,N0,3,SPSA,256,0.6435908564814814,0.005421970399723274,2,15,34,erdos_renyi,10024,0.3238095238095238,1,0,0
G0025,C12,N0,3,SPSA,512,0.6400824652777778,0.008337558256178226,2,15,34,erdos_renyi,10024,0.3238095238095238,1,0,0
G0026,C01,N0,1,COBYLA,256,0.6865596064814814,0.011969255410709775,2,15,37,erdos_renyi,10025,0.3523809523809524,0,0,0
G0026,C02,N0,1,COBYLA,512,0.6863064236111112,0.001994875901784865,2,15,37,erdos_renyi,10025,0.3523809523809524,0,0,0
G0026,C03,N0,1,SPSA,256,0.6800491898148149,0.0007161092980767136,2,15,37,erdos_renyi,10025,0.3523809523809524,1,0,0
G0026,C04,N0,1,SPSA,512,0.6828703703703705,0.003682847818679922,2,15,37,erdos_renyi,10025,0.3523809523809524,1,0,0
G0026,C05,N0,2,COBYLA,256,0.6817853009259258,0.016675116512356335,2,15,37,erdos_renyi,10025,0.3523809523809524,0,0,0
G0026,C06,N0,2,COBYLA,512,0.6764684606481481,0.0038362998111248843,2,15,37,erdos_renyi,10025,0.3523809523809524,0,0,0
G0026,C07,N0,2,SPSA,256,0.6812065972222223,0.0056265730563166095,2,15,37,erdos_renyi,10025,0.3523809523809524,1,0,0
G0026,C08,N0,2,SPSA,512,0.6825810185185186,0.005217367743129938,2,15,37,erdos_renyi,10025,0.3523809523809524,1,0,0
G0026,C09,N0,3,COBYLA,256,0.6780237268518519,0.004194354460163301,2,15,37,erdos_renyi,10025,0.3523809523809524,0,0,0
G0026,C10,N0,3,COBYLA,512,0.6850766782407407,0.005166217078981487,2,15,37,erdos_renyi,10025,0.3523809523809524,0,0,0
G0026,C11,N0,3,SPSA,256,0.6864872685185186,0.012480762052193114,2,15,37,erdos_renyi,10025,0.3523809523809524,1,0,0
G0026,C12,N0,3,SPSA,512,0.6902488425925926,0.0023529305508232803,2,15,37,erdos_renyi,10025,0.3523809523809524,1,0,0
G0027,C01,N0,1,COBYLA,256,0.65283203125,0.026930824674097024,2,15,35,erdos_renyi,10026,0.3333333333333333,0,0,0
G0027,C02,N0,1,COBYLA,512,0.6633649553571428,0.042714458182725304,2,15,35,erdos_renyi,10026,0.3333333333333333,0,0,0
G0027,C03,N0,1,SPSA,256,0.6169782366071428,0.003847260667728096,2,15,35,erdos_renyi,10026,0.3333333333333333,1,0,0
G0027,C04,N0,1,SPSA,512,0.6648297991071428,0.04518065091844854,2,15,35,erdos_renyi,10026,0.3333333333333333,1,0,0
G0027,C05,N0,2,COBYLA,256,0.6854073660714286,0.0003945908377157353,2,15,35,erdos_renyi,10026,0.3333333333333333,0,0,0
G0027,C06,N0,2,COBYLA,512,0.6741071428571429,0.00621480569402239,2,15,35,erdos_renyi,10026,0.3333333333333333,0,0,0
G0027,C07,N0,2,SPSA,256,0.6586216517857143,0.04912655929560554,2,15,35,erdos_renyi,10026,0.3333333333333333,1,0,0
G0027,C08,N0,2,SPSA,512,0.6537388392857143,0.04222121963558066,2,15,35,erdos_renyi,10026,0.3333333333333333,1,0,0
G0027,C09,N0,3,COBYLA,256,0.6491350446428572,0.0323564486926879,2,15,35,erdos_renyi,10026,0.3333333333333333,0,0,0
G0027,C10,N0,3,COBYLA,512,0.6588657924107143,0.020469399706502293,2,15,35,erdos_renyi,10026,0.3333333333333333,0,0,0
G0027,C11,N0,3,SPSA,256,0.6807338169642858,0.013514736191763004,2,15,35,erdos_renyi,10026,0.3333333333333333,1,0,0
G0027,C12,N0,3,SPSA,512,0.7262834821428572,0.050014388680465954,2,15,35,erdos_renyi,10026,0.3333333333333333,1,0,0
G0028,C01,N0,1,COBYLA,256,0.752016129032258,0.03368023730954072,2,15,40,erdos_renyi,10027,0.38095238095238093,0,0,0
G0028,C02,N0,1,COBYLA,512,0.6892326108870968,0.06499929396113745,2,15,40,erdos_renyi,10027,0.38095238095238093,0,0,0
G0028,C03,N0,1,SPSA,256,0.683530745967742,0.06442013644126436,2,15,40,erdos_renyi,10027,0.38095238095238093,1,0,0
G0028,C04,N0,1,SPSA,512,0.6892641129032258,0.06290541677390411,2,15,40,erdos_renyi,10027,0.38095238095238093,1,0,0
G0028,C05,N0,2,COBYLA,256,0.6665196572580645,0.038580800939235736,2,15,40,erdos_renyi,10027,0.38095238095238093,0,0,0
G0028,C06,N0,2,COBYLA,512,0.670835433467742,0.03408119251560663,2,15,40,erdos_renyi,10027,0.38095238095238093,0,0,0
G0028,C07,N0,2,SPSA,256,0.728578629032258,0.0026730347071064462,2,15,40,erdos_renyi,10027,0.38095238095238093,1,0,0
G0028,C08,N0,2,SPSA,512,0.7015498991935484,0.08598261641192266,2,15,40,erdos_renyi,10027,0.38095238095238093,1,0,0
G0028,C09,N0,3,COBYLA,256,0.6818296370967742,0.06914249775715228,2,15,40,erdos_renyi,10027,0.38095238095238093,0,0,0
G0028,C10,N0,3,COBYLA,512,0.689516129032258,0.06228170867557922,2,15,40,erdos_renyi,10027,0.38095238095238093,0,0,0
G0028,C11,N0,3,SPSA,256,0.7184349798387097,0.005613372884923486,2,15,40,erdos_renyi,10027,0.38095238095238093,1,0,0
G0028,C12,N0,3,SPSA,512,0.7408329133064516,0.02570568376667327,2,15,40,erdos_renyi,10027,0.38095238095238093,1,0,0
G0029,C01,N0,1,COBYLA,256,0.687432650862069,0.004286072892429267,2,15,40,erdos_renyi,10028,0.38095238095238093,0,0,0
G0029,C02,N0,1,COBYLA,512,0.6953125,0.008762637913410832,2,15,40,erdos_renyi,10028,0.38095238095238093,0,0,0
G0029,C03,N0,1,SPSA,256,0.6870959051724138,0.006095748113677107,2,15,40,erdos_renyi,10028,0.38095238095238093,1,0,0
G0029,C04,N0,1,SPSA,512,0.6877357219827587,0.0010000836749001073,2,15,40,erdos_renyi,10028,0.38095238095238093,1,0,0
G0029,C05,N0,2,COBYLA,256,0.6851427801724138,0.0025716437354574976,2,15,40,erdos_renyi,10028,0.38095238095238093,0,0,0
G0029,C06,N0,2,COBYLA,512,0.6892174030172413,0.0054766486958819065,2,15,40,erdos_renyi,10028,0.38095238095238093,0,0,0
G0029,C07,N0,2,SPSA,256,0.7048760775862069,0.010477067070382482,2,15,40,erdos_renyi,10028,0.38095238095238093,1,0,0
G0029,C08,N0,2,SPSA,512,0.6892510775862069,0.0047623032138103625,2,15,40,erdos_renyi,10028,0.38095238095238093,1,0,0
G0029,C09,N0,3,COBYLA,256,0.689453125,0.004095580763876814,2,15,40,erdos_renyi,10028,0.38095238095238093,0,0,0
G0029,C10,N0,3,COBYLA,512,0.6917429956896552,0.009143622170515621,2,15,40,erdos_renyi,10028,0.38095238095238093,0,0,0
G0029,C11,N0,3,SPSA,256,0.6848733836206897,0.010572313134658711,2,15,40,erdos_renyi,10028,0.38095238095238093,1,0,0
G0029,C12,N0,3,SPSA,512,0.7025525323275862,0.009762721588311056,2,15,40,erdos_renyi,10028,0.38095238095238093,1,0,0
G0030,C01,N0,1,COBYLA,256,0.6821986607142857,0.014007974738907565,2,15,37,erdos_renyi,10029,0.3523809523809524,0,0,0
G0030,C02,N0,1,COBYLA,512,0.6795479910714286,0.016770110602917554,2,15,37,erdos_renyi,10029,0.3523809523809524,0,0,0
G0030,C03,N0,1,SPSA,256,0.6611328125,0.0035513175394413436,2,15,37,erdos_renyi,10029,0.3523809523809524,1,0,0
G0030,C04,N0,1,SPSA,512,0.6666782924107143,0.005179004745018659,2,15,37,erdos_renyi,10029,0.3523809523809524,1,0,0
G0030,C05,N0,2,COBYLA,256,0.6648297991071428,0.004044556086585905,2,15,37,erdos_renyi,10029,0.3523809523809524,0,0,0
G0030,C06,N0,2,COBYLA,512,0.6709333147321428,0.0073492543524551444,2,15,37,erdos_renyi,10029,0.3523809523809524,0,0,0
G0030,C07,N0,2,SPSA,256,0.6910574776785714,0.0050310331808753415,2,15,37,erdos_renyi,10029,0.3523809523809524,1,0,0
G0030,C08,N0,2,SPSA,512,0.689453125,0.0059188625657356775,2,15,37,erdos_renyi,10029,0.3523809523809524,1,0,0
G0030,C09,N0,3,COBYLA,256,0.6726422991071428,0.0371901864547054,2,15,37,erdos_renyi,10029,0.3523809523809524,0,0,0
G0030,C10,N0,3,COBYLA,512,0.6878487723214286,0.023280859425226657,2,15,37,erdos_renyi,10029,0.3523809523809524,0,0,0
G0030,C11,N0,3,SPSA,256,0.6881975446428572,0.01736199685949114,2,15,37,erdos_renyi,10029,0.3523809523809524,1,0,0
G0030,C12,N0,3,SPSA,512,0.7005440848214286,0.00868099842974551,2,15,37,erdos_renyi,10029,0.3523809523809524,1,0,0
G0031,C01,N0,1,COBYLA,256,0.7276785714285714,0.03998520488852502,2,18,59,erdos_renyi,10030,0.38562091503267976,0,0,0
G0031,C02,N0,1,COBYLA,512,0.7297479538690477,0.02956143025886832,2,18,59,erdos_renyi,10030,0.38562091503267976,0,0,0
G0031,C03,N0,1,SPSA,256,0.7256324404761905,0.03748612958299215,2,18,59,erdos_renyi,10030,0.38562091503267976,1,0,0
G0031,C04,N0,1,SPSA,512,0.7265392485119048,0.027851536628766955,2,18,59,erdos_renyi,10030,0.38562091503267976,1,0,0
G0031,C05,N0,2,COBYLA,256,0.7024274553571428,0.0009864770942893187,2,18,59,erdos_renyi,10030,0.38562091503267976,0,0,0
G0031,C06,N0,2,COBYLA,512,0.7789713541666667,0.05747873202725478,2,18,59,erdos_renyi,10030,0.38562091503267976,0,0,0
G0031,C07,N0,2,SPSA,256,0.7173084077380952,0.021636730934744566,2,18,59,erdos_renyi,10030,0.38562091503267976,1,0,0
G0031,C08,N0,2,SPSA,512,0.7628348214285714,0.0024333101659134854,2,18,59,erdos_renyi,10030,0.38562091503267976,1,0,0
G0031,C09,N0,3,COBYLA,256,0.7394438244047619,0.00019729541885792656,2,18,59,erdos_renyi,10030,0.38562091503267976,0,0,0
G0031,C10,N0,3,COBYLA,512,0.7227957589285714,0.02577993473075961,2,18,59,erdos_renyi,10030,0.38562091503267976,0,0,0
G0031,C11,N0,3,SPSA,256,0.7618117559523809,0.013284558203095443,2,18,59,erdos_renyi,10030,0.38562091503267976,1,0,0
G0031,C12,N0,3,SPSA,512,0.7738792782738095,0.011212956305087979,2,18,59,erdos_renyi,10030,0.38562091503267976,1,0,0
G0032,C01,N0,1,COBYLA,256,0.7035792151162791,0.01528810082870622,2,18,60,erdos_renyi,10031,0.39215686274509803,0,0,0
G0032,C02,N0,1,COBYLA,512,0.7075990188953488,0.0034366109005705245,2,18,60,erdos_renyi,10031,0.39215686274509803,0,0,0
G0032,C03,N0,1,SPSA,256,0.6978106831395349,0.01085583630273683,2,18,60,erdos_renyi,10031,0.39215686274509803,1,0,0
G0032,C04,N0,1,SPSA,512,0.6969249636627907,0.004721325255924012,2,18,60,erdos_renyi,10031,0.39215686274509803,1,0,0
G0032,C05,N0,2,COBYLA,256,0.6909520348837209,0.00565274316355522,2,18,60,erdos_renyi,10031,0.39215686274509803,0,0,0
G0032,C06,N0,2,COBYLA,512,0.6964253270348837,0.002730018005126122,2,18,60,erdos_renyi,10031,0.39215686274509803,0,0,0
G0032,C07,N0,2,SPSA,256,0.6966297238372092,0.0030190787350807035,2,18,60,erdos_renyi,10031,0.39215686274509803,1,0,0
G0032,C08,N0,2,SPSA,512,0.6964026162790697,0.0015416572264241224,2,18,60,erdos_renyi,10031,0.39215686274509803,1,0,0
G0032,C09,N0,3,COBYLA,256,0.7044876453488372,0.005010385985878476,2,18,60,erdos_renyi,10031,0.39215686274509803,0,0,0
G0032,C10,N0,3,COBYLA,512,0.7018531976744187,0.00886452905193882,2,18,60,erdos_renyi,10031,0.39215686274509803,0,0,0
G0032,C11,N0,3,SPSA,256,0.7061228197674418,0.012718672117999362,2,18,60,erdos_renyi,10031,0.39215686274509803,1,0,0
G0032,C12,N0,3,SPSA,512,0.7026934956395349,0.005749096740206708,2,18,60,erdos_renyi,10031,0.39215686274509803,1,0,0
G0033,C01,N0,1,COBYLA,256,0.6908553685897436,0.009844535515317493,2,18,54,erdos_renyi,10032,0.35294117647058826,0,0,0
G0033,C02,N0,1,COBYLA,512,0.6954126602564102,0.005382623734993771,2,18,54,erdos_renyi,10032,0.35294117647058826,0,0,0
G0033,C03,N0,1,SPSA,256,0.7192508012820513,0.027621358640099514,2,18,54,erdos_renyi,10032,0.35294117647058826,1,0,0
G0033,C04,N0,1,SPSA,512,0.721504407051282,0.032933158378580143,2,18,54,erdos_renyi,10032,0.35294117647058826,1,0,0
G0033,C05,N0,2,COBYLA,256,0.7008713942307692,0.012252551396762117,2,18,54,erdos_renyi,10032,0.35294117647058826,0,0,0
G0033,C06,N0,2,COBYLA,512,0.7080578926282051,0.025956994722042236,2,18,54,erdos_renyi,10032,0.35294117647058826,0,0,0
G0033,C07,N0,2,SPSA,256,0.7177483974358975,0.04405252583113309,2,18,54,erdos_renyi,10032,0.35294117647058826,1,0,0
G0033,C08,N0,2,SPSA,512,0.7185997596153846,0.0261340547133249,2,18,54,erdos_renyi,10032,0.35294117647058826,1,0,0
G0033,C09,N0,3,COBYLA,256,0.7119391025641025,0.042211101921793066,2,18,54,erdos_renyi,10032,0.35294117647058826,0,0,0
G0033,C10,N0,3,COBYLA,512,0.7842798477564102,0.06526431278679927,2,18,54,erdos_renyi,10032,0.35294117647058826,0,0,0
G0033,C11,N0,3,SPSA,256,0.723808092948718,0.0014873039267746134,2,18,54,erdos_renyi,10032,0.35294117647058826,1,0,0
G0033,C12,N0,3,SPSA,512,0.728690905448718,0.02326568285454531,2,18,54,erdos_renyi,10032,0.35294117647058826,1,0,0
G0034,C01,N0,1,COBYLA,256,0.6526692708333333,0.003836299811124963,2,18,46,erdos_renyi,10033,0.3006535947712418,0,0,0
G0034,C02,N0,1,COBYLA,512,0.6486002604166666,0.00268540986778747,2,18,46,erdos_renyi,10033,0.3006535947712418,0,0,0
G0034,C03,N0,1,SPSA,256,0.6500651041666667,0.004296655788459928,2,18,46,erdos_renyi,10033,0.3006535947712418,1,0,0
G0034,C04,N0,1,SPSA,512,0.6486002604166667,0.002301779886675025,2,18,46,erdos_renyi,10033,0.3006535947712418,1,0,0
G0034,C05,N0,2,COBYLA,256,0.6328667534722223,0.007902777610917408,2,18,46,erdos_renyi,10033,0.3006535947712418,0,0,0
G0034,C06,N0,2,COBYLA,512,0.7113715277777777,0.08946251159543345,2,18,46,erdos_renyi,10033,0.3006535947712418,0,0,0
G0034,C07,N0,2,SPSA,256,0.6361762152777778,0.009820927516479791,2,18,46,erdos_renyi,10033,0.3006535947712418,1,0,0
G0034,C08,N0,2,SPSA,512,0.6529676649305556,0.009322208541033586,2,18,46,erdos_renyi,10033,0.3006535947712418,1,0,0
G0034,C09,N0,3,COBYLA,256,0.6365559895833334,0.012506337384267261,2,18,46,erdos_renyi,10033,0.3006535947712418,0,0,0
G0034,C10,N0,3,COBYLA,512,0.6467556423611112,0.007442421633582286,2,18,46,erdos_renyi,10033,0.3006535947712418,0,0,0
G0034,C11,N0,3,SPSA,256,0.6504991319444444,0.0016879719168950182,2,18,46,erdos_renyi,10033,0.3006535947712418,1,0,0
G0034,C12,N0,3,SPSA,512,0.6530219184027778,0.0045651967752386525,2,18,46,erdos_renyi,10033,0.3006535947712418,1,0,0
G0035,C01,N0,1,COBYLA,256,0.6740392736486487,0.016050248939517234,2,18,50,erdos_renyi,10034,0.32679738562091504,0,0,0
G0035,C02,N0,1,COBYLA,512,0.6767842060810811,0.008808973836572248,2,18,50,erdos_renyi,10034,0.32679738562091504,0,0,0
G0035,C03,N0,1,SPSA,256,0.6776815878378378,0.0034340067498501675,2,18,50,erdos_renyi,10034,0.32679738562091504,1,0,0
G0035,C04,N0,1,SPSA,512,0.6803209459459459,0.0007465232064891463,2,18,50,erdos_renyi,10034,0.32679738562091504,1,0,0
G0035,C05,N0,2,COBYLA,256,0.676097972972973,0.011795066662529068,2,18,50,erdos_renyi,10034,0.32679738562091504,0,0,0
G0035,C06,N0,2,COBYLA,512,0.6762299408783784,0.005934859491588941,2,18,50,erdos_renyi,10034,0.32679738562091504,0,0,0
G0035,C07,N0,2,SPSA,256,0.683277027027027,0.00388192067374371,2,18,50,erdos_renyi,10034,0.32679738562091504,1,0,0
G0035,C08,N0,2,SPSA,512,0.6830394847972974,0.0008585016874625025,2,18,50,erdos_renyi,10034,0.32679738562091504,1,0,0
G0035,C09,N0,3,COBYLA,256,0.6834881756756757,0.0019409603368718746,2,18,50,erdos_renyi,10034,0.32679738562091504,0,0,0
G0035,C10,N0,3,COBYLA,512,0.6892155827702702,0.006457425736131414,2,18,50,erdos_renyi,10034,0.32679738562091504,0,0,0
G0035,C11,N0,3,SPSA,256,0.6859691722972974,0.010824586494093054,2,18,50,erdos_renyi,10034,0.32679738562091504,1,0,0
G0035,C12,N0,3,SPSA,512,0.6868665540540541,0.010302020249550658,2,18,50,erdos_renyi,10034,0.32679738562091504,1,0,0
G0036,C01,N0,1,COBYLA,256,0.6834201388888889,0.00024552318791203406,2,18,60,erdos_renyi,10035,0.39215686274509803,0,0,0
G0036,C02,N0,1,COBYLA,512,0.6770616319444445,0.012061326606176809,2,18,60,erdos_renyi,10035,0.39215686274509803,0,0,0
G0036,C03,N0,1,SPSA,256,0.6812934027777777,0.017616288732685618,2,18,60,erdos_renyi,10035,0.39215686274509803,1,0,0
G0036,C04,N0,1,SPSA,512,0.6723741319444445,0.006966720457002808,2,18,60,erdos_renyi,10035,0.39215686274509803,1,0,0
G0036,C05,N0,2,COBYLA,256,0.6825520833333334,0.008961596358787792,2,18,60,erdos_renyi,10035,0.39215686274509803,0,0,0
G0036,C06,N0,2,COBYLA,512,0.6778428819444444,0.011263376245462815,2,18,60,erdos_renyi,10035,0.39215686274509803,0,0,0
G0036,C07,N0,2,SPSA,256,0.6746527777777778,0.019273570251091613,2,18,60,erdos_renyi,10035,0.39215686274509803,1,0,0
G0036,C08,N0,2,SPSA,512,0.6851128472222223,0.002086947097251936,2,18,60,erdos_renyi,10035,0.39215686274509803,1,0,0
G0036,C09,N0,3,COBYLA,256,0.6832465277777777,0.010680258674171793,2,18,60,erdos_renyi,10035,0.39215686274509803,0,0,0
G0036,C10,N0,3,COBYLA,512,0.6803168402777777,0.014209654500406713,2,18,60,erdos_renyi,10035,0.39215686274509803,0,0,0
G0036,C11,N0,3,SPSA,256,0.6822048611111111,0.012153397801643723,2,18,60,erdos_renyi,10035,0.39215686274509803,1,0,0
G0036,C12,N0,3,SPSA,512,0.6896050347222222,0.002301779886674907,2,18,60,erdos_renyi,10035,0.39215686274509803,1,0,0
G0037,C01,N0,1,COBYLA,256,0.7356228298611112,0.0009974379508925304,2,18,49,erdos_renyi,10036,0.3202614379084967,0,0,0
G0037,C02,N0,1,COBYLA,512,0.6965874565972222,0.037480649154690626,2,18,49,erdos_renyi,10036,0.3202614379084967,0,0,0
G0037,C03,N0,1,SPSA,256,0.7071940104166667,0.04166221594881675,2,18,49,erdos_renyi,10036,0.3202614379084967,1,0,0
G0037,C04,N0,1,SPSA,512,0.7082790798611112,0.045575241756164196,2,18,49,erdos_renyi,10036,0.3202614379084967,1,0,0
G0037,C05,N0,2,COBYLA,256,0.7018771701388888,0.04028114801681185,2,18,49,erdos_renyi,10036,0.3202614379084967,0,0,0
G0037,C06,N0,2,COBYLA,512,0.7714029947916666,0.057045778191427726,2,18,49,erdos_renyi,10036,0.3202614379084967,0,0,0
G0037,C07,N0,2,SPSA,256,0.7766927083333333,0.027467906647654434,2,18,49,erdos_renyi,10036,0.3202614379084967,1,0,0
G0037,C08,N0,2,SPSA,512,0.7147352430555556,0.05716086718576152,2,18,49,erdos_renyi,10036,0.3202614379084967,1,0,0
G0037,C09,N0,3,COBYLA,256,0.7070855034722222,0.02708427666654199,2,18,49,erdos_renyi,10036,0.3202614379084967,0,0,0
G0037,C10,N0,3,COBYLA,512,0.7140028211805556,0.01937331404618086,2,18,49,erdos_renyi,10036,0.3202614379084967,0,0,0
G0037,C11,N0,3,SPSA,256,0.7333441840277778,0.007135517648692321,2,18,49,erdos_renyi,10036,0.3202614379084967,1,0,0
G0037,C12,N0,3,SPSA,512,0.7522786458333334,0.017186623153839713,2,18,49,erdos_renyi,10036,0.3202614379084967,1,0,0
G0038,C01,N0,1,COBYLA,256,0.664892578125,0.019127790858268944,2,18,53,erdos_renyi,10037,0.3464052287581699,0,0,0
G0038,C02,N0,1,COBYLA,512,0.6657958984375001,0.0026585557691095546,2,18,53,erdos_renyi,10037,0.3464052287581699,0,0,0
G0038,C03,N0,1,SPSA,256,0.67021484375,0.0016572815184059944,2,18,53,erdos_renyi,10037,0.3464052287581699,1,0,0
G0038,C04,N0,1,SPSA,512,0.6639160156249999,0.00027621358640094015,2,18,53,erdos_renyi,10037,0.3464052287581699,1,0,0
G0038,C05,N0,2,COBYLA,256,0.67197265625,0.0022097086912079927,2,18,53,erdos_renyi,10037,0.3464052287581699,0,0,0
G0038,C06,N0,2,COBYLA,512,0.6748291015625001,0.004937317856917811,2,18,53,erdos_renyi,10037,0.3464052287581699,0,0,0
G0038,C07,N0,2,SPSA,256,0.6748046875,0.005248058141618845,2,18,53,erdos_renyi,10037,0.3464052287581699,1,0,0
G0038,C08,N0,2,SPSA,512,0.6678466796875,0.008873361463131906,2,18,53,erdos_renyi,10037,0.3464052287581699,1,0,0
G0038,C09,N0,3,COBYLA,256,0.67919921875,0.008700727971631284,2,18,53,erdos_renyi,10037,0.3464052287581699,0,0,0
G0038,C10,N0,3,COBYLA,512,0.6743896484375,0.01757408943476323,2,18,53,erdos_renyi,10037,0.3464052287581699,0,0,0
G0038,C11,N0,3,SPSA,256,0.6839843750000001,0.020992232566475574,2,18,53,erdos_renyi,10037,0.3464052287581699,1,0,0
G0038,C12,N0,3,SPSA,512,0.681103515625,0.0033836164334121355,2,18,53,erdos_renyi,10037,0.3464052287581699,1,0,0
G0039,C01,N0,1,COBYLA,256,0.7321714743589745,0.06997410855491883,2,18,52,erdos_renyi,10038,0.33986928104575165,0,0,0
G0039,C02,N0,1,COBYLA,512,0.7412109375,0.07971240807546669,2,18,52,erdos_renyi,10038,0.33986928104575165,0,0,0
G0039,C03,N0,1,SPSA,256,0.6650140224358974,0.0023371918849315184,2,18,52,erdos_renyi,10038,0.33986928104575165,1,0,0
G0039,C04,N0,1,SPSA,512,0.6806139823717949,0.011650547426400863,2,18,52,erdos_renyi,10038,0.33986928104575165,1,0,0
G0039,C05,N0,2,COBYLA,256,0.6729266826923077,0.004886855759402234,2,18,52,erdos_renyi,10038,0.33986928104575165,0,0,0
G0039,C06,N0,2,COBYLA,512,0.6833433493589743,0.011544311431631343,2,18,52,erdos_renyi,10038,0.33986928104575165,0,0,0
G0039,C07,N0,2,SPSA,256,0.6811899038461539,0.012889967365379826,2,18,52,erdos_renyi,10038,0.33986928104575165,1,0,0
G0039,C08,N0,2,SPSA,512,0.6750300480769231,0.015297983246824251,2,18,52,erdos_renyi,10038,0.33986928104575165,1,0,0
G0039,C09,N0,3,COBYLA,256,0.6642628205128205,0.007507343630386054,2,18,52,erdos_renyi,10038,0.33986928104575165,0,0,0
G0039,C10,N0,3,COBYLA,512,0.6784104567307692,0.015899987217185507,2,18,52,erdos_renyi,10038,0.33986928104575165,0,0,0
G0039,C11,N0,3,SPSA,256,0.7008713942307693,0.020326486999252734,2,18,52,erdos_renyi,10038,0.33986928104575165,1,0,0
G0039,C12,N0,3,SPSA,512,0.6833683894230769,0.0003187079843088737,2,18,52,erdos_renyi,10038,0.33986928104575165,1,0,0
G0040,C01,N0,1,COBYLA,256,0.67138671875,0.00184142390934002,2,18,65,erdos_renyi,10039,0.42483660130718953,0,0,0
G0040,C02,N0,1,COBYLA,512,0.6935017903645833,0.0013522956834215254,2,18,65,erdos_renyi,10039,0.42483660130718953,0,0,0
G0040,C03,N0,1,SPSA,256,0.6715087890625,0.003164947344178017,2,18,65,erdos_renyi,10039,0.42483660130718953,1,0,0
G0040,C04,N0,1,SPSA,512,0.6770833333333334,0.004315837287515549,2,18,65,erdos_renyi,10039,0.42483660130718953,1,0,0
G0040,C05,N0,2,COBYLA,256,0.6853841145833333,0.008401496586363615,2,18,65,erdos_renyi,10039,0.42483660130718953,0,0,0
G0040,C06,N0,2,COBYLA,512,0.6886800130208333,0.009552386529701147,2,18,65,erdos_renyi,10039,0.42483660130718953,0,0,0
G0040,C07,N0,2,SPSA,256,0.67333984375,0.007710962620361166,2,18,65,erdos_renyi,10039,0.42483660130718953,1,0,0
G0040,C08,N0,2,SPSA,512,0.67718505859375,0.0023880966324252182,2,18,65,erdos_renyi,10039,0.42483660130718953,1,0,0
G0040,C09,N0,3,COBYLA,256,0.6781412760416667,0.012659789376712263,2,18,65,erdos_renyi,10039,0.42483660130718953,0,0,0
G0040,C10,N0,3,COBYLA,512,0.6803385416666667,0.004891282259184276,2,18,65,erdos_renyi,10039,0.42483660130718953,0,0,0
G0040,C11,N0,3,SPSA,256,0.6824544270833333,0.016112459206724782,2,18,65,erdos_renyi,10039,0.42483660130718953,1,0,0
G0040,C12,N0,3,SPSA,512,0.6812540690104166,0.006301122439772701,2,18,65,erdos_renyi,10039,0.42483660130718953,1,0,0
G0041,C01,N0,1,COBYLA,256,0.6928411989795918,0.005637011967367222,2,20,68,erdos_renyi,10040,0.35789473684210527,0,0,0
G0041,C02,N0,1,COBYLA,512,0.6976442920918366,0.006454378702635562,2,20,68,erdos_renyi,10040,0.35789473684210527,0,0,0
G0041,C03,N0,1,SPSA,256,0.691764987244898,0.006820784480514389,2,20,68,erdos_renyi,10040,0.35789473684210527,1,0,0
G0041,C04,N0,1,SPSA,512,0.6973453443877551,0.007384485677251142,2,20,68,erdos_renyi,10040,0.35789473684210527,1,0,0
G0041,C05,N0,2,COBYLA,256,0.6955516581632653,0.0068771546001880094,2,20,68,erdos_renyi,10040,0.35789473684210527,0,0,0
G0041,C06,N0,2,COBYLA,512,0.7004145408163265,0.0059188625657355595,2,20,68,erdos_renyi,10040,0.35789473684210527,0,0,0
G0041,C07,N0,2,SPSA,256,0.6946348852040816,0.007159005198556464,2,20,68,erdos_renyi,10040,0.35789473684210527,1,0,0
G0041,C08,N0,2,SPSA,512,0.696029974489796,0.007102635078882726,2,20,68,erdos_renyi,10040,0.35789473684210527,1,0,0
G0041,C09,N0,3,COBYLA,256,0.7566565688775511,0.07908727790216252,2,20,68,erdos_renyi,10040,0.35789473684210527,0,0,0
G0041,C10,N0,3,COBYLA,512,0.6982421875,0.002113879487762708,2,20,68,erdos_renyi,10040,0.35789473684210527,0,0,0
G0041,C11,N0,3,SPSA,256,0.7051179846938775,0.009019219147787586,2,20,68,erdos_renyi,10040,0.35789473684210527,1,0,0
G0041,C12,N0,3,SPSA,512,0.6938775510204082,0.005467901608346243,2,20,68,erdos_renyi,10040,0.35789473684210527,1,0,0
G0042,C01,N0,1,COBYLA,256,0.6693115234375,0.016515270686892885,2,20,64,erdos_renyi,10041,0.3368421052631579,0,0,0
G0042,C02,N0,1,COBYLA,512,0.6642659505208333,0.0005754449716687267,2,20,64,erdos_renyi,10041,0.3368421052631579,0,0,0
G0042,C03,N0,1,SPSA,256,0.6650390625,0.001150889943337532,2,20,64,erdos_renyi,10041,0.3368421052631579,1,0,0
G0042,C04,N0,1,SPSA,512,0.66510009765625,0.002905997106927084,2,20,64,erdos_renyi,10041,0.3368421052631579,1,0,0
G0042,C05,N0,2,COBYLA,256,0.6660563151041667,0.00523654924218552,2,20,64,erdos_renyi,10041,0.3368421052631579,0,0,0
G0042,C06,N0,2,COBYLA,512,0.6683349609375,0.0005754449716686875,2,20,64,erdos_renyi,10041,0.3368421052631579,0,0,0
G0042,C07,N0,2,SPSA,256,0.6572265625,0.00034526698300124393,2,20,64,erdos_renyi,10041,0.3368421052631579,1,0,0
G0042,C08,N0,2,SPSA,512,0.6811930338541667,0.014961569263387249,2,20,64,erdos_renyi,10041,0.3368421052631579,1,0,0
G0042,C09,N0,3,COBYLA,256,0.6611735026041667,0.0033951253328454996,2,20,64,erdos_renyi,10041,0.3368421052631579,0,0,0
G0042,C10,N0,3,COBYLA,512,0.6676839192708333,0.0033951253328454996,2,20,64,erdos_renyi,10041,0.3368421052631579,0,0,0
G0042,C11,N0,3,SPSA,256,0.6672770182291667,0.004200748293181866,2,20,64,erdos_renyi,10041,0.3368421052631579,1,0,0
G0042,C12,N0,3,SPSA,512,0.6716105143229167,0.002042829649424092,2,20,64,erdos_renyi,10041,0.3368421052631579,1,0,0
G0043,C01,N0,1,COBYLA,256,0.6933159722222222,0.00994368911043577,2,20,62,erdos_renyi,10042,0.3263157894736842,0,0,0
G0043,C02,N0,1,COBYLA,512,0.6900607638888889,0.00840916918598591,2,20,62,erdos_renyi,10042,0.3263157894736842,0,0,0
G0043,C03,N0,1,SPSA,256,0.7291666666666667,0.023938510821419512,2,20,62,erdos_renyi,10042,0.3263157894736842,1,0,0
G0043,C04,N0,1,SPSA,512,0.7476345486111111,0.0059846277053549465,2,20,62,erdos_renyi,10042,0.3263157894736842,1,0,0
G0043,C05,N0,2,COBYLA,256,0.7205295138888889,0.05604066764091302,2,20,62,erdos_renyi,10042,0.3263157894736842,0,0,0
G0043,C06,N0,2,COBYLA,512,0.6980251736111112,0.01905873746166864,2,20,62,erdos_renyi,10042,0.3263157894736842,0,0,0
G0043,C07,N0,2,SPSA,256,0.7094618055555555,0.03535533905932737,2,20,62,erdos_renyi,10042,0.3263157894736842,1,0,0
G0043,C08,N0,2,SPSA,512,0.7221137152777778,0.031027992872378497,2,20,62,erdos_renyi,10042,0.3263157894736842,1,0,0
G0043,C09,N0,3,COBYLA,256,0.7295572916666666,0.006322222088733856,2,20,62,erdos_renyi,10042,0.3263157894736842,0,0,0
G0043,C10,N0,3,COBYLA,512,0.7268446180555556,0.036122599021552376,2,20,62,erdos_renyi,10042,0.3263157894736842,0,0,0
G0043,C11,N0,3,SPSA,256,0.7204427083333333,0.03652157420190937,2,20,62,erdos_renyi,10042,0.3263157894736842,1,0,0
G0043,C12,N0,3,SPSA,512,0.703298611111111,0.02676202748240751,2,20,62,erdos_renyi,10042,0.3263157894736842,1,0,0
G0044,C01,N0,1,COBYLA,256,0.743078399122807,9.691704786000104e-05,2,20,85,erdos_renyi,10043,0.4473684210526316,0,0,0
G0044,C02,N0,1,COBYLA,512,0.7509251644736842,0.009449412166349867,2,20,85,erdos_renyi,10043,0.4473684210526316,0,0,0
G0044,C03,N0,1,SPSA,256,0.7382127192982456,0.0005815022871600063,2,20,85,erdos_renyi,10043,0.4473684210526316,1,0,0
G0044,C04,N0,1,SPSA,512,0.7440206962719298,0.004627789035314933,2,20,85,erdos_renyi,10043,0.4473684210526316,1,0,0
G0044,C05,N0,2,COBYLA,256,0.7442091557017544,0.0008237949068099304,2,20,85,erdos_renyi,10043,0.4473684210526316,0,0,0
G0044,C06,N0,2,COBYLA,512,0.7474643640350878,0.0013568386700398968,2,20,85,erdos_renyi,10043,0.4473684210526316,0,0,0
G0044,C07,N0,2,SPSA,256,0.7514048793859649,0.006638817778409837,2,20,85,erdos_renyi,10043,0.4473684210526316,1,0,0
G0044,C08,N0,2,SPSA,512,0.7456654331140351,0.008213719806134815,2,20,85,erdos_renyi,10043,0.4473684210526316,1,0,0
G0044,C09,N0,3,COBYLA,256,0.759251644736842,0.01734815156693968,2,20,85,erdos_renyi,10043,0.4473684210526316,0,0,0
G0044,C10,N0,3,COBYLA,512,0.7547114857456141,0.005839252133564906,2,20,85,erdos_renyi,10043,0.4473684210526316,0,0,0
G0044,C11,N0,3,SPSA,256,0.7592859100877193,0.0025683017682899493,2,20,85,erdos_renyi,10043,0.4473684210526316,1,0,0
G0044,C12,N0,3,SPSA,512,0.7581894188596491,0.0030528870075899545,2,20,85,erdos_renyi,10043,0.4473684210526316,1,0,0
G0045,C01,N0,1,COBYLA,256,0.7346540178571428,0.09509639188948539,2,20,56,erdos_renyi,10044,0.29473684210526313,0,0,0
G0045,C02,N0,1,COBYLA,512,0.6847795758928572,0.023182211715797832,2,20,56,erdos_renyi,10044,0.29473684210526313,0,0,0
G0045,C03,N0,1,SPSA,256,0.6822451636904763,0.034132107462408655,2,20,56,erdos_renyi,10044,0.29473684210526313,1,0,0
G0045,C04,N0,1,SPSA,512,0.6680385044642857,0.0008878293848602965,2,20,56,erdos_renyi,10044,0.29473684210526313,1,0,0
G0045,C05,N0,2,COBYLA,256,0.6847098214285714,0.030120433945632345,2,20,56,erdos_renyi,10044,0.29473684210526313,0,0,0
G0045,C06,N0,2,COBYLA,512,0.6779668898809523,0.02084754925931329,2,20,56,erdos_renyi,10044,0.29473684210526313,0,0,0
G0045,C07,N0,2,SPSA,256,0.6914992559523809,0.02512228333456668,2,20,56,erdos_renyi,10044,0.29473684210526313,1,0,0
G0045,C08,N0,2,SPSA,512,0.68212890625,0.027917301768386225,2,20,56,erdos_renyi,10044,0.29473684210526313,1,0,0
G0045,C09,N0,3,COBYLA,256,0.6900576636904762,0.030975380760683048,2,20,56,erdos_renyi,10044,0.29473684210526313,0,0,0
G0045,C10,N0,3,COBYLA,512,0.6900111607142857,0.036631182767941486,2,20,56,erdos_renyi,10044,0.29473684210526313,0,0,0
G0045,C11,N0,3,SPSA,256,0.6644810267857143,0.00480085519220778,2,20,56,erdos_renyi,10044,0.29473684210526313,1,0,0
G0045,C12,N0,3,SPSA,512,0.7080078125,0.0036828478186798825,2,20,56,erdos_renyi,10044,0.29473684210526313,1,0,0
G0046,C01,N0,1,COBYLA,256,0.7175514914772727,0.006465908954386978,2,20,61,erdos_renyi,10045,0.32105263157894737,0,0,0
G0046,C02,N0,1,COBYLA,512,0.7103382457386365,0.02269345715544536,2,20,61,erdos_renyi,10045,0.32105263157894737,0,0,0
G0046,C03,N0,1,SPSA,256,0.7124911221590909,0.02655416978355024,2,20,61,erdos_renyi,10045,0.32105263157894737,1,0,0
G0046,C04,N0,1,SPSA,512,0.6985751065340908,0.005116228929927541,2,20,61,erdos_renyi,10045,0.32105263157894737,1,0,0
G0046,C05,N0,2,COBYLA,256,0.7009499289772727,0.016133384478421726,2,20,61,erdos_renyi,10045,0.32105263157894737,0,0,0
G0046,C06,N0,2,COBYLA,512,0.7081187855113636,0.024200076717632614,2,20,61,erdos_renyi,10045,0.32105263157894737,0,0,0
G0046,C07,N0,2,SPSA,256,0.7042791193181819,0.016196160293512805,2,20,61,erdos_renyi,10045,0.32105263157894737,1,0,0
G0046,C08,N0,2,SPSA,512,0.7109596946022727,0.0244511799779972,2,20,61,erdos_renyi,10045,0.32105263157894737,1,0,0
G0046,C09,N0,3,COBYLA,256,0.7190607244318181,0.01563117795769271,2,20,61,erdos_renyi,10045,0.32105263157894737,0,0,0
G0046,C10,N0,3,COBYLA,512,0.70654296875,0.02102989805553034,2,20,61,erdos_renyi,10045,0.32105263157894737,0,0,0
G0046,C11,N0,3,SPSA,256,0.7188387784090909,0.004645410316744023,2,20,61,erdos_renyi,10045,0.32105263157894737,1,0,0
G0046,C12,N0,3,SPSA,512,0.7466042258522727,0.029912675890925906,2,20,61,erdos_renyi,10045,0.32105263157894737,1,0,0
G0047,C01,N0,1,COBYLA,256,0.6880859374999999,0.020605533545514296,2,20,68,erdos_renyi,10046,0.35789473684210527,0,0,0
G0047,C02,N0,1,COBYLA,512,0.68623046875,0.014943155024293787,2,20,68,erdos_renyi,10046,0.35789473684210527,0,0,0
G0047,C03,N0,1,SPSA,256,0.6913281250000001,0.018893009309828037,2,20,68,erdos_renyi,10046,0.35789473684210527,1,0,0
G0047,C04,N0,1,SPSA,512,0.695546875,0.024030582016886542,2,20,68,erdos_renyi,10046,0.35789473684210527,1,0,0
G0047,C05,N0,2,COBYLA,256,0.70015625,0.00044194173824154353,2,20,68,erdos_renyi,10046,0.35789473684210527,0,0,0
G0047,C06,N0,2,COBYLA,512,0.75267578125,0.06935723154528992,2,20,68,erdos_renyi,10046,0.35789473684210527,0,0,0
G0047,C07,N0,2,SPSA,256,0.747421875,0.04971844555217912,2,20,68,erdos_renyi,10046,0.35789473684210527,1,0,0
G0047,C08,N0,2,SPSA,512,0.6975976562499999,0.025494514024811864,2,20,68,erdos_renyi,10046,0.35789473684210527,1,0,0
G0047,C09,N0,3,COBYLA,256,0.6898828125,0.002375436843048478,2,20,68,erdos_renyi,10046,0.35789473684210527,0,0,0
G0047,C10,N0,3,COBYLA,512,0.6926171875,0.012650582257165532,2,20,68,erdos_renyi,10046,0.35789473684210527,0,0,0
G0047,C11,N0,3,SPSA,256,0.7225,0.019997863655432074,2,20,68,erdos_renyi,10046,0.35789473684210527,1,0,0
G0047,C12,N0,3,SPSA,512,0.711953125,0.004364174665135718,2,20,68,erdos_renyi,10046,0.35789473684210527,1,0,0
G0048,C01,N0,1,COBYLA,256,0.6780598958333333,0.008132955599584853,2,20,73,erdos_renyi,10047,0.38421052631578945,0,0,0
G0048,C02,N0,1,COBYLA,512,0.6780779803240741,0.010664913474927241,2,20,73,erdos_renyi,10047,0.38421052631578945,0,0,0
G0048,C03,N0,1,SPSA,256,0.6767939814814814,0.007774900950546554,2,20,73,erdos_renyi,10047,0.38421052631578945,1,0,0
G0048,C04,N0,1,SPSA,512,0.6786024305555556,0.005421970399723195,2,20,73,erdos_renyi,10047,0.38421052631578945,1,0,0
G0048,C05,N0,2,COBYLA,256,0.6733579282407407,0.014884843267164768,2,20,73,erdos_renyi,10047,0.38421052631578945,0,0,0
G0048,C06,N0,2,COBYLA,512,0.6774811921296297,0.012378460723896407,2,20,73,erdos_renyi,10047,0.38421052631578945,0,0,0
G0048,C07,N0,2,SPSA,256,0.6778428819444444,0.00352939582623492,2,20,73,erdos_renyi,10047,0.38421052631578945,1,0,0
G0048,C08,N0,2,SPSA,512,0.6743344907407407,0.004654710437498305,2,20,73,erdos_renyi,10047,0.38421052631578945,1,0,0
G0048,C09,N0,3,COBYLA,256,0.7097077546296295,0.04092053131866589,2,20,73,erdos_renyi,10047,0.38421052631578945,0,0,0
G0048,C10,N0,3,COBYLA,512,0.7268880208333333,0.07294084707552204,2,20,73,erdos_renyi,10047,0.38421052631578945,0,0,0
G0048,C11,N0,3,SPSA,256,0.705078125,0.030383494504109463,2,20,73,erdos_renyi,10047,0.38421052631578945,1,0,0
G0048,C12,N0,3,SPSA,512,0.6856734664351851,0.0010485886150409034,2,20,73,erdos_renyi,10047,0.38421052631578945,1,0,0
G0049,C01,N0,1,COBYLA,256,0.6874565972222222,0.008286407592029853,2,20,61,erdos_renyi,10048,0.32105263157894737,0,0,0
G0049,C02,N0,1,COBYLA,512,0.6939453124999999,0.022005015716612657,2,20,61,erdos_renyi,10048,0.32105263157894737,0,0,0
G0049,C03,N0,1,SPSA,256,0.6783420138888889,0.002884897457965929,2,20,61,erdos_renyi,10048,0.32105263157894737,1,0,0
G0049,C04,N0,1,SPSA,512,0.6782769097222222,0.0012583063380490372,2,20,61,erdos_renyi,10048,0.32105263157894737,1,0,0
G0049,C05,N0,2,COBYLA,256,0.6727864583333334,0.012337540192577828,2,20,61,erdos_renyi,10048,0.32105263157894737,0,0,0
G0049,C06,N0,2,COBYLA,512,0.6844835069444444,0.002608683871564871,2,20,61,erdos_renyi,10048,0.32105263157894737,0,0,0
G0049,C07,N0,2,SPSA,256,0.6725694444444444,0.0031918014428559717,2,20,61,erdos_renyi,10048,0.32105263157894737,1,0,0
G0049,C08,N0,2,SPSA,512,0.6781032986111111,0.006905339660024878,2,20,61,erdos_renyi,10048,0.32105263157894737,1,0,0
G0049,C09,N0,3,COBYLA,256,0.6826388888888889,0.009820927516479791,2,20,61,erdos_renyi,10048,0.32105263157894737,0,0,0
G0049,C10,N0,3,COBYLA,512,0.6951171875,0.015191747252054731,2,20,61,erdos_renyi,10048,0.32105263157894737,0,0,0
G0049,C11,N0,3,SPSA,256,0.7010416666666667,0.03793333253240337,2,20,61,erdos_renyi,10048,0.32105263157894737,1,0,0
G0049,C12,N0,3,SPSA,512,0.7298611111111111,0.044439697012071136,2,20,61,erdos_renyi,10048,0.32105263157894737,1,0,0
G0050,C01,N0,1,COBYLA,256,0.6818311737804879,0.010038005944816747,2,20,55,erdos_renyi,10049,0.2894736842105263,0,0,0
G0050,C02,N0,1,COBYLA,512,0.6742568597560976,0.010105375112231562,2,20,55,erdos_renyi,10049,0.2894736842105263,0,0,0
G0050,C03,N0,1,SPSA,256,0.6776867378048781,0.0017515983527868146,2,20,55,erdos_renyi,10049,0.2894736842105263,1,0,0
G0050,C04,N0,1,SPSA,512,0.6712795350609756,0.0009094837601007954,2,20,55,erdos_renyi,10049,0.2894736842105263,1,0,0
G0050,C05,N0,2,COBYLA,256,0.6779249237804879,0.0049179492212859735,2,20,55,erdos_renyi,10049,0.2894736842105263,0,0,0
G0050,C06,N0,2,COBYLA,512,0.6774723704268293,0.0017179137690793676,2,20,55,erdos_renyi,10049,0.2894736842105263,0,0,0
G0050,C07,N0,2,SPSA,256,0.6678734756097561,0.0012126450134677797,2,20,55,erdos_renyi,10049,0.2894736842105263,1,0,0
G0050,C08,N0,2,SPSA,512,0.6709698932926829,0.015764385175081254,2,20,55,erdos_renyi,10049,0.2894736842105263,1,0,0
G0050,C09,N0,3,COBYLA,256,0.6737328506097561,0.0057263792302645064,2,20,55,erdos_renyi,10049,0.2894736842105263,0,0,0
G0050,C10,N0,3,COBYLA,512,0.6772818216463414,0.011216966374577001,2,20,55,erdos_renyi,10049,0.2894736842105263,0,0,0
G0050,C11,N0,3,SPSA,256,0.6887862042682926,0.01704439935596377,2,20,55,erdos_renyi,10049,0.2894736842105263,1,0,0
G0050,C12,N0,3,SPSA,512,0.6892863948170731,0.00043789958819673313,2,20,55,erdos_renyi,10049,0.2894736842105263,1,0,0
G0051,C01,N0,1,COBYLA,256,0.8091517857142857,0.12153397801643785,2,10,20,random_regular,10050,0.4444444444444444,0,0,1
G0051,C02,N0,1,COBYLA,512,0.7996651785714286,0.09470180105176973,2,10,20,random_regular,10050,0.4444444444444444,0,0,1
G0051,C03,N0,1,SPSA,256,0.8166852678571428,0.12982038560846768,2,10,20,random_regular,10050,0.4444444444444444,1,0,1
G0051,C04,N0,1,SPSA,512,0.8092912946428572,0.13396358940448266,2,10,20,random_regular,10050,0.4444444444444444,1,0,1
G0051,C05,N0,2,COBYLA,256,0.8635602678571428,0.05169139974075764,2,10,20,random_regular,10050,0.4444444444444444,0,0,1
G0051,C06,N0,2,COBYLA,512,0.8805803571428571,0.02209708691207961,2,10,20,random_regular,10050,0.4444444444444444,0,0,1
G0051,C07,N0,2,SPSA,256,0.8194754464285714,0.04379958298644356,2,10,20,random_regular,10050,0.4444444444444444,1,0,1
G0051,C08,N0,2,SPSA,512,0.814453125,0.13889597487592883,2,10,20,random_regular,10050,0.4444444444444444,1,0,1
G0051,C09,N0,3,COBYLA,256,0.7873883928571428,0.12547988639359492,2,10,20,random_regular,10050,0.4444444444444444,0,0,1
G0051,C10,N0,3,COBYLA,512,0.8024553571428571,0.12429611388044781,2,10,20,random_regular,10050,0.4444444444444444,0,0,1
G0051,C11,N0,3,SPSA,256,0.8083147321428572,0.13771220236278195,2,10,20,random_regular,10050,0.4444444444444444,1,0,1
G0051,C12,N0,3,SPSA,512,0.80859375,0.11443134293755516,2,10,20,random_regular,10050,0.4444444444444444,1,0,1
G0052,C01,N0,1,COBYLA,256,0.64990234375,0.017263349150062196,2,10,20,random_regular,10051,0.4444444444444444,0,0,1
G0052,C02,N0,1,COBYLA,512,0.6497802734375,0.02296025436958272,2,10,20,random_regular,10051,0.4444444444444444,0,0,1
G0052,C03,N0,1,SPSA,256,0.77783203125,0.0013810679320049757,2,10,20,random_regular,10051,0.4444444444444444,1,0,1
G0052,C04,N0,1,SPSA,512,0.7833251953125,0.002934769355510573,2,10,20,random_regular,10051,0.4444444444444444,1,0,1
G0052,C05,N0,2,COBYLA,256,0.784912109375,0.0010358009490037316,2,10,20,random_regular,10051,0.4444444444444444,0,0,1
G0052,C06,N0,2,COBYLA,512,0.7760009765625,0.03711620067263372,2,10,20,random_regular,10051,0.4444444444444444,0,0,1
G0052,C07,N0,2,SPSA,256,0.755126953125,0.010012742507036073,2,10,20,random_regular,10051,0.4444444444444444,1,0,1
G0052,C08,N0,2,SPSA,512,0.782958984375,0.022442353895080855,2,10,20,random_regular,10051,0.4444444444444444,1,0,1
G0052,C09,N0,3,COBYLA,256,0.69921875,0.1422499969965125,2,10,20,random_regular,10051,0.4444444444444444,0,0,1
G0052,C10,N0,3,COBYLA,512,0.7979736328125,0.027103458165597647,2,10,20,random_regular,10051,0.4444444444444444,0,0,1
G0052,C11,N0,3,SPSA,256,0.72021484375,0.07872087212428361,2,10,20,random_regular,10051,0.4444444444444444,1,0,1
G0052,C12,N0,3,SPSA,512,0.73046875,0.12084344405043537,2,10,20,random_regular,10051,0.4444444444444444,1,0,1
G0053,C01,N0,1,COBYLA,256,0.721923828125,0.1046158958493769,2,10,20,random_regular,10052,0.4444444444444444,0,0,1
G0053,C02,N0,1,COBYLA,512,0.7987060546875,0.0025895023725093294,2,10,20,random_regular,10052,0.4444444444444444,0,0,1
G0053,C03,N0,1,SPSA,256,0.79052734375,0.004833737762017415,2,10,20,random_regular,10052,0.4444444444444444,1,0,1
G0053,C04,N0,1,SPSA,512,0.80029296875,0.0024168688810087074,2,10,20,random_regular,10052,0.4444444444444444,1,0,1
G0053,C05,N0,2,COBYLA,256,0.808349609375,0.028657159589103243,2,10,20,random_regular,10052,0.4444444444444444,0,0,1
G0053,C06,N0,2,COBYLA,512,0.7972412109375,0.009494842032534208,2,10,20,random_regular,10052,0.4444444444444444,0,0,1
G0053,C07,N0,2,SPSA,256,0.817138671875,0.050754246501182855,2,10,20,random_regular,10052,0.4444444444444444,1,0,1
G0053,C08,N0,2,SPSA,512,0.7762451171875,0.017781249624564063,2,10,20,random_regular,10052,0.4444444444444444,1,0,1
G0053,C09,N0,3,COBYLA,256,0.773193359375,0.11704550723742169,2,10,20,random_regular,10052,0.4444444444444444,0,0,1
G0053,C10,N0,3,COBYLA,512,0.7501220703125,0.15934071265507407,2,10,20,random_regular,10052,0.4444444444444444,0,0,1
G0053,C11,N0,3,SPSA,256,0.753662109375,0.1280940506934615,2,10,20,random_regular,10052,0.4444444444444444,1,0,1
G0053,C12,N0,3,SPSA,512,0.76318359375,0.08700727971631346,2,10,20,random_regular,10052,0.4444444444444444,1,0,1
G0054,C01,N0,1,COBYLA,256,0.706787109375,0.11428337137341173,2,10,20,random_regular,10053,0.4444444444444444,0,0,1
G0054,C02,N0,1,COBYLA,512,0.7554931640625,0.02226972040358023,2,10,20,random_regular,10053,0.4444444444444444,0,0,1
G0054,C03,N0,1,SPSA,256,0.7041015625,0.12015291008443288,2,10,20,random_regular,10053,0.4444444444444444,1,0,1
G0054,C04,N0,1,SPSA,512,0.7210693359375,0.0975379226978514,2,10,20,random_regular,10053,0.4444444444444444,1,0,1
G0054,C05,N0,2,COBYLA,256,0.734130859375,0.04661104270516793,2,10,20,random_regular,10053,0.4444444444444444,0,0,1
G0054,C06,N0,2,COBYLA,512,0.8016357421875,0.003280036338511817,2,10,20,random_regular,10053,0.4444444444444444,0,0,1
G0054,C07,N0,2,SPSA,256,0.802001953125,0.035562499249128125,2,10,20,random_regular,10053,0.4444444444444444,1,0,1
G0054,C08,N0,2,SPSA,512,0.7059326171875,0.11998027659293226,2,10,20,random_regular,10053,0.4444444444444444,1,0,1
G0054,C09,N0,3,COBYLA,256,0.720458984375,0.11014016757739681,2,10,20,random_regular,10053,0.4444444444444444,0,0,1
G0054,C10,N0,3,COBYLA,512,0.74365234375,0.1463932007925274,2,10,20,random_regular,10053,0.4444444444444444,0,0,1
G0054,C11,N0,3,SPSA,256,0.711181640625,0.11980764310143163,2,10,20,random_regular,10053,0.4444444444444444,1,0,1
G0054,C12,N0,3,SPSA,512,0.7271728515625,0.08856098113981906,2,10,20,random_regular,10053,0.4444444444444444,1,0,1
G0055,C01,N0,1,COBYLA,256,0.7063802083333334,0.0021483278942299447,2,10,20,random_regular,10054,0.4444444444444444,0,0,1
G0055,C02,N0,1,COBYLA,512,0.59765625,0.05524271728019903,2,10,20,random_regular,10054,0.4444444444444444,0,0,1
G0055,C03,N0,1,SPSA,256,0.7200520833333334,0.0006138079697800066,2,10,20,random_regular,10054,0.4444444444444444,1,0,1
G0055,C04,N0,1,SPSA,512,0.7195095486111112,0.003529395826235038,2,10,20,random_regular,10054,0.4444444444444444,1,0,1
G0055,C05,N0,2,COBYLA,256,0.7217881944444444,0.006751887667579916,2,10,20,random_regular,10054,0.4444444444444444,0,0,1
G0055,C06,N0,2,COBYLA,512,0.7233072916666667,0.01074163947114984,2,10,20,random_regular,10054,0.4444444444444444,0,0,1
G0055,C07,N0,2,SPSA,256,0.6401909722222222,0.15283818447521724,2,10,20,random_regular,10054,0.4444444444444444,1,0,1
G0055,C08,N0,2,SPSA,512,0.6218532986111112,0.08731418370120343,2,10,20,random_regular,10054,0.4444444444444444,1,0,1
G0055,C09,N0,3,COBYLA,256,0.6829427083333333,0.12736515372934779,2,10,20,random_regular,10054,0.4444444444444444,0,0,1
G0055,C10,N0,3,COBYLA,512,0.7058376736111112,0.10572842279460315,2,10,20,random_regular,10054,0.4444444444444444,0,0,1
G0055,C11,N0,3,SPSA,256,0.6458333333333333,0.10311973892303825,2,10,20,random_regular,10054,0.4444444444444444,1,0,1
G0055,C12,N0,3,SPSA,512,0.6617838541666666,0.09866963114213329,2,10,20,random_regular,10054,0.4444444444444444,1,0,1
G0056,C01,N0,1,COBYLA,256,0.707763671875,0.07906613910728486,2,10,20,random_regular,10055,0.4444444444444444,0,0,1
G0056,C02,N0,1,COBYLA,512,0.7137451171875,0.05714168568670586,2,10,20,random_regular,10055,0.4444444444444444,0,0,1
G0056,C03,N0,1,SPSA,256,0.748779296875,0.025895023725093294,2,10,20,random_regular,10055,0.4444444444444444,1,0,1
G0056,C04,N0,1,SPSA,512,0.7103271484375,0.09097785002082777,2,10,20,random_regular,10055,0.4444444444444444,1,0,1
G0056,C05,N0,2,COBYLA,256,0.75732421875,0.0013810679320049757,2,10,20,random_regular,10055,0.4444444444444444,0,0,1
G0056,C06,N0,2,COBYLA,512,0.79150390625,0.007595873626027366,2,10,20,random_regular,10055,0.4444444444444444,0,0,1
G0056,C07,N0,2,SPSA,256,0.750244140625,0.012774878371046025,2,10,20,random_regular,10055,0.4444444444444444,1,0,1
G0056,C08,N0,2,SPSA,512,0.7022705078125,0.10444326235787628,2,10,20,random_regular,10055,0.4444444444444444,1,0,1
G0056,C09,N0,3,COBYLA,256,0.72216796875,0.12084344405043537,2,10,20,random_regular,10055,0.4444444444444444,0,0,1
G0056,C10,N0,3,COBYLA,512,0.69677734375,0.09874635713835576,2,10,20,random_regular,10055,0.4444444444444444,0,0,1
G0056,C11,N0,3,SPSA,256,0.692138671875,0.11014016757739681,2,10,20,random_regular,10055,0.4444444444444444,1,0,1
G0056,C12,N0,3,SPSA,512,0.71484375,0.12429611388044781,2,10,20,random_regular,10055,0.4444444444444444,1,0,1
G0057,C01,N0,1,COBYLA,256,0.700927734375,0.09978215808735949,2,10,20,random_regular,10056,0.4444444444444444,0,0,1
G0057,C02,N0,1,COBYLA,512,0.7225341796875,0.11134860201790116,2,10,20,random_regular,10056,0.4444444444444444,0,0,1
G0057,C03,N0,1,SPSA,256,0.707275390625,0.14742900174153115,2,10,20,random_regular,10056,0.4444444444444444,1,0,1
G0057,C04,N0,1,SPSA,512,0.7125244140625,0.13275515496397827,2,10,20,random_regular,10056,0.4444444444444444,1,0,1
G0057,C05,N0,2,COBYLA,256,0.80224609375,0.006905339660024878,2,10,20,random_regular,10056,0.4444444444444444,0,0,1
G0057,C06,N0,2,COBYLA,512,0.7774658203125,0.03953306955364243,2,10,20,random_regular,10056,0.4444444444444444,0,0,1
G0057,C07,N0,2,SPSA,256,0.69775390625,0.12084344405043537,2,10,20,random_regular,10056,0.4444444444444444,1,0,1
G0057,C08,N0,2,SPSA,512,0.7034912109375,0.11894447564392853,2,10,20,random_regular,10056,0.4444444444444444,1,0,1
G0057,C09,N0,3,COBYLA,256,0.745361328125,0.12464138086344904,2,10,20,random_regular,10056,0.4444444444444444,0,0,1
G0057,C10,N0,3,COBYLA,512,0.8583984375,0.029002426572104487,2,10,20,random_regular,10056,0.4444444444444444,0,0,1
G0057,C11,N0,3,SPSA,256,0.743896484375,0.15778701123156846,2,10,20,random_regular,10056,0.4444444444444444,1,0,1
G0057,C12,N0,3,SPSA,512,0.721435546875,0.08148300798829357,2,10,20,random_regular,10056,0.4444444444444444,1,0,1
G0058,C01,N0,1,COBYLA,256,0.774658203125,0.011393810439041049,2,10,20,random_regular,10057,0.4444444444444444,0,0,1
G0058,C02,N0,1,COBYLA,512,0.7689208984375,0.009494842032534208,2,10,20,random_regular,10057,0.4444444444444444,0,0,1
G0058,C03,N0,1,SPSA,256,0.78955078125,0.007595873626027366,2,10,20,random_regular,10057,0.4444444444444444,1,0,1
G0058,C04,N0,1,SPSA,512,0.76904296875,0.030383494504109463,2,10,20,random_regular,10057,0.4444444444444444,1,0,1
G0058,C05,N0,2,COBYLA,256,0.71337890625,0.01588228121805722,2,10,20,random_regular,10057,0.4444444444444444,0,0,1
G0058,C06,N0,2,COBYLA,512,0.78369140625,0.003797936813013683,2,10,20,random_regular,10057,0.4444444444444444,0,0,1
G0058,C07,N0,2,SPSA,256,0.784912109375,0.018989684065068416,2,10,20,random_regular,10057,0.4444444444444444,1,0,1
G0058,C08,N0,2,SPSA,512,0.8216552734375,0.029520327046606353,2,10,20,random_regular,10057,0.4444444444444444,1,0,1
G0058,C09,N0,3,COBYLA,256,0.727294921875,0.1778124962456406,2,10,20,random_regular,10057,0.4444444444444444,0,0,1
G0058,C10,N0,3,COBYLA,512,0.8460693359375,0.023305521352583965,2,10,20,random_regular,10057,0.4444444444444444,0,0,1
G0058,C11,N0,3,SPSA,256,0.7197265625,0.07250606643026122,2,10,20,random_regular,10057,0.4444444444444444,1,0,1
G0058,C12,N0,3,SPSA,512,0.7379150390625,0.1148012718479136,2,10,20,random_regular,10057,0.4444444444444444,1,0,1
G0059,C01,N0,1,COBYLA,256,0.6150173611111112,0.09268500343677845,2,10,20,random_regular,10058,0.4444444444444444,0,0,1
G0059,C02,N0,1,COBYLA,512,0.7218967013888888,0.008439859584474855,2,10,20,random_regular,10058,0.4444444444444444,0,0,1
G0059,C03,N0,1,SPSA,256,0.6436631944444444,0.10741639471149814,2,10,20,random_regular,10058,0.4444444444444444,1,0,1
G0059,C04,N0,1,SPSA,512,0.6344401041666666,0.11677696625064292,2,10,20,random_regular,10058,0.4444444444444444,1,0,1
G0059,C05,N0,2,COBYLA,256,0.7111545138888888,0.03897680608102928,2,10,20,random_regular,10058,0.4444444444444444,0,0,1
G0059,C06,N0,2,COBYLA,512,0.6689453125,0.10971817459817308,2,10,20,random_regular,10058,0.4444444444444444,0,0,1
G0059,C07,N0,2,SPSA,256,0.6514756944444444,0.1448586808680775,2,10,20,random_regular,10058,0.4444444444444444,1,0,1
G0059,C08,N0,2,SPSA,512,0.6527777777777778,0.13473084936670762,2,10,20,random_regular,10058,0.4444444444444444,1,0,1
G0059,C09,N0,3,COBYLA,256,0.7326388888888888,0.08163645998073864,2,10,20,random_regular,10058,0.4444444444444444,0,0,1
G0059,C10,N0,3,COBYLA,512,0.8204210069444444,0.028695522587214445,2,10,20,random_regular,10058,0.4444444444444444,0,0,1
G0059,C11,N0,3,SPSA,256,0.6631944444444444,0.14301725695873746,2,10,20,random_regular,10058,0.4444444444444444,1,0,1
G0059,C12,N0,3,SPSA,512,0.6779513888888888,0.12490992185022777,2,10,20,random_regular,10058,0.4444444444444444,1,0,1
G0060,C01,N0,1,COBYLA,256,0.6923828125,0.08976941558032342,2,10,20,random_regular,10059,0.4444444444444444,0,0,1
G0060,C02,N0,1,COBYLA,512,0.701416015625,0.09322208541033586,2,10,20,random_regular,10059,0.4444444444444444,0,0,1
G0060,C03,N0,1,SPSA,256,0.691162109375,0.1163549732714192,2,10,20,random_regular,10059,0.4444444444444444,1,0,1
G0060,C04,N0,1,SPSA,512,0.71337890625,0.08355460988630102,2,10,20,random_regular,10059,0.4444444444444444,1,0,1
G0060,C05,N0,2,COBYLA,256,0.72900390625,0.05938592107621395,2,10,20,random_regular,10059,0.4444444444444444,0,0,1
G0060,C06,N0,2,COBYLA,512,0.7662353515625,0.008113774100529231,2,10,20,random_regular,10059,0.4444444444444444,0,0,1
G0060,C07,N0,2,SPSA,256,0.687255859375,0.10047269205336198,2,10,20,random_regular,10059,0.4444444444444444,1,0,1
G0060,C08,N0,2,SPSA,512,0.7159423828125,0.1406962955730069,2,10,20,random_regular,10059,0.4444444444444444,1,0,1
G0060,C09,N0,3,COBYLA,256,0.741943359375,0.08942414859732217,2,10,20,random_regular,10059,0.4444444444444444,0,0,1
G0060,C10,N0,3,COBYLA,512,0.742431640625,0.10392536188337442,2,10,20,random_regular,10059,0.4444444444444444,0,0,1
G0060,C11,N0,3,SPSA,256,0.712646484375,0.08044720703928983,2,10,20,random_regular,10059,0.4444444444444444,1,0,1
G0060,C12,N0,3,SPSA,512,0.756591796875,0.0652554597872351,2,10,20,random_regular,10059,0.4444444444444444,1,0,1
G0061,C01,N0,1,COBYLA,256,0.7482638888888888,0.11785113019775786,2,12,24,random_regular,10060,0.36363636363636365,0,0,1
G0061,C02,N0,1,COBYLA,512,0.751953125,0.12153397801643785,2,12,24,random_regular,10060,0.36363636363636365,0,0,1
G0061,C03,N0,1,SPSA,256,0.7606336805555556,0.113861378394188,2,12,24,random_regular,10060,0.36363636363636365,1,0,1
G0061,C04,N0,1,SPSA,512,0.8394097222222222,0.003375943833789958,2,12,24,random_regular,10060,0.36363636363636365,1,0,1
G0061,C05,N0,2,COBYLA,256,0.8172743055555556,0.057084141189538924,2,12,24,random_regular,10060,0.36363636363636365,0,0,1
G0061,C06,N0,2,COBYLA,512,0.8382161458333333,0.0050639157506848975,2,12,24,random_regular,10060,0.36363636363636365,0,0,1
G0061,C07,N0,2,SPSA,256,0.7554253472222222,0.10895091463594811,2,12,24,random_regular,10060,0.36363636363636365,1,0,1
G0061,C08,N0,2,SPSA,512,0.7586805555555556,0.09452642734611835,2,12,24,random_regular,10060,0.36363636363636365,1,0,1
G0061,C09,N0,3,COBYLA,256,0.7575954861111112,0.16051078409746714,2,12,24,random_regular,10060,0.36363636363636365,0,0,1
G0061,C10,N0,3,COBYLA,512,0.8468967013888888,0.014271035297384682,2,12,24,random_regular,10060,0.36363636363636365,0,0,1
G0061,C11,N0,3,SPSA,256,0.7235243055555556,0.011662351425819811,2,12,24,random_regular,10060,0.36363636363636365,1,0,1
G0061,C12,N0,3,SPSA,512,0.7739800347222222,0.0824037199429635,2,12,24,random_regular,10060,0.36363636363636365,1,0,1
G0062,C01,N0,1,COBYLA,256,0.6736328125,0.11904805573882885,2,12,24,random_regular,10061,0.36363636363636365,0,0,1
G0062,C02,N0,1,COBYLA,512,0.7732421875,0.01215339780164384,2,12,24,random_regular,10061,0.36363636363636365,0,0,1
G0062,C03,N0,1,SPSA,256,0.7693359375,0.009115048351232832,2,12,24,random_regular,10061,0.36363636363636365,1,0,1
G0062,C04,N0,1,SPSA,512,0.7779296875,0.004971844555217944,2,12,24,random_regular,10061,0.36363636363636365,1,0,1
G0062,C05,N0,2,COBYLA,256,0.7703125,0.01602038801125771,2,12,24,random_regular,10061,0.36363636363636365,0,0,1
G0062,C06,N0,2,COBYLA,512,0.77919921875,0.028311892606102,2,12,24,random_regular,10061,0.36363636363636365,0,0,1
G0062,C07,N0,2,SPSA,256,0.7152343750000001,0.12540096822605176,2,12,24,random_regular,10061,0.36363636363636365,1,0,1
G0062,C08,N0,2,SPSA,512,0.72099609375,0.13741625923449508,2,12,24,random_regular,10061,0.36363636363636365,1,0,1
G0062,C09,N0,3,COBYLA,256,0.7138671875,0.15937523935337417,2,12,24,random_regular,10061,0.36363636363636365,0,0,1
G0062,C10,N0,3,COBYLA,512,0.7159179687499999,0.15150315214094584,2,12,24,random_regular,10061,0.36363636363636365,0,0,1
G0062,C11,N0,3,SPSA,256,0.7029296875,0.016296601597658767,2,12,24,random_regular,10061,0.36363636363636365,1,0,1
G0062,C12,N0,3,SPSA,512,0.6747070312500001,0.08051626043589005,2,12,24,random_regular,10061,0.36363636363636365,1,0,1
G0063,C01,N0,1,COBYLA,256,0.6859375,0.09059805633952643,2,12,24,random_regular,10062,0.36363636363636365,0,0,1
G0063,C02,N0,1,COBYLA,512,0.76025390625,0.012291504594844252,2,12,24,random_regular,10062,0.36363636363636365,0,0,1
G0063,C03,N0,1,SPSA,256,0.681640625,0.113247570424408,2,12,24,random_regular,10062,0.36363636363636365,1,0,1
G0063,C04,N0,1,SPSA,512,0.7591796875000001,0.01629660159765869,2,12,24,random_regular,10062,0.36363636363636365,1,0,1
G0063,C05,N0,2,COBYLA,256,0.68671875,0.045851455342565135,2,12,24,random_regular,10062,0.36363636363636365,0,0,1
G0063,C06,N0,2,COBYLA,512,0.7669921875000001,0.03894611568254026,2,12,24,random_regular,10062,0.36363636363636365,0,0,1
G0063,C07,N0,2,SPSA,256,0.6673828125000001,0.06601504714983782,2,12,24,random_regular,10062,0.36363636363636365,1,0,1
G0063,C08,N0,2,SPSA,512,0.66044921875,0.0653245131838354,2,12,24,random_regular,10062,0.36363636363636365,1,0,1
G0063,C09,N0,3,COBYLA,256,0.812109375,0.02209708691207961,2,12,24,random_regular,10062,0.36363636363636365,0,0,1
G0063,C10,N0,3,COBYLA,512,0.82880859375,0.054828396900597556,2,12,24,random_regular,10062,0.36363636363636365,0,0,1
G0063,C11,N0,3,SPSA,256,0.7113281250000001,0.14197378341011146,2,12,24,random_regular,10062,0.36363636363636365,1,0,1
G0063,C12,N0,3,SPSA,512,0.79541015625,0.038531795302938786,2,12,24,random_regular,10062,0.36363636363636365,1,0,1
G0064,C01,N0,1,COBYLA,256,0.703125,0.0999893182771602,2,12,24,random_regular,10063,0.36363636363636365,0,0,1
G0064,C02,N0,1,COBYLA,512,0.6912109375,0.12098155084363578,2,12,24,random_regular,10063,0.36363636363636365,0,0,1
G0064,C03,N0,1,SPSA,256,0.68359375,0.1287155312628638,2,12,24,random_regular,10063,0.36363636363636365,1,0,1
G0064,C04,N0,1,SPSA,512,0.7803710937499999,0.004557524175616475,2,12,24,random_regular,10063,0.36363636363636365,1,0,1
G0064,C05,N0,2,COBYLA,256,0.784765625,0.005524271728019903,2,12,24,random_regular,10063,0.36363636363636365,0,0,1
G0064,C06,N0,2,COBYLA,512,0.78818359375,0.016710921977260235,2,12,24,random_regular,10063,0.36363636363636365,0,0,1
G0064,C07,N0,2,SPSA,256,0.669140625,0.113247570424408,2,12,24,random_regular,10063,0.36363636363636365,1,0,1
G0064,C08,N0,2,SPSA,512,0.7716796875,0.05524271728019903,2,12,24,random_regular,10063,0.36363636363636365,1,0,1
G0064,C09,N0,3,COBYLA,256,0.8220703125,0.0030383494504108914,2,12,24,random_regular,10063,0.36363636363636365,0,0,1
G0064,C10,N0,3,COBYLA,512,0.85390625,0.039498542855342336,2,12,24,random_regular,10063,0.36363636363636365,0,0,1
G0064,C11,N0,3,SPSA,256,0.708203125,0.06850096942744671,2,12,24,random_regular,10063,0.36363636363636365,1,0,1
G0064,C12,N0,3,SPSA,512,0.69287109375,0.005109951348418473,2,12,24,random_regular,10063,0.36363636363636365,1,0,1
G0065,C01,N0,1,COBYLA,256,0.7625868055555556,0.11785113019775793,2,12,24,random_regular,10064,0.36363636363636365,0,0,1
G0065,C02,N0,1,COBYLA,512,0.6895616319444444,0.02562648273831453,2,12,24,random_regular,10064,0.36363636363636365,0,0,1
G0065,C03,N0,1,SPSA,256,0.8578559027777777,0.00030690398489004254,2,12,24,random_regular,10064,0.36363636363636365,1,0,1
G0065,C04,N0,1,SPSA,512,0.8547092013888888,0.0010741639471150116,2,12,24,random_regular,10064,0.36363636363636365,1,0,1
G0065,C05,N0,2,COBYLA,256,0.8155381944444444,0.011662351425819811,2,12,24,random_regular,10064,0.36363636363636365,0,0,1
G0065,C06,N0,2,COBYLA,512,0.8430989583333334,0.014424487289829762,2,12,24,random_regular,10064,0.36363636363636365,0,0,1
G0065,C07,N0,2,SPSA,256,0.7686631944444444,0.14178964101917757,2,12,24,random_regular,10064,0.36363636363636365,1,0,1
G0065,C08,N0,2,SPSA,512,0.7426215277777778,0.1230684979408878,2,12,24,random_regular,10064,0.36363636363636365,1,0,1
G0065,C09,N0,3,COBYLA,256,0.7855902777777777,0.16818338371971706,2,12,24,random_regular,10064,0.36363636363636365,0,0,1
G0065,C10,N0,3,COBYLA,512,0.7885199652777778,0.1637332759388121,2,12,24,random_regular,10064,0.36363636363636365,0,0,1
G0065,C11,N0,3,SPSA,256,0.7823350694444444,0.1335032334271477,2,12,24,random_regular,10064,0.36363636363636365,1,0,1
G0065,C12,N0,3,SPSA,512,0.7365451388888888,0.11017853057550808,2,12,24,random_regular,10064,0.36363636363636365,1,0,1
G0066,C01,N0,1,COBYLA,256,0.7584635416666666,0.1298203856084677,2,12,24,random_regular,10065,0.36363636363636365,0,0,1
G0066,C02,N0,1,COBYLA,512,0.7590060763888888,0.12782550970668277,2,12,24,random_regular,10065,0.36363636363636365,0,0,1
G0066,C03,N0,1,SPSA,256,0.8480902777777777,0.0024552318791199873,2,12,24,random_regular,10065,0.36363636363636365,1,0,1
G0066,C04,N0,1,SPSA,512,0.8481987847222222,0.011815803418264775,2,12,24,random_regular,10065,0.36363636363636365,1,0,1
G0066,C05,N0,2,COBYLA,256,0.8335503472222222,0.026700646685429583,2,12,24,random_regular,10065,0.36363636363636365,0,0,1
G0066,C06,N0,2,COBYLA,512,0.8245442708333334,0.029616234541884494,2,12,24,random_regular,10065,0.36363636363636365,0,0,1
G0066,C07,N0,2,SPSA,256,0.7274305555555556,0.10066450704391826,2,12,24,random_regular,10065,0.36363636363636365,1,0,1
G0066,C08,N0,2,SPSA,512,0.7251519097222222,0.05999972904599396,2,12,24,random_regular,10065,0.36363636363636365,1,0,1
G0066,C09,N0,3,COBYLA,256,0.7606336805555556,0.14946224064142732,2,12,24,random_regular,10065,0.36363636363636365,0,0,1
G0066,C10,N0,3,COBYLA,512,0.7688802083333333,0.1531450884601073,2,12,24,random_regular,10065,0.36363636363636365,0,0,1
G0066,C11,N0,3,SPSA,256,0.7786458333333334,0.07242934043403874,2,12,24,random_regular,10065,0.36363636363636365,1,0,1
G0066,C12,N0,3,SPSA,512,0.8434244791666667,0.044347625816604216,2,12,24,random_regular,10065,0.36363636363636365,1,0,1
G0067,C01,N0,1,COBYLA,256,0.6625000000000001,0.09556990089474433,2,12,24,random_regular,10066,0.36363636363636365,0,0,1
G0067,C02,N0,1,COBYLA,512,0.6815429687500001,0.11835752177282644,2,12,24,random_regular,10066,0.36363636363636365,0,0,1
G0067,C03,N0,1,SPSA,256,0.762890625,0.007733980419227855,2,12,24,random_regular,10066,0.36363636363636365,1,0,1
G0067,C04,N0,1,SPSA,512,0.76572265625,0.0006905339660024879,2,12,24,random_regular,10066,0.36363636363636365,1,0,1
G0067,C05,N0,2,COBYLA,256,0.75546875,0.011600970628841764,2,12,24,random_regular,10066,0.36363636363636365,0,0,1
G0067,C06,N0,2,COBYLA,512,0.75947265625,0.024444902396488014,2,12,24,random_regular,10066,0.36363636363636365,0,0,1
G0067,C07,N0,2,SPSA,256,0.670703125,0.09777960958595233,2,12,24,random_regular,10066,0.36363636363636365,1,0,1
G0067,C08,N0,2,SPSA,512,0.68193359375,0.10648033755758361,2,12,24,random_regular,10066,0.36363636363636365,1,0,1
G0067,C09,N0,3,COBYLA,256,0.6951171875,0.15606067631656226,2,12,24,random_regular,10066,0.36363636363636365,0,0,1
G0067,C10,N0,3,COBYLA,512,0.70048828125,0.13824489999369804,2,12,24,random_regular,10066,0.36363636363636365,0,0,1
G0067,C11,N0,3,SPSA,256,0.6460937499999999,0.0011048543456040354,2,12,24,random_regular,10066,0.36363636363636365,1,0,1
G0067,C12,N0,3,SPSA,512,0.766015625,0.07374902756906566,2,12,24,random_regular,10066,0.36363636363636365,1,0,1
G0068,C01,N0,1,COBYLA,256,0.6892578125,0.12788689050366067,2,12,24,random_regular,10067,0.36363636363636365,0,0,1
G0068,C02,N0,1,COBYLA,512,0.6830078125,0.11131407531960107,2,12,24,random_regular,10067,0.36363636363636365,0,0,1
G0068,C03,N0,1,SPSA,256,0.687109375,0.10827572586919006,2,12,24,random_regular,10067,0.36363636363636365,1,0,1
G0068,C04,N0,1,SPSA,512,0.74599609375,0.030245387710908934,2,12,24,random_regular,10067,0.36363636363636365,1,0,1
G0068,C05,N0,2,COBYLA,256,0.7732421875,0.007457766832826876,2,12,24,random_regular,10067,0.36363636363636365,0,0,1
G0068,C06,N0,2,COBYLA,512,0.76953125,0.013534465733648698,2,12,24,random_regular,10067,0.36363636363636365,0,0,1
G0068,C07,N0,2,SPSA,256,0.69921875,0.00331456303681191,2,12,24,random_regular,10067,0.36363636363636365,1,0,1
G0068,C08,N0,2,SPSA,512,0.673828125,0.10109417262276428,2,12,24,random_regular,10067,0.36363636363636365,1,0,1
G0068,C09,N0,3,COBYLA,256,0.6822265625,0.15606067631656226,2,12,24,random_regular,10067,0.36363636363636365,0,0,1
G0068,C10,N0,3,COBYLA,512,0.830078125,0.03425048471372333,2,12,24,random_regular,10067,0.36363636363636365,0,0,1
G0068,C11,N0,3,SPSA,256,0.6630859375,0.05220436782978802,2,12,24,random_regular,10067,0.36363636363636365,1,0,1
G0068,C12,N0,3,SPSA,512,0.6927734375,0.07733980419227864,2,12,24,random_regular,10067,0.36363636363636365,1,0,1
G0069,C01,N0,1,COBYLA,256,0.7526041666666667,0.10189212298347823,2,12,24,random_regular,10068,0.36363636363636365,0,0,1
G0069,C02,N0,1,COBYLA,512,0.8362630208333333,0.016112459206724702,2,12,24,random_regular,10068,0.36363636363636365,0,0,1
G0069,C03,N0,1,SPSA,256,0.7541232638888888,0.12368230591066792,2,12,24,random_regular,10068,0.36363636363636365,1,0,1
G0069,C04,N0,1,SPSA,512,0.7686631944444444,0.09452642734611835,2,12,24,random_regular,10068,0.36363636363636365,1,0,1
G0069,C05,N0,2,COBYLA,256,0.8459201388888888,0.025166126760979606,2,12,24,random_regular,10068,0.36363636363636365,0,0,1
G0069,C06,N0,2,COBYLA,512,0.8546006944444444,0.004910463758239896,2,12,24,random_regular,10068,0.36363636363636365,0,0,1
G0069,C07,N0,2,SPSA,256,0.7196180555555556,0.09391261937633834,2,12,24,random_regular,10068,0.36363636363636365,1,0,1
G0069,C08,N0,2,SPSA,512,0.7225477430555556,0.06675161671357376,2,12,24,random_regular,10068,0.36363636363636365,1,0,1
G0069,C09,N0,3,COBYLA,256,0.8654513888888888,0.04787702164283914,2,12,24,random_regular,10068,0.36363636363636365,0,0,1
G0069,C10,N0,3,COBYLA,512,0.8713107638888888,0.012889967365379786,2,12,24,random_regular,10068,0.36363636363636365,0,0,1
G0069,C11,N0,3,SPSA,256,0.8324652777777778,0.014731391274719688,2,12,24,random_regular,10068,0.36363636363636365,1,0,1
G0069,C12,N0,3,SPSA,512,0.8460286458333333,0.02225053890452461,2,12,24,random_regular,10068,0.36363636363636365,1,0,1
G0070,C01,N0,1,COBYLA,256,0.678125,0.10717087152358615,2,12,24,random_regular,10069,0.36363636363636365,0,0,1
G0070,C02,N0,1,COBYLA,512,0.76875,0.0019334951048069738,2,12,24,random_regular,10069,0.36363636363636365,0,0,1
G0070,C03,N0,1,SPSA,256,0.6888671875000001,0.1218101916028388,2,12,24,random_regular,10069,0.36363636363636365,1,0,1
G0070,C04,N0,1,SPSA,512,0.75654296875,0.030521601297309874,2,12,24,random_regular,10069,0.36363636363636365,1,0,1
G0070,C05,N0,2,COBYLA,256,0.76015625,0.004971844555217944,2,12,24,random_regular,10069,0.36363636363636365,0,0,1
G0070,C06,N0,2,COBYLA,512,0.759765625,0.02872621298570343,2,12,24,random_regular,10069,0.36363636363636365,0,0,1
G0070,C07,N0,2,SPSA,256,0.6935546875,0.1140762111836109,2,12,24,random_regular,10069,0.36363636363636365,1,0,1
G0070,C08,N0,2,SPSA,512,0.67744140625,0.11670024025442044,2,12,24,random_regular,10069,0.36363636363636365,1,0,1
G0070,C09,N0,3,COBYLA,256,0.806640625,0.016572815184059706,2,12,24,random_regular,10069,0.36363636363636365,0,0,1
G0070,C10,N0,3,COBYLA,512,0.83134765625,0.004557524175616475,2,12,24,random_regular,10069,0.36363636363636365,0,0,1
G0070,C11,N0,3,SPSA,256,0.738671875,0.027068931467297552,2,12,24,random_regular,10069,0.36363636363636365,1,0,1
G0070,C12,N0,3,SPSA,512,0.6646484374999999,0.009943689110435848,2,12,24,random_regular,10069,0.36363636363636365,1,0,1
G0071,C01,N0,1,COBYLA,256,0.658203125,0.11027296257085878,2,15,30,random_regular,10070,0.2857142857142857,0,0,1
G0071,C02,N0,1,COBYLA,512,0.7376802884615384,0.0006374159686176689,2,15,30,random_regular,10070,0.2857142857142857,0,0,1
G0071,C03,N0,1,SPSA,256,0.740234375,0.009561239529265192,2,15,30,random_regular,10070,0.2857142857142857,1,0,1
G0071,C04,N0,1,SPSA,512,0.7364783653846154,0.004886855759402234,2,15,30,random_regular,10070,0.2857142857142857,1,0,1
G0071,C05,N0,2,COBYLA,256,0.7414362980769231,0.011261015445579042,2,15,30,random_regular,10070,0.2857142857142857,0,0,1
G0071,C06,N0,2,COBYLA,512,0.7388070913461537,0.002443427879701156,2,15,30,random_regular,10070,0.2857142857142857,0,0,1
G0071,C07,N0,2,SPSA,256,0.763671875,0.0036120238221668956,2,15,30,random_regular,10070,0.2857142857142857,1,0,1
G0071,C08,N0,2,SPSA,512,0.7524038461538461,0.029746078535491795,2,15,30,random_regular,10070,0.2857142857142857,1,0,1
G0071,C09,N0,3,COBYLA,256,0.6926081730769231,0.10156161099975042,2,15,30,random_regular,10070,0.2857142857142857,0,0,1
G0071,C10,N0,3,COBYLA,512,0.767578125,0.03272068638904102,2,15,30,random_regular,10070,0.2857142857142857,0,0,1
G0071,C11,N0,3,SPSA,256,0.7276141826923077,0.04355675785554155,2,15,30,random_regular,10070,0.2857142857142857,1,0,1
G0071,C12,N0,3,SPSA,512,0.6849459134615384,0.06012957303960126,2,15,30,random_regular,10070,0.2857142857142857,1,0,1
G0072,C01,N0,1,COBYLA,256,0.6697716346153846,0.0956123952926522,2,15,30,random_regular,10071,0.2857142857142857,0,0,1
G0072,C02,N0,1,COBYLA,512,0.7397085336538461,0.006905339660024878,2,15,30,random_regular,10071,0.2857142857142857,0,0,1
G0072,C03,N0,1,SPSA,256,0.7309194711538461,0.004036967801245289,2,15,30,random_regular,10071,0.2857142857142857,1,0,1
G0072,C04,N0,1,SPSA,512,0.7340745192307692,0.005311799738480666,2,15,30,random_regular,10071,0.2857142857142857,1,0,1
G0072,C05,N0,2,COBYLA,256,0.7056790865384616,0.01593539921544204,2,15,30,random_regular,10071,0.2857142857142857,0,0,1
G0072,C06,N0,2,COBYLA,512,0.7398587740384616,0.017316467147447015,2,15,30,random_regular,10071,0.2857142857142857,0,0,1
G0072,C07,N0,2,SPSA,256,0.6953125,0.15510455236363566,2,15,30,random_regular,10071,0.2857142857142857,1,0,1
G0072,C08,N0,2,SPSA,512,0.6382962740384616,0.08615739175815652,2,15,30,random_regular,10071,0.2857142857142857,1,0,1
G0072,C09,N0,3,COBYLA,256,0.7599158653846154,0.04376922984508071,2,15,30,random_regular,10071,0.2857142857142857,0,0,1
G0072,C10,N0,3,COBYLA,512,0.7720853365384616,0.039307318064756985,2,15,30,random_regular,10071,0.2857142857142857,0,0,1
G0072,C11,N0,3,SPSA,256,0.6613581730769231,0.04461911780323766,2,15,30,random_regular,10071,0.2857142857142857,1,0,1
G0072,C12,N0,3,SPSA,512,0.7143179086538461,0.02687770667671221,2,15,30,random_regular,10071,0.2857142857142857,1,0,1
G0073,C01,N0,1,COBYLA,256,0.68408203125,0.0904599495463259,2,15,30,random_regular,10072,0.2857142857142857,0,0,1
G0073,C02,N0,1,COBYLA,512,0.8003743489583333,0.0008056229603362489,2,15,30,random_regular,10072,0.2857142857142857,0,0,1
G0073,C03,N0,1,SPSA,256,0.7975260416666667,0.010127831501369835,2,15,30,random_regular,10072,0.2857142857142857,1,0,1
G0073,C04,N0,1,SPSA,512,0.796630859375,0.009092030552366142,2,15,30,random_regular,10072,0.2857142857142857,1,0,1
G0073,C05,N0,2,COBYLA,256,0.7906901041666667,0.014731391274719806,2,15,30,random_regular,10072,0.2857142857142857,0,0,1
G0073,C06,N0,2,COBYLA,512,0.8028971354166667,0.03268527439078441,2,15,30,random_regular,10072,0.2857142857142857,0,0,1
G0073,C07,N0,2,SPSA,256,0.7325846354166667,0.03982079203947681,2,15,30,random_regular,10072,0.2857142857142857,1,0,1
G0073,C08,N0,2,SPSA,512,0.7478841145833334,0.04971844555217912,2,15,30,random_regular,10072,0.2857142857142857,1,0,1
G0073,C09,N0,3,COBYLA,256,0.8426106770833334,0.032455096402116926,2,15,30,random_regular,10072,0.2857142857142857,0,0,1
G0073,C10,N0,3,COBYLA,512,0.826416015625,0.03809445712447063,2,15,30,random_regular,10072,0.2857142857142857,0,0,1
G0073,C11,N0,3,SPSA,256,0.771484375,0.08884870362565349,2,15,30,random_regular,10072,0.2857142857142857,1,0,1
G0073,C12,N0,3,SPSA,512,0.7044270833333334,0.00621480569402239,2,15,30,random_regular,10072,0.2857142857142857,1,0,1
G0074,C01,N0,1,COBYLA,256,0.6012620192307692,0.04249439790784537,2,15,30,random_regular,10073,0.2857142857142857,0,0,1
G0074,C02,N0,1,COBYLA,512,0.7424128605769231,0.0001062359947695199,2,15,30,random_regular,10073,0.2857142857142857,0,0,1
G0074,C03,N0,1,SPSA,256,0.7348257211538463,0.006586631675716004,2,15,30,random_regular,10073,0.2857142857142857,1,0,1
G0074,C04,N0,1,SPSA,512,0.7331730769230769,0.003612023822166778,2,15,30,random_regular,10073,0.2857142857142857,1,0,1
G0074,C05,N0,2,COBYLA,256,0.724609375,0.023584390838854222,2,15,30,random_regular,10073,0.2857142857142857,0,0,1
G0074,C06,N0,2,COBYLA,512,0.7598407451923077,0.01072983547173101,2,15,30,random_regular,10073,0.2857142857142857,0,0,1
G0074,C07,N0,2,SPSA,256,0.67578125,0.0871135157110831,2,15,30,random_regular,10073,0.2857142857142857,1,0,1
G0074,C08,N0,2,SPSA,512,0.6171875,0.0614044049768366,2,15,30,random_regular,10073,0.2857142857142857,1,0,1
G0074,C09,N0,3,COBYLA,256,0.78125,0.013173263351432088,2,15,30,random_regular,10073,0.2857142857142857,0,0,1
G0074,C10,N0,3,COBYLA,512,0.7814002403846154,0.02528416675516807,2,15,30,random_regular,10073,0.2857142857142857,0,0,1
G0074,C11,N0,3,SPSA,256,0.6479867788461537,0.06182934895591503,2,15,30,random_regular,10073,0.2857142857142857,1,0,1
G0074,C12,N0,3,SPSA,512,0.6307842548076923,0.02687770667671221,2,15,30,random_regular,10073,0.2857142857142857,1,0,1
G0075,C01,N0,1,COBYLA,256,0.7622514204545454,0.11475418998659517,2,15,30,random_regular,10074,0.2857142857142857,0,0,1
G0075,C02,N0,1,COBYLA,512,0.7592329545454546,0.119274048673157,2,15,30,random_regular,10074,0.2857142857142857,0,0,1
G0075,C03,N0,1,SPSA,256,0.7700639204545454,0.12128287475607334,2,15,30,random_regular,10074,0.2857142857142857,1,0,1
G0075,C04,N0,1,SPSA,512,0.8557350852272727,0.007156442920389387,2,15,30,random_regular,10074,0.2857142857142857,1,0,1
G0075,C05,N0,2,COBYLA,256,0.8032670454545454,0.05524271728019903,2,15,30,random_regular,10074,0.2857142857142857,0,0,1
G0075,C06,N0,2,COBYLA,512,0.8575106534090908,0.006152029878931273,2,15,30,random_regular,10074,0.2857142857142857,0,0,1
G0075,C07,N0,2,SPSA,256,0.8217329545454546,0.04971844555217912,2,15,30,random_regular,10074,0.2857142857142857,1,0,1
G0075,C08,N0,2,SPSA,512,0.8085049715909091,0.04005097002814429,2,15,30,random_regular,10074,0.2857142857142857,1,0,1
G0075,C09,N0,3,COBYLA,256,0.7874644886363636,0.13886010298159113,2,15,30,random_regular,10074,0.2857142857142857,0,0,1
G0075,C10,N0,3,COBYLA,512,0.7966086647727273,0.10031575251563413,2,15,30,random_regular,10074,0.2857142857142857,0,0,1
G0075,C11,N0,3,SPSA,256,0.8409090909090908,0.018581641266976055,2,15,30,random_regular,10074,0.2857142857142857,1,0,1
G0075,C12,N0,3,SPSA,512,0.8631924715909092,0.044319725454341416,2,15,30,random_regular,10074,0.2857142857142857,1,0,1
G0076,C01,N0,1,COBYLA,256,0.5881911057692308,0.02528416675516807,2,15,30,random_regular,10075,0.2857142857142857,0,0,1
G0076,C02,N0,1,COBYLA,512,0.7364783653846154,0.0008498879581569051,2,15,30,random_regular,10075,0.2857142857142857,0,0,1
G0076,C03,N0,1,SPSA,256,0.6521935096153846,0.11537229031980029,2,15,30,random_regular,10075,0.2857142857142857,1,0,1
G0076,C04,N0,1,SPSA,512,0.7358774038461539,0.006161687696637571,2,15,30,random_regular,10075,0.2857142857142857,1,0,1
G0076,C05,N0,2,COBYLA,256,0.7486478365384615,0.017635175131755887,2,15,30,random_regular,10075,0.2857142857142857,0,0,1
G0076,C06,N0,2,COBYLA,512,0.7387319711538461,0.01019865549788286,2,15,30,random_regular,10075,0.2857142857142857,0,0,1
G0076,C07,N0,2,SPSA,256,0.6192908653846154,0.05906721309190508,2,15,30,random_regular,10075,0.2857142857142857,1,0,1
G0076,C08,N0,2,SPSA,512,0.6705228365384616,0.13258252147247765,2,15,30,random_regular,10075,0.2857142857142857,1,0,1
G0076,C09,N0,3,COBYLA,256,0.6781850961538463,0.15850410419626332,2,15,30,random_regular,10075,0.2857142857142857,0,0,1
G0076,C10,N0,3,COBYLA,512,0.6760817307692307,0.15531702435317493,2,15,30,random_regular,10075,0.2857142857142857,0,0,1
G0076,C11,N0,3,SPSA,256,0.6951622596153846,0.07287789241195491,2,15,30,random_regular,10075,0.2857142857142857,1,0,1
G0076,C12,N0,3,SPSA,512,0.6832932692307692,0.021034726964383507,2,15,30,random_regular,10075,0.2857142857142857,1,0,1
G0077,C01,N0,1,COBYLA,256,0.70458984375,0.11808130818642541,2,15,30,random_regular,10076,0.2857142857142857,0,0,1
G0077,C02,N0,1,COBYLA,512,0.746826171875,0.05328620437652536,2,15,30,random_regular,10076,0.2857142857142857,0,0,1
G0077,C03,N0,1,SPSA,256,0.7138671875,0.12337540192577788,2,15,30,random_regular,10076,0.2857142857142857,1,0,1
G0077,C04,N0,1,SPSA,512,0.791748046875,0.002647046869676151,2,15,30,random_regular,10076,0.2857142857142857,1,0,1
G0077,C05,N0,2,COBYLA,256,0.7683919270833333,0.030613672492776946,2,15,30,random_regular,10076,0.2857142857142857,0,0,1
G0077,C06,N0,2,COBYLA,512,0.783447265625,0.002647046869676151,2,15,30,random_regular,10076,0.2857142857142857,0,0,1
G0077,C07,N0,2,SPSA,256,0.6785481770833333,0.07572855827160618,2,15,30,random_regular,10076,0.2857142857142857,1,0,1
G0077,C08,N0,2,SPSA,512,0.7322591145833334,0.08631674575031098,2,15,30,random_regular,10076,0.2857142857142857,1,0,1
G0077,C09,N0,3,COBYLA,256,0.72412109375,0.15122693855454483,2,15,30,random_regular,10076,0.2857142857142857,0,0,1
G0077,C10,N0,3,COBYLA,512,0.8190104166666667,0.02531957875342449,2,15,30,random_regular,10076,0.2857142857142857,0,0,1
G0077,C11,N0,3,SPSA,256,0.6744791666666667,0.012889967365379786,2,15,30,random_regular,10076,0.2857142857142857,1,0,1
G0077,C12,N0,3,SPSA,512,0.6595865885416666,0.011393810439041049,2,15,30,random_regular,10076,0.2857142857142857,1,0,1
G0078,C01,N0,1,COBYLA,256,0.8064778645833334,0.003452669830012439,2,15,30,random_regular,10077,0.2857142857142857,0,0,1
G0078,C02,N0,1,COBYLA,512,0.7986653645833334,0.0013810679320049757,2,15,30,random_regular,10077,0.2857142857142857,0,0,1
G0078,C03,N0,1,SPSA,256,0.80224609375,0.0002301779886674436,2,15,30,random_regular,10077,0.2857142857142857,1,0,1
G0078,C04,N0,1,SPSA,512,0.8026529947916666,0.011393810439041049,2,15,30,random_regular,10077,0.2857142857142857,1,0,1
G0078,C05,N0,2,COBYLA,256,0.8046875,0.006444983682689834,2,15,30,random_regular,10077,0.2857142857142857,0,0,1
G0078,C06,N0,2,COBYLA,512,0.8035481770833333,0.003913025807347366,2,15,30,random_regular,10077,0.2857142857142857,0,0,1
G0078,C07,N0,2,SPSA,256,0.7200520833333333,0.03130420645877943,2,15,30,random_regular,10077,0.2857142857142857,1,0,1
G0078,C08,N0,2,SPSA,512,0.7386881510416667,0.044999796784495394,2,15,30,random_regular,10077,0.2857142857142857,1,0,1
G0078,C09,N0,3,COBYLA,256,0.73876953125,0.17194295753461947,2,15,30,random_regular,10077,0.2857142857142857,0,0,1
G0078,C10,N0,3,COBYLA,512,0.8009440104166667,0.05570307325753395,2,15,30,random_regular,10077,0.2857142857142857,0,0,1
G0078,C11,N0,3,SPSA,256,0.7384440104166667,0.03153438444744696,2,15,30,random_regular,10077,0.2857142857142857,1,0,1
G0078,C12,N0,3,SPSA,512,0.6835123697916667,0.00540918273368622,2,15,30,random_regular,10077,0.2857142857142857,1,0,1
G0079,C01,N0,1,COBYLA,256,0.8043619791666667,0.007365695637359805,2,15,30,random_regular,10078,0.2857142857142857,0,0,1
G0079,C02,N0,1,COBYLA,512,0.8068033854166667,0.0025319578753424683,2,15,30,random_regular,10078,0.2857142857142857,0,0,1
G0079,C03,N0,1,SPSA,256,0.8116861979166666,0.0020716018980074633,2,15,30,random_regular,10078,0.2857142857142857,1,0,1
G0079,C04,N0,1,SPSA,512,0.8119303385416666,0.0010358009490037316,2,15,30,random_regular,10078,0.2857142857142857,1,0,1
G0079,C05,N0,2,COBYLA,256,0.8216145833333333,0.007826051614694848,2,15,30,random_regular,10078,0.2857142857142857,0,0,1
G0079,C06,N0,2,COBYLA,512,0.801025390625,0.011393810439041049,2,15,30,random_regular,10078,0.2857142857142857,0,0,1
G0079,C07,N0,2,SPSA,256,0.7197265625,0.0009207119546699314,2,15,30,random_regular,10078,0.2857142857142857,1,0,1
G0079,C08,N0,2,SPSA,512,0.7416178385416667,0.036022855226463125,2,15,30,random_regular,10078,0.2857142857142857,1,0,1
G0079,C09,N0,3,COBYLA,256,0.8572591145833333,0.005294093739352341,2,15,30,random_regular,10078,0.2857142857142857,0,0,1
G0079,C10,N0,3,COBYLA,512,0.8417154947916667,0.017148260155728436,2,15,30,random_regular,10078,0.2857142857142857,0,0,1
G0079,C11,N0,3,SPSA,256,0.7275390625,0.028542070594769445,2,15,30,random_regular,10078,0.2857142857142857,1,0,1
G0079,C12,N0,3,SPSA,512,0.7427571614583334,0.06111225599122017,2,15,30,random_regular,10078,0.2857142857142857,1,0,1
G0080,C01,N0,1,COBYLA,256,0.7531550480769231,0.0006374159686177082,2,15,30,random_regular,10079,0.2857142857142857,0,0,1
G0080,C02,N0,1,COBYLA,512,0.6169621394230769,0.062360528929763064,2,15,30,random_regular,10079,0.2857142857142857,0,0,1
G0080,C03,N0,1,SPSA,256,0.7498497596153846,0.003187079843088384,2,15,30,random_regular,10079,0.2857142857142857,1,0,1
G0080,C04,N0,1,SPSA,512,0.7490985576923077,0.013173263351432088,2,15,30,random_regular,10079,0.2857142857142857,1,0,1
G0080,C05,N0,2,COBYLA,256,0.6924579326923077,0.050355861520796796,2,15,30,random_regular,10079,0.2857142857142857,0,0,1
G0080,C06,N0,2,COBYLA,512,0.7627704326923077,0.004249439790784564,2,15,30,random_regular,10079,0.2857142857142857,0,0,1
G0080,C07,N0,2,SPSA,256,0.6948617788461539,0.1786889432024899,2,15,30,random_regular,10079,0.2857142857142857,1,0,1
G0080,C08,N0,2,SPSA,512,0.6548978365384615,0.1121852104767119,2,15,30,random_regular,10079,0.2857142857142857,1,0,1
G0080,C09,N0,3,COBYLA,256,0.8069411057692308,0.0010623599476961018,2,15,30,random_regular,10079,0.2857142857142857,0,0,1
G0080,C10,N0,3,COBYLA,512,0.7792217548076923,0.05726120118082167,2,15,30,random_regular,10079,0.2857142857142857,0,0,1
G0080,C11,N0,3,SPSA,256,0.7765925480769231,0.030383494504109463,2,15,30,random_regular,10079,0.2857142857142857,1,0,1
G0080,C12,N0,3,SPSA,512,0.6954627403846154,0.07415272434919017,2,15,30,random_regular,10079,0.2857142857142857,1,0,1
G0081,C01,N0,1,COBYLA,256,0.7329799107142857,0.12232315969186924,2,18,36,random_regular,10080,0.23529411764705882,0,0,1
G0081,C02,N0,1,COBYLA,512,0.8201032366071428,0.0036499652488703655,2,18,36,random_regular,10080,0.23529411764705882,0,0,1
G0081,C03,N0,1,SPSA,256,0.7257254464285714,0.12113938717872219,2,18,36,random_regular,10080,0.23529411764705882,1,0,1
G0081,C04,N0,1,SPSA,512,0.8143136160714286,0.0051296808903042454,2,18,36,random_regular,10080,0.23529411764705882,1,0,1
G0081,C05,N0,2,COBYLA,256,0.8155691964285714,0.0027621358640099515,2,18,36,random_regular,10080,0.23529411764705882,0,0,1
G0081,C06,N0,2,COBYLA,512,0.8250558035714286,0.007497225916598462,2,18,36,random_regular,10080,0.23529411764705882,0,0,1
G0081,C07,N0,2,SPSA,256,0.7286551339285714,0.1359365435930612,2,18,36,random_regular,10080,0.23529411764705882,1,0,1
G0081,C08,N0,2,SPSA,512,0.7076590401785714,0.08513297323716393,2,18,36,random_regular,10080,0.23529411764705882,1,0,1
G0081,C09,N0,3,COBYLA,256,0.7310267857142857,0.13929056571364473,2,18,36,random_regular,10080,0.23529411764705882,0,0,1
G0081,C10,N0,3,COBYLA,512,0.8881138392857143,0.011837725131471197,2,18,36,random_regular,10080,0.23529411764705882,0,0,1
G0081,C11,N0,3,SPSA,256,0.7147042410714286,0.00966747552403483,2,18,36,random_regular,10080,0.23529411764705882,1,0,1
G0081,C12,N0,3,SPSA,512,0.7595563616071428,0.05218463828790232,2,18,36,random_regular,10080,0.23529411764705882,1,0,1
G0082,C01,N0,1,COBYLA,256,0.6676897321428572,0.03551317539441371,2,18,36,random_regular,10081,0.23529411764705882,0,0,1
G0082,C02,N0,1,COBYLA,512,0.7243303571428572,0.11245838874897657,2,18,36,random_regular,10081,0.23529411764705882,0,0,1
G0082,C03,N0,1,SPSA,256,0.8134765625,0.0029594312828677602,2,18,36,random_regular,10081,0.23529411764705882,1,0,1
G0082,C04,N0,1,SPSA,512,0.8042689732142858,0.002367545026294216,2,18,36,random_regular,10081,0.23529411764705882,1,0,1
G0082,C05,N0,2,COBYLA,256,0.8173828125,0.02426733651951598,2,18,36,random_regular,10081,0.23529411764705882,0,0,1
G0082,C06,N0,2,COBYLA,512,0.8187081473214286,0.009371532395748077,2,18,36,random_regular,10081,0.23529411764705882,0,0,1
G0082,C07,N0,2,SPSA,256,0.6975446428571428,0.08365325759573004,2,18,36,random_regular,10081,0.23529411764705882,1,0,1
G0082,C08,N0,2,SPSA,512,0.7403738839285714,0.009272884686319172,2,18,36,random_regular,10081,0.23529411764705882,1,0,1
G0082,C09,N0,3,COBYLA,256,0.7377232142857143,0.14797156414339022,2,18,36,random_regular,10081,0.23529411764705882,0,0,1
G0082,C10,N0,3,COBYLA,512,0.8558175223214286,0.008385055301458758,2,18,36,random_regular,10081,0.23529411764705882,0,0,1
G0082,C11,N0,3,SPSA,256,0.7700892857142858,0.07221012330197439,2,18,36,random_regular,10081,0.23529411764705882,1,0,1
G0082,C12,N0,3,SPSA,512,0.7472795758928572,0.023971393391229147,2,18,36,random_regular,10081,0.23529411764705882,1,0,1
G0083,C01,N0,1,COBYLA,256,0.7859375,0.006997410855491911,2,18,36,random_regular,10082,0.23529411764705882,0,0,1
G0083,C02,N0,1,COBYLA,512,0.6889973958333333,0.13617329809569062,2,18,36,random_regular,10082,0.23529411764705882,0,0,1
G0083,C03,N0,1,SPSA,256,0.7697916666666667,0.0014731391274719295,2,18,36,random_regular,10082,0.23529411764705882,1,0,1
G0083,C04,N0,1,SPSA,512,0.7752604166666667,0.0009207119546699314,2,18,36,random_regular,10082,0.23529411764705882,1,0,1
G0083,C05,N0,2,COBYLA,256,0.7925781249999999,0.0009207119546700491,2,18,36,random_regular,10082,0.23529411764705882,0,0,1
G0083,C06,N0,2,COBYLA,512,0.7895182291666667,0.003222491841344878,2,18,36,random_regular,10082,0.23529411764705882,0,0,1
G0083,C07,N0,2,SPSA,256,0.7481770833333334,0.03719676296866731,2,18,36,random_regular,10082,0.23529411764705882,1,0,1
G0083,C08,N0,2,SPSA,512,0.6987630208333333,0.1192321981297629,2,18,36,random_regular,10082,0.23529411764705882,1,0,1
G0083,C09,N0,3,COBYLA,256,0.8244791666666667,0.01031197389230386,2,18,36,random_regular,10082,0.23529411764705882,0,0,1
G0083,C10,N0,3,COBYLA,512,0.7822916666666666,0.06334498248129486,2,18,36,random_regular,10082,0.23529411764705882,0,0,1
G0083,C11,N0,3,SPSA,256,0.7779947916666666,0.01086440106510582,2,18,36,random_regular,10082,0.23529411764705882,1,0,1
G0083,C12,N0,3,SPSA,512,0.7401041666666667,0.09428090415820632,2,18,36,random_regular,10082,0.23529411764705882,1,0,1
G0084,C01,N0,1,COBYLA,256,0.6846354166666666,0.12926795843566563,2,18,36,random_regular,10083,0.23529411764705882,0,0,1
G0084,C02,N0,1,COBYLA,512,0.6923177083333334,0.1335032334271477,2,18,36,random_regular,10083,0.23529411764705882,0,0,1
G0084,C03,N0,1,SPSA,256,0.6864583333333334,0.12190226279830586,2,18,36,random_regular,10083,0.23529411764705882,1,0,1
G0084,C04,N0,1,SPSA,512,0.7706380208333333,0.0008286407592030168,2,18,36,random_regular,10083,0.23529411764705882,1,0,1
G0084,C05,N0,2,COBYLA,256,0.7755208333333334,0.0206239477846076,2,18,36,random_regular,10083,0.23529411764705882,0,0,1
G0084,C06,N0,2,COBYLA,512,0.7882161458333333,0.01058818747870476,2,18,36,random_regular,10083,0.23529411764705882,0,0,1
G0084,C07,N0,2,SPSA,256,0.6923177083333334,0.038117474923337245,2,18,36,random_regular,10083,0.23529411764705882,1,0,1
G0084,C08,N0,2,SPSA,512,0.661328125,0.08765177808458238,2,18,36,random_regular,10083,0.23529411764705882,1,0,1
G0084,C09,N0,3,COBYLA,256,0.7161458333333334,0.17383041704169294,2,18,36,random_regular,10083,0.23529411764705882,0,0,1
G0084,C10,N0,3,COBYLA,512,0.7133463541666667,0.1753956273646319,2,18,36,random_regular,10083,0.23529411764705882,0,0,1
G0084,C11,N0,3,SPSA,256,0.7662760416666667,0.053217150979925056,2,18,36,random_regular,10083,0.23529411764705882,1,0,1
G0084,C12,N0,3,SPSA,512,0.7744791666666666,0.02062394778460768,2,18,36,random_regular,10083,0.23529411764705882,1,0,1
G0085,C01,N0,1,COBYLA,256,0.7375837053571428,0.12686095432559982,2,18,36,random_regular,10084,0.23529411764705882,0,0,1
G0085,C02,N0,1,COBYLA,512,0.7366071428571428,0.1278474314198892,2,18,36,random_regular,10084,0.23529411764705882,0,0,1
G0085,C03,N0,1,SPSA,256,0.8208705357142857,0.00473509005258851,2,18,36,random_regular,10084,0.23529411764705882,1,0,1
G0085,C04,N0,1,SPSA,512,0.8161272321428572,0.006510748822309221,2,18,36,random_regular,10084,0.23529411764705882,1,0,1
G0085,C05,N0,2,COBYLA,256,0.8332868303571429,0.01242961138804478,2,18,36,random_regular,10084,0.23529411764705882,0,0,1
G0085,C06,N0,2,COBYLA,512,0.8221958705357143,0.004044556086586023,2,18,36,random_regular,10084,0.23529411764705882,0,0,1
G0085,C07,N0,2,SPSA,256,0.7629743303571429,0.017953883116064683,2,18,36,random_regular,10084,0.23529411764705882,1,0,1
G0085,C08,N0,2,SPSA,512,0.7774832589285714,0.016967406021775443,2,18,36,random_regular,10084,0.23529411764705882,1,0,1
G0085,C09,N0,3,COBYLA,256,0.8681640625,0.012035020550329005,2,18,36,random_regular,10084,0.23529411764705882,0,0,1
G0085,C10,N0,3,COBYLA,512,0.85107421875,0.04231986734500957,2,18,36,random_regular,10084,0.23529411764705882,0,0,1
G0085,C11,N0,3,SPSA,256,0.7854352678571428,0.0007891816754314315,2,18,36,random_regular,10084,0.23529411764705882,1,0,1
G0085,C12,N0,3,SPSA,512,0.7910853794642857,0.10071931132693432,2,18,36,random_regular,10084,0.23529411764705882,1,0,1
G0086,C01,N0,1,COBYLA,256,0.7690104166666667,0.0011048543456040354,2,18,36,random_regular,10085,0.23529411764705882,0,0,1
G0086,C02,N0,1,COBYLA,512,0.6953125,0.09520161611287624,2,18,36,random_regular,10085,0.23529411764705882,0,0,1
G0086,C03,N0,1,SPSA,256,0.7701822916666667,0.007181553246425896,2,18,36,random_regular,10085,0.23529411764705882,1,0,1
G0086,C04,N0,1,SPSA,512,0.7609375,0.01878252387526766,2,18,36,random_regular,10085,0.23529411764705882,1,0,1
G0086,C05,N0,2,COBYLA,256,0.741015625,0.004603559773349853,2,18,36,random_regular,10085,0.23529411764705882,0,0,1
G0086,C06,N0,2,COBYLA,512,0.7718098958333334,0.009299190742166856,2,18,36,random_regular,10085,0.23529411764705882,0,0,1
G0086,C07,N0,2,SPSA,256,0.7178385416666666,0.005340129337085877,2,18,36,random_regular,10085,0.23529411764705882,1,0,1
G0086,C08,N0,2,SPSA,512,0.6473958333333334,0.06408155204503088,2,18,36,random_regular,10085,0.23529411764705882,1,0,1
G0086,C09,N0,3,COBYLA,256,0.7427083333333333,0.10790744108732209,2,18,36,random_regular,10085,0.23529411764705882,0,0,1
G0086,C10,N0,3,COBYLA,512,0.7202473958333333,0.13175388071327465,2,18,36,random_regular,10085,0.23529411764705882,0,0,1
G0086,C11,N0,3,SPSA,256,0.6799479166666667,0.015836245620323763,2,18,36,random_regular,10085,0.23529411764705882,1,0,1
G0086,C12,N0,3,SPSA,512,0.75078125,0.05063915750684917,2,18,36,random_regular,10085,0.23529411764705882,1,0,1
G0087,C01,N0,1,COBYLA,256,0.6598958333333333,0.09170291068513035,2,18,36,random_regular,10086,0.23529411764705882,0,0,1
G0087,C02,N0,1,COBYLA,512,0.7611979166666667,0.020439805393673696,2,18,36,random_regular,10086,0.23529411764705882,0,0,1
G0087,C03,N0,1,SPSA,256,0.76796875,0.00847054998296384,2,18,36,random_regular,10086,0.23529411764705882,1,0,1
G0087,C04,N0,1,SPSA,512,0.6870442708333333,0.11628591987481897,2,18,36,random_regular,10086,0.23529411764705882,1,0,1
G0087,C05,N0,2,COBYLA,256,0.7786458333333333,0.017677669529663743,2,18,36,random_regular,10086,0.23529411764705882,0,0,1
G0087,C06,N0,2,COBYLA,512,0.7765625,0.008102265201095867,2,18,36,random_regular,10086,0.23529411764705882,0,0,1
G0087,C07,N0,2,SPSA,256,0.705078125,0.1110378617332,2,18,36,random_regular,10086,0.23529411764705882,1,0,1
G0087,C08,N0,2,SPSA,512,0.6610026041666666,0.05791278194874202,2,18,36,random_regular,10086,0.23529411764705882,1,0,1
G0087,C09,N0,3,COBYLA,256,0.708984375,0.1677537181408711,2,18,36,random_regular,10086,0.23529411764705882,0,0,1
G0087,C10,N0,3,COBYLA,512,0.7057942708333333,0.15624481870749624,2,18,36,random_regular,10086,0.23529411764705882,0,0,1
G0087,C11,N0,3,SPSA,256,0.7705729166666666,0.022833656475815593,2,18,36,random_regular,10086,0.23529411764705882,1,0,1
G0087,C12,N0,3,SPSA,512,0.7356119791666667,0.005248058141618962,2,18,36,random_regular,10086,0.23529411764705882,1,0,1
G0088,C01,N0,1,COBYLA,256,0.7502790178571428,0.07339389581512164,2,18,36,random_regular,10087,0.23529411764705882,0,0,1
G0088,C02,N0,1,COBYLA,512,0.8167550223214286,0.0012824202225760713,2,18,36,random_regular,10087,0.23529411764705882,0,0,1
G0088,C03,N0,1,SPSA,256,0.7822265625,0.03649965248870295,2,18,36,random_regular,10087,0.23529411764705882,1,0,1
G0088,C04,N0,1,SPSA,512,0.802734375,0.0023675450262941765,2,18,36,random_regular,10087,0.23529411764705882,1,0,1
G0088,C05,N0,2,COBYLA,256,0.7610212053571428,0.05899133023849829,2,18,36,random_regular,10087,0.23529411764705882,0,0,1
G0088,C06,N0,2,COBYLA,512,0.8263113839285714,0.016967406021775443,2,18,36,random_regular,10087,0.23529411764705882,0,0,1
G0088,C07,N0,2,SPSA,256,0.7576729910714286,0.058202148563066824,2,18,36,random_regular,10087,0.23529411764705882,1,0,1
G0088,C08,N0,2,SPSA,512,0.7384207589285714,0.14086892906450751,2,18,36,random_regular,10087,0.23529411764705882,1,0,1
G0088,C09,N0,3,COBYLA,256,0.7455357142857142,0.17085783273090133,2,18,36,random_regular,10087,0.23529411764705882,0,0,1
G0088,C10,N0,3,COBYLA,512,0.7307477678571428,0.1485634503999639,2,18,36,random_regular,10087,0.23529411764705882,0,0,1
G0088,C11,N0,3,SPSA,256,0.7890625,0.021702496074363836,2,18,36,random_regular,10087,0.23529411764705882,1,0,1
G0088,C12,N0,3,SPSA,512,0.7799246651785714,0.06638990844566774,2,18,36,random_regular,10087,0.23529411764705882,1,0,1
G0089,C01,N0,1,COBYLA,256,0.7739583333333333,0.008102265201095867,2,18,36,random_regular,10088,0.23529411764705882,0,0,1
G0089,C02,N0,1,COBYLA,512,0.6847005208333333,0.12917588724019868,2,18,36,random_regular,10088,0.23529411764705882,0,0,1
G0089,C03,N0,1,SPSA,256,0.7755208333333333,0.01031197389230386,2,18,36,random_regular,10088,0.23529411764705882,1,0,1
G0089,C04,N0,1,SPSA,512,0.7668619791666667,0.008746763569364898,2,18,36,random_regular,10088,0.23529411764705882,1,0,1
G0089,C05,N0,2,COBYLA,256,0.7166666666666667,0.10753915630545412,2,18,36,random_regular,10088,0.23529411764705882,0,0,1
G0089,C06,N0,2,COBYLA,512,0.7783203125,0.016480743988592637,2,18,36,random_regular,10088,0.23529411764705882,0,0,1
G0089,C07,N0,2,SPSA,256,0.7315104166666667,0.03314563036811941,2,18,36,random_regular,10088,0.23529411764705882,1,0,1
G0089,C08,N0,2,SPSA,512,0.7938802083333334,0.03572362384119526,2,18,36,random_regular,10088,0.23529411764705882,1,0,1
G0089,C09,N0,3,COBYLA,256,0.8122395833333333,0.018045954311531637,2,18,36,random_regular,10088,0.23529411764705882,0,0,1
G0089,C10,N0,3,COBYLA,512,0.8263671875,0.04447038741056024,2,18,36,random_regular,10088,0.23529411764705882,0,0,1
G0089,C11,N0,3,SPSA,256,0.7013020833333333,0.01694109996592768,2,18,36,random_regular,10088,0.23529411764705882,1,0,1
G0089,C12,N0,3,SPSA,512,0.7361979166666667,0.024122653212353618,2,18,36,random_regular,10088,0.23529411764705882,1,0,1
G0090,C01,N0,1,COBYLA,256,0.8270089285714286,0.0015783633508629023,2,18,36,random_regular,10089,0.23529411764705882,0,0,1
G0090,C02,N0,1,COBYLA,512,0.6932896205357143,0.07724115648284974,2,18,36,random_regular,10089,0.23529411764705882,0,0,1
G0090,C03,N0,1,SPSA,256,0.8180803571428572,0.0059188625657355595,2,18,36,random_regular,10089,0.23529411764705882,1,0,1
G0090,C04,N0,1,SPSA,512,0.8063616071428572,0.011443134293755462,2,18,36,random_regular,10089,0.23529411764705882,1,0,1
G0090,C05,N0,2,COBYLA,256,0.7783203125,0.018348473953780458,2,18,36,random_regular,10089,0.23529411764705882,0,0,1
G0090,C06,N0,2,COBYLA,512,0.8348911830357143,0.002860783573438856,2,18,36,random_regular,10089,0.23529411764705882,0,0,1
G0090,C07,N0,2,SPSA,256,0.7674386160714286,0.019532246466927507,2,18,36,random_regular,10089,0.23529411764705882,1,0,1
G0090,C08,N0,2,SPSA,512,0.7004743303571428,0.08029923547514652,2,18,36,random_regular,10089,0.23529411764705882,1,0,1
G0090,C09,N0,3,COBYLA,256,0.7456752232142857,0.1517201771016895,2,18,36,random_regular,10089,0.23529411764705882,0,0,1
G0090,C10,N0,3,COBYLA,512,0.8625139508928571,0.011739077422042292,2,18,36,random_regular,10089,0.23529411764705882,0,0,1
G0090,C11,N0,3,SPSA,256,0.7748325892857143,0.06510748822309166,2,18,36,random_regular,10089,0.23529411764705882,1,0,1
G0090,C12,N0,3,SPSA,512,0.78076171875,0.0446874123713039,2,18,36,random_regular,10089,0.23529411764705882,1,0,1
G0091,C01,N0,1,COBYLA,256,0.8062744140625,0.005006371253518036,2,20,40,random_regular,10090,0.21052631578947367,0,0,1
G0091,C02,N0,1,COBYLA,512,0.8182373046875,0.007250606643026122,2,20,40,random_regular,10090,0.21052631578947367,0,0,1
G0091,C03,N0,1,SPSA,256,0.7152099609375,0.10030005856186136,2,20,40,random_regular,10090,0.21052631578947367,1,0,1
G0091,C04,N0,1,SPSA,512,0.800537109375,0.0008631674575031098,2,20,40,random_regular,10090,0.21052631578947367,1,0,1
G0091,C05,N0,2,COBYLA,256,0.7862548828125,0.053343748873692184,2,20,40,random_regular,10090,0.21052631578947367,0,0,1
G0091,C06,N0,2,COBYLA,512,0.82012939453125,0.0009494842032534207,2,20,40,random_regular,10090,0.21052631578947367,0,0,1
G0091,C07,N0,2,SPSA,256,0.782958984375,0.0880430806653172,2,20,40,random_regular,10090,0.21052631578947367,1,0,1
G0091,C08,N0,2,SPSA,512,0.69183349609375,0.05671010195795431,2,20,40,random_regular,10090,0.21052631578947367,1,0,1
G0091,C09,N0,3,COBYLA,256,0.87353515625,0.020025485014072145,2,20,40,random_regular,10090,0.21052631578947367,0,0,1
G0091,C10,N0,3,COBYLA,512,0.8714599609375,0.0018989684065068414,2,20,40,random_regular,10090,0.21052631578947367,0,0,1
G0091,C11,N0,3,SPSA,256,0.758544921875,0.11808130818642541,2,20,40,random_regular,10090,0.21052631578947367,1,0,1
G0091,C12,N0,3,SPSA,512,0.7674560546875,0.10513379632387877,2,20,40,random_regular,10090,0.21052631578947367,1,0,1
G0092,C01,N0,1,COBYLA,256,0.673828125,0.11844688499195613,2,20,40,random_regular,10091,0.21052631578947367,0,0,1
G0092,C02,N0,1,COBYLA,512,0.7531020220588236,0.013323243579342208,2,20,40,random_regular,10091,0.21052631578947367,0,0,1
G0092,C03,N0,1,SPSA,256,0.6588924632352942,0.10284894128931164,2,20,40,random_regular,10091,0.21052631578947367,1,0,1
G0092,C04,N0,1,SPSA,512,0.761374080882353,0.00714905753037875,2,20,40,random_regular,10091,0.21052631578947367,1,0,1
G0092,C05,N0,2,COBYLA,256,0.7641314338235294,0.006986578950142861,2,20,40,random_regular,10091,0.21052631578947367,0,0,1
G0092,C06,N0,2,COBYLA,512,0.7795840992647058,0.008205168301911949,2,20,40,random_regular,10091,0.21052631578947367,0,0,1
G0092,C07,N0,2,SPSA,256,0.7200137867647058,0.008286407592029853,2,20,40,random_regular,10091,0.21052631578947367,1,0,1
G0092,C08,N0,2,SPSA,512,0.7340877757352942,0.020228583239367087,2,20,40,random_regular,10091,0.21052631578947367,1,0,1
G0092,C09,N0,3,COBYLA,256,0.6979549632352942,0.15321730116243432,2,20,40,random_regular,10091,0.21052631578947367,0,0,1
G0092,C10,N0,3,COBYLA,512,0.8260569852941176,0.020309822529484992,2,20,40,random_regular,10091,0.21052631578947367,0,0,1
G0092,C11,N0,3,SPSA,256,0.7049632352941176,0.09781210530199952,2,20,40,random_regular,10091,0.21052631578947367,1,0,1
G0092,C12,N0,3,SPSA,512,0.7655675551470589,0.01421687577063944,2,20,40,random_regular,10091,0.21052631578947367,1,0,1
G0093,C01,N0,1,COBYLA,256,0.7596507352941176,0.004874357407076348,2,20,40,random_regular,10092,0.21052631578947367,0,0,1
G0093,C02,N0,1,COBYLA,512,0.7622931985294118,0.01153597919674747,2,20,40,random_regular,10092,0.21052631578947367,0,0,1
G0093,C03,N0,1,SPSA,256,0.6915211397058824,0.09180039783327196,2,20,40,random_regular,10092,0.21052631578947367,1,0,1
G0093,C04,N0,1,SPSA,512,0.7227711397058824,0.0375325520344881,2,20,40,random_regular,10092,0.21052631578947367,1,0,1
G0093,C05,N0,2,COBYLA,256,0.7732077205882353,0.0032495716047176173,2,20,40,random_regular,10092,0.21052631578947367,0,0,1
G0093,C06,N0,2,COBYLA,512,0.7416704963235294,0.025102940646443434,2,20,40,random_regular,10092,0.21052631578947367,0,0,1
G0093,C07,N0,2,SPSA,256,0.6457950367647058,0.08302655450053442,2,20,40,random_regular,10092,0.21052631578947367,1,0,1
G0093,C08,N0,2,SPSA,512,0.6537224264705883,0.04289434518227215,2,20,40,random_regular,10092,0.21052631578947367,1,0,1
G0093,C09,N0,3,COBYLA,256,0.6742876838235294,0.1301453427689395,2,20,40,random_regular,10092,0.21052631578947367,0,0,1
G0093,C10,N0,3,COBYLA,512,0.7946346507352942,0.0060929467588455525,2,20,40,random_regular,10092,0.21052631578947367,0,0,1
G0093,C11,N0,3,SPSA,256,0.7195542279411764,0.0843263831424215,2,20,40,random_regular,10092,0.21052631578947367,1,0,1
G0093,C12,N0,3,SPSA,512,0.7847541360294118,0.007392775400732544,2,20,40,random_regular,10092,0.21052631578947367,1,0,1
G0094,C01,N0,1,COBYLA,256,0.7767333984375,0.026067657216593914,2,20,40,random_regular,10093,0.21052631578947367,0,0,1
G0094,C02,N0,1,COBYLA,512,0.797607421875,0.013983312811550378,2,20,40,random_regular,10093,0.21052631578947367,0,0,1
G0094,C03,N0,1,SPSA,256,0.8023681640625,0.0025895023725093294,2,20,40,random_regular,10093,0.21052631578947367,1,0,1
G0094,C04,N0,1,SPSA,512,0.8037109375,0.00535163823651928,2,20,40,random_regular,10093,0.21052631578947367,1,0,1
G0094,C05,N0,2,COBYLA,256,0.800537109375,0.02106128596307588,2,20,40,random_regular,10093,0.21052631578947367,0,0,1
G0094,C06,N0,2,COBYLA,512,0.8160400390625,0.003625303321513061,2,20,40,random_regular,10093,0.21052631578947367,0,0,1
G0094,C07,N0,2,SPSA,256,0.75,0.035562499249128125,2,20,40,random_regular,10093,0.21052631578947367,1,0,1
G0094,C08,N0,2,SPSA,512,0.68695068359375,0.09175470073258057,2,20,40,random_regular,10093,0.21052631578947367,1,0,1
G0094,C09,N0,3,COBYLA,256,0.825439453125,0.003797936813013683,2,20,40,random_regular,10093,0.21052631578947367,0,0,1
G0094,C10,N0,3,COBYLA,512,0.8431396484375,0.00034526698300124393,2,20,40,random_regular,10093,0.21052631578947367,0,0,1
G0094,C11,N0,3,SPSA,256,0.7908935546875,0.027103458165597647,2,20,40,random_regular,10093,0.21052631578947367,1,0,1
G0094,C12,N0,3,SPSA,512,0.79888916015625,0.04410785707840891,2,20,40,random_regular,10093,0.21052631578947367,1,0,1
G0095,C01,N0,1,COBYLA,256,0.7037353515625,0.14829216919903426,2,20,40,random_regular,10094,0.21052631578947367,0,0,1
G0095,C02,N0,1,COBYLA,512,0.80609130859375,0.00267581911825964,2,20,40,random_regular,10094,0.21052631578947367,0,0,1
G0095,C03,N0,1,SPSA,256,0.779052734375,0.04522997477316295,2,20,40,random_regular,10094,0.21052631578947367,1,0,1
G0095,C04,N0,1,SPSA,512,0.70855712890625,0.10729171496763655,2,20,40,random_regular,10094,0.21052631578947367,1,0,1
G0095,C05,N0,2,COBYLA,256,0.8138427734375,0.006042172202521769,2,20,40,random_regular,10094,0.21052631578947367,0,0,1
G0095,C06,N0,2,COBYLA,512,0.79351806640625,0.03098771172436164,2,20,40,random_regular,10094,0.21052631578947367,0,0,1
G0095,C07,N0,2,SPSA,256,0.77197265625,0.05317111538219156,2,20,40,random_regular,10094,0.21052631578947367,1,0,1
G0095,C08,N0,2,SPSA,512,0.7890625,0.05317111538219156,2,20,40,random_regular,10094,0.21052631578947367,1,0,1
G0095,C09,N0,3,COBYLA,256,0.838134765625,0.0041432037960149265,2,20,40,random_regular,10094,0.21052631578947367,0,0,1
G0095,C10,N0,3,COBYLA,512,0.8587646484375,0.004488470779016171,2,20,40,random_regular,10094,0.21052631578947367,0,0,1
G0095,C11,N0,3,SPSA,256,0.77685546875,0.05869538711021147,2,20,40,random_regular,10094,0.21052631578947367,1,0,1
G0095,C12,N0,3,SPSA,512,0.77130126953125,0.03668461694388216,2,20,40,random_regular,10094,0.21052631578947367,1,0,1
G0096,C01,N0,1,COBYLA,256,0.707275390625,0.11566443930541671,2,20,40,random_regular,10095,0.21052631578947367,0,0,1
G0096,C02,N0,1,COBYLA,512,0.71405029296875,0.13715730899724415,2,20,40,random_regular,10095,0.21052631578947367,0,0,1
G0096,C03,N0,1,SPSA,256,0.7938232421875,0.003280036338511817,2,20,40,random_regular,10095,0.21052631578947367,1,0,1
G0096,C04,N0,1,SPSA,512,0.79266357421875,0.014932797014803798,2,20,40,random_regular,10095,0.21052631578947367,1,0,1
G0096,C05,N0,2,COBYLA,256,0.7962646484375,0.03366353084262128,2,20,40,random_regular,10095,0.21052631578947367,0,0,1
G0096,C06,N0,2,COBYLA,512,0.81402587890625,0.00526532149076897,2,20,40,random_regular,10095,0.21052631578947367,0,0,1
G0096,C07,N0,2,SPSA,256,0.791259765625,0.05835012012721022,2,20,40,random_regular,10095,0.21052631578947367,1,0,1
G0096,C08,N0,2,SPSA,512,0.769287109375,0.038497268604638694,2,20,40,random_regular,10095,0.21052631578947367,1,0,1
G0096,C09,N0,3,COBYLA,256,0.8009033203125,0.06715442819374194,2,20,40,random_regular,10095,0.21052631578947367,0,0,1
G0096,C10,N0,3,COBYLA,512,0.78533935546875,0.10280324418862037,2,20,40,random_regular,10095,0.21052631578947367,0,0,1
G0096,C11,N0,3,SPSA,256,0.782470703125,0.028657159589103243,2,20,40,random_regular,10095,0.21052631578947367,1,0,1
G0096,C12,N0,3,SPSA,512,0.7984619140625,0.02226972040358023,2,20,40,random_regular,10095,0.21052631578947367,1,0,1
G0097,C01,N0,1,COBYLA,256,0.7698759191176471,0.0001624785802358887,2,20,40,random_regular,10096,0.21052631578947367,0,0,1
G0097,C02,N0,1,COBYLA,512,0.7649356617647058,0.009261279073445147,2,20,40,random_regular,10096,0.21052631578947367,0,0,1
G0097,C03,N0,1,SPSA,256,0.7670036764705882,0.008448886172265743,2,20,40,random_regular,10096,0.21052631578947367,1,0,1
G0097,C04,N0,1,SPSA,512,0.7620059742647058,0.00641790391931733,2,20,40,random_regular,10096,0.21052631578947367,1,0,1
G0097,C05,N0,2,COBYLA,256,0.7767693014705883,0.0017872643825946582,2,20,40,random_regular,10096,0.21052631578947367,0,0,1
G0097,C06,N0,2,COBYLA,512,0.7758501838235294,0.0025996572837740624,2,20,40,random_regular,10096,0.21052631578947367,0,0,1
G0097,C07,N0,2,SPSA,256,0.7562040441176471,0.022747001233023166,2,20,40,random_regular,10096,0.21052631578947367,1,0,1
G0097,C08,N0,2,SPSA,512,0.7518382352941176,0.02047230110972088,2,20,40,random_regular,10096,0.21052631578947367,1,0,1
G0097,C09,N0,3,COBYLA,256,0.6978400735294117,0.17255225221050405,2,20,40,random_regular,10096,0.21052631578947367,0,0,1
G0097,C10,N0,3,COBYLA,512,0.8408777573529411,0.013323243579342128,2,20,40,random_regular,10096,0.21052631578947367,0,0,1
G0097,C11,N0,3,SPSA,256,0.7666590073529411,0.03525785191118585,2,20,40,random_regular,10096,0.21052631578947367,1,0,1
G0097,C12,N0,3,SPSA,512,0.7768267463235294,0.023803112004556364,2,20,40,random_regular,10096,0.21052631578947367,1,0,1
G0098,C01,N0,1,COBYLA,256,0.79736328125,0.016918082167060953,2,20,40,random_regular,10097,0.21052631578947367,0,0,1
G0098,C02,N0,1,COBYLA,512,0.7236328125,0.121016077541936,2,20,40,random_regular,10097,0.21052631578947367,0,0,1
G0098,C03,N0,1,SPSA,256,0.80078125,0.00034526698300124393,2,20,40,random_regular,10097,0.21052631578947367,1,0,1
G0098,C04,N0,1,SPSA,512,0.79400634765625,0.006819022914274568,2,20,40,random_regular,10097,0.21052631578947367,1,0,1
G0098,C05,N0,2,COBYLA,256,0.7606201171875,0.04885527809467601,2,20,40,random_regular,10097,0.21052631578947367,0,0,1
G0098,C06,N0,2,COBYLA,512,0.7991943359375,0.04678367619666855,2,20,40,random_regular,10097,0.21052631578947367,0,0,1
G0098,C07,N0,2,SPSA,256,0.7354736328125,0.006732706168524256,2,20,40,random_regular,10097,0.21052631578947367,1,0,1
G0098,C08,N0,2,SPSA,512,0.70367431640625,0.10642854751013343,2,20,40,random_regular,10097,0.21052631578947367,1,0,1
G0098,C09,N0,3,COBYLA,256,0.812255859375,0.05765958616120773,2,20,40,random_regular,10097,0.21052631578947367,0,0,1
G0098,C10,N0,3,COBYLA,512,0.7919921875,0.09736528920635078,2,20,40,random_regular,10097,0.21052631578947367,0,0,1
G0098,C11,N0,3,SPSA,256,0.78955078125,0.030728761487110706,2,20,40,random_regular,10097,0.21052631578947367,1,0,1
G0098,C12,N0,3,SPSA,512,0.7576904296875,0.0510995134841841,2,20,40,random_regular,10097,0.21052631578947367,1,0,1
G0099,C01,N0,1,COBYLA,256,0.7505208333333333,0.13700193885489353,2,20,40,random_regular,10098,0.21052631578947367,0,0,1
G0099,C02,N0,1,COBYLA,512,0.7559895833333334,0.12558511061698582,2,20,40,random_regular,10098,0.21052631578947367,0,0,1
G0099,C03,N0,1,SPSA,256,0.8404947916666666,0.0031304206458779237,2,20,40,random_regular,10098,0.21052631578947367,1,0,1
G0099,C04,N0,1,SPSA,512,0.8242838541666666,0.020900161371008658,2,20,40,random_regular,10098,0.21052631578947367,1,0,1
G0099,C05,N0,2,COBYLA,256,0.8502604166666667,0.0014731391274719295,2,20,40,random_regular,10098,0.21052631578947367,0,0,1
G0099,C06,N0,2,COBYLA,512,0.8540364583333333,0.005708414118953889,2,20,40,random_regular,10098,0.21052631578947367,0,0,1
G0099,C07,N0,2,SPSA,256,0.830078125,0.02154465973927765,2,20,40,random_regular,10098,0.21052631578947367,1,0,1
G0099,C08,N0,2,SPSA,512,0.813671875,0.011048543456039806,2,20,40,random_regular,10098,0.21052631578947367,1,0,1
G0099,C09,N0,3,COBYLA,256,0.7848958333333333,0.0762349498466746,2,20,40,random_regular,10098,0.21052631578947367,0,0,1
G0099,C10,N0,3,COBYLA,512,0.8879557291666667,0.012797896169912754,2,20,40,random_regular,10098,0.21052631578947367,0,0,1
G0099,C11,N0,3,SPSA,256,0.8026041666666667,0.02504336516702355,2,20,40,random_regular,10098,0.21052631578947367,1,0,1
G0099,C12,N0,3,SPSA,512,0.8047526041666666,0.02973899613584047,2,20,40,random_regular,10098,0.21052631578947367,1,0,1
G0100,C01,N0,1,COBYLA,256,0.765625,0.0064991432094352345,2,20,40,random_regular,10099,0.21052631578947367,0,0,1
G0100,C02,N0,1,COBYLA,512,0.6714728860294118,0.12291504594844282,2,20,40,random_regular,10099,0.21052631578947367,0,0,1
G0100,C03,N0,1,SPSA,256,0.755859375,0.004386921666368682,2,20,40,random_regular,10099,0.21052631578947367,1,0,1
G0100,C04,N0,1,SPSA,512,0.7231732536764706,0.033714305398945064,2,20,40,random_regular,10099,0.21052631578947367,1,0,1
G0100,C05,N0,2,COBYLA,256,0.7409237132352942,0.04825613833005624,2,20,40,random_regular,10099,0.21052631578947367,0,0,1
G0100,C06,N0,2,COBYLA,512,0.7722886029411764,0.006824100369906895,2,20,40,random_regular,10099,0.21052631578947367,0,0,1
G0100,C07,N0,2,SPSA,256,0.7028952205882353,0.0025996572837740624,2,20,40,random_regular,10099,0.21052631578947367,1,0,1
G0100,C08,N0,2,SPSA,512,0.7014016544117647,0.06450399635364422,2,20,40,random_regular,10099,0.21052631578947367,1,0,1
G0100,C09,N0,3,COBYLA,256,0.8181295955882353,0.006011707468727569,2,20,40,random_regular,10099,0.21052631578947367,0,0,1
G0100,C10,N0,3,COBYLA,512,0.7703929227941176,0.06474771422399797,2,20,40,random_regular,10099,0.21052631578947367,0,0,1
G0100,C11,N0,3,SPSA,256,0.7644761029411765,0.08026441863652448,2,20,40,random_regular,10099,0.21052631578947367,1,0,1
G0100,C12,N0,3,SPSA,512,0.7447150735294117,0.05313049573713259,2,20,40,random_regular,10099,0.21052631578947367,1,0,1
G0001,C01,N1,1,COBYLA,256,0.6283203125,0.01242961138804478,2,10,12,erdos_renyi,10000,0.26666666666666666,0,1,0
G0001,C02,N1,1,COBYLA,512,0.65068359375,0.003452669830012439,2,10,12,erdos_renyi,10000,0.26666666666666666,0,1,0
G0001,C03,N1,1,SPSA,256,0.6373046875,0.004695630968816886,2,10,12,erdos_renyi,10000,0.26666666666666666,1,1,0
G0001,C04,N1,1,SPSA,512,0.65302734375,0.003452669830012439,2,10,12,erdos_renyi,10000,0.26666666666666666,1,1,0
G0001,C05,N1,2,COBYLA,256,0.6720703125,0.011877184215242705,2,10,12,erdos_renyi,10000,0.26666666666666666,0,1,0
G0001,C06,N1,2,COBYLA,512,0.6373046875,0.007733980419227895,2,10,12,erdos_renyi,10000,0.26666666666666666,0,1,0
G0001,C07,N1,2,SPSA,256,0.705078125,0.07347281398266477,2,10,12,erdos_renyi,10000,0.26666666666666666,1,1,0
G0001,C08,N1,2,SPSA,512,0.6646484375,0.02485922277608956,2,10,12,erdos_renyi,10000,0.26666666666666666,1,1,0
G0001,C09,N1,3,COBYLA,256,0.6673828125000001,0.02734514505369857,2,10,12,erdos_renyi,10000,0.26666666666666666,0,1,0
G0001,C10,N1,3,COBYLA,512,0.646875,0.011600970628841764,2,10,12,erdos_renyi,10000,0.26666666666666666,0,1,0
G0001,C11,N1,3,SPSA,256,0.715234375,0.07402524115546673,2,10,12,erdos_renyi,10000,0.26666666666666666,1,1,0
G0001,C12,N1,3,SPSA,512,0.6976562500000001,0.0770635906058777,2,10,12,erdos_renyi,10000,0.26666666666666666,1,1,0
G0002,C01,N1,1,COBYLA,256,0.6212565104166667,0.013580501331382274,2,10,14,erdos_renyi,10001,0.3111111111111111,0,1,0
G0002,C02,N1,1,COBYLA,512,0.6368815104166666,0.0027621358640099515,2,10,14,erdos_renyi,10001,0.3111111111111111,0,1,0
G0002,C03,N1,1,SPSA,256,0.63671875,0.0027621358640099515,2,10,14,erdos_renyi,10001,0.3111111111111111,1,1,0
G0002,C04,N1,1,SPSA,512,0.6505533854166666,0.0,2,10,14,erdos_renyi,10001,0.3111111111111111,1,1,0
G0002,C05,N1,2,COBYLA,256,0.6318359375,0.013810679320049757,2,10,14,erdos_renyi,10001,0.3111111111111111,0,1,0
G0002,C06,N1,2,COBYLA,512,0.6361490885416667,0.006790250665691195,2,10,14,erdos_renyi,10001,0.3111111111111111,0,1,0
G0002,C07,N1,2,SPSA,256,0.6515299479166666,0.022787620878082098,2,10,14,erdos_renyi,10001,0.3111111111111111,1,1,0
G0002,C08,N1,2,SPSA,512,0.6468098958333334,0.0041432037960149265,2,10,14,erdos_renyi,10001,0.3111111111111111,1,1,0
G0002,C09,N1,3,COBYLA,256,0.6455078125,0.00782605161469481,2,10,14,erdos_renyi,10001,0.3111111111111111,0,1,0
G0002,C10,N1,3,COBYLA,512,0.6507975260416667,0.011854166416376054,2,10,14,erdos_renyi,10001,0.3111111111111111,0,1,0
G0002,C11,N1,3,SPSA,256,0.6495768229166667,0.016342637195392223,2,10,14,erdos_renyi,10001,0.3111111111111111,1,1,0
G0002,C12,N1,3,SPSA,512,0.6568196614583334,0.02658555769109578,2,10,14,erdos_renyi,10001,0.3111111111111111,1,1,0
G0003,C01,N1,1,COBYLA,256,0.6336263020833334,0.014501213286052243,2,10,15,erdos_renyi,10002,0.3333333333333333,0,1,0
G0003,C02,N1,1,COBYLA,512,0.7158203125,0.00621480569402239,2,10,15,erdos_renyi,10002,0.3333333333333333,0,1,0
G0003,C03,N1,1,SPSA,256,0.6865234375,0.02992313852677442,2,10,15,erdos_renyi,10002,0.3333333333333333,1,1,0
G0003,C04,N1,1,SPSA,512,0.7132975260416667,0.004258292790348609,2,10,15,erdos_renyi,10002,0.3333333333333333,1,1,0
G0003,C05,N1,2,COBYLA,256,0.69384765625,0.033836164334121906,2,10,15,erdos_renyi,10002,0.3333333333333333,0,1,0
G0003,C06,N1,2,COBYLA,512,0.6834309895833334,0.0041432037960149265,2,10,15,erdos_renyi,10002,0.3333333333333333,0,1,0
G0003,C07,N1,2,SPSA,256,0.6857096354166666,0.06698179470224132,2,10,15,erdos_renyi,10002,0.3333333333333333,1,1,0
G0003,C08,N1,2,SPSA,512,0.6670735677083333,0.06203296794589022,2,10,15,erdos_renyi,10002,0.3333333333333333,1,1,0
G0003,C09,N1,3,COBYLA,256,0.66943359375,0.05409182733686149,2,10,15,erdos_renyi,10002,0.3333333333333333,0,1,0
G0003,C10,N1,3,COBYLA,512,0.6669921875,0.04695630968816917,2,10,15,erdos_renyi,10002,0.3333333333333333,0,1,0
G0003,C11,N1,3,SPSA,256,0.7106119791666667,0.0050639157506849755,2,10,15,erdos_renyi,10002,0.3333333333333333,1,1,0
G0003,C12,N1,3,SPSA,512,0.7167154947916667,0.00264704686967619,2,10,15,erdos_renyi,10002,0.3333333333333333,1,1,0
G0004,C01,N1,1,COBYLA,256,0.6492745535714286,0.07852357670542576,2,10,16,erdos_renyi,10003,0.35555555555555557,0,1,0
G0004,C02,N1,1,COBYLA,512,0.5758928571428572,0.022688973168653075,2,10,16,erdos_renyi,10003,0.35555555555555557,0,1,0
G0004,C03,N1,1,SPSA,256,0.5662667410714286,0.021505200655506027,2,10,16,erdos_renyi,10003,0.35555555555555557,1,1,0
G0004,C04,N1,1,SPSA,512,0.5645228794642858,0.006609396531738126,2,10,16,erdos_renyi,10003,0.35555555555555557,1,1,0
G0004,C05,N1,2,COBYLA,256,0.5881696428571428,0.016967406021775443,2,10,16,erdos_renyi,10003,0.35555555555555557,0,1,0
G0004,C06,N1,2,COBYLA,512,0.5975864955357142,0.013514736191762926,2,10,16,erdos_renyi,10003,0.35555555555555557,0,1,0
G0004,C07,N1,2,SPSA,256,0.587890625,0.0051296808903041275,2,10,16,erdos_renyi,10003,0.35555555555555557,1,1,0
G0004,C08,N1,2,SPSA,512,0.5921456473214286,0.0030580789922967037,2,10,16,erdos_renyi,10003,0.35555555555555557,1,1,0
G0004,C09,N1,3,COBYLA,256,0.6053292410714286,0.016770110602917554,2,10,16,erdos_renyi,10003,0.35555555555555557,0,1,0
G0004,C10,N1,3,COBYLA,512,0.6050502232142857,0.003354022120583535,2,10,16,erdos_renyi,10003,0.35555555555555557,0,1,0
G0004,C11,N1,3,SPSA,256,0.6082589285714286,0.0059188625657355595,2,10,16,erdos_renyi,10003,0.35555555555555557,1,1,0
G0004,C12,N1,3,SPSA,512,0.6052594866071428,0.0028607835734389734,2,10,16,erdos_renyi,10003,0.35555555555555557,1,1,0
G0005,C01,N1,1,COBYLA,256,0.6697265625,0.03286941678171847,2,10,12,erdos_renyi,10004,0.26666666666666666,0,1,0
G0005,C02,N1,1,COBYLA,512,0.63203125,0.005800485314420843,2,10,12,erdos_renyi,10004,0.26666666666666666,0,1,0
G0005,C03,N1,1,SPSA,256,0.686328125,0.02320194125768357,2,10,12,erdos_renyi,10004,0.26666666666666666,1,1,0
G0005,C04,N1,1,SPSA,512,0.68388671875,0.032731309988517865,2,10,12,erdos_renyi,10004,0.26666666666666666,1,1,0
G0005,C05,N1,2,COBYLA,256,0.6587890624999999,0.04115582437374825,2,10,12,erdos_renyi,10004,0.26666666666666666,0,1,0
G0005,C06,N1,2,COBYLA,512,0.6966796875,0.08148300798829357,2,10,12,erdos_renyi,10004,0.26666666666666666,0,1,0
G0005,C07,N1,2,SPSA,256,0.664453125,0.04916601837937717,2,10,12,erdos_renyi,10004,0.26666666666666666,1,1,0
G0005,C08,N1,2,SPSA,512,0.69912109375,0.07885897891748414,2,10,12,erdos_renyi,10004,0.26666666666666666,1,1,0
G0005,C09,N1,3,COBYLA,256,0.6683593750000001,0.026516504294495556,2,10,12,erdos_renyi,10004,0.26666666666666666,0,1,0
G0005,C10,N1,3,COBYLA,512,0.6463867187500001,0.034112377920522845,2,10,12,erdos_renyi,10004,0.26666666666666666,0,1,0
G0005,C11,N1,3,SPSA,256,0.7830078125,0.004695630968816925,2,10,12,erdos_renyi,10004,0.26666666666666666,1,1,0
G0005,C12,N1,3,SPSA,512,0.7951171875,0.021544659739277532,2,10,12,erdos_renyi,10004,0.26666666666666666,1,1,0
G0006,C01,N1,1,COBYLA,256,0.60302734375,0.00805622960336241,2,10,14,erdos_renyi,10005,0.3111111111111111,0,1,0
G0006,C02,N1,1,COBYLA,512,0.6134440104166667,0.0029923138526775127,2,10,14,erdos_renyi,10005,0.3111111111111111,0,1,0
G0006,C03,N1,1,SPSA,256,0.6197916666666667,0.000460355977335005,2,10,14,erdos_renyi,10005,0.3111111111111111,1,1,0
G0006,C04,N1,1,SPSA,512,0.6249186197916666,0.0010358009490037316,2,10,14,erdos_renyi,10005,0.3111111111111111,1,1,0
G0006,C05,N1,2,COBYLA,256,0.6337890625,0.026240290708094537,2,10,14,erdos_renyi,10005,0.3111111111111111,0,1,0
G0006,C06,N1,2,COBYLA,512,0.6402180989583333,0.022672531883748338,2,10,14,erdos_renyi,10005,0.3111111111111111,0,1,0
G0006,C07,N1,2,SPSA,256,0.64599609375,0.005294093739352459,2,10,14,erdos_renyi,10005,0.3111111111111111,1,1,0
G0006,C08,N1,2,SPSA,512,0.6433919270833333,0.004603559773349853,2,10,14,erdos_renyi,10005,0.3111111111111111,1,1,0
G0006,C09,N1,3,COBYLA,256,0.59814453125,0.0140408573087172,2,10,14,erdos_renyi,10005,0.3111111111111111,0,1,0
G0006,C10,N1,3,COBYLA,512,0.6298828125,0.017953883116064683,2,10,14,erdos_renyi,10005,0.3111111111111111,0,1,0
G0006,C11,N1,3,SPSA,256,0.63330078125,0.003452669830012439,2,10,14,erdos_renyi,10005,0.3111111111111111,1,1,0
G0006,C12,N1,3,SPSA,512,0.6282552083333333,0.004373381784682488,2,10,14,erdos_renyi,10005,0.3111111111111111,1,1,0
G0007,C01,N1,1,COBYLA,256,0.6246995192307693,0.024221806807471893,2,10,16,erdos_renyi,10006,0.35555555555555557,0,1,0
G0007,C02,N1,1,COBYLA,512,0.6407001201923077,0.03218950641519287,2,10,16,erdos_renyi,10006,0.35555555555555557,0,1,0
G0007,C03,N1,1,SPSA,256,0.6212439903846154,0.0031870798430884625,2,10,16,erdos_renyi,10006,0.35555555555555557,1,1,0
G0007,C04,N1,1,SPSA,512,0.6195162259615384,0.0049930917541718715,2,10,16,erdos_renyi,10006,0.35555555555555557,1,1,0
G0007,C05,N1,2,COBYLA,256,0.6407752403846154,0.014235623299128189,2,10,16,erdos_renyi,10006,0.35555555555555557,0,1,0
G0007,C06,N1,2,COBYLA,512,0.6519681490384615,0.006692867670485642,2,10,16,erdos_renyi,10006,0.35555555555555557,0,1,0
G0007,C07,N1,2,SPSA,256,0.6823918269230769,0.08753845969016154,2,10,16,erdos_renyi,10006,0.35555555555555557,1,1,0
G0007,C08,N1,2,SPSA,512,0.6478365384615384,0.039307318064756985,2,10,16,erdos_renyi,10006,0.35555555555555557,1,1,0
G0007,C09,N1,3,COBYLA,256,0.6323617788461539,0.029108662566874128,2,10,16,erdos_renyi,10006,0.35555555555555557,0,1,0
G0007,C10,N1,3,COBYLA,512,0.6664663461538463,0.02039731099576584,2,10,16,erdos_renyi,10006,0.35555555555555557,0,1,0
G0007,C11,N1,3,SPSA,256,0.6371694711538461,0.03548282225305097,2,10,16,erdos_renyi,10006,0.35555555555555557,1,1,0
G0007,C12,N1,3,SPSA,512,0.6504657451923077,0.037288834164134345,2,10,16,erdos_renyi,10006,0.35555555555555557,1,1,0
G0008,C01,N1,1,COBYLA,256,0.6525065104166667,0.0011508899433374927,2,10,15,erdos_renyi,10007,0.3333333333333333,0,1,0
G0008,C02,N1,1,COBYLA,512,0.661376953125,0.005869538711021146,2,10,15,erdos_renyi,10007,0.3333333333333333,0,1,0
G0008,C03,N1,1,SPSA,256,0.6360677083333333,0.006444983682689952,2,10,15,erdos_renyi,10007,0.3333333333333333,1,1,0
G0008,C04,N1,1,SPSA,512,0.6826985677083333,0.030498583498443147,2,10,15,erdos_renyi,10007,0.3333333333333333,1,1,0
G0008,C05,N1,2,COBYLA,256,0.6305338541666667,0.014731391274719726,2,10,15,erdos_renyi,10007,0.3333333333333333,0,1,0
G0008,C06,N1,2,COBYLA,512,0.6497395833333334,0.02140655294607712,2,10,15,erdos_renyi,10007,0.3333333333333333,0,1,0
G0008,C07,N1,2,SPSA,256,0.68896484375,0.040281148016811735,2,10,15,erdos_renyi,10007,0.3333333333333333,1,1,0
G0008,C08,N1,2,SPSA,512,0.6962076822916667,0.05881047610454523,2,10,15,erdos_renyi,10007,0.3333333333333333,1,1,0
G0008,C09,N1,3,COBYLA,256,0.6477864583333333,0.016112459206724782,2,10,15,erdos_renyi,10007,0.3333333333333333,0,1,0
G0008,C10,N1,3,COBYLA,512,0.6539713541666667,0.003682847818679922,2,10,15,erdos_renyi,10007,0.3333333333333333,0,1,0
G0008,C11,N1,3,SPSA,256,0.6604817708333333,0.00046035597733492644,2,10,15,erdos_renyi,10007,0.3333333333333333,1,1,0
G0008,C12,N1,3,SPSA,512,0.67138671875,0.01150889943337485,2,10,15,erdos_renyi,10007,0.3333333333333333,1,1,0
G0009,C01,N1,1,COBYLA,256,0.5873697916666667,0.030751779285977436,2,10,17,erdos_renyi,10008,0.37777777777777777,0,1,0
G0009,C02,N1,1,COBYLA,512,0.6412760416666667,0.10625015956891617,2,10,17,erdos_renyi,10008,0.37777777777777777,0,1,0
G0009,C03,N1,1,SPSA,256,0.5880208333333333,0.00184142390934002,2,10,17,erdos_renyi,10008,0.37777777777777777,1,1,0
G0009,C04,N1,1,SPSA,512,0.5909505208333333,0.0032224918413449955,2,10,17,erdos_renyi,10008,0.37777777777777777,1,1,0
G0009,C05,N1,2,COBYLA,256,0.580078125,0.0023938510821419788,2,10,17,erdos_renyi,10008,0.37777777777777777,0,1,0
G0009,C06,N1,2,COBYLA,512,0.5831380208333333,0.0011969255410709894,2,10,17,erdos_renyi,10008,0.37777777777777777,0,1,0
G0009,C07,N1,2,SPSA,256,0.5947916666666666,0.009943689110435848,2,10,17,erdos_renyi,10008,0.37777777777777777,1,1,0
G0009,C08,N1,2,SPSA,512,0.5896484375,0.01206132660617677,2,10,17,erdos_renyi,10008,0.37777777777777777,1,1,0
G0009,C09,N1,3,COBYLA,256,0.5813802083333333,0.0005524271728020766,2,10,17,erdos_renyi,10008,0.37777777777777777,0,1,0
G0009,C10,N1,3,COBYLA,512,0.5880859375,0.005248058141618884,2,10,17,erdos_renyi,10008,0.37777777777777777,0,1,0
G0009,C11,N1,3,SPSA,256,0.580078125,0.007181553246425936,2,10,17,erdos_renyi,10008,0.37777777777777777,1,1,0
G0009,C12,N1,3,SPSA,512,0.5748046875,0.0011969255410709894,2,10,17,erdos_renyi,10008,0.37777777777777777,1,1,0
G0010,C01,N1,1,COBYLA,256,0.6001674107142857,0.10575034450780954,2,10,15,erdos_renyi,10009,0.3333333333333333,0,1,0
G0010,C02,N1,1,COBYLA,512,0.6162806919642857,0.08493567781830601,2,10,15,erdos_renyi,10009,0.3333333333333333,0,1,0
G0010,C03,N1,1,SPSA,256,0.6058872767857142,0.06530478364194951,2,10,15,erdos_renyi,10009,0.3333333333333333,1,1,0
G0010,C04,N1,1,SPSA,512,0.5909598214285714,0.023675450262942432,2,10,15,erdos_renyi,10009,0.3333333333333333,1,1,0
G0010,C05,N1,2,COBYLA,256,0.5835658482142857,0.0021702496074363677,2,10,15,erdos_renyi,10009,0.3333333333333333,0,1,0
G0010,C06,N1,2,COBYLA,512,0.5905412946428572,0.015586338089770389,2,10,15,erdos_renyi,10009,0.3333333333333333,0,1,0
G0010,C07,N1,2,SPSA,256,0.6116071428571428,0.003551317539441461,2,10,15,erdos_renyi,10009,0.3333333333333333,1,1,0
G0010,C08,N1,2,SPSA,512,0.5931919642857142,0.009272884686319094,2,10,15,erdos_renyi,10009,0.3333333333333333,1,1,0
G0010,C09,N1,3,COBYLA,256,0.5657087053571428,0.03294833494926157,2,10,15,erdos_renyi,10009,0.3333333333333333,0,1,0
G0010,C10,N1,3,COBYLA,512,0.5687779017857143,0.028410540315530905,2,10,15,erdos_renyi,10009,0.3333333333333333,0,1,0
G0010,C11,N1,3,SPSA,256,0.6336495535714286,0.09154507435004405,2,10,15,erdos_renyi,10009,0.3333333333333333,1,1,0
G0010,C12,N1,3,SPSA,512,0.6614815848214286,0.11847589902414107,2,10,15,erdos_renyi,10009,0.3333333333333333,1,1,0
G0011,C01,N1,1,COBYLA,256,0.6435546875,0.0005524271728019589,2,12,25,erdos_renyi,10010,0.3787878787878788,0,1,0
G0011,C02,N1,1,COBYLA,512,0.637646484375,0.009598422127434603,2,12,25,erdos_renyi,10010,0.3787878787878788,0,1,0
G0011,C03,N1,1,SPSA,256,0.62998046875,0.012567718181245309,2,12,25,erdos_renyi,10010,0.3787878787878788,1,1,0
G0011,C04,N1,1,SPSA,512,0.635400390625,0.009184101747833056,2,12,25,erdos_renyi,10010,0.3787878787878788,1,1,0
G0011,C05,N1,2,COBYLA,256,0.62900390625,0.003452669830012439,2,12,25,erdos_renyi,10010,0.3787878787878788,0,1,0
G0011,C06,N1,2,COBYLA,512,0.68134765625,0.07043446453225376,2,12,25,erdos_renyi,10010,0.3787878787878788,0,1,0
G0011,C07,N1,2,SPSA,256,0.6617187499999999,0.02596407712169352,2,12,25,erdos_renyi,10010,0.3787878787878788,1,1,0
G0011,C08,N1,2,SPSA,512,0.655615234375,0.015675121028256505,2,12,25,erdos_renyi,10010,0.3787878787878788,1,1,0
G0011,C09,N1,3,COBYLA,256,0.6447265625,0.012705824974445721,2,12,25,erdos_renyi,10010,0.3787878787878788,0,1,0
G0011,C10,N1,3,COBYLA,512,0.658251953125,0.006836286263424653,2,12,25,erdos_renyi,10010,0.3787878787878788,0,1,0
G0011,C11,N1,3,SPSA,256,0.6534179687499999,0.004557524175616396,2,12,25,erdos_renyi,10010,0.3787878787878788,1,1,0
G0011,C12,N1,3,SPSA,512,0.68623046875,0.04792305724057268,2,12,25,erdos_renyi,10010,0.3787878787878788,1,1,0
G0012,C01,N1,1,COBYLA,256,0.6137152777777778,0.004296655788459889,2,12,22,erdos_renyi,10011,0.3333333333333333,0,1,0
G0012,C02,N1,1,COBYLA,512,0.6207139756944444,0.006521709678912433,2,12,22,erdos_renyi,10011,0.3333333333333333,0,1,0
G0012,C03,N1,1,SPSA,256,0.6155598958333333,0.0010741639471150116,2,12,22,erdos_renyi,10011,0.3333333333333333,1,1,0
G0012,C04,N1,1,SPSA,512,0.60888671875,0.005600997724242384,2,12,22,erdos_renyi,10011,0.3333333333333333,1,1,0
G0012,C05,N1,2,COBYLA,256,0.6242404513888888,0.003836299811124963,2,12,22,erdos_renyi,10011,0.3333333333333333,0,1,0
G0012,C06,N1,2,COBYLA,512,0.6842990451388888,0.07618891424894114,2,12,22,erdos_renyi,10011,0.3333333333333333,0,1,0
G0012,C07,N1,2,SPSA,256,0.6423611111111112,0.012889967365379786,2,12,22,erdos_renyi,10011,0.3333333333333333,1,1,0
G0012,C08,N1,2,SPSA,512,0.6800672743055556,0.07511475030182621,2,12,22,erdos_renyi,10011,0.3333333333333333,1,1,0
G0012,C09,N1,3,COBYLA,256,0.6175130208333333,0.005370819735574822,2,12,22,erdos_renyi,10011,0.3333333333333333,0,1,0
G0012,C10,N1,3,COBYLA,512,0.6539171006944444,0.023401428847862102,2,12,22,erdos_renyi,10011,0.3333333333333333,0,1,0
G0012,C11,N1,3,SPSA,256,0.6311848958333334,0.00352939582623492,2,12,22,erdos_renyi,10011,0.3333333333333333,1,1,0
G0012,C12,N1,3,SPSA,512,0.6265190972222223,0.006598435675134914,2,12,22,erdos_renyi,10011,0.3333333333333333,1,1,0
G0013,C01,N1,1,COBYLA,256,0.6395089285714286,0.0,2,12,26,erdos_renyi,10012,0.3939393939393939,0,1,0
G0013,C02,N1,1,COBYLA,512,0.6297433035714286,0.027489828360860974,2,12,26,erdos_renyi,10012,0.3939393939393939,0,1,0
G0013,C03,N1,1,SPSA,256,0.6463913690476191,0.01262690680690259,2,12,26,erdos_renyi,10012,0.3939393939393939,1,1,0
G0013,C04,N1,1,SPSA,512,0.6468563988095238,0.00473509005258851,2,12,26,erdos_renyi,10012,0.3939393939393939,1,1,0
G0013,C05,N1,2,COBYLA,256,0.6223028273809523,0.005129680890304167,2,12,26,erdos_renyi,10012,0.3939393939393939,0,1,0
G0013,C06,N1,2,COBYLA,512,0.6462053571428572,0.0018414239093399805,2,12,26,erdos_renyi,10012,0.3939393939393939,0,1,0
G0013,C07,N1,2,SPSA,256,0.6462053571428572,0.0005261211169541961,2,12,26,erdos_renyi,10012,0.3939393939393939,1,1,0
G0013,C08,N1,2,SPSA,512,0.6496000744047619,0.0026963707243906816,2,12,26,erdos_renyi,10012,0.3939393939393939,1,1,0
G0013,C09,N1,3,COBYLA,256,0.6240699404761905,0.001315302792385706,2,12,26,erdos_renyi,10012,0.3939393939393939,0,1,0
G0013,C10,N1,3,COBYLA,512,0.6346261160714286,0.016901640882156094,2,12,26,erdos_renyi,10012,0.3939393939393939,0,1,0
G0013,C11,N1,3,SPSA,256,0.6390438988095237,0.004340499214872853,2,12,26,erdos_renyi,10012,0.3939393939393939,1,1,0
G0013,C12,N1,3,SPSA,512,0.6349516369047619,0.0068395745204056085,2,12,26,erdos_renyi,10012,0.3939393939393939,1,1,0
G0014,C01,N1,1,COBYLA,256,0.5796669407894737,0.0033436381511699575,2,12,22,erdos_renyi,10013,0.3333333333333333,0,1,0
G0014,C02,N1,1,COBYLA,512,0.5803865131578947,0.005088145012649858,2,12,22,erdos_renyi,10013,0.3333333333333333,0,1,0
G0014,C03,N1,1,SPSA,256,0.5869654605263158,0.006396525158759912,2,12,22,erdos_renyi,10013,0.3333333333333333,1,1,0
G0014,C04,N1,1,SPSA,512,0.5880962171052632,0.0,2,12,22,erdos_renyi,10013,0.3333333333333333,1,1,0
G0014,C05,N1,2,COBYLA,256,0.580078125,0.001889882433269942,2,12,22,erdos_renyi,10013,0.3333333333333333,0,1,0
G0014,C06,N1,2,COBYLA,512,0.587171052631579,0.002180633576849945,2,12,22,erdos_renyi,10013,0.3333333333333333,0,1,0
G0014,C07,N1,2,SPSA,256,0.5812088815789473,0.0026167602922199888,2,12,22,erdos_renyi,10013,0.3333333333333333,1,1,0
G0014,C08,N1,2,SPSA,512,0.586400082236842,0.00457933051138497,2,12,22,erdos_renyi,10013,0.3333333333333333,1,1,0
G0014,C09,N1,3,COBYLA,256,0.5921052631578947,0.010757792312459801,2,12,22,erdos_renyi,10013,0.3333333333333333,0,1,0
G0014,C10,N1,3,COBYLA,512,0.5853207236842105,0.009304036594559787,2,12,22,erdos_renyi,10013,0.3333333333333333,0,1,0
G0014,C11,N1,3,SPSA,256,0.5933388157894737,0.0026167602922199103,2,12,22,erdos_renyi,10013,0.3333333333333333,1,1,0
G0014,C12,N1,3,SPSA,512,0.5885074013157895,0.00436126715369989,2,12,22,erdos_renyi,10013,0.3333333333333333,1,1,0
G0015,C01,N1,1,COBYLA,256,0.649876644736842,0.008141032020239813,2,12,23,erdos_renyi,10014,0.3484848484848485,0,1,0
G0015,C02,N1,1,COBYLA,512,0.6343544407894737,0.03634389294749941,2,12,23,erdos_renyi,10014,0.3484848484848485,0,1,0
G0015,C03,N1,1,SPSA,256,0.6172902960526316,0.015555186181529658,2,12,23,erdos_renyi,10014,0.3484848484848485,1,1,0
G0015,C04,N1,1,SPSA,512,0.6034128289473684,0.0021806335768499844,2,12,23,erdos_renyi,10014,0.3484848484848485,1,1,0
G0015,C05,N1,2,COBYLA,256,0.6358963815789473,0.021515584624919603,2,12,23,erdos_renyi,10014,0.3484848484848485,0,1,0
G0015,C06,N1,2,COBYLA,512,0.656506990131579,0.011702733529094813,2,12,23,erdos_renyi,10014,0.3484848484848485,0,1,0
G0015,C07,N1,2,SPSA,256,0.662109375,0.013810679320049757,2,12,23,erdos_renyi,10014,0.3484848484848485,1,1,0
G0015,C08,N1,2,SPSA,512,0.654553865131579,0.0263856662798845,2,12,23,erdos_renyi,10014,0.3484848484848485,1,1,0
G0015,C09,N1,3,COBYLA,256,0.6332236842105263,0.0319826257937994,2,12,23,erdos_renyi,10014,0.3484848484848485,0,1,0
G0015,C10,N1,3,COBYLA,512,0.6319387335526316,0.030165431146424383,2,12,23,erdos_renyi,10014,0.3484848484848485,0,1,0
G0015,C11,N1,3,SPSA,256,0.6635485197368421,0.019916453335229664,2,12,23,erdos_renyi,10014,0.3484848484848485,1,1,0
G0015,C12,N1,3,SPSA,512,0.6414473684210527,0.023550842629979626,2,12,23,erdos_renyi,10014,0.3484848484848485,1,1,0
G0016,C01,N1,1,COBYLA,256,0.600390625,0.01602038801125763,2,12,24,erdos_renyi,10015,0.36363636363636365,0,1,0
G0016,C02,N1,1,COBYLA,512,0.611376953125,0.005179004745018659,2,12,24,erdos_renyi,10015,0.36363636363636365,0,1,0
G0016,C03,N1,1,SPSA,256,0.6162109375,0.0019334951048069345,2,12,24,erdos_renyi,10015,0.36363636363636365,1,1,0
G0016,C04,N1,1,SPSA,512,0.610791015625,0.000621480569402184,2,12,24,erdos_renyi,10015,0.36363636363636365,1,1,0
G0016,C05,N1,2,COBYLA,256,0.6534179687499999,0.07416334794866714,2,12,24,erdos_renyi,10015,0.36363636363636365,0,1,0
G0016,C06,N1,2,COBYLA,512,0.604931640625,0.0002071601898008327,2,12,24,erdos_renyi,10015,0.36363636363636365,0,1,0
G0016,C07,N1,2,SPSA,256,0.6167968749999999,0.00303834945041097,2,12,24,erdos_renyi,10015,0.36363636363636365,1,1,0
G0016,C08,N1,2,SPSA,512,0.6197753906250001,0.004902791158617719,2,12,24,erdos_renyi,10015,0.36363636363636365,1,1,0
G0016,C09,N1,3,COBYLA,256,0.61240234375,0.010910436662839276,2,12,24,erdos_renyi,10015,0.36363636363636365,0,1,0
G0016,C10,N1,3,COBYLA,512,0.604541015625,0.008769781368231587,2,12,24,erdos_renyi,10015,0.36363636363636365,0,1,0
G0016,C11,N1,3,SPSA,256,0.627734375,0.005248058141618884,2,12,24,erdos_renyi,10015,0.36363636363636365,1,1,0
G0016,C12,N1,3,SPSA,512,0.60576171875,0.012015291008443311,2,12,24,erdos_renyi,10015,0.36363636363636365,1,1,0
G0017,C01,N1,1,COBYLA,256,0.6419613486842106,0.01148467017140977,2,12,24,erdos_renyi,10016,0.36363636363636365,0,1,0
G0017,C02,N1,1,COBYLA,512,0.6365131578947368,0.0017445068614800189,2,12,24,erdos_renyi,10016,0.36363636363636365,0,1,0
G0017,C03,N1,1,SPSA,256,0.6419613486842105,0.003925140438329964,2,12,24,erdos_renyi,10016,0.36363636363636365,1,1,0
G0017,C04,N1,1,SPSA,512,0.6347142269736843,0.0021079457909549443,2,12,24,erdos_renyi,10016,0.36363636363636365,1,1,0
G0017,C05,N1,2,COBYLA,256,0.6453536184210527,0.002035258005059904,2,12,24,erdos_renyi,10016,0.36363636363636365,0,1,0
G0017,C06,N1,2,COBYLA,512,0.6427837171052632,0.00029075114358000315,2,12,24,erdos_renyi,10016,0.36363636363636365,0,1,0
G0017,C07,N1,2,SPSA,256,0.6458675986842106,0.011484670171409849,2,12,24,erdos_renyi,10016,0.36363636363636365,1,1,0
G0017,C08,N1,2,SPSA,512,0.6442228618421053,0.0007268778589499686,2,12,24,erdos_renyi,10016,0.36363636363636365,1,1,0
G0017,C09,N1,3,COBYLA,256,0.6429893092105263,0.006251149586969832,2,12,24,erdos_renyi,10016,0.36363636363636365,0,1,0
G0017,C10,N1,3,COBYLA,512,0.6385176809210527,0.009376724380454827,2,12,24,erdos_renyi,10016,0.36363636363636365,0,1,0
G0017,C11,N1,3,SPSA,256,0.6471011513157895,0.0036343892947499606,2,12,24,erdos_renyi,10016,0.36363636363636365,1,1,0
G0017,C12,N1,3,SPSA,512,0.646484375,0.0010176290025299324,2,12,24,erdos_renyi,10016,0.36363636363636365,1,1,0
G0018,C01,N1,1,COBYLA,256,0.6176470588235294,0.039319816417082876,2,12,20,erdos_renyi,10017,0.30303030303030304,0,1,0
G0018,C02,N1,1,COBYLA,512,0.6881893382352942,0.07035322524213584,2,12,20,erdos_renyi,10017,0.30303030303030304,0,1,0
G0018,C03,N1,1,SPSA,256,0.6170726102941178,0.0346079375902423,2,12,20,erdos_renyi,10017,0.30303030303030304,1,1,0
G0018,C04,N1,1,SPSA,512,0.615234375,0.0333081089483553,2,12,20,erdos_renyi,10017,0.30303030303030304,1,1,0
G0018,C05,N1,2,COBYLA,256,0.6335018382352942,0.011698457776983242,2,12,20,erdos_renyi,10017,0.30303030303030304,0,1,0
G0018,C06,N1,2,COBYLA,512,0.6167853860294118,0.03777626990484201,2,12,20,erdos_renyi,10017,0.30303030303030304,0,1,0
G0018,C07,N1,2,SPSA,256,0.6369485294117647,0.005524271728019903,2,12,20,erdos_renyi,10017,0.30303030303030304,1,1,0
G0018,C08,N1,2,SPSA,512,0.6187385110294118,0.037288834164134345,2,12,20,erdos_renyi,10017,0.30303030303030304,1,1,0
G0018,C09,N1,3,COBYLA,256,0.673828125,0.05345545289760441,2,12,20,erdos_renyi,10017,0.30303030303030304,0,1,0
G0018,C10,N1,3,COBYLA,512,0.6854319852941176,0.07132809672355107,2,12,20,erdos_renyi,10017,0.30303030303030304,0,1,0
G0018,C11,N1,3,SPSA,256,0.6636029411764706,0.050043402712650904,2,12,20,erdos_renyi,10017,0.30303030303030304,1,1,0
G0018,C12,N1,3,SPSA,512,0.6755514705882353,0.05979211752680359,2,12,20,erdos_renyi,10017,0.30303030303030304,1,1,0
G0019,C01,N1,1,COBYLA,256,0.6583007812499999,0.05068519310458263,2,12,25,erdos_renyi,10018,0.3787878787878788,0,1,0
G0019,C02,N1,1,COBYLA,512,0.671923828125,0.06594599375323759,2,12,25,erdos_renyi,10018,0.3787878787878788,0,1,0
G0019,C03,N1,1,SPSA,256,0.6671875,0.07844465853788259,2,12,25,erdos_renyi,10018,0.3787878787878788,1,1,0
G0019,C04,N1,1,SPSA,512,0.67060546875,0.07057257132545416,2,12,25,erdos_renyi,10018,0.3787878787878788,1,1,0
G0019,C05,N1,2,COBYLA,256,0.70576171875,0.03162645564291395,2,12,25,erdos_renyi,10018,0.3787878787878788,0,1,0
G0019,C06,N1,2,COBYLA,512,0.683056640625,0.07050351792885398,2,12,25,erdos_renyi,10018,0.3787878787878788,0,1,0
G0019,C07,N1,2,SPSA,256,0.674609375,0.05745242597140698,2,12,25,erdos_renyi,10018,0.3787878787878788,1,1,0
G0019,C08,N1,2,SPSA,512,0.66142578125,0.04267499909895383,2,12,25,erdos_renyi,10018,0.3787878787878788,1,1,0
G0019,C09,N1,3,COBYLA,256,0.71962890625,0.03659830019813185,2,12,25,erdos_renyi,10018,0.3787878787878788,0,1,0
G0019,C10,N1,3,COBYLA,512,0.720654296875,0.028104732416301247,2,12,25,erdos_renyi,10018,0.3787878787878788,0,1,0
G0019,C11,N1,3,SPSA,256,0.68974609375,0.0678104354614443,2,12,25,erdos_renyi,10018,0.3787878787878788,1,1,0
G0019,C12,N1,3,SPSA,512,0.662646484375,0.049096964982776936,2,12,25,erdos_renyi,10018,0.3787878787878788,1,1,0
G0020,C01,N1,1,COBYLA,256,0.7486636513157895,0.04055978452940926,2,12,27,erdos_renyi,10019,0.4090909090909091,0,1,0
G0020,C02,N1,1,COBYLA,512,0.7144325657894737,0.00436126715369989,2,12,27,erdos_renyi,10019,0.4090909090909091,0,1,0
G0020,C03,N1,1,SPSA,256,0.7190583881578947,0.003343638151169918,2,12,27,erdos_renyi,10019,0.4090909090909091,1,1,0
G0020,C04,N1,1,SPSA,512,0.7135074013157895,0.0005815022871600063,2,12,27,erdos_renyi,10019,0.4090909090909091,1,1,0
G0020,C05,N1,2,COBYLA,256,0.707750822368421,0.003925140438329846,2,12,27,erdos_renyi,10019,0.4090909090909091,0,1,0
G0020,C06,N1,2,COBYLA,512,0.7179276315789473,0.011920796886779814,2,12,27,erdos_renyi,10019,0.4090909090909091,0,1,0
G0020,C07,N1,2,SPSA,256,0.711657072368421,0.005378896156229941,2,12,27,erdos_renyi,10019,0.4090909090909091,1,1,0
G0020,C08,N1,2,SPSA,512,0.7200349506578947,0.006323837372864911,2,12,27,erdos_renyi,10019,0.4090909090909091,1,1,0
G0020,C09,N1,3,COBYLA,256,0.7075452302631579,0.008577158735609857,2,12,27,erdos_renyi,10019,0.4090909090909091,0,1,0
G0020,C10,N1,3,COBYLA,512,0.710474917763158,0.0025440725063248706,2,12,27,erdos_renyi,10019,0.4090909090909091,0,1,0
G0020,C11,N1,3,SPSA,256,0.7133018092105263,0.011484670171409849,2,12,27,erdos_renyi,10019,0.4090909090909091,1,1,0
G0020,C12,N1,3,SPSA,512,0.717310855263158,0.012356923602149858,2,12,27,erdos_renyi,10019,0.4090909090909091,1,1,0
G0021,C01,N1,1,COBYLA,256,0.7371651785714286,0.03689424332641861,2,15,39,erdos_renyi,10020,0.37142857142857144,0,1,0
G0021,C02,N1,1,COBYLA,512,0.7392578125,0.02850918802495981,2,15,39,erdos_renyi,10020,0.37142857142857144,0,1,0
G0021,C03,N1,1,SPSA,256,0.7325613839285714,0.0426158104732964,2,15,39,erdos_renyi,10020,0.37142857142857144,1,1,0
G0021,C04,N1,1,SPSA,512,0.730224609375,0.04197460036200832,2,15,39,erdos_renyi,10020,0.37142857142857144,1,1,0
G0021,C05,N1,2,COBYLA,256,0.73095703125,0.019433598757498564,2,15,39,erdos_renyi,10020,0.37142857142857144,0,1,0
G0021,C06,N1,2,COBYLA,512,0.7232491629464286,0.024513955793088318,2,15,39,erdos_renyi,10020,0.37142857142857144,0,1,0
G0021,C07,N1,2,SPSA,256,0.7200753348214286,0.04192527650729383,2,15,39,erdos_renyi,10020,0.37142857142857144,1,1,0
G0021,C08,N1,2,SPSA,512,0.74072265625,0.0051296808903041275,2,15,39,erdos_renyi,10020,0.37142857142857144,1,1,0
G0021,C09,N1,3,COBYLA,256,0.7310267857142857,0.04162933337900708,2,15,39,erdos_renyi,10020,0.37142857142857144,0,1,0
G0021,C10,N1,3,COBYLA,512,0.7320731026785714,0.041530685669578175,2,15,39,erdos_renyi,10020,0.37142857142857144,0,1,0
G0021,C11,N1,3,SPSA,256,0.7522321428571428,0.0059188625657355595,2,15,39,erdos_renyi,10020,0.37142857142857144,1,1,0
G0021,C12,N1,3,SPSA,512,0.7437220982142857,0.008385055301458758,2,15,39,erdos_renyi,10020,0.37142857142857144,1,1,0
G0022,C01,N1,1,COBYLA,256,0.626953125,0.005524271728019903,2,15,32,erdos_renyi,10021,0.3047619047619048,0,1,0
G0022,C02,N1,1,COBYLA,512,0.6181265024038461,0.0030277258509340452,2,15,32,erdos_renyi,10021,0.3047619047619048,0,1,0
G0022,C03,N1,1,SPSA,256,0.6240985576923077,0.0036120238221668956,2,15,32,erdos_renyi,10021,0.3047619047619048,1,1,0
G0022,C04,N1,1,SPSA,512,0.6177133413461539,0.0025496638744706757,2,15,32,erdos_renyi,10021,0.3047619047619048,1,1,0
G0022,C05,N1,2,COBYLA,256,0.6223707932692308,0.0032933158378581004,2,15,32,erdos_renyi,10021,0.3047619047619048,0,1,0
G0022,C06,N1,2,COBYLA,512,0.6189152644230769,0.0019122479058531247,2,15,32,erdos_renyi,10021,0.3047619047619048,0,1,0
G0022,C07,N1,2,SPSA,256,0.6193659855769231,0.007542755628642587,2,15,32,erdos_renyi,10021,0.3047619047619048,1,1,0
G0022,C08,N1,2,SPSA,512,0.6143704927884616,0.0007967699607721255,2,15,32,erdos_renyi,10021,0.3047619047619048,1,1,0
G0022,C09,N1,3,COBYLA,256,0.6236478365384616,0.009136295550186798,2,15,32,erdos_renyi,10021,0.3047619047619048,0,1,0
G0022,C10,N1,3,COBYLA,512,0.6177884615384616,0.004036967801245289,2,15,32,erdos_renyi,10021,0.3047619047619048,0,1,0
G0022,C11,N1,3,SPSA,256,0.6222956730769231,0.0010623599476961018,2,15,32,erdos_renyi,10021,0.3047619047619048,1,1,0
G0022,C12,N1,3,SPSA,512,0.6189903846153846,0.007542755628642547,2,15,32,erdos_renyi,10021,0.3047619047619048,1,1,0
G0023,C01,N1,1,COBYLA,256,0.6038281249999999,0.006960582377305066,2,15,30,erdos_renyi,10022,0.2857142857142857,0,1,0
G0023,C02,N1,1,COBYLA,512,0.602890625,0.007071067811865481,2,15,30,erdos_renyi,10022,0.2857142857142857,0,1,0
G0023,C03,N1,1,SPSA,256,0.59515625,0.005303300858899033,2,15,30,erdos_renyi,10022,0.2857142857142857,1,1,0
G0023,C04,N1,1,SPSA,512,0.6003125,0.00331456303681191,2,15,30,erdos_renyi,10022,0.2857142857142857,1,1,0
G0023,C05,N1,2,COBYLA,256,0.66234375,0.08993514373216402,2,15,30,erdos_renyi,10022,0.2857142857142857,0,1,0
G0023,C06,N1,2,COBYLA,512,0.6005078125,0.0004971844555218101,2,15,30,erdos_renyi,10022,0.2857142857142857,0,1,0
G0023,C07,N1,2,SPSA,256,0.622265625,0.03325611580267983,2,15,30,erdos_renyi,10022,0.2857142857142857,1,1,0
G0023,C08,N1,2,SPSA,512,0.5994921875,0.0041432037960149265,2,15,30,erdos_renyi,10022,0.2857142857142857,1,1,0
G0023,C09,N1,3,COBYLA,256,0.61078125,0.0070710678118653635,2,15,30,erdos_renyi,10022,0.2857142857142857,0,1,0
G0023,C10,N1,3,COBYLA,512,0.6055859374999999,0.007678737701947707,2,15,30,erdos_renyi,10022,0.2857142857142857,0,1,0
G0023,C11,N1,3,SPSA,256,0.6074999999999999,0.0041984465132951935,2,15,30,erdos_renyi,10022,0.2857142857142857,1,1,0
G0023,C12,N1,3,SPSA,512,0.608125,0.00939126193763381,2,15,30,erdos_renyi,10022,0.2857142857142857,1,1,0
G0024,C01,N1,1,COBYLA,256,0.7203275240384615,0.04175074594445814,2,15,35,erdos_renyi,10023,0.3333333333333333,0,1,0
G0024,C02,N1,1,COBYLA,512,0.7812875600961539,0.0033464338352428014,2,15,35,erdos_renyi,10023,0.3333333333333333,0,1,0
G0024,C03,N1,1,SPSA,256,0.7309194711538463,0.06459148481992498,2,15,35,erdos_renyi,10023,0.3333333333333333,1,1,0
G0024,C04,N1,1,SPSA,512,0.7350886418269231,0.06708803069701084,2,15,35,erdos_renyi,10023,0.3333333333333333,1,1,0
G0024,C05,N1,2,COBYLA,256,0.7417367788461539,0.025284166755167953,2,15,35,erdos_renyi,10023,0.3333333333333333,0,1,0
G0024,C06,N1,2,COBYLA,512,0.7549203725961539,0.004090085798630108,2,15,35,erdos_renyi,10023,0.3333333333333333,0,1,0
G0024,C07,N1,2,SPSA,256,0.7530048076923077,0.004249439790784564,2,15,35,erdos_renyi,10023,0.3333333333333333,1,1,0
G0024,C08,N1,2,SPSA,512,0.7440279447115384,0.009083177552801979,2,15,35,erdos_renyi,10023,0.3333333333333333,1,1,0
G0024,C09,N1,3,COBYLA,256,0.7273888221153846,0.07128435249041067,2,15,35,erdos_renyi,10023,0.3333333333333333,0,1,0
G0024,C10,N1,3,COBYLA,512,0.7509014423076923,0.0510995134841841,2,15,35,erdos_renyi,10023,0.3333333333333333,0,1,0
G0024,C11,N1,3,SPSA,256,0.7349008413461539,0.02092849096961391,2,15,35,erdos_renyi,10023,0.3333333333333333,1,1,0
G0024,C12,N1,3,SPSA,512,0.7273137019230769,0.000531179973848149,2,15,35,erdos_renyi,10023,0.3333333333333333,1,1,0
G0025,C01,N1,1,COBYLA,256,0.6380931712962963,0.0027621358640099515,2,15,34,erdos_renyi,10024,0.3238095238095238,0,1,0
G0025,C02,N1,1,COBYLA,512,0.63671875,0.0007161092980765959,2,15,34,erdos_renyi,10024,0.3238095238095238,0,1,0
G0025,C03,N1,1,SPSA,256,0.6391782407407407,0.007774900950546476,2,15,34,erdos_renyi,10024,0.3238095238095238,1,1,0
G0025,C04,N1,1,SPSA,512,0.6393229166666667,0.0024552318791199873,2,15,34,erdos_renyi,10024,0.3238095238095238,1,1,0
G0025,C05,N1,2,COBYLA,256,0.6246383101851851,0.011560050097523105,2,15,34,erdos_renyi,10024,0.3238095238095238,0,1,0
G0025,C06,N1,2,COBYLA,512,0.6318359375,0.013554925999308048,2,15,34,erdos_renyi,10024,0.3238095238095238,0,1,0
G0025,C07,N1,2,SPSA,256,0.644458912037037,0.03365713700960272,2,15,34,erdos_renyi,10024,0.3238095238095238,1,1,0
G0025,C08,N1,2,SPSA,512,0.6236617476851851,0.0024040812149715356,2,15,34,erdos_renyi,10024,0.3238095238095238,1,1,0
G0025,C09,N1,3,COBYLA,256,0.6248553240740741,0.00184142390934002,2,15,34,erdos_renyi,10024,0.3238095238095238,0,1,0
G0025,C10,N1,3,COBYLA,512,0.6268446180555556,0.0037339984828282558,2,15,34,erdos_renyi,10024,0.3238095238095238,0,1,0
G0025,C11,N1,3,SPSA,256,0.6247829861111112,0.00992322884477642,2,15,34,erdos_renyi,10024,0.3238095238095238,1,1,0
G0025,C12,N1,3,SPSA,512,0.6263744212962963,0.00797950360713989,2,15,34,erdos_renyi,10024,0.3238095238095238,1,1,0
G0026,C01,N1,1,COBYLA,256,0.679615162037037,0.0019437252376366483,2,15,37,erdos_renyi,10025,0.3523809523809524,0,1,0
G0026,C02,N1,1,COBYLA,512,0.6848958333333333,0.0020460265659332376,2,15,37,erdos_renyi,10025,0.3523809523809524,0,1,0
G0026,C03,N1,1,SPSA,256,0.681712962962963,0.007570298293953219,2,15,37,erdos_renyi,10025,0.3523809523809524,1,1,0
G0026,C04,N1,1,SPSA,512,0.6849320023148149,0.000460355977335005,2,15,37,erdos_renyi,10025,0.3523809523809524,1,1,0
G0026,C05,N1,2,COBYLA,256,0.6824363425925926,0.00286443719230658,2,15,37,erdos_renyi,10025,0.3523809523809524,0,1,0
G0026,C06,N1,2,COBYLA,512,0.6830512152777778,0.00046035597733504424,2,15,37,erdos_renyi,10025,0.3523809523809524,0,1,0
G0026,C07,N1,2,SPSA,256,0.6861255787037037,0.0017391225810432735,2,15,37,erdos_renyi,10025,0.3523809523809524,1,1,0
G0026,C08,N1,2,SPSA,512,0.6836299189814815,0.00035805464903829794,2,15,37,erdos_renyi,10025,0.3523809523809524,1,1,0
G0026,C09,N1,3,COBYLA,256,0.6843171296296297,0.0010230132829666778,2,15,37,erdos_renyi,10025,0.3523809523809524,0,1,0
G0026,C10,N1,3,COBYLA,512,0.6831597222222223,0.0024552318791199873,2,15,37,erdos_renyi,10025,0.3523809523809524,0,1,0
G0026,C11,N1,3,SPSA,256,0.6899594907407407,0.003682847818679922,2,15,37,erdos_renyi,10025,0.3523809523809524,1,1,0
G0026,C12,N1,3,SPSA,512,0.6913700810185185,0.0009718626188183045,2,15,37,erdos_renyi,10025,0.3523809523809524,1,1,0
G0027,C01,N1,1,COBYLA,256,0.6437639508928572,0.02239303004036636,2,15,35,erdos_renyi,10026,0.3333333333333333,0,1,0
G0027,C02,N1,1,COBYLA,512,0.6574009486607143,0.032307124837973496,2,15,35,erdos_renyi,10026,0.3333333333333333,0,1,0
G0027,C03,N1,1,SPSA,256,0.6276506696428572,0.004932385471446437,2,15,35,erdos_renyi,10026,0.3333333333333333,1,1,0
G0027,C04,N1,1,SPSA,512,0.6560756138392858,0.03171523858139995,2,15,35,erdos_renyi,10026,0.3333333333333333,1,1,0
G0027,C05,N1,2,COBYLA,256,0.6775251116071428,0.00720128278831163,2,15,35,erdos_renyi,10026,0.3333333333333333,0,1,0
G0027,C06,N1,2,COBYLA,512,0.6722237723214286,0.0026634881545810466,2,15,35,erdos_renyi,10026,0.3333333333333333,0,1,0
G0027,C07,N1,2,SPSA,256,0.6558314732142858,0.03768342500185,2,15,35,erdos_renyi,10026,0.3333333333333333,1,1,0
G0027,C08,N1,2,SPSA,512,0.6537737165178572,0.03654897634341736,2,15,35,erdos_renyi,10026,0.3333333333333333,1,1,0
G0027,C09,N1,3,COBYLA,256,0.6460658482142857,0.019926837304643244,2,15,35,erdos_renyi,10026,0.3333333333333333,0,1,0
G0027,C10,N1,3,COBYLA,512,0.6467982700892857,0.018200502389637024,2,15,35,erdos_renyi,10026,0.3333333333333333,0,1,0
G0027,C11,N1,3,SPSA,256,0.6637137276785714,0.004241851505443831,2,15,35,erdos_renyi,10026,0.3333333333333333,1,1,0
G0027,C12,N1,3,SPSA,512,0.6839425223214286,0.0363023570698451,2,15,35,erdos_renyi,10026,0.3333333333333333,1,1,0
G0028,C01,N1,1,COBYLA,256,0.7397933467741935,0.02102787302923696,2,15,40,erdos_renyi,10027,0.38095238095238093,0,1,0
G0028,C02,N1,1,COBYLA,512,0.6872794858870968,0.056534684055300495,2,15,40,erdos_renyi,10027,0.38095238095238093,0,1,0
G0028,C03,N1,1,SPSA,256,0.6889490927419355,0.05907406702705151,2,15,40,erdos_renyi,10027,0.38095238095238093,1,1,0
G0028,C04,N1,1,SPSA,512,0.6872479838709677,0.05622283000613809,2,15,40,erdos_renyi,10027,0.38095238095238093,1,1,0
G0028,C05,N1,2,COBYLA,256,0.6705519153225806,0.030383494504109463,2,15,40,erdos_renyi,10027,0.38095238095238093,0,1,0
G0028,C06,N1,2,COBYLA,512,0.6637159778225806,0.02383455947169876,2,15,40,erdos_renyi,10027,0.38095238095238093,0,1,0
G0028,C07,N1,2,SPSA,256,0.7026209677419355,0.001960225451877974,2,15,40,erdos_renyi,10027,0.38095238095238093,1,1,0
G0028,C08,N1,2,SPSA,512,0.688508064516129,0.06602395726552823,2,15,40,erdos_renyi,10027,0.38095238095238093,1,1,0
G0028,C09,N1,3,COBYLA,256,0.6589591733870968,0.031452708386951994,2,15,40,erdos_renyi,10027,0.38095238095238093,0,1,0
G0028,C10,N1,3,COBYLA,512,0.661195816532258,0.03238827053443929,2,15,40,erdos_renyi,10027,0.38095238095238093,0,1,0
G0028,C11,N1,3,SPSA,256,0.6866809475806451,0.0034749451192383055,2,15,40,erdos_renyi,10027,0.38095238095238093,1,1,0
G0028,C12,N1,3,SPSA,512,0.7044480846774193,0.026997650541774665,2,15,40,erdos_renyi,10027,0.38095238095238093,1,1,0
G0029,C01,N1,1,COBYLA,256,0.6940328663793103,0.0018096752212478787,2,15,40,erdos_renyi,10028,0.38095238095238093,0,1,0
G0029,C02,N1,1,COBYLA,512,0.6932583512931034,0.006905339660024878,2,15,40,erdos_renyi,10028,0.38095238095238093,0,1,0
G0029,C03,N1,1,SPSA,256,0.6912042025862069,0.0006667224499334311,2,15,40,erdos_renyi,10028,0.38095238095238093,1,1,0
G0029,C04,N1,1,SPSA,512,0.6910358297413792,0.0011905758034526396,2,15,40,erdos_renyi,10028,0.38095238095238093,1,1,0
G0029,C05,N1,2,COBYLA,256,0.6765220905172413,0.003333612249667195,2,15,40,erdos_renyi,10028,0.38095238095238093,0,1,0
G0029,C06,N1,2,COBYLA,512,0.6831223060344827,0.001714429156971652,2,15,40,erdos_renyi,10028,0.38095238095238093,0,1,0
G0029,C07,N1,2,SPSA,256,0.6866244612068966,0.007905423334925063,2,15,40,erdos_renyi,10028,0.38095238095238093,1,1,0
G0029,C08,N1,2,SPSA,512,0.6853448275862069,0.0009524606427619939,2,15,40,erdos_renyi,10028,0.38095238095238093,1,1,0
G0029,C09,N1,3,COBYLA,256,0.6872979525862069,0.005238533535191339,2,15,40,erdos_renyi,10028,0.38095238095238093,0,1,0
G0029,C10,N1,3,COBYLA,512,0.6948747306034483,0.005095664438777039,2,15,40,erdos_renyi,10028,0.38095238095238093,0,1,0
G0029,C11,N1,3,SPSA,256,0.6899245689655172,0.001523937028419316,2,15,40,erdos_renyi,10028,0.38095238095238093,1,1,0
G0029,C12,N1,3,SPSA,512,0.6943359375,0.009000753074101399,2,15,40,erdos_renyi,10028,0.38095238095238093,1,1,0
G0030,C01,N1,1,COBYLA,256,0.6766880580357142,0.014895804123767979,2,15,37,erdos_renyi,10029,0.3523809523809524,0,1,0
G0030,C02,N1,1,COBYLA,512,0.6779436383928572,0.01233096367861576,2,15,37,erdos_renyi,10029,0.3523809523809524,0,1,0
G0030,C03,N1,1,SPSA,256,0.6672014508928572,0.0008878293848603359,2,15,37,erdos_renyi,10029,0.3523809523809524,1,1,0
G0030,C04,N1,1,SPSA,512,0.6696428571428571,0.004833737762017415,2,15,37,erdos_renyi,10029,0.3523809523809524,1,1,0
G0030,C05,N1,2,COBYLA,256,0.6704799107142857,0.006313453403451295,2,15,37,erdos_renyi,10029,0.3523809523809524,0,1,0
G0030,C06,N1,2,COBYLA,512,0.6649693080357143,0.0006905339660024879,2,15,37,erdos_renyi,10029,0.3523809523809524,0,1,0
G0030,C07,N1,2,SPSA,256,0.6780831473214286,0.003649965248870287,2,15,37,erdos_renyi,10029,0.3523809523809524,1,1,0
G0030,C08,N1,2,SPSA,512,0.677001953125,0.004093879941300396,2,15,37,erdos_renyi,10029,0.3523809523809524,1,1,0
G0030,C09,N1,3,COBYLA,256,0.6672014508928571,0.011739077422042292,2,15,37,erdos_renyi,10029,0.3523809523809524,0,1,0
G0030,C10,N1,3,COBYLA,512,0.6672712053571428,0.017756587697206835,2,15,37,erdos_renyi,10029,0.3523809523809524,0,1,0
G0030,C11,N1,3,SPSA,256,0.67333984375,0.01686875831234642,2,15,37,erdos_renyi,10029,0.3523809523809524,1,1,0
G0030,C12,N1,3,SPSA,512,0.6812220982142857,0.001972954188578559,2,15,37,erdos_renyi,10029,0.3523809523809524,1,1,0
G0031,C01,N1,1,COBYLA,256,0.7182384672619047,0.027950184338195978,2,18,59,erdos_renyi,10030,0.38562091503267976,0,1,0
G0031,C02,N1,1,COBYLA,512,0.7193545386904763,0.024398866798754557,2,18,59,erdos_renyi,10030,0.38562091503267976,0,1,0
G0031,C03,N1,1,SPSA,256,0.7181454613095238,0.026240290708094537,2,18,59,erdos_renyi,10030,0.38562091503267976,1,1,0
G0031,C04,N1,1,SPSA,512,0.7170293898809523,0.027161002662764586,2,18,59,erdos_renyi,10030,0.38562091503267976,1,1,0
G0031,C05,N1,2,COBYLA,256,0.6994977678571428,0.00013153027923865695,2,18,59,erdos_renyi,10030,0.38562091503267976,0,1,0
G0031,C06,N1,2,COBYLA,512,0.76416015625,0.04251716276386753,2,18,59,erdos_renyi,10030,0.38562091503267976,0,1,0
G0031,C07,N1,2,SPSA,256,0.7186569940476191,0.026042995289236728,2,18,59,erdos_renyi,10030,0.38562091503267976,1,1,0
G0031,C08,N1,2,SPSA,512,0.7477446056547619,9.864770942894366e-05,2,18,59,erdos_renyi,10030,0.38562091503267976,1,1,0
G0031,C09,N1,3,COBYLA,256,0.7281901041666666,0.0021702496074363677,2,18,59,erdos_renyi,10030,0.38562091503267976,0,1,0
G0031,C10,N1,3,COBYLA,512,0.7103794642857142,0.015520572950151197,2,18,59,erdos_renyi,10030,0.38562091503267976,0,1,0
G0031,C11,N1,3,SPSA,256,0.744140625,0.008812528708984168,2,18,59,erdos_renyi,10030,0.38562091503267976,1,1,0
G0031,C12,N1,3,SPSA,512,0.7381649925595238,9.864770942890441e-05,2,18,59,erdos_renyi,10030,0.38562091503267976,1,1,0
G0032,C01,N1,1,COBYLA,256,0.7005813953488372,0.009763829100686317,2,18,60,erdos_renyi,10031,0.39215686274509803,0,1,0
G0032,C02,N1,1,COBYLA,512,0.7021938590116279,9.635357665148803e-05,2,18,60,erdos_renyi,10031,0.39215686274509803,0,1,0
G0032,C03,N1,1,SPSA,256,0.7045330668604651,0.005074621703646135,2,18,60,erdos_renyi,10031,0.39215686274509803,1,1,0
G0032,C04,N1,1,SPSA,512,0.6956304505813954,0.00199130725079789,2,18,60,erdos_renyi,10031,0.39215686274509803,1,1,0
G0032,C05,N1,2,COBYLA,256,0.7014898255813953,0.00025694287107067395,2,18,60,erdos_renyi,10031,0.39215686274509803,0,1,0
G0032,C06,N1,2,COBYLA,512,0.6988553779069768,0.00025694287107067395,2,18,60,erdos_renyi,10031,0.39215686274509803,0,1,0
G0032,C07,N1,2,SPSA,256,0.7033066860465116,0.00038541430660606984,2,18,60,erdos_renyi,10031,0.39215686274509803,1,1,0
G0032,C08,N1,2,SPSA,512,0.6956077398255813,0.0012525964964695405,2,18,60,erdos_renyi,10031,0.39215686274509803,1,1,0
G0032,C09,N1,3,COBYLA,256,0.6961755087209303,0.0022482501218685246,2,18,60,erdos_renyi,10031,0.39215686274509803,0,1,0
G0032,C10,N1,3,COBYLA,512,0.7005586845930232,0.0018307179563787042,2,18,60,erdos_renyi,10031,0.39215686274509803,0,1,0
G0032,C11,N1,3,SPSA,256,0.6951762354651163,0.009956536253989333,2,18,60,erdos_renyi,10031,0.39215686274509803,1,1,0
G0032,C12,N1,3,SPSA,512,0.701149164244186,0.002344603698520013,2,18,60,erdos_renyi,10031,0.39215686274509803,1,1,0
G0033,C01,N1,1,COBYLA,256,0.6844451121794872,0.0016289519198007445,2,18,54,erdos_renyi,10032,0.35294117647058826,0,1,0
G0033,C02,N1,1,COBYLA,512,0.6926832932692308,0.0011685959424657395,2,18,54,erdos_renyi,10032,0.35294117647058826,0,1,0
G0033,C03,N1,1,SPSA,256,0.7111378205128205,0.0209639029678704,2,18,54,erdos_renyi,10032,0.35294117647058826,1,1,0
G0033,C04,N1,1,SPSA,512,0.7163711939102564,0.025319578753424568,2,18,54,erdos_renyi,10032,0.35294117647058826,1,1,0
G0033,C05,N1,2,COBYLA,256,0.6994691506410257,0.010411127487422137,2,18,54,erdos_renyi,10032,0.35294117647058826,0,1,0
G0033,C06,N1,2,COBYLA,512,0.7071564503205128,0.02064519498356161,2,18,54,erdos_renyi,10032,0.35294117647058826,0,1,0
G0033,C07,N1,2,SPSA,256,0.7128405448717948,0.024363454800498025,2,18,54,erdos_renyi,10032,0.35294117647058826,1,1,0
G0033,C08,N1,2,SPSA,512,0.7140174278846154,0.02404474681618915,2,18,54,erdos_renyi,10032,0.35294117647058826,1,1,0
G0033,C09,N1,3,COBYLA,256,0.7073818108974359,0.013669031327023625,2,18,54,erdos_renyi,10032,0.35294117647058826,0,1,0
G0033,C10,N1,3,COBYLA,512,0.7454677483974359,0.04097168198281422,2,18,54,erdos_renyi,10032,0.35294117647058826,0,1,0
G0033,C11,N1,3,SPSA,256,0.7158954326923077,0.004745207766376102,2,18,54,erdos_renyi,10032,0.35294117647058826,1,1,0
G0033,C12,N1,3,SPSA,512,0.712489983974359,0.004391087783810578,2,18,54,erdos_renyi,10032,0.35294117647058826,1,1,0
G0034,C01,N1,1,COBYLA,256,0.6550564236111112,0.0021483278942300626,2,18,46,erdos_renyi,10033,0.3006535947712418,0,1,0
G0034,C02,N1,1,COBYLA,512,0.6495496961805556,0.0004219929792237251,2,18,46,erdos_renyi,10033,0.3006535947712418,0,1,0
G0034,C03,N1,1,SPSA,256,0.6545138888888888,0.00337594383378984,2,18,46,erdos_renyi,10033,0.3006535947712418,1,1,0
G0034,C04,N1,1,SPSA,512,0.6508517795138888,0.00034526698300124393,2,18,46,erdos_renyi,10033,0.3006535947712418,1,1,0
G0034,C05,N1,2,COBYLA,256,0.6414388020833333,0.0077493256184723676,2,18,46,erdos_renyi,10033,0.3006535947712418,0,1,0
G0034,C06,N1,2,COBYLA,512,0.6894802517361112,0.06095880399877509,2,18,46,erdos_renyi,10033,0.3006535947712418,0,1,0
G0034,C07,N1,2,SPSA,256,0.6420355902777778,0.00890021556180986,2,18,46,erdos_renyi,10033,0.3006535947712418,1,1,0
G0034,C08,N1,2,SPSA,512,0.650390625,0.0003069039848899248,2,18,46,erdos_renyi,10033,0.3006535947712418,1,1,0
G0034,C09,N1,3,COBYLA,256,0.6462673611111112,0.01135544744092977,2,18,46,erdos_renyi,10033,0.3006535947712418,0,1,0
G0034,C10,N1,3,COBYLA,512,0.6480305989583333,0.00901530455614362,2,18,46,erdos_renyi,10033,0.3006535947712418,0,1,0
G0034,C11,N1,3,SPSA,256,0.6531032986111112,0.0041432037960149265,2,18,46,erdos_renyi,10033,0.3006535947712418,1,1,0
G0034,C12,N1,3,SPSA,512,0.6483832465277778,0.0020716018980074633,2,18,46,erdos_renyi,10033,0.3006535947712418,1,1,0
G0035,C01,N1,1,COBYLA,256,0.6733002533783784,0.0026128312227120904,2,18,50,erdos_renyi,10034,0.32679738562091504,0,1,0
G0035,C02,N1,1,COBYLA,512,0.6759923986486487,0.001194437130382689,2,18,50,erdos_renyi,10034,0.32679738562091504,0,1,0
G0035,C03,N1,1,SPSA,256,0.6769425675675675,0.005972185651913446,2,18,50,erdos_renyi,10034,0.32679738562091504,1,1,0
G0035,C04,N1,1,SPSA,512,0.6772065033783784,0.0056735763693177635,2,18,50,erdos_renyi,10034,0.32679738562091504,1,1,0
G0035,C05,N1,2,COBYLA,256,0.6673880912162162,0.0021649172988186657,2,18,50,erdos_renyi,10034,0.32679738562091504,0,1,0
G0035,C06,N1,2,COBYLA,512,0.6723500844594594,0.0080624506300831,2,18,50,erdos_renyi,10034,0.32679738562091504,0,1,0
G0035,C07,N1,2,SPSA,256,0.6776815878378378,0.012242980586422533,2,18,50,erdos_renyi,10034,0.32679738562091504,1,1,0
G0035,C08,N1,2,SPSA,512,0.6777079814189189,0.011832392822853456,2,18,50,erdos_renyi,10034,0.32679738562091504,1,1,0
G0035,C09,N1,3,COBYLA,256,0.6958403716216216,0.0038819206737437492,2,18,50,erdos_renyi,10034,0.32679738562091504,0,1,0
G0035,C10,N1,3,COBYLA,512,0.6875527871621621,0.004105877635690501,2,18,50,erdos_renyi,10034,0.32679738562091504,0,1,0
G0035,C11,N1,3,SPSA,256,0.6893475506756757,0.005151010124775369,2,18,50,erdos_renyi,10034,0.32679738562091504,1,1,0
G0035,C12,N1,3,SPSA,512,0.6854676942567568,0.006979991980673808,2,18,50,erdos_renyi,10034,0.32679738562091504,1,1,0
G0036,C01,N1,1,COBYLA,256,0.6797309027777778,0.01135544744092977,2,18,60,erdos_renyi,10035,0.39215686274509803,0,1,0
G0036,C02,N1,1,COBYLA,512,0.6769314236111111,0.009912998711946864,2,18,60,erdos_renyi,10035,0.39215686274509803,0,1,0
G0036,C03,N1,1,SPSA,256,0.6780815972222223,0.015283818447521764,2,18,60,erdos_renyi,10035,0.39215686274509803,1,1,0
G0036,C04,N1,1,SPSA,512,0.6773654513888889,0.010895091463594724,2,18,60,erdos_renyi,10035,0.39215686274509803,1,1,0
G0036,C05,N1,2,COBYLA,256,0.6756510416666667,0.011478209034885825,2,18,60,erdos_renyi,10035,0.39215686274509803,0,1,0
G0036,C06,N1,2,COBYLA,512,0.6786024305555556,0.003560086224723944,2,18,60,erdos_renyi,10035,0.39215686274509803,0,1,0
G0036,C07,N1,2,SPSA,256,0.6750868055555556,0.007856742013183834,2,18,60,erdos_renyi,10035,0.39215686274509803,1,1,0
G0036,C08,N1,2,SPSA,512,0.6814887152777778,0.00039897518035699646,2,18,60,erdos_renyi,10035,0.39215686274509803,1,1,0
G0036,C09,N1,3,COBYLA,256,0.68046875,0.010680258674171793,2,18,60,erdos_renyi,10035,0.39215686274509803,0,1,0
G0036,C10,N1,3,COBYLA,512,0.6791449652777778,0.010281283493814835,2,18,60,erdos_renyi,10035,0.39215686274509803,0,1,0
G0036,C11,N1,3,SPSA,256,0.676953125,0.007795361216205825,2,18,60,erdos_renyi,10035,0.39215686274509803,1,1,0
G0036,C12,N1,3,SPSA,512,0.6855034722222222,0.0016572815184059944,2,18,60,erdos_renyi,10035,0.39215686274509803,1,1,0
G0037,C01,N1,1,COBYLA,256,0.7261284722222222,0.0013810679320049757,2,18,49,erdos_renyi,10036,0.3202614379084967,0,1,0
G0037,C02,N1,1,COBYLA,512,0.7040201822916667,0.03257018539645061,2,18,49,erdos_renyi,10036,0.3202614379084967,0,1,0
G0037,C03,N1,1,SPSA,256,0.7043185763888888,0.030690398488999508,2,18,49,erdos_renyi,10036,0.3202614379084967,1,1,0
G0037,C04,N1,1,SPSA,512,0.7057020399305556,0.0350254172755706,2,18,49,erdos_renyi,10036,0.3202614379084967,1,1,0
G0037,C05,N1,2,COBYLA,256,0.7027452256944444,0.02938605655321701,2,18,49,erdos_renyi,10036,0.3202614379084967,0,1,0
G0037,C06,N1,2,COBYLA,512,0.7511121961805556,0.0510611504860729,2,18,49,erdos_renyi,10036,0.3202614379084967,0,1,0
G0037,C07,N1,2,SPSA,256,0.7577039930555556,0.019948759017849666,2,18,49,erdos_renyi,10036,0.3202614379084967,1,1,0
G0037,C08,N1,2,SPSA,512,0.7082248263888888,0.043043283880821806,2,18,49,erdos_renyi,10036,0.3202614379084967,1,1,0
G0037,C09,N1,3,COBYLA,256,0.7039930555555556,0.015345199244499695,2,18,49,erdos_renyi,10036,0.3202614379084967,0,1,0
G0037,C10,N1,3,COBYLA,512,0.7091471354166666,0.00966747552403483,2,18,49,erdos_renyi,10036,0.3202614379084967,0,1,0
G0037,C11,N1,3,SPSA,256,0.7105034722222222,0.0027621358640099515,2,18,49,erdos_renyi,10036,0.3202614379084967,1,1,0
G0037,C12,N1,3,SPSA,512,0.7262912326388888,0.00521736774312986,2,18,49,erdos_renyi,10036,0.3202614379084967,1,1,0
G0038,C01,N1,1,COBYLA,256,0.66630859375,0.013534465733648816,2,18,53,erdos_renyi,10037,0.3464052287581699,0,1,0
G0038,C02,N1,1,COBYLA,512,0.655029296875,0.003728883416413497,2,18,53,erdos_renyi,10037,0.3464052287581699,0,1,0
G0038,C03,N1,1,SPSA,256,0.6650390625,0.0013810679320049757,2,18,53,erdos_renyi,10037,0.3464052287581699,1,1,0
G0038,C04,N1,1,SPSA,512,0.6556152343749999,6.905339660022523e-05,2,18,53,erdos_renyi,10037,0.3464052287581699,1,1,0
G0038,C05,N1,2,COBYLA,256,0.66357421875,0.0,2,18,53,erdos_renyi,10037,0.3464052287581699,0,1,0
G0038,C06,N1,2,COBYLA,512,0.669580078125,0.0011739077422042608,2,18,53,erdos_renyi,10037,0.3464052287581699,0,1,0
G0038,C07,N1,2,SPSA,256,0.66943359375,0.006076698900821862,2,18,53,erdos_renyi,10037,0.3464052287581699,1,1,0
G0038,C08,N1,2,SPSA,512,0.664599609375,0.006491019280423409,2,18,53,erdos_renyi,10037,0.3464052287581699,1,1,0
G0038,C09,N1,3,COBYLA,256,0.6759765625,0.0011048543456039569,2,18,53,erdos_renyi,10037,0.3464052287581699,0,1,0
G0038,C10,N1,3,COBYLA,512,0.6684326171874999,0.017712196227963835,2,18,53,erdos_renyi,10037,0.3464052287581699,0,1,0
G0038,C11,N1,3,SPSA,256,0.67158203125,0.012153397801643762,2,18,53,erdos_renyi,10037,0.3464052287581699,1,1,0
G0038,C12,N1,3,SPSA,512,0.676318359375,0.00013810679320048973,2,18,53,erdos_renyi,10037,0.3464052287581699,1,1,0
G0039,C01,N1,1,COBYLA,256,0.7221053685897436,0.053897061346450545,2,18,52,erdos_renyi,10038,0.33986928104575165,0,1,0
G0039,C02,N1,1,COBYLA,512,0.7308193108974359,0.06721197269090876,2,18,52,erdos_renyi,10038,0.33986928104575165,0,1,0
G0039,C03,N1,1,SPSA,256,0.6739783653846154,0.001983071902366112,2,18,52,erdos_renyi,10038,0.33986928104575165,1,1,0
G0039,C04,N1,1,SPSA,512,0.6769080528846154,0.007542755628642547,2,18,52,erdos_renyi,10038,0.33986928104575165,1,1,0
G0039,C05,N1,2,COBYLA,256,0.6810897435897436,0.002691311867496925,2,18,52,erdos_renyi,10038,0.33986928104575165,0,1,0
G0039,C06,N1,2,COBYLA,512,0.6791866987179487,0.006940751658281411,2,18,52,erdos_renyi,10038,0.33986928104575165,0,1,0
G0039,C07,N1,2,SPSA,256,0.6778345352564102,0.015085511257285094,2,18,52,erdos_renyi,10038,0.33986928104575165,1,1,0
G0039,C08,N1,2,SPSA,512,0.6717497996794872,0.010446539485678669,2,18,52,erdos_renyi,10038,0.33986928104575165,1,1,0
G0039,C09,N1,3,COBYLA,256,0.6725260416666667,0.0019122479058530462,2,18,52,erdos_renyi,10038,0.33986928104575165,0,1,0
G0039,C10,N1,3,COBYLA,512,0.6780849358974359,0.001912247905853007,2,18,52,erdos_renyi,10038,0.33986928104575165,0,1,0
G0039,C11,N1,3,SPSA,256,0.6939102564102564,0.010481951483935163,2,18,52,erdos_renyi,10038,0.33986928104575165,1,1,0
G0039,C12,N1,3,SPSA,512,0.6827674278846154,0.00046035597733492644,2,18,52,erdos_renyi,10038,0.33986928104575165,1,1,0
G0040,C01,N1,1,COBYLA,256,0.6757405598958333,0.0035102143271793784,2,18,65,erdos_renyi,10039,0.42483660130718953,0,1,0
G0040,C02,N1,1,COBYLA,512,0.6912027994791666,0.003797936813013683,2,18,65,erdos_renyi,10039,0.42483660130718953,0,1,0
G0040,C03,N1,1,SPSA,256,0.6765950520833333,0.0029923138526774342,2,18,65,erdos_renyi,10039,0.42483660130718953,1,1,0
G0040,C04,N1,1,SPSA,512,0.67822265625,0.0009782564518369102,2,18,65,erdos_renyi,10039,0.42483660130718953,1,1,0
G0040,C05,N1,2,COBYLA,256,0.6850992838541666,0.006042172202521769,2,18,65,erdos_renyi,10039,0.42483660130718953,0,1,0
G0040,C06,N1,2,COBYLA,512,0.6850992838541666,0.003970570304514305,2,18,65,erdos_renyi,10039,0.42483660130718953,0,1,0
G0040,C07,N1,2,SPSA,256,0.6803385416666667,0.0026470468696762686,2,18,65,erdos_renyi,10039,0.42483660130718953,1,1,0
G0040,C08,N1,2,SPSA,512,0.67791748046875,0.0016400181692559086,2,18,65,erdos_renyi,10039,0.42483660130718953,1,1,0
G0040,C09,N1,3,COBYLA,256,0.6776529947916667,0.003222491841344878,2,18,65,erdos_renyi,10039,0.42483660130718953,0,1,0
G0040,C10,N1,3,COBYLA,512,0.6792805989583334,0.00034526698300124393,2,18,65,erdos_renyi,10039,0.42483660130718953,0,1,0
G0040,C11,N1,3,SPSA,256,0.6837972005208333,0.00891939706086548,2,18,65,erdos_renyi,10039,0.42483660130718953,1,1,0
G0040,C12,N1,3,SPSA,512,0.6782430013020833,0.001179662191920982,2,18,65,erdos_renyi,10039,0.42483660130718953,1,1,0
G0041,C01,N1,1,COBYLA,256,0.7061144770408163,0.0008455517951050518,2,20,68,erdos_renyi,10040,0.35789473684210527,0,1,0
G0041,C02,N1,1,COBYLA,512,0.6992386798469388,0.0005918862565735834,2,20,68,erdos_renyi,10040,0.35789473684210527,0,1,0
G0041,C03,N1,1,SPSA,256,0.705078125,0.0010710322737998476,2,20,68,erdos_renyi,10040,0.35789473684210527,1,1,0
G0041,C04,N1,1,SPSA,512,0.7027463329081632,0.000648256376247243,2,20,68,erdos_renyi,10040,0.35789473684210527,1,1,0
G0041,C05,N1,2,COBYLA,256,0.6993383290816326,0.001634733470536562,2,20,68,erdos_renyi,10040,0.35789473684210527,0,1,0
G0041,C06,N1,2,COBYLA,512,0.6967474489795918,0.001296512752494486,2,20,68,erdos_renyi,10040,0.35789473684210527,0,1,0
G0041,C07,N1,2,SPSA,256,0.6953523596938775,0.001296512752494486,2,20,68,erdos_renyi,10040,0.35789473684210527,1,1,0
G0041,C08,N1,2,SPSA,512,0.6992386798469388,0.004650534873078021,2,20,68,erdos_renyi,10040,0.35789473684210527,1,1,0
G0041,C09,N1,3,COBYLA,256,0.7164779974489796,0.026212105648257707,2,20,68,erdos_renyi,10040,0.35789473684210527,0,1,0
G0041,C10,N1,3,COBYLA,512,0.694595025510204,0.0011837725131471275,2,20,68,erdos_renyi,10040,0.35789473684210527,0,1,0
G0041,C11,N1,3,SPSA,256,0.7046795280612245,0.0018602139492312397,2,20,68,erdos_renyi,10040,0.35789473684210527,1,1,0
G0041,C12,N1,3,SPSA,512,0.697524713010204,0.003579502599278291,2,20,68,erdos_renyi,10040,0.35789473684210527,1,1,0
G0042,C01,N1,1,COBYLA,256,0.669189453125,0.006444983682689834,2,20,64,erdos_renyi,10041,0.3368421052631579,0,1,0
G0042,C02,N1,1,COBYLA,512,0.6691487630208333,0.000287722485834383,2,20,64,erdos_renyi,10041,0.3368421052631579,0,1,0
G0042,C03,N1,1,SPSA,256,0.6671142578125,0.002934769355510573,2,20,64,erdos_renyi,10041,0.3368421052631579,1,1,0
G0042,C04,N1,1,SPSA,512,0.6684163411458333,0.001611245920672537,2,20,64,erdos_renyi,10041,0.3368421052631579,1,1,0
G0042,C05,N1,2,COBYLA,256,0.6656494140625,0.006617617174190456,2,20,64,erdos_renyi,10041,0.3368421052631579,0,1,0
G0042,C06,N1,2,COBYLA,512,0.6693522135416666,0.005524271728019903,2,20,64,erdos_renyi,10041,0.3368421052631579,0,1,0
G0042,C07,N1,2,SPSA,256,0.6664632161458333,0.0016687904178393587,2,20,64,erdos_renyi,10041,0.3368421052631579,1,1,0
G0042,C08,N1,2,SPSA,512,0.6765543619791667,0.013062600856880408,2,20,64,erdos_renyi,10041,0.3368421052631579,1,1,0
G0042,C09,N1,3,COBYLA,256,0.6643880208333334,0.00621480569402239,2,20,64,erdos_renyi,10041,0.3368421052631579,0,1,0
G0042,C10,N1,3,COBYLA,512,0.6595662434895834,0.0011221176947540427,2,20,64,erdos_renyi,10041,0.3368421052631579,0,1,0
G0042,C11,N1,3,SPSA,256,0.6698811848958334,0.0025895023725093294,2,20,64,erdos_renyi,10041,0.3368421052631579,1,1,0
G0042,C12,N1,3,SPSA,512,0.663818359375,0.003913025807347483,2,20,64,erdos_renyi,10041,0.3368421052631579,1,1,0
G0043,C01,N1,1,COBYLA,256,0.690625,0.0002455231879119948,2,20,62,erdos_renyi,10042,0.3263157894736842,0,1,0
G0043,C02,N1,1,COBYLA,512,0.6894748263888888,0.007396386035848829,2,20,62,erdos_renyi,10042,0.3263157894736842,0,1,0
G0043,C03,N1,1,SPSA,256,0.7177517361111112,0.009145738749721776,2,20,62,erdos_renyi,10042,0.3263157894736842,1,1,0
G0043,C04,N1,1,SPSA,512,0.7361328125,0.0016879719168949397,2,20,62,erdos_renyi,10042,0.3263157894736842,1,1,0
G0043,C05,N1,2,COBYLA,256,0.7088975694444444,0.030874540879933493,2,20,62,erdos_renyi,10042,0.3263157894736842,0,1,0
G0043,C06,N1,2,COBYLA,512,0.6954210069444444,0.012245468997110796,2,20,62,erdos_renyi,10042,0.3263157894736842,0,1,0
G0043,C07,N1,2,SPSA,256,0.7004774305555556,0.01786181192059761,2,20,62,erdos_renyi,10042,0.3263157894736842,1,1,0
G0043,C08,N1,2,SPSA,512,0.7074435763888889,0.020286353401228613,2,20,62,erdos_renyi,10042,0.3263157894736842,1,1,0
G0043,C09,N1,3,COBYLA,256,0.7111979166666667,0.004419417382415945,2,20,62,erdos_renyi,10042,0.3263157894736842,0,1,0
G0043,C10,N1,3,COBYLA,512,0.7092447916666667,0.023754368430485603,2,20,62,erdos_renyi,10042,0.3263157894736842,0,1,0
G0043,C11,N1,3,SPSA,256,0.6977430555555555,0.021483278942299643,2,20,62,erdos_renyi,10042,0.3263157894736842,1,1,0
G0043,C12,N1,3,SPSA,512,0.6929036458333333,0.014332416094362732,2,20,62,erdos_renyi,10042,0.3263157894736842,1,1,0
G0044,C01,N1,1,COBYLA,256,0.7439007675438596,0.00048458523929988746,2,20,85,erdos_renyi,10043,0.4473684210526316,0,1,0
G0044,C02,N1,1,COBYLA,512,0.7531524122807018,0.0048943109169298565,2,20,85,erdos_renyi,10043,0.4473684210526316,0,1,0
G0044,C03,N1,1,SPSA,256,0.7470189144736843,0.0010176290025299716,2,20,85,erdos_renyi,10043,0.4473684210526316,1,1,0
G0044,C04,N1,1,SPSA,512,0.7486465186403509,0.0012841508841449746,2,20,85,erdos_renyi,10043,0.4473684210526316,1,1,0
G0044,C05,N1,2,COBYLA,256,0.7510622258771931,0.000533043763230045,2,20,85,erdos_renyi,10043,0.4473684210526316,0,1,0
G0044,C06,N1,2,COBYLA,512,0.7487835800438596,0.000557273025195006,2,20,85,erdos_renyi,10043,0.4473684210526316,0,1,0
G0044,C07,N1,2,SPSA,256,0.7493489583333334,0.0034405551990299584,2,20,85,erdos_renyi,10043,0.4473684210526316,1,1,0
G0044,C08,N1,2,SPSA,512,0.7470874451754386,0.00266521881614995,2,20,85,erdos_renyi,10043,0.4473684210526316,1,1,0
G0044,C09,N1,3,COBYLA,256,0.7470189144736842,0.0032467211033099562,2,20,85,erdos_renyi,10043,0.4473684210526316,0,1,0
G0044,C10,N1,3,COBYLA,512,0.7504454495614035,0.004603559773349932,2,20,85,erdos_renyi,10043,0.4473684210526316,0,1,0
G0044,C11,N1,3,SPSA,256,0.7516447368421053,0.0014537557178998979,2,20,85,erdos_renyi,10043,0.4473684210526316,1,1,0
G0044,C12,N1,3,SPSA,512,0.7535978618421053,0.0007753363828798906,2,20,85,erdos_renyi,10043,0.4473684210526316,1,1,0
G0045,C01,N1,1,COBYLA,256,0.7215401785714286,0.07576144084141581,2,20,56,erdos_renyi,10044,0.29473684210526313,0,1,0
G0045,C02,N1,1,COBYLA,512,0.6837100074404763,0.025220931043995663,2,20,56,erdos_renyi,10044,0.29473684210526313,0,1,0
G0045,C03,N1,1,SPSA,256,0.6812686011904762,0.025385343893043876,2,20,56,erdos_renyi,10044,0.29473684210526313,1,1,0
G0045,C04,N1,1,SPSA,512,0.6668061755952381,0.000460355977335005,2,20,56,erdos_renyi,10044,0.29473684210526313,1,1,0
G0045,C05,N1,2,COBYLA,256,0.6744791666666667,0.016704345463298288,2,20,56,erdos_renyi,10044,0.29473684210526313,0,1,0
G0045,C06,N1,2,COBYLA,512,0.6719912574404763,0.013448971052143656,2,20,56,erdos_renyi,10044,0.29473684210526313,0,1,0
G0045,C07,N1,2,SPSA,256,0.6813616071428572,0.014073739878526953,2,20,56,erdos_renyi,10044,0.29473684210526313,1,1,0
G0045,C08,N1,2,SPSA,512,0.6812220982142857,0.014599860995481148,2,20,56,erdos_renyi,10044,0.29473684210526313,1,1,0
G0045,C09,N1,3,COBYLA,256,0.6832217261904763,0.013416088482334021,2,20,56,erdos_renyi,10044,0.29473684210526313,0,1,0
G0045,C10,N1,3,COBYLA,512,0.6819893973214286,0.017000288591585,2,20,56,erdos_renyi,10044,0.29473684210526313,0,1,0
G0045,C11,N1,3,SPSA,256,0.6668991815476191,0.0038801432375378093,2,20,56,erdos_renyi,10044,0.29473684210526313,1,1,0
G0045,C12,N1,3,SPSA,512,0.685546875,0.002104484467817098,2,20,56,erdos_renyi,10044,0.29473684210526313,1,1,0
G0046,C01,N1,1,COBYLA,256,0.7118696732954546,0.005838150803475568,2,20,61,erdos_renyi,10045,0.32105263157894737,0,1,0
G0046,C02,N1,1,COBYLA,512,0.7079412286931819,0.02131238922344039,2,20,61,erdos_renyi,10045,0.32105263157894737,0,1,0
G0046,C03,N1,1,SPSA,256,0.7116921164772727,0.022034311096988494,2,20,61,erdos_renyi,10045,0.32105263157894737,1,1,0
G0046,C04,N1,1,SPSA,512,0.6943581321022727,0.0004708186131835572,2,20,61,erdos_renyi,10045,0.32105263157894737,1,1,0
G0046,C05,N1,2,COBYLA,256,0.70556640625,0.011487974161677824,2,20,61,erdos_renyi,10045,0.32105263157894737,0,1,0
G0046,C06,N1,2,COBYLA,512,0.7082297585227273,0.011550749976768901,2,20,61,erdos_renyi,10045,0.32105263157894737,0,1,0
G0046,C07,N1,2,SPSA,256,0.70458984375,0.011111319271130883,2,20,61,erdos_renyi,10045,0.32105263157894737,1,1,0
G0046,C08,N1,2,SPSA,512,0.7059659090909092,0.017388900780244392,2,20,61,erdos_renyi,10045,0.32105263157894737,1,1,0
G0046,C09,N1,3,COBYLA,256,0.6969549005681819,0.005084841022381924,2,20,61,erdos_renyi,10045,0.32105263157894737,0,1,0
G0046,C10,N1,3,COBYLA,512,0.6904740767045454,0.0037665489054681048,2,20,61,erdos_renyi,10045,0.32105263157894737,0,1,0
G0046,C11,N1,3,SPSA,256,0.6996626420454546,0.00966747552403483,2,20,61,erdos_renyi,10045,0.32105263157894737,1,1,0
G0046,C12,N1,3,SPSA,512,0.7131791548295454,0.01760861613306344,2,20,61,erdos_renyi,10045,0.32105263157894737,1,1,0
G0047,C01,N1,1,COBYLA,256,0.6924609375,0.016407087032219103,2,20,68,erdos_renyi,10046,0.35789473684210527,0,1,0
G0047,C02,N1,1,COBYLA,512,0.688671875,0.015688931707576424,2,20,68,erdos_renyi,10046,0.35789473684210527,0,1,0
G0047,C03,N1,1,SPSA,256,0.694765625,0.026295533425374724,2,20,68,erdos_renyi,10046,0.35789473684210527,1,1,0
G0047,C04,N1,1,SPSA,512,0.692578125,0.01861679572342698,2,20,68,erdos_renyi,10046,0.35789473684210527,1,1,0
G0047,C05,N1,2,COBYLA,256,0.7008593750000001,0.0020992232566476557,2,20,68,erdos_renyi,10046,0.35789473684210527,0,1,0
G0047,C06,N1,2,COBYLA,512,0.7430664062500001,0.05322635809947183,2,20,68,erdos_renyi,10046,0.35789473684210527,0,1,0
G0047,C07,N1,2,SPSA,256,0.7347656250000001,0.03668116427405219,2,20,68,erdos_renyi,10046,0.35789473684210527,1,1,0
G0047,C08,N1,2,SPSA,512,0.6996484375,0.015136504534774466,2,20,68,erdos_renyi,10046,0.35789473684210527,1,1,0
G0047,C09,N1,3,COBYLA,256,0.6830078125,0.0008286407592030168,2,20,68,erdos_renyi,10046,0.35789473684210527,0,1,0
G0047,C10,N1,3,COBYLA,512,0.68224609375,0.006546261997703597,2,20,68,erdos_renyi,10046,0.35789473684210527,0,1,0
G0047,C11,N1,3,SPSA,256,0.6937109375,5.524271728014878e-05,2,20,68,erdos_renyi,10046,0.35789473684210527,1,1,0
G0047,C12,N1,3,SPSA,512,0.69576171875,0.0038393688509738336,2,20,68,erdos_renyi,10046,0.35789473684210527,1,1,0
G0048,C01,N1,1,COBYLA,256,0.6801215277777778,0.003375943833789958,2,20,73,erdos_renyi,10047,0.38421052631578945,0,1,0
G0048,C02,N1,1,COBYLA,512,0.6819299768518519,0.00521736774312986,2,20,73,erdos_renyi,10047,0.38421052631578945,0,1,0
G0048,C03,N1,1,SPSA,256,0.6819299768518519,0.0023529305508232803,2,20,73,erdos_renyi,10047,0.38421052631578945,1,1,0
G0048,C04,N1,1,SPSA,512,0.6808087384259259,0.003836299811125002,2,20,73,erdos_renyi,10047,0.38421052631578945,1,1,0
G0048,C05,N1,2,COBYLA,256,0.683666087962963,0.0016368212527465666,2,20,73,erdos_renyi,10047,0.38421052631578945,0,1,0
G0048,C06,N1,2,COBYLA,512,0.6818033854166666,0.0046291351054240796,2,20,73,erdos_renyi,10047,0.38421052631578945,0,1,0
G0048,C07,N1,2,SPSA,256,0.6839554398148149,0.0006138079697799673,2,20,73,erdos_renyi,10047,0.38421052631578945,1,1,0
G0048,C08,N1,2,SPSA,512,0.6804651331018519,0.0012020406074857483,2,20,73,erdos_renyi,10047,0.38421052631578945,1,1,0
G0048,C09,N1,3,COBYLA,256,0.6982783564814815,0.01554980190109303,2,20,73,erdos_renyi,10047,0.38421052631578945,0,1,0
G0048,C10,N1,3,COBYLA,512,0.7035047743055556,0.026419318032613725,2,20,73,erdos_renyi,10047,0.38421052631578945,0,1,0
G0048,C11,N1,3,SPSA,256,0.694408275462963,0.01621476053502137,2,20,73,erdos_renyi,10047,0.38421052631578945,1,1,0
G0048,C12,N1,3,SPSA,512,0.6839554398148148,0.00020460265659333555,2,20,73,erdos_renyi,10047,0.38421052631578945,1,1,0
G0049,C01,N1,1,COBYLA,256,0.6763020833333333,0.015713484026367786,2,20,61,erdos_renyi,10048,0.32105263157894737,0,1,0
G0049,C02,N1,1,COBYLA,512,0.6872178819444444,0.022741585280348642,2,20,61,erdos_renyi,10048,0.32105263157894737,0,1,0
G0049,C03,N1,1,SPSA,256,0.6674045138888889,0.0028848974579658896,2,20,61,erdos_renyi,10048,0.32105263157894737,1,1,0
G0049,C04,N1,1,SPSA,512,0.6730902777777777,0.0022097086912079927,2,20,61,erdos_renyi,10048,0.32105263157894737,1,1,0
G0049,C05,N1,2,COBYLA,256,0.6796875,0.005033225352195835,2,20,61,erdos_renyi,10048,0.32105263157894737,0,1,0
G0049,C06,N1,2,COBYLA,512,0.6875,0.00662912607362382,2,20,61,erdos_renyi,10048,0.32105263157894737,0,1,0
G0049,C07,N1,2,SPSA,256,0.6852430555555555,0.007242934043403827,2,20,61,erdos_renyi,10048,0.32105263157894737,1,1,0
G0049,C08,N1,2,SPSA,512,0.6831597222222222,0.0015959007214279858,2,20,61,erdos_renyi,10048,0.32105263157894737,1,1,0
G0049,C09,N1,3,COBYLA,256,0.6815538194444444,0.004112513397525943,2,20,61,erdos_renyi,10048,0.32105263157894737,0,1,0
G0049,C10,N1,3,COBYLA,512,0.6804470486111112,0.0010127831501368853,2,20,61,erdos_renyi,10048,0.32105263157894737,0,1,0
G0049,C11,N1,3,SPSA,256,0.685546875,0.006567745276645929,2,20,61,erdos_renyi,10048,0.32105263157894737,1,1,0
G0049,C12,N1,3,SPSA,512,0.7044270833333333,0.02295641806977153,2,20,61,erdos_renyi,10048,0.32105263157894737,1,1,0
G0050,C01,N1,1,COBYLA,256,0.6753048780487805,0.010105375112231484,2,20,55,erdos_renyi,10049,0.2894736842105263,0,1,0
G0050,C02,N1,1,COBYLA,512,0.677591463414634,0.009768529275157091,2,20,55,erdos_renyi,10049,0.2894736842105263,0,1,0
G0050,C03,N1,1,SPSA,256,0.668969131097561,0.00033684583707439196,2,20,55,erdos_renyi,10049,0.2894736842105263,1,1,0
G0050,C04,N1,1,SPSA,512,0.6730421112804879,0.004075834628600072,2,20,55,erdos_renyi,10049,0.2894736842105263,1,1,0
G0050,C05,N1,2,COBYLA,256,0.67578125,0.0033684583707439195,2,20,55,erdos_renyi,10049,0.2894736842105263,0,1,0
G0050,C06,N1,2,COBYLA,512,0.6734946646341463,0.0036379350404033392,2,20,55,erdos_renyi,10049,0.2894736842105263,0,1,0
G0050,C07,N1,2,SPSA,256,0.6695407774390243,0.002492659194350414,2,20,55,erdos_renyi,10049,0.2894736842105263,1,1,0
G0050,C08,N1,2,SPSA,512,0.6670874618902439,0.0012463295971751874,2,20,55,erdos_renyi,10049,0.2894736842105263,1,1,0
G0050,C09,N1,3,COBYLA,256,0.6676352896341464,0.011789604297603444,2,20,55,erdos_renyi,10049,0.2894736842105263,0,1,0
G0050,C10,N1,3,COBYLA,512,0.6730659298780488,0.004378995881966978,2,20,55,erdos_renyi,10049,0.2894736842105263,0,1,0
G0050,C11,N1,3,SPSA,256,0.6764481707317074,0.013608571817805113,2,20,55,erdos_renyi,10049,0.2894736842105263,1,1,0
G0050,C12,N1,3,SPSA,512,0.6796875,0.0020884441898611672,2,20,55,erdos_renyi,10049,0.2894736842105263,1,1,0
G0051,C01,N1,1,COBYLA,256,0.7921316964285714,0.1187718421524279,2,10,20,random_regular,10050,0.4444444444444444,0,1,1
G0051,C02,N1,1,COBYLA,512,0.7843191964285714,0.08680998429745554,2,10,20,random_regular,10050,0.4444444444444444,0,1,1
G0051,C03,N1,1,SPSA,256,0.8024553571428572,0.10653952618324097,2,10,20,random_regular,10050,0.4444444444444444,1,1,1
G0051,C04,N1,1,SPSA,512,0.7972935267857143,0.11660159254499154,2,10,20,random_regular,10050,0.4444444444444444,1,1,1
G0051,C05,N1,2,COBYLA,256,0.8272879464285714,0.04301040131101217,2,10,20,random_regular,10050,0.4444444444444444,0,1,1
G0051,C06,N1,2,COBYLA,512,0.8388671875,0.018348473953780458,2,10,20,random_regular,10050,0.4444444444444444,0,1,1
G0051,C07,N1,2,SPSA,256,0.7965959821428572,0.011443134293755462,2,10,20,random_regular,10050,0.4444444444444444,1,1,1
G0051,C08,N1,2,SPSA,512,0.7878069196428572,0.0988450048477847,2,10,20,random_regular,10050,0.4444444444444444,1,1,1
G0051,C09,N1,3,COBYLA,256,0.7661830357142857,0.08680998429745565,2,10,20,random_regular,10050,0.4444444444444444,0,1,1
G0051,C10,N1,3,COBYLA,512,0.7749720982142858,0.09213696060661762,2,10,20,random_regular,10050,0.4444444444444444,0,1,1
G0051,C11,N1,3,SPSA,256,0.791015625,0.1021990269683682,2,10,20,random_regular,10050,0.4444444444444444,1,1,1
G0051,C12,N1,3,SPSA,512,0.7816685267857143,0.08976941558032342,2,10,20,random_regular,10050,0.4444444444444444,1,1,1
G0052,C01,N1,1,COBYLA,256,0.63818359375,0.026930824674097024,2,10,20,random_regular,10051,0.4444444444444444,0,1,1
G0052,C02,N1,1,COBYLA,512,0.646484375,0.03003822752110822,2,10,20,random_regular,10051,0.4444444444444444,0,1,1
G0052,C03,N1,1,SPSA,256,0.756103515625,0.007250606643026122,2,10,20,random_regular,10051,0.4444444444444444,1,1,1
G0052,C04,N1,1,SPSA,512,0.762939453125,0.00034526698300124393,2,10,20,random_regular,10051,0.4444444444444444,1,1,1
G0052,C05,N1,2,COBYLA,256,0.748046875,0.003452669830012439,2,10,20,random_regular,10051,0.4444444444444444,0,1,1
G0052,C06,N1,2,COBYLA,512,0.7481689453125,0.027103458165597647,2,10,20,random_regular,10051,0.4444444444444444,0,1,1
G0052,C07,N1,2,SPSA,256,0.73291015625,0.00621480569402239,2,10,20,random_regular,10051,0.4444444444444444,1,1,1
G0052,C08,N1,2,SPSA,512,0.750732421875,0.017263349150062196,2,10,20,random_regular,10051,0.4444444444444444,1,1,1
G0052,C09,N1,3,COBYLA,256,0.683837890625,0.1267129827614565,2,10,20,random_regular,10051,0.4444444444444444,0,1,1
G0052,C10,N1,3,COBYLA,512,0.7554931640625,0.03262772989361755,2,10,20,random_regular,10051,0.4444444444444444,0,1,1
G0052,C11,N1,3,SPSA,256,0.70068359375,0.07181553246425873,2,10,20,random_regular,10051,0.4444444444444444,1,1,1
G0052,C12,N1,3,SPSA,512,0.70556640625,0.1021990269683682,2,10,20,random_regular,10051,0.4444444444444444,1,1,1
G0053,C01,N1,1,COBYLA,256,0.72509765625,0.07181553246425873,2,10,20,random_regular,10052,0.4444444444444444,0,1,1
G0053,C02,N1,1,COBYLA,512,0.771484375,0.00034526698300124393,2,10,20,random_regular,10052,0.4444444444444444,0,1,1
G0053,C03,N1,1,SPSA,256,0.77587890625,0.0020716018980074633,2,10,20,random_regular,10052,0.4444444444444444,1,1,1
G0053,C04,N1,1,SPSA,512,0.7740478515625,0.00017263349150062197,2,10,20,random_regular,10052,0.4444444444444444,1,1,1
G0053,C05,N1,2,COBYLA,256,0.762939453125,0.020370751997073392,2,10,20,random_regular,10052,0.4444444444444444,0,1,1
G0053,C06,N1,2,COBYLA,512,0.7510986328125,0.009149575049532963,2,10,20,random_regular,10052,0.4444444444444444,0,1,1
G0053,C07,N1,2,SPSA,256,0.77734375,0.06767232866824381,2,10,20,random_regular,10052,0.4444444444444444,1,1,1
G0053,C08,N1,2,SPSA,512,0.732421875,0.01933495104806966,2,10,20,random_regular,10052,0.4444444444444444,1,1,1
G0053,C09,N1,3,COBYLA,256,0.7216796875,0.08286407592029854,2,10,20,random_regular,10052,0.4444444444444444,0,1,1
G0053,C10,N1,3,COBYLA,512,0.7147216796875,0.10927700011989369,2,10,20,random_regular,10052,0.4444444444444444,0,1,1
G0053,C11,N1,3,SPSA,256,0.701171875,0.08286407592029854,2,10,20,random_regular,10052,0.4444444444444444,1,1,1
G0053,C12,N1,3,SPSA,512,0.7169189453125,0.05852275361871084,2,10,20,random_regular,10052,0.4444444444444444,1,1,1
G0054,C01,N1,1,COBYLA,256,0.685302734375,0.09632948825734705,2,10,20,random_regular,10053,0.4444444444444444,0,1,1
G0054,C02,N1,1,COBYLA,512,0.7335205078125,0.017781249624564063,2,10,20,random_regular,10053,0.4444444444444444,0,1,1
G0054,C03,N1,1,SPSA,256,0.688232421875,0.10116322601936446,2,10,20,random_regular,10053,0.4444444444444444,1,1,1
G0054,C04,N1,1,SPSA,512,0.708984375,0.0731966003962637,2,10,20,random_regular,10053,0.4444444444444444,1,1,1
G0054,C05,N1,2,COBYLA,256,0.72265625,0.026240290708094537,2,10,20,random_regular,10053,0.4444444444444444,0,1,1
G0054,C06,N1,2,COBYLA,512,0.761474609375,0.004488470779016171,2,10,20,random_regular,10053,0.4444444444444444,0,1,1
G0054,C07,N1,2,SPSA,256,0.78662109375,0.03452669830012439,2,10,20,random_regular,10053,0.4444444444444444,1,1,1
G0054,C08,N1,2,SPSA,512,0.6915283203125,0.08821571415681782,2,10,20,random_regular,10053,0.4444444444444444,1,1,1
G0054,C09,N1,3,COBYLA,256,0.698486328125,0.09218628446133212,2,10,20,random_regular,10053,0.4444444444444444,0,1,1
G0054,C10,N1,3,COBYLA,512,0.719970703125,0.11808130818642541,2,10,20,random_regular,10053,0.4444444444444444,0,1,1
G0054,C11,N1,3,SPSA,256,0.688232421875,0.0935673523933371,2,10,20,random_regular,10053,0.4444444444444444,1,1,1
G0054,C12,N1,3,SPSA,512,0.69384765625,0.07112499849825625,2,10,20,random_regular,10053,0.4444444444444444,1,1,1
G0055,C01,N1,1,COBYLA,256,0.6864149305555556,0.005831175712909867,2,10,20,random_regular,10054,0.4444444444444444,0,1,1
G0055,C02,N1,1,COBYLA,512,0.5973307291666667,0.052327129423744075,2,10,20,random_regular,10054,0.4444444444444444,0,1,1
G0055,C03,N1,1,SPSA,256,0.6916232638888888,0.0015345199244500558,2,10,20,random_regular,10054,0.4444444444444444,1,1,1
G0055,C04,N1,1,SPSA,512,0.6927083333333333,0.0024552318791199873,2,10,20,random_regular,10054,0.4444444444444444,1,1,1
G0055,C05,N1,2,COBYLA,256,0.6783854166666667,0.003682847818679922,2,10,20,random_regular,10054,0.4444444444444444,0,1,1
G0055,C06,N1,2,COBYLA,512,0.6825086805555556,0.005524271728019903,2,10,20,random_regular,10054,0.4444444444444444,0,1,1
G0055,C07,N1,2,SPSA,256,0.6399739583333333,0.0954471393007884,2,10,20,random_regular,10054,0.4444444444444444,1,1,1
G0055,C08,N1,2,SPSA,512,0.607421875,0.05585652524997903,2,10,20,random_regular,10054,0.4444444444444444,1,1,1
G0055,C09,N1,3,COBYLA,256,0.6412760416666667,0.11631661027330792,2,10,20,random_regular,10054,0.4444444444444444,0,1,1
G0055,C10,N1,3,COBYLA,512,0.6687282986111112,0.07657254423005355,2,10,20,random_regular,10054,0.4444444444444444,0,1,1
G0055,C11,N1,3,SPSA,256,0.6126302083333333,0.07826051614694868,2,10,20,random_regular,10054,0.4444444444444444,1,1,1
G0055,C12,N1,3,SPSA,512,0.6298828125,0.08332443189763358,2,10,20,random_regular,10054,0.4444444444444444,1,1,1
G0056,C01,N1,1,COBYLA,256,0.701904296875,0.07699453720927739,2,10,20,random_regular,10055,0.4444444444444444,0,1,1
G0056,C02,N1,1,COBYLA,512,0.7088623046875,0.04885527809467601,2,10,20,random_regular,10055,0.4444444444444444,0,1,1
G0056,C03,N1,1,SPSA,256,0.738525390625,0.03141929545311319,2,10,20,random_regular,10055,0.4444444444444444,1,1,1
G0056,C04,N1,1,SPSA,512,0.700927734375,0.08528094480130724,2,10,20,random_regular,10055,0.4444444444444444,1,1,1
G0056,C05,N1,2,COBYLA,256,0.739990234375,0.004488470779016171,2,10,20,random_regular,10055,0.4444444444444444,0,1,1
G0056,C06,N1,2,COBYLA,512,0.7523193359375,0.0005179004745018658,2,10,20,random_regular,10055,0.4444444444444444,0,1,1
G0056,C07,N1,2,SPSA,256,0.732421875,0.017263349150062196,2,10,20,random_regular,10055,0.4444444444444444,1,1,1
G0056,C08,N1,2,SPSA,512,0.6934814453125,0.07405976785376682,2,10,20,random_regular,10055,0.4444444444444444,1,1,1
G0056,C09,N1,3,COBYLA,256,0.68896484375,0.10288956093437068,2,10,20,random_regular,10055,0.4444444444444444,0,1,1
G0056,C10,N1,3,COBYLA,512,0.6878662109375,0.09650212174884767,2,10,20,random_regular,10055,0.4444444444444444,0,1,1
G0056,C11,N1,3,SPSA,256,0.6728515625,0.07803033815828113,2,10,20,random_regular,10055,0.4444444444444444,1,1,1
G0056,C12,N1,3,SPSA,512,0.698486328125,0.09287681842733461,2,10,20,random_regular,10055,0.4444444444444444,1,1,1
G0057,C01,N1,1,COBYLA,256,0.67919921875,0.08217354195429605,2,10,20,random_regular,10056,0.4444444444444444,0,1,1
G0057,C02,N1,1,COBYLA,512,0.6986083984375,0.09028731605482528,2,10,20,random_regular,10056,0.4444444444444444,0,1,1
G0057,C03,N1,1,SPSA,256,0.691162109375,0.09702002222334954,2,10,20,random_regular,10056,0.4444444444444444,1,1,1
G0057,C04,N1,1,SPSA,512,0.6951904296875,0.09408525286783896,2,10,20,random_regular,10056,0.4444444444444444,1,1,1
G0057,C05,N1,2,COBYLA,256,0.769287109375,0.004488470779016171,2,10,20,random_regular,10056,0.4444444444444444,0,1,1
G0057,C06,N1,2,COBYLA,512,0.737548828125,0.03141929545311319,2,10,20,random_regular,10056,0.4444444444444444,0,1,1
G0057,C07,N1,2,SPSA,256,0.6953125,0.09943689110435824,2,10,20,random_regular,10056,0.4444444444444444,1,1,1
G0057,C08,N1,2,SPSA,512,0.6884765625,0.08286407592029854,2,10,20,random_regular,10056,0.4444444444444444,1,1,1
G0057,C09,N1,3,COBYLA,256,0.703857421875,0.09494842032534208,2,10,20,random_regular,10056,0.4444444444444444,0,1,1
G0057,C10,N1,3,COBYLA,512,0.7896728515625,0.018817050573567792,2,10,20,random_regular,10056,0.4444444444444444,0,1,1
G0057,C11,N1,3,SPSA,256,0.70703125,0.11531917232241547,2,10,20,random_regular,10056,0.4444444444444444,1,1,1
G0057,C12,N1,3,SPSA,512,0.6824951171875,0.0637017583637295,2,10,20,random_regular,10056,0.4444444444444444,1,1,1
G0058,C01,N1,1,COBYLA,256,0.76025390625,0.015191747252054731,2,10,20,random_regular,10057,0.4444444444444444,0,1,1
G0058,C02,N1,1,COBYLA,512,0.758544921875,0.010012742507036073,2,10,20,random_regular,10057,0.4444444444444444,0,1,1
G0058,C03,N1,1,SPSA,256,0.76806640625,0.0041432037960149265,2,10,20,random_regular,10057,0.4444444444444444,1,1,1
G0058,C04,N1,1,SPSA,512,0.759765625,0.027966625623100757,2,10,20,random_regular,10057,0.4444444444444444,1,1,1
G0058,C05,N1,2,COBYLA,256,0.69677734375,0.006905339660024878,2,10,20,random_regular,10057,0.4444444444444444,0,1,1
G0058,C06,N1,2,COBYLA,512,0.740234375,0.0017263349150062196,2,10,20,random_regular,10057,0.4444444444444444,0,1,1
G0058,C07,N1,2,SPSA,256,0.755859375,0.008286407592029853,2,10,20,random_regular,10057,0.4444444444444444,1,1,1
G0058,C08,N1,2,SPSA,512,0.7779541015625,0.02192445342057899,2,10,20,random_regular,10057,0.4444444444444444,1,1,1
G0058,C09,N1,3,COBYLA,256,0.70361328125,0.14984587062253985,2,10,20,random_regular,10057,0.4444444444444444,0,1,1
G0058,C10,N1,3,COBYLA,512,0.795166015625,0.02485922277608956,2,10,20,random_regular,10057,0.4444444444444444,0,1,1
G0058,C11,N1,3,SPSA,256,0.687744140625,0.0645649258212326,2,10,20,random_regular,10057,0.4444444444444444,1,1,1
G0058,C12,N1,3,SPSA,512,0.7001953125,0.08838834764831845,2,10,20,random_regular,10057,0.4444444444444444,1,1,1
G0059,C01,N1,1,COBYLA,256,0.6174045138888888,0.0770329002073886,2,10,20,random_regular,10058,0.4444444444444444,0,1,1
G0059,C02,N1,1,COBYLA,512,0.6949869791666666,0.000767259962224969,2,10,20,random_regular,10058,0.4444444444444444,0,1,1
G0059,C03,N1,1,SPSA,256,0.6369357638888888,0.0905366755425485,2,10,20,random_regular,10058,0.4444444444444444,1,1,1
G0059,C04,N1,1,SPSA,512,0.6305338541666666,0.09529368730834333,2,10,20,random_regular,10058,0.4444444444444444,1,1,1
G0059,C05,N1,2,COBYLA,256,0.7005208333333333,0.023324702851639505,2,10,20,random_regular,10058,0.4444444444444444,0,1,1
G0059,C06,N1,2,COBYLA,512,0.6549479166666667,0.07641909223760858,2,10,20,random_regular,10058,0.4444444444444444,0,1,1
G0059,C07,N1,2,SPSA,256,0.6631944444444444,0.12030636207687784,2,10,20,random_regular,10058,0.4444444444444444,1,1,1
G0059,C08,N1,2,SPSA,512,0.6429036458333333,0.11033198256795305,2,10,20,random_regular,10058,0.4444444444444444,1,1,1
G0059,C09,N1,3,COBYLA,256,0.6851128472222223,0.05002534953706909,2,10,20,random_regular,10058,0.4444444444444444,0,1,1
G0059,C10,N1,3,COBYLA,512,0.7523871527777778,0.018414239093399728,2,10,20,random_regular,10058,0.4444444444444444,0,1,1
G0059,C11,N1,3,SPSA,256,0.6349826388888888,0.10680258674171814,2,10,20,random_regular,10058,0.4444444444444444,1,1,1
G0059,C12,N1,3,SPSA,512,0.6411675347222223,0.09774891918746323,2,10,20,random_regular,10058,0.4444444444444444,1,1,1
G0060,C01,N1,1,COBYLA,256,0.68505859375,0.10150849300236571,2,10,20,random_regular,10059,0.4444444444444444,0,1,1
G0060,C02,N1,1,COBYLA,512,0.677978515625,0.09184101747833089,2,10,20,random_regular,10059,0.4444444444444444,0,1,1
G0060,C03,N1,1,SPSA,256,0.6953125,0.09736528920635078,2,10,20,random_regular,10059,0.4444444444444444,1,1,1
G0060,C04,N1,1,SPSA,512,0.6962890625,0.08355460988630102,2,10,20,random_regular,10059,0.4444444444444444,1,1,1
G0060,C05,N1,2,COBYLA,256,0.72998046875,0.037288834164134345,2,10,20,random_regular,10059,0.4444444444444444,0,1,1
G0060,C06,N1,2,COBYLA,512,0.732666015625,0.011393810439041049,2,10,20,random_regular,10059,0.4444444444444444,0,1,1
G0060,C07,N1,2,SPSA,256,0.6875,0.0794114060902861,2,10,20,random_regular,10059,0.4444444444444444,1,1,1
G0060,C08,N1,2,SPSA,512,0.7152099609375,0.10962226710289494,2,10,20,random_regular,10059,0.4444444444444444,1,1,1
G0060,C09,N1,3,COBYLA,256,0.726806640625,0.06939866358325003,2,10,20,random_regular,10059,0.4444444444444444,0,1,1
G0060,C10,N1,3,COBYLA,512,0.7161865234375,0.08545357829280786,2,10,20,random_regular,10059,0.4444444444444444,0,1,1
G0060,C11,N1,3,SPSA,256,0.68603515625,0.06421965883823137,2,10,20,random_regular,10059,0.4444444444444444,1,1,1
G0060,C12,N1,3,SPSA,512,0.73095703125,0.04522997477316295,2,10,20,random_regular,10059,0.4444444444444444,1,1,1
G0061,C01,N1,1,COBYLA,256,0.7371961805555556,0.10404045087770818,2,12,24,random_regular,10060,0.36363636363636365,0,1,1
G0061,C02,N1,1,COBYLA,512,0.7411024305555556,0.10680258674171814,2,12,24,random_regular,10060,0.36363636363636365,0,1,1
G0061,C03,N1,1,SPSA,256,0.7415364583333333,0.1064956827568282,2,12,24,random_regular,10060,0.36363636363636365,1,1,1
G0061,C04,N1,1,SPSA,512,0.8202039930555556,0.00046035597733492644,2,12,24,random_regular,10060,0.36363636363636365,1,1,1
G0061,C05,N1,2,COBYLA,256,0.7849392361111112,0.028542070594769483,2,12,24,random_regular,10060,0.36363636363636365,0,1,1
G0061,C06,N1,2,COBYLA,512,0.7962239583333333,0.00030690398488996404,2,12,24,random_regular,10060,0.36363636363636365,0,1,1
G0061,C07,N1,2,SPSA,256,0.7486979166666667,0.09575404328567826,2,12,24,random_regular,10060,0.36363636363636365,1,1,1
G0061,C08,N1,2,SPSA,512,0.7403428819444444,0.0664447127286838,2,12,24,random_regular,10060,0.36363636363636365,1,1,1
G0061,C09,N1,3,COBYLA,256,0.74609375,0.11416828237907793,2,12,24,random_regular,10060,0.36363636363636365,0,1,1
G0061,C10,N1,3,COBYLA,512,0.7936197916666667,0.004603559773349853,2,12,24,random_regular,10060,0.36363636363636365,0,1,1
G0061,C11,N1,3,SPSA,256,0.7096354166666667,0.002455231879119909,2,12,24,random_regular,10060,0.36363636363636365,1,1,1
G0061,C12,N1,3,SPSA,512,0.7413194444444444,0.05892556509887902,2,12,24,random_regular,10060,0.36363636363636365,1,1,1
G0062,C01,N1,1,COBYLA,256,0.673046875,0.10661844435078414,2,12,24,random_regular,10061,0.36363636363636365,0,1,1
G0062,C02,N1,1,COBYLA,512,0.7425781250000001,0.005248058141618884,2,12,24,random_regular,10061,0.36363636363636365,0,1,1
G0062,C03,N1,1,SPSA,256,0.7416015625000001,0.0030383494504108914,2,12,24,random_regular,10061,0.36363636363636365,1,1,1
G0062,C04,N1,1,SPSA,512,0.74755859375,0.00290024265721048,2,12,24,random_regular,10061,0.36363636363636365,1,1,1
G0062,C05,N1,2,COBYLA,256,0.734765625,0.008286407592029853,2,12,24,random_regular,10061,0.36363636363636365,0,1,1
G0062,C06,N1,2,COBYLA,512,0.73759765625,0.020025485014072145,2,12,24,random_regular,10061,0.36363636363636365,0,1,1
G0062,C07,N1,2,SPSA,256,0.691015625,0.09612232806754634,2,12,24,random_regular,10061,0.36363636363636365,1,1,1
G0062,C08,N1,2,SPSA,512,0.69716796875,0.11449053156321246,2,12,24,random_regular,10061,0.36363636363636365,1,1,1
G0062,C09,N1,3,COBYLA,256,0.6919921874999999,0.13285873505887869,2,12,24,random_regular,10061,0.36363636363636365,0,1,1
G0062,C10,N1,3,COBYLA,512,0.691796875,0.11600970628841795,2,12,24,random_regular,10061,0.36363636363636365,0,1,1
G0062,C11,N1,3,SPSA,256,0.696484375,0.014363106492851755,2,12,24,random_regular,10061,0.36363636363636365,1,1,1
G0062,C12,N1,3,SPSA,512,0.6649414062500001,0.059800241455815424,2,12,24,random_regular,10061,0.36363636363636365,1,1,1
G0063,C01,N1,1,COBYLA,256,0.6767578125,0.08037815364268965,2,12,24,random_regular,10062,0.36363636363636365,0,1,1
G0063,C02,N1,1,COBYLA,512,0.73857421875,0.018644417082067172,2,12,24,random_regular,10062,0.36363636363636365,0,1,1
G0063,C03,N1,1,SPSA,256,0.6685546875,0.11518106552921493,2,12,24,random_regular,10062,0.36363636363636365,1,1,1
G0063,C04,N1,1,SPSA,512,0.73955078125,0.013948786113250247,2,12,24,random_regular,10062,0.36363636363636365,1,1,1
G0063,C05,N1,2,COBYLA,256,0.681640625,0.04087961078734731,2,12,24,random_regular,10062,0.36363636363636365,0,1,1
G0063,C06,N1,2,COBYLA,512,0.732421875,0.02182087332567855,2,12,24,random_regular,10062,0.36363636363636365,0,1,1
G0063,C07,N1,2,SPSA,256,0.6666015625,0.0731966003962637,2,12,24,random_regular,10062,0.36363636363636365,1,1,1
G0063,C08,N1,2,SPSA,512,0.6619140625,0.05358543576179311,2,12,24,random_regular,10062,0.36363636363636365,1,1,1
G0063,C09,N1,3,COBYLA,256,0.7724609375,0.010219902696836789,2,12,24,random_regular,10062,0.36363636363636365,0,1,1
G0063,C10,N1,3,COBYLA,512,0.78154296875,0.03217888281571591,2,12,24,random_regular,10062,0.36363636363636365,0,1,1
G0063,C11,N1,3,SPSA,256,0.6787109375,0.09529368730834333,2,12,24,random_regular,10062,0.36363636363636365,1,1,1
G0063,C12,N1,3,SPSA,512,0.7505859375,0.026240290708094537,2,12,24,random_regular,10062,0.36363636363636365,1,1,1
G0064,C01,N1,1,COBYLA,256,0.6904296875,0.08590242537070955,2,12,24,random_regular,10063,0.36363636363636365,0,1,1
G0064,C02,N1,1,COBYLA,512,0.67822265625,0.11200460928560356,2,12,24,random_regular,10063,0.36363636363636365,0,1,1
G0064,C03,N1,1,SPSA,256,0.6740234375,0.10689465793718513,2,12,24,random_regular,10063,0.36363636363636365,1,1,1
G0064,C04,N1,1,SPSA,512,0.7560546875,0.0033145630368119493,2,12,24,random_regular,10063,0.36363636363636365,1,1,1
G0064,C05,N1,2,COBYLA,256,0.758203125,0.00331456303681191,2,12,24,random_regular,10063,0.36363636363636365,0,1,1
G0064,C06,N1,2,COBYLA,512,0.7496093749999999,0.010772329869638865,2,12,24,random_regular,10063,0.36363636363636365,0,1,1
G0064,C07,N1,2,SPSA,256,0.676953125,0.08065436722909058,2,12,24,random_regular,10063,0.36363636363636365,1,1,1
G0064,C08,N1,2,SPSA,512,0.7457031249999999,0.06187184335382297,2,12,24,random_regular,10063,0.36363636363636365,1,1,1
G0064,C09,N1,3,COBYLA,256,0.771484375,0.008286407592029853,2,12,24,random_regular,10063,0.36363636363636365,0,1,1
G0064,C10,N1,3,COBYLA,512,0.7921875,0.024306795603287565,2,12,24,random_regular,10063,0.36363636363636365,0,1,1
G0064,C11,N1,3,SPSA,256,0.6857421875,0.06711990149544174,2,12,24,random_regular,10063,0.36363636363636365,1,1,1
G0064,C12,N1,3,SPSA,512,0.66826171875,0.005109951348418355,2,12,24,random_regular,10063,0.36363636363636365,1,1,1
G0065,C01,N1,1,COBYLA,256,0.7374131944444444,0.10864401065105807,2,12,24,random_regular,10064,0.36363636363636365,0,1,1
G0065,C02,N1,1,COBYLA,512,0.6790364583333333,0.020562566987629555,2,12,24,random_regular,10064,0.36363636363636365,0,1,1
G0065,C03,N1,1,SPSA,256,0.8185763888888888,0.0006138079697798888,2,12,24,random_regular,10064,0.36363636363636365,1,1,1
G0065,C04,N1,1,SPSA,512,0.8220486111111112,0.0012276159395598954,2,12,24,random_regular,10064,0.36363636363636365,1,1,1
G0065,C05,N1,2,COBYLA,256,0.7816840277777778,0.022710894881859615,2,12,24,random_regular,10064,0.36363636363636365,0,1,1
G0065,C06,N1,2,COBYLA,512,0.7928602430555556,0.014577939282274726,2,12,24,random_regular,10064,0.36363636363636365,0,1,1
G0065,C07,N1,2,SPSA,256,0.7463107638888888,0.09912998711946829,2,12,24,random_regular,10064,0.36363636363636365,1,1,1
G0065,C08,N1,2,SPSA,512,0.7292751736111112,0.07872087212428361,2,12,24,random_regular,10064,0.36363636363636365,1,1,1
G0065,C09,N1,3,COBYLA,256,0.7606336805555556,0.1255237298200078,2,12,24,random_regular,10064,0.36363636363636365,0,1,1
G0065,C10,N1,3,COBYLA,512,0.7578125,0.12184088200132778,2,12,24,random_regular,10064,0.36363636363636365,0,1,1
G0065,C11,N1,3,SPSA,256,0.7478298611111112,0.10311973892303816,2,12,24,random_regular,10064,0.36363636363636365,1,1,1
G0065,C12,N1,3,SPSA,512,0.7164713541666666,0.0731966003962637,2,12,24,random_regular,10064,0.36363636363636365,1,1,1
G0066,C01,N1,1,COBYLA,256,0.7469618055555556,0.11232685846973803,2,12,24,random_regular,10065,0.36363636363636365,0,1,1
G0066,C02,N1,1,COBYLA,512,0.7465277777777778,0.11478209034885793,2,12,24,random_regular,10065,0.36363636363636365,0,1,1
G0066,C03,N1,1,SPSA,256,0.8250868055555556,0.0006138079697800066,2,12,24,random_regular,10065,0.36363636363636365,1,1,1
G0066,C04,N1,1,SPSA,512,0.8233506944444444,0.005524271728019903,2,12,24,random_regular,10065,0.36363636363636365,1,1,1
G0066,C05,N1,2,COBYLA,256,0.79296875,0.017186623153839713,2,12,24,random_regular,10065,0.36363636363636365,0,1,1
G0066,C06,N1,2,COBYLA,512,0.7885199652777778,0.019795307025404704,2,12,24,random_regular,10065,0.36363636363636365,0,1,1
G0066,C07,N1,2,SPSA,256,0.72265625,0.07427076434337876,2,12,24,random_regular,10065,0.36363636363636365,1,1,1
G0066,C08,N1,2,SPSA,512,0.7122395833333333,0.05923246908376895,2,12,24,random_regular,10065,0.36363636363636365,1,1,1
G0066,C09,N1,3,COBYLA,256,0.7415364583333333,0.12675134575956779,2,12,24,random_regular,10065,0.36363636363636365,0,1,1
G0066,C10,N1,3,COBYLA,512,0.7452256944444444,0.12736515372934779,2,12,24,random_regular,10065,0.36363636363636365,0,1,1
G0066,C11,N1,3,SPSA,256,0.7439236111111112,0.05953937306865895,2,12,24,random_regular,10065,0.36363636363636365,1,1,1
G0066,C12,N1,3,SPSA,512,0.8053385416666666,0.03866990209613932,2,12,24,random_regular,10065,0.36363636363636365,1,1,1
G0067,C01,N1,1,COBYLA,256,0.6578125,0.07181553246425873,2,12,24,random_regular,10066,0.36363636363636365,0,1,1
G0067,C02,N1,1,COBYLA,512,0.6751953125000001,0.09556990089474433,2,12,24,random_regular,10066,0.36363636363636365,0,1,1
G0067,C03,N1,1,SPSA,256,0.740234375,0.0022097086912079927,2,12,24,random_regular,10066,0.36363636363636365,1,1,1
G0067,C04,N1,1,SPSA,512,0.74150390625,0.004005097002814516,2,12,24,random_regular,10066,0.36363636363636365,1,1,1
G0067,C05,N1,2,COBYLA,256,0.72890625,0.011048543456039806,2,12,24,random_regular,10066,0.36363636363636365,0,1,1
G0067,C06,N1,2,COBYLA,512,0.7212890624999999,0.020992232566475654,2,12,24,random_regular,10066,0.36363636363636365,0,1,1
G0067,C07,N1,2,SPSA,256,0.653125,0.08120679440189262,2,12,24,random_regular,10066,0.36363636363636365,1,1,1
G0067,C08,N1,2,SPSA,512,0.65517578125,0.08134490119509304,2,12,24,random_regular,10066,0.36363636363636365,1,1,1
G0067,C09,N1,3,COBYLA,256,0.6796875,0.12153397801643785,2,12,24,random_regular,10066,0.36363636363636365,0,1,1
G0067,C10,N1,3,COBYLA,512,0.6739257812499999,0.11366189080400954,2,12,24,random_regular,10066,0.36363636363636365,0,1,1
G0067,C11,N1,3,SPSA,256,0.63359375,0.005524271728019903,2,12,24,random_regular,10066,0.36363636363636365,1,1,1
G0067,C12,N1,3,SPSA,512,0.73134765625,0.05399975614139458,2,12,24,random_regular,10066,0.36363636363636365,1,1,1
G0068,C01,N1,1,COBYLA,256,0.6658203125,0.10689465793718513,2,12,24,random_regular,10067,0.36363636363636365,0,1,1
G0068,C02,N1,1,COBYLA,512,0.66767578125,0.09708907561994984,2,12,24,random_regular,10067,0.36363636363636365,0,1,1
G0068,C03,N1,1,SPSA,256,0.6669921875,0.10137038620916518,2,12,24,random_regular,10067,0.36363636363636365,1,1,1
G0068,C04,N1,1,SPSA,512,0.72314453125,0.030245387710908934,2,12,24,random_regular,10067,0.36363636363636365,1,1,1
G0068,C05,N1,2,COBYLA,256,0.7228515625,0.00303834945041097,2,12,24,random_regular,10067,0.36363636363636365,0,1,1
G0068,C06,N1,2,COBYLA,512,0.73017578125,0.002347815484408482,2,12,24,random_regular,10067,0.36363636363636365,0,1,1
G0068,C07,N1,2,SPSA,256,0.682421875,0.004971844555217826,2,12,24,random_regular,10067,0.36363636363636365,1,1,1
G0068,C08,N1,2,SPSA,512,0.6623046875,0.07816844495148154,2,12,24,random_regular,10067,0.36363636363636365,1,1,1
G0068,C09,N1,3,COBYLA,256,0.6787109375,0.11518106552921493,2,12,24,random_regular,10067,0.36363636363636365,0,1,1
G0068,C10,N1,3,COBYLA,512,0.77568359375,0.02251140729168108,2,12,24,random_regular,10067,0.36363636363636365,0,1,1
G0068,C11,N1,3,SPSA,256,0.6583984375,0.0439179602377582,2,12,24,random_regular,10067,0.36363636363636365,1,1,1
G0068,C12,N1,3,SPSA,512,0.675,0.057176212385005996,2,12,24,random_regular,10067,0.36363636363636365,1,1,1
G0069,C01,N1,1,COBYLA,256,0.7378472222222223,0.09084357952743842,2,12,24,random_regular,10068,0.36363636363636365,0,1,1
G0069,C02,N1,1,COBYLA,512,0.8160807291666666,0.010281283493814835,2,12,24,random_regular,10068,0.36363636363636365,0,1,1
G0069,C03,N1,1,SPSA,256,0.74609375,0.10005069907413826,2,12,24,random_regular,10068,0.36363636363636365,1,1,1
G0069,C04,N1,1,SPSA,512,0.7517361111111112,0.09452642734611823,2,12,24,random_regular,10068,0.36363636363636365,1,1,1
G0069,C05,N1,2,COBYLA,256,0.8216145833333333,0.029462782549439494,2,12,24,random_regular,10068,0.36363636363636365,0,1,1
G0069,C06,N1,2,COBYLA,512,0.8128255208333334,0.01242961138804478,2,12,24,random_regular,10068,0.36363636363636365,0,1,1
G0069,C07,N1,2,SPSA,256,0.7183159722222222,0.06997410855491872,2,12,24,random_regular,10068,0.36363636363636365,1,1,1
G0069,C08,N1,2,SPSA,512,0.7118055555555556,0.06107389299310889,2,12,24,random_regular,10068,0.36363636363636365,1,1,1
G0069,C09,N1,3,COBYLA,256,0.8302951388888888,0.03314563036811941,2,12,24,random_regular,10068,0.36363636363636365,0,1,1
G0069,C10,N1,3,COBYLA,512,0.8223741319444444,0.019795307025404663,2,12,24,random_regular,10068,0.36363636363636365,0,1,1
G0069,C11,N1,3,SPSA,256,0.8036024305555556,0.014424487289829762,2,12,24,random_regular,10068,0.36363636363636365,1,1,1
G0069,C12,N1,3,SPSA,512,0.8009982638888888,0.010741639471149762,2,12,24,random_regular,10068,0.36363636363636365,1,1,1
G0070,C01,N1,1,COBYLA,256,0.6650390625,0.09032184275312538,2,12,24,random_regular,10069,0.36363636363636365,0,1,1
G0070,C02,N1,1,COBYLA,512,0.74853515625,0.0009667475524035458,2,12,24,random_regular,10069,0.36363636363636365,0,1,1
G0070,C03,N1,1,SPSA,256,0.6716796875,0.10965679380119515,2,12,24,random_regular,10069,0.36363636363636365,1,1,1
G0070,C04,N1,1,SPSA,512,0.73857421875,0.020577912186874225,2,12,24,random_regular,10069,0.36363636363636365,1,1,1
G0070,C05,N1,2,COBYLA,256,0.7333984375,0.0002762135864010579,2,12,24,random_regular,10069,0.36363636363636365,0,1,1
G0070,C06,N1,2,COBYLA,512,0.7119140625,0.017677669529663625,2,12,24,random_regular,10069,0.36363636363636365,0,1,1
G0070,C07,N1,2,SPSA,256,0.6689453125,0.08037815364268965,2,12,24,random_regular,10069,0.36363636363636365,1,1,1
G0070,C08,N1,2,SPSA,512,0.66376953125,0.0777541245718801,2,12,24,random_regular,10069,0.36363636363636365,1,1,1
G0070,C09,N1,3,COBYLA,256,0.76875,0.00994368911043577,2,12,24,random_regular,10069,0.36363636363636365,0,1,1
G0070,C10,N1,3,COBYLA,512,0.7762695312500001,0.005938592107621371,2,12,24,random_regular,10069,0.36363636363636365,0,1,1
G0070,C11,N1,3,SPSA,256,0.71171875,0.0033145630368119493,2,12,24,random_regular,10069,0.36363636363636365,1,1,1
G0070,C12,N1,3,SPSA,512,0.64853515625,0.020577912186874103,2,12,24,random_regular,10069,0.36363636363636365,1,1,1
G0071,C01,N1,1,COBYLA,256,0.6550480769230769,0.08796340366923994,2,15,30,random_regular,10070,0.2857142857142857,0,1,1
G0071,C02,N1,1,COBYLA,512,0.7201021634615385,0.0010623599476961018,2,15,30,random_regular,10070,0.2857142857142857,0,1,1
G0071,C03,N1,1,SPSA,256,0.7184495192307692,0.0004249439790785114,2,15,30,random_regular,10070,0.2857142857142857,1,1,1
G0071,C04,N1,1,SPSA,512,0.7113131009615384,0.002868371858779589,2,15,30,random_regular,10070,0.2857142857142857,1,1,1
G0071,C05,N1,2,COBYLA,256,0.6932091346153846,0.007224047644333673,2,15,30,random_regular,10070,0.2857142857142857,0,1,1
G0071,C06,N1,2,COBYLA,512,0.6924579326923077,0.004886855759402234,2,15,30,random_regular,10070,0.2857142857142857,0,1,1
G0071,C07,N1,2,SPSA,256,0.7149939903846154,0.011261015445579042,2,15,30,random_regular,10070,0.2857142857142857,1,1,1
G0071,C08,N1,2,SPSA,512,0.7101111778846154,0.027515122645329876,2,15,30,random_regular,10070,0.2857142857142857,1,1,1
G0071,C09,N1,3,COBYLA,256,0.6607572115384616,0.0871135157110831,2,15,30,random_regular,10070,0.2857142857142857,0,1,1
G0071,C10,N1,3,COBYLA,512,0.7216045673076923,0.028896190577334852,2,15,30,random_regular,10070,0.2857142857142857,0,1,1
G0071,C11,N1,3,SPSA,256,0.6897536057692308,0.035482822253050855,2,15,30,random_regular,10070,0.2857142857142857,1,1,1
G0071,C12,N1,3,SPSA,512,0.6446814903846154,0.035482822253050855,2,15,30,random_regular,10070,0.2857142857142857,1,1,1
G0072,C01,N1,1,COBYLA,256,0.6741286057692308,0.08052688403536702,2,15,30,random_regular,10071,0.2857142857142857,0,1,1
G0072,C02,N1,1,COBYLA,512,0.7280649038461539,0.0014873039267746134,2,15,30,random_regular,10071,0.2857142857142857,0,1,1
G0072,C03,N1,1,SPSA,256,0.7297175480769231,0.001487303926774574,2,15,30,random_regular,10071,0.2857142857142857,1,1,1
G0072,C04,N1,1,SPSA,512,0.7215294471153846,0.0026558998692403136,2,15,30,random_regular,10071,0.2857142857142857,1,1,1
G0072,C05,N1,2,COBYLA,256,0.6837439903846154,0.02273450288069728,2,15,30,random_regular,10071,0.2857142857142857,0,1,1
G0072,C06,N1,2,COBYLA,512,0.7036508413461539,0.012004667408966387,2,15,30,random_regular,10071,0.2857142857142857,0,1,1
G0072,C07,N1,2,SPSA,256,0.6736778846153846,0.14618072880298827,2,15,30,random_regular,10071,0.2857142857142857,1,1,1
G0072,C08,N1,2,SPSA,512,0.6256760817307692,0.06958457657409693,2,15,30,random_regular,10071,0.2857142857142857,1,1,1
G0072,C09,N1,3,COBYLA,256,0.7234074519230769,0.04100709398107084,2,15,30,random_regular,10071,0.2857142857142857,0,1,1
G0072,C10,N1,3,COBYLA,512,0.7313701923076923,0.0352703502635117,2,15,30,random_regular,10071,0.2857142857142857,0,1,1
G0072,C11,N1,3,SPSA,256,0.6404747596153846,0.046106421730012344,2,15,30,random_regular,10071,0.2857142857142857,1,1,1
G0072,C12,N1,3,SPSA,512,0.6864483173076923,0.0146605672782067,2,15,30,random_regular,10071,0.2857142857142857,1,1,1
G0073,C01,N1,1,COBYLA,256,0.6922200520833333,0.081252829999626,2,15,30,random_regular,10072,0.2857142857142857,0,1,1
G0073,C02,N1,1,COBYLA,512,0.7789713541666667,0.0018414239093399022,2,15,30,random_regular,10072,0.2857142857142857,0,1,1
G0073,C03,N1,1,SPSA,256,0.77685546875,0.0025319578753425077,2,15,30,random_regular,10072,0.2857142857142857,1,1,1
G0073,C04,N1,1,SPSA,512,0.7783203125,0.003913025807347483,2,15,30,random_regular,10072,0.2857142857142857,1,1,1
G0073,C05,N1,2,COBYLA,256,0.7412109375,0.0036828478186798825,2,15,30,random_regular,10072,0.2857142857142857,0,1,1
G0073,C06,N1,2,COBYLA,512,0.756103515625,0.018068972110398485,2,15,30,random_regular,10072,0.2857142857142857,0,1,1
G0073,C07,N1,2,SPSA,256,0.6954752604166667,0.034296520311456906,2,15,30,random_regular,10072,0.2857142857142857,1,1,1
G0073,C08,N1,2,SPSA,512,0.7138671875,0.03959061405080925,2,15,30,random_regular,10072,0.2857142857142857,1,1,1
G0073,C09,N1,3,COBYLA,256,0.7918294270833333,0.02232726490074717,2,15,30,random_regular,10072,0.2857142857142857,0,1,1
G0073,C10,N1,3,COBYLA,512,0.778076171875,0.03003822752110822,2,15,30,random_regular,10072,0.2857142857142857,0,1,1
G0073,C11,N1,3,SPSA,256,0.7265625,0.07872087212428361,2,15,30,random_regular,10072,0.2857142857142857,1,1,1
G0073,C12,N1,3,SPSA,512,0.6761067708333334,0.010358009490037318,2,15,30,random_regular,10072,0.2857142857142857,1,1,1
G0074,C01,N1,1,COBYLA,256,0.6159855769230769,0.037820014137982416,2,15,30,random_regular,10073,0.2857142857142857,0,1,1
G0074,C02,N1,1,COBYLA,512,0.7210787259615384,0.0013810679320049757,2,15,30,random_regular,10073,0.2857142857142857,0,1,1
G0074,C03,N1,1,SPSA,256,0.7211538461538461,0.0029746078535492267,2,15,30,random_regular,10073,0.2857142857142857,1,1,1
G0074,C04,N1,1,SPSA,512,0.7173978365384616,0.0008498879581569443,2,15,30,random_regular,10073,0.2857142857142857,1,1,1
G0074,C05,N1,2,COBYLA,256,0.6945612980769231,0.020184839006226484,2,15,30,random_regular,10073,0.2857142857142857,0,1,1
G0074,C06,N1,2,COBYLA,512,0.7171724759615385,0.006692867670485721,2,15,30,random_regular,10073,0.2857142857142857,0,1,1
G0074,C07,N1,2,SPSA,256,0.6594050480769231,0.06735362068393493,2,15,30,random_regular,10073,0.2857142857142857,1,1,1
G0074,C08,N1,2,SPSA,512,0.6120793269230769,0.048443613614943745,2,15,30,random_regular,10073,0.2857142857142857,1,1,1
G0074,C09,N1,3,COBYLA,256,0.7468449519230769,0.004461911780323722,2,15,30,random_regular,10073,0.2857142857142857,0,1,1
G0074,C10,N1,3,COBYLA,512,0.7254356971153846,0.005205563743711107,2,15,30,random_regular,10073,0.2857142857142857,0,1,1
G0074,C11,N1,3,SPSA,256,0.6380709134615384,0.05120574947895374,2,15,30,random_regular,10073,0.2857142857142857,1,1,1
G0074,C12,N1,3,SPSA,512,0.6193659855769231,0.020503546990535398,2,15,30,random_regular,10073,0.2857142857142857,1,1,1
G0075,C01,N1,1,COBYLA,256,0.7624289772727273,0.10245013022873278,2,15,30,random_regular,10074,0.2857142857142857,0,1,1
G0075,C02,N1,1,COBYLA,512,0.7658025568181819,0.10671888565493003,2,15,30,random_regular,10074,0.2857142857142857,0,1,1
G0075,C03,N1,1,SPSA,256,0.7705965909090908,0.11450308672623079,2,15,30,random_regular,10074,0.2857142857142857,1,1,1
G0075,C04,N1,1,SPSA,512,0.8464133522727273,0.00451985868656171,2,15,30,random_regular,10074,0.2857142857142857,1,1,1
G0075,C05,N1,2,COBYLA,256,0.7828480113636364,0.053987200978376365,2,15,30,random_regular,10074,0.2857142857142857,0,1,1
G0075,C06,N1,2,COBYLA,512,0.8141867897727273,0.0016321711923694845,2,15,30,random_regular,10074,0.2857142857142857,0,1,1
G0075,C07,N1,2,SPSA,256,0.8165838068181819,0.04193424448087825,2,15,30,random_regular,10074,0.2857142857142857,1,1,1
G0075,C08,N1,2,SPSA,512,0.7849786931818181,0.030634597764473973,2,15,30,random_regular,10074,0.2857142857142857,1,1,1
G0075,C09,N1,3,COBYLA,256,0.7674005681818181,0.12103177149570887,2,15,30,random_regular,10074,0.2857142857142857,0,1,1
G0075,C10,N1,3,COBYLA,512,0.7750355113636364,0.0790975270148304,2,15,30,random_regular,10074,0.2857142857142857,0,1,1
G0075,C11,N1,3,SPSA,256,0.8101917613636364,0.018832744527340562,2,15,30,random_regular,10074,0.2857142857142857,1,1,1
G0075,C12,N1,3,SPSA,512,0.8315873579545454,0.03276897547757259,2,15,30,random_regular,10074,0.2857142857142857,1,1,1
G0076,C01,N1,1,COBYLA,256,0.5985576923076923,0.02337191884931495,2,15,30,random_regular,10075,0.2857142857142857,0,1,1
G0076,C02,N1,1,COBYLA,512,0.7125901442307692,0.00233719188493144,2,15,30,random_regular,10075,0.2857142857142857,0,1,1
G0076,C03,N1,1,SPSA,256,0.6452824519230769,0.09539992330311291,2,15,30,random_regular,10075,0.2857142857142857,1,1,1
G0076,C04,N1,1,SPSA,512,0.7149188701923077,0.0013810679320049757,2,15,30,random_regular,10075,0.2857142857142857,1,1,1
G0076,C05,N1,2,COBYLA,256,0.7010216346153846,0.013173263351432088,2,15,30,random_regular,10075,0.2857142857142857,0,1,1
G0076,C06,N1,2,COBYLA,512,0.6930588942307693,0.002124719895392282,2,15,30,random_regular,10075,0.2857142857142857,0,1,1
G0076,C07,N1,2,SPSA,256,0.6126802884615384,0.06161687696637587,2,15,30,random_regular,10075,0.2857142857142857,1,1,1
G0076,C08,N1,2,SPSA,512,0.6502403846153846,0.11664712225703562,2,15,30,random_regular,10075,0.2857142857142857,1,1,1
G0076,C09,N1,3,COBYLA,256,0.6556490384615384,0.12025914607920252,2,15,30,random_regular,10075,0.2857142857142857,0,1,1
G0076,C10,N1,3,COBYLA,512,0.6597806490384615,0.11420369437733455,2,15,30,random_regular,10075,0.2857142857142857,0,1,1
G0076,C11,N1,3,SPSA,256,0.6654146634615384,0.06012957303960126,2,15,30,random_regular,10075,0.2857142857142857,1,1,1
G0076,C12,N1,3,SPSA,512,0.6494891826923077,0.0029746078535492267,2,15,30,random_regular,10075,0.2857142857142857,1,1,1
G0077,C01,N1,1,COBYLA,256,0.7083333333333334,0.10358009490037318,2,15,30,random_regular,10076,0.2857142857142857,0,1,1
G0077,C02,N1,1,COBYLA,512,0.7408854166666667,0.050639157506849095,2,15,30,random_regular,10076,0.2857142857142857,0,1,1
G0077,C03,N1,1,SPSA,256,0.7024739583333333,0.09759546719501834,2,15,30,random_regular,10076,0.2857142857142857,1,1,1
G0077,C04,N1,1,SPSA,512,0.775146484375,0.00011508899433380031,2,15,30,random_regular,10076,0.2857142857142857,1,1,1
G0077,C05,N1,2,COBYLA,256,0.72607421875,0.027851536628766955,2,15,30,random_regular,10076,0.2857142857142857,0,1,1
G0077,C06,N1,2,COBYLA,512,0.73583984375,0.00437338178468237,2,15,30,random_regular,10076,0.2857142857142857,0,1,1
G0077,C07,N1,2,SPSA,256,0.6652018229166666,0.06836286263424629,2,15,30,random_regular,10076,0.2857142857142857,1,1,1
G0077,C08,N1,2,SPSA,512,0.7019856770833333,0.07826051614694868,2,15,30,random_regular,10076,0.2857142857142857,1,1,1
G0077,C09,N1,3,COBYLA,256,0.6995442708333333,0.1081836546737231,2,15,30,random_regular,10076,0.2857142857142857,0,1,1
G0077,C10,N1,3,COBYLA,512,0.7609049479166666,0.03314563036811941,2,15,30,random_regular,10076,0.2857142857142857,0,1,1
G0077,C11,N1,3,SPSA,256,0.6580403645833333,0.007135517648692361,2,15,30,random_regular,10076,0.2857142857142857,1,1,1
G0077,C12,N1,3,SPSA,512,0.6453450520833334,0.013120145354047269,2,15,30,random_regular,10076,0.2857142857142857,1,1,1
G0078,C01,N1,1,COBYLA,256,0.79443359375,0.0006905339660024879,2,15,30,random_regular,10077,0.2857142857142857,0,1,1
G0078,C02,N1,1,COBYLA,512,0.7842610677083333,0.0005754449716687267,2,15,30,random_regular,10077,0.2857142857142857,0,1,1
G0078,C03,N1,1,SPSA,256,0.7898763020833334,0.007595873626027366,2,15,30,random_regular,10077,0.2857142857142857,1,1,1
G0078,C04,N1,1,SPSA,512,0.787841796875,0.005409182733686102,2,15,30,random_regular,10077,0.2857142857142857,1,1,1
G0078,C05,N1,2,COBYLA,256,0.7506510416666667,0.0023017798866749465,2,15,30,random_regular,10077,0.2857142857142857,0,1,1
G0078,C06,N1,2,COBYLA,512,0.7515462239583333,0.010933454461706044,2,15,30,random_regular,10077,0.2857142857142857,0,1,1
G0078,C07,N1,2,SPSA,256,0.7049153645833333,0.018184061104732165,2,15,30,random_regular,10077,0.2857142857142857,1,1,1
G0078,C08,N1,2,SPSA,512,0.71240234375,0.044654529801494265,2,15,30,random_regular,10077,0.2857142857142857,1,1,1
G0078,C09,N1,3,COBYLA,256,0.7154947916666667,0.1371860812458275,2,15,30,random_regular,10077,0.2857142857142857,0,1,1
G0078,C10,N1,3,COBYLA,512,0.7628580729166666,0.037288834164134345,2,15,30,random_regular,10077,0.2857142857142857,0,1,1
G0078,C11,N1,3,SPSA,256,0.7215169270833333,0.028772248583436928,2,15,30,random_regular,10077,0.2857142857142857,1,1,1
G0078,C12,N1,3,SPSA,512,0.6624348958333333,0.013580501331382196,2,15,30,random_regular,10077,0.2857142857142857,1,1,1
G0079,C01,N1,1,COBYLA,256,0.7825520833333333,0.006444983682689952,2,15,30,random_regular,10078,0.2857142857142857,0,1,1
G0079,C02,N1,1,COBYLA,512,0.7932942708333333,0.0016112459206724585,2,15,30,random_regular,10078,0.2857142857142857,0,1,1
G0079,C03,N1,1,SPSA,256,0.7937825520833333,0.0011508899433374927,2,15,30,random_regular,10078,0.2857142857142857,1,1,1
G0079,C04,N1,1,SPSA,512,0.7888997395833334,0.005524271728019903,2,15,30,random_regular,10078,0.2857142857142857,1,1,1
G0079,C05,N1,2,COBYLA,256,0.7620442708333333,0.009207119546699824,2,15,30,random_regular,10078,0.2857142857142857,0,1,1
G0079,C06,N1,2,COBYLA,512,0.755615234375,0.004948826756351215,2,15,30,random_regular,10078,0.2857142857142857,0,1,1
G0079,C07,N1,2,SPSA,256,0.6920572916666667,0.0036828478186800005,2,15,30,random_regular,10078,0.2857142857142857,1,1,1
G0079,C08,N1,2,SPSA,512,0.710205078125,0.027966625623100757,2,15,30,random_regular,10078,0.2857142857142857,1,1,1
G0079,C09,N1,3,COBYLA,256,0.8043619791666667,0.004603559773349932,2,15,30,random_regular,10078,0.2857142857142857,0,1,1
G0079,C10,N1,3,COBYLA,512,0.7925618489583333,0.017838794121731002,2,15,30,random_regular,10078,0.2857142857142857,0,1,1
G0079,C11,N1,3,SPSA,256,0.7023111979166666,0.024168688810087074,2,15,30,random_regular,10078,0.2857142857142857,1,1,1
G0079,C12,N1,3,SPSA,512,0.6983235677083333,0.04638086471650045,2,15,30,random_regular,10078,0.2857142857142857,1,1,1
G0080,C01,N1,1,COBYLA,256,0.7298677884615385,0.0016997759163138494,2,15,30,random_regular,10079,0.2857142857142857,0,1,1
G0080,C02,N1,1,COBYLA,512,0.6143329326923077,0.050568333510336065,2,15,30,random_regular,10079,0.2857142857142857,0,1,1
G0080,C03,N1,1,SPSA,256,0.7303185096153846,0.0014873039267746134,2,15,30,random_regular,10079,0.2857142857142857,1,1,1
G0080,C04,N1,1,SPSA,512,0.7309194711538461,0.001912247905853007,2,15,30,random_regular,10079,0.2857142857142857,1,1,1
G0080,C05,N1,2,COBYLA,256,0.6702223557692308,0.048656085604482945,2,15,30,random_regular,10079,0.2857142857142857,0,1,1
G0080,C06,N1,2,COBYLA,512,0.7219050480769231,0.0012748319372354558,2,15,30,random_regular,10079,0.2857142857142857,0,1,1
G0080,C07,N1,2,SPSA,256,0.6787860576923077,0.13810679320049757,2,15,30,random_regular,10079,0.2857142857142857,1,1,1
G0080,C08,N1,2,SPSA,512,0.6407001201923077,0.08488255982092119,2,15,30,random_regular,10079,0.2857142857142857,1,1,1
G0080,C09,N1,3,COBYLA,256,0.7403846153846154,0.008073935602490617,2,15,30,random_regular,10079,0.2857142857142857,0,1,1
G0080,C10,N1,3,COBYLA,512,0.7346003605769231,0.040475914007222724,2,15,30,random_regular,10079,0.2857142857142857,0,1,1
G0080,C11,N1,3,SPSA,256,0.7127403846153846,0.024221806807471893,2,15,30,random_regular,10079,0.2857142857142857,1,1,1
G0080,C12,N1,3,SPSA,512,0.6578275240384616,0.049612209557409484,2,15,30,random_regular,10079,0.2857142857142857,1,1,1
G0081,C01,N1,1,COBYLA,256,0.7244698660714286,0.10160714071179461,2,18,36,random_regular,10080,0.23529411764705882,0,1,1
G0081,C02,N1,1,COBYLA,512,0.7978515625,0.003354022120583535,2,18,36,random_regular,10080,0.23529411764705882,0,1,1
G0081,C03,N1,1,SPSA,256,0.7165178571428572,0.10890707120953515,2,18,36,random_regular,10080,0.23529411764705882,1,1,1
G0081,C04,N1,1,SPSA,512,0.7940150669642857,0.0014797156414338801,2,18,36,random_regular,10080,0.23529411764705882,1,1,1
G0081,C05,N1,2,COBYLA,256,0.7700892857142858,0.002367545026294216,2,18,36,random_regular,10080,0.23529411764705882,0,1,1
G0081,C06,N1,2,COBYLA,512,0.7783900669642857,0.005622919437448807,2,18,36,random_regular,10080,0.23529411764705882,0,1,1
G0081,C07,N1,2,SPSA,256,0.7140066964285714,0.10496116283237815,2,18,36,random_regular,10080,0.23529411764705882,1,1,1
G0081,C08,N1,2,SPSA,512,0.6996372767857143,0.07793169044885222,2,18,36,random_regular,10080,0.23529411764705882,1,1,1
G0081,C09,N1,3,COBYLA,256,0.7117745535714286,0.10417198115694676,2,18,36,random_regular,10080,0.23529411764705882,0,1,1
G0081,C10,N1,3,COBYLA,512,0.8210100446428572,0.013613383901191907,2,18,36,random_regular,10080,0.23529411764705882,0,1,1
G0081,C11,N1,3,SPSA,256,0.6854073660714286,0.0021702496074363677,2,18,36,random_regular,10080,0.23529411764705882,1,1,1
G0081,C12,N1,3,SPSA,512,0.7210518973214286,0.04449011695244597,2,18,36,random_regular,10080,0.23529411764705882,1,1,1
G0082,C01,N1,1,COBYLA,256,0.6703404017857143,0.01953224646692747,2,18,36,random_regular,10081,0.23529411764705882,0,1,1
G0082,C02,N1,1,COBYLA,512,0.7255161830357142,0.09361667624805152,2,18,36,random_regular,10081,0.23529411764705882,0,1,1
G0082,C03,N1,1,SPSA,256,0.7953404017857142,0.0009864770942892404,2,18,36,random_regular,10081,0.23529411764705882,1,1,1
G0082,C04,N1,1,SPSA,512,0.7913643973214286,0.0010851248037181446,2,18,36,random_regular,10081,0.23529411764705882,1,1,1
G0082,C05,N1,2,COBYLA,256,0.7816685267857143,0.010851248037181996,2,18,36,random_regular,10081,0.23529411764705882,0,1,1
G0082,C06,N1,2,COBYLA,512,0.7835518973214286,0.0038472606677281743,2,18,36,random_regular,10081,0.23529411764705882,0,1,1
G0082,C07,N1,2,SPSA,256,0.7000558035714286,0.06786962408710166,2,18,36,random_regular,10081,0.23529411764705882,1,1,1
G0082,C08,N1,2,SPSA,512,0.7238420758928572,0.007793169044885214,2,18,36,random_regular,10081,0.23529411764705882,1,1,1
G0082,C09,N1,3,COBYLA,256,0.7151227678571429,0.1077232986963881,2,18,36,random_regular,10081,0.23529411764705882,0,1,1
G0082,C10,N1,3,COBYLA,512,0.7971540178571429,0.023478154844084585,2,18,36,random_regular,10081,0.23529411764705882,0,1,1
G0082,C11,N1,3,SPSA,256,0.7335379464285714,0.052085990578473414,2,18,36,random_regular,10081,0.23529411764705882,1,1,1
G0082,C12,N1,3,SPSA,512,0.7128208705357142,0.02515516590437639,2,18,36,random_regular,10081,0.23529411764705882,1,1,1
G0083,C01,N1,1,COBYLA,256,0.759765625,0.0023938510821419788,2,18,36,random_regular,10082,0.23529411764705882,0,1,1
G0083,C02,N1,1,COBYLA,512,0.6819661458333334,0.11462863835641297,2,18,36,random_regular,10082,0.23529411764705882,0,1,1
G0083,C03,N1,1,SPSA,256,0.7505208333333333,0.002577993473075965,2,18,36,random_regular,10082,0.23529411764705882,1,1,1
G0083,C04,N1,1,SPSA,512,0.762109375,0.0003682847818679726,2,18,36,random_regular,10082,0.23529411764705882,1,1,1
G0083,C05,N1,2,COBYLA,256,0.7385416666666667,0.0047877021642839575,2,18,36,random_regular,10082,0.23529411764705882,0,1,1
G0083,C06,N1,2,COBYLA,512,0.7410807291666667,0.003590776623212968,2,18,36,random_regular,10082,0.23529411764705882,0,1,1
G0083,C07,N1,2,SPSA,256,0.7180989583333334,0.030015209722241493,2,18,36,random_regular,10082,0.23529411764705882,1,1,1
G0083,C08,N1,2,SPSA,512,0.6785807291666667,0.08332443189763358,2,18,36,random_regular,10082,0.23529411764705882,1,1,1
G0083,C09,N1,3,COBYLA,256,0.7755208333333333,0.0011048543456039178,2,18,36,random_regular,10082,0.23529411764705882,0,1,1
G0083,C10,N1,3,COBYLA,512,0.7362630208333334,0.05533478847566598,2,18,36,random_regular,10082,0.23529411764705882,0,1,1
G0083,C11,N1,3,SPSA,256,0.7342447916666667,0.0001841423909339863,2,18,36,random_regular,10082,0.23529411764705882,1,1,1
G0083,C12,N1,3,SPSA,512,0.6953125,0.08636278134804444,2,18,36,random_regular,10082,0.23529411764705882,1,1,1
G0084,C01,N1,1,COBYLA,256,0.68046875,0.10275145414117019,2,18,36,random_regular,10083,0.23529411764705882,0,1,1
G0084,C02,N1,1,COBYLA,512,0.6837890625,0.10965679380119515,2,18,36,random_regular,10083,0.23529411764705882,0,1,1
G0084,C03,N1,1,SPSA,256,0.6787760416666667,0.1021990269683682,2,18,36,random_regular,10083,0.23529411764705882,1,1,1
G0084,C04,N1,1,SPSA,512,0.7526692708333333,0.005248058141618884,2,18,36,random_regular,10083,0.23529411764705882,1,1,1
G0084,C05,N1,2,COBYLA,256,0.7401041666666667,0.0187825238752677,2,18,36,random_regular,10083,0.23529411764705882,0,1,1
G0084,C06,N1,2,COBYLA,512,0.7451171875,0.008746763569364898,2,18,36,random_regular,10083,0.23529411764705882,0,1,1
G0084,C07,N1,2,SPSA,256,0.6696614583333333,0.03112006406784541,2,18,36,random_regular,10083,0.23529411764705882,1,1,1
G0084,C08,N1,2,SPSA,512,0.6526692708333334,0.07061860692318775,2,18,36,random_regular,10083,0.23529411764705882,1,1,1
G0084,C09,N1,3,COBYLA,256,0.6828125,0.14215792580104544,2,18,36,random_regular,10083,0.23529411764705882,0,1,1
G0084,C10,N1,3,COBYLA,512,0.6923828125,0.13304287744981272,2,18,36,random_regular,10083,0.23529411764705882,0,1,1
G0084,C11,N1,3,SPSA,256,0.7182291666666667,0.04235274991481924,2,18,36,random_regular,10083,0.23529411764705882,1,1,1
G0084,C12,N1,3,SPSA,512,0.7227213541666666,0.022557442889414615,2,18,36,random_regular,10083,0.23529411764705882,1,1,1
G0085,C01,N1,1,COBYLA,256,0.732421875,0.10140984529293681,2,18,36,random_regular,10084,0.23529411764705882,0,1,1
G0085,C02,N1,1,COBYLA,512,0.7294921875,0.09785852775349546,2,18,36,random_regular,10084,0.23529411764705882,0,1,1
G0085,C03,N1,1,SPSA,256,0.8048270089285714,0.0005918862565735834,2,18,36,random_regular,10084,0.23529411764705882,1,1,1
G0085,C04,N1,1,SPSA,512,0.7998046875,0.000986477094289201,2,18,36,random_regular,10084,0.23529411764705882,1,1,1
G0085,C05,N1,2,COBYLA,256,0.7818080357142857,0.014599860995481148,2,18,36,random_regular,10084,0.23529411764705882,0,1,1
G0085,C06,N1,2,COBYLA,512,0.7802036830357143,0.0004932385471446791,2,18,36,random_regular,10084,0.23529411764705882,0,1,1
G0085,C07,N1,2,SPSA,256,0.7329799107142857,0.003945908377157118,2,18,36,random_regular,10084,0.23529411764705882,1,1,1
G0085,C08,N1,2,SPSA,512,0.7490931919642857,0.02850918802495981,2,18,36,random_regular,10084,0.23529411764705882,1,1,1
G0085,C09,N1,3,COBYLA,256,0.8094308035714286,0.012626906806902628,2,18,36,random_regular,10084,0.23529411764705882,0,1,1
G0085,C10,N1,3,COBYLA,512,0.7940848214285714,0.03571047081327152,2,18,36,random_regular,10084,0.23529411764705882,0,1,1
G0085,C11,N1,3,SPSA,256,0.7498604910714286,0.011245838874897654,2,18,36,random_regular,10084,0.23529411764705882,1,1,1
G0085,C12,N1,3,SPSA,512,0.74853515625,0.07921411067142829,2,18,36,random_regular,10084,0.23529411764705882,1,1,1
G0086,C01,N1,1,COBYLA,256,0.742578125,0.0005524271728019589,2,18,36,random_regular,10085,0.23529411764705882,0,1,1
G0086,C02,N1,1,COBYLA,512,0.676953125,0.0870993509117805,2,18,36,random_regular,10085,0.23529411764705882,0,1,1
G0086,C03,N1,1,SPSA,256,0.73984375,0.01031197389230386,2,18,36,random_regular,10085,0.23529411764705882,1,1,1
G0086,C04,N1,1,SPSA,512,0.7420572916666667,0.009391261937633772,2,18,36,random_regular,10085,0.23529411764705882,1,1,1
G0086,C05,N1,2,COBYLA,256,0.7104166666666667,0.01031197389230382,2,18,36,random_regular,10085,0.23529411764705882,0,1,1
G0086,C06,N1,2,COBYLA,512,0.7354817708333334,0.008378478787496807,2,18,36,random_regular,10085,0.23529411764705882,0,1,1
G0086,C07,N1,2,SPSA,256,0.6888020833333333,0.003314563036812028,2,18,36,random_regular,10085,0.23529411764705882,1,1,1
G0086,C08,N1,2,SPSA,512,0.6427734375,0.054229934130062066,2,18,36,random_regular,10085,0.23529411764705882,1,1,1
G0086,C09,N1,3,COBYLA,256,0.71015625,0.0928077650307343,2,18,36,random_regular,10085,0.23529411764705882,0,1,1
G0086,C10,N1,3,COBYLA,512,0.6927083333333333,0.11748284541588996,2,18,36,random_regular,10085,0.23529411764705882,0,1,1
G0086,C11,N1,3,SPSA,256,0.6567708333333333,0.01841423909339961,2,18,36,random_regular,10085,0.23529411764705882,1,1,1
G0086,C12,N1,3,SPSA,512,0.7087890625,0.046127668928966276,2,18,36,random_regular,10085,0.23529411764705882,1,1,1
G0087,C01,N1,1,COBYLA,256,0.6569010416666667,0.08120679440189262,2,18,36,random_regular,10086,0.23529411764705882,0,1,1
G0087,C02,N1,1,COBYLA,512,0.7436197916666667,0.016204530402191733,2,18,36,random_regular,10086,0.23529411764705882,0,1,1
G0087,C03,N1,1,SPSA,256,0.7494791666666667,0.004419417382415867,2,18,36,random_regular,10086,0.23529411764705882,1,1,1
G0087,C04,N1,1,SPSA,512,0.6759765625,0.10358009490037318,2,18,36,random_regular,10086,0.23529411764705882,1,1,1
G0087,C05,N1,2,COBYLA,256,0.7337239583333333,0.009759546719501862,2,18,36,random_regular,10086,0.23529411764705882,0,1,1
G0087,C06,N1,2,COBYLA,512,0.7363932291666666,0.008746763569364858,2,18,36,random_regular,10086,0.23529411764705882,0,1,1
G0087,C07,N1,2,SPSA,256,0.6897135416666667,0.0778922313650806,2,18,36,random_regular,10086,0.23529411764705882,1,1,1
G0087,C08,N1,2,SPSA,512,0.6508463541666667,0.052388510220722044,2,18,36,random_regular,10086,0.23529411764705882,1,1,1
G0087,C09,N1,3,COBYLA,256,0.6846354166666666,0.11674627585215402,2,18,36,random_regular,10086,0.23529411764705882,0,1,1
G0087,C10,N1,3,COBYLA,512,0.6799479166666667,0.11637799107028593,2,18,36,random_regular,10086,0.23529411764705882,0,1,1
G0087,C11,N1,3,SPSA,256,0.726171875,0.021912944521145623,2,18,36,random_regular,10086,0.23529411764705882,1,1,1
G0087,C12,N1,3,SPSA,512,0.6944010416666666,0.013074109756313772,2,18,36,random_regular,10086,0.23529411764705882,1,1,1
G0088,C01,N1,1,COBYLA,256,0.7335379464285714,0.061950761521366055,2,18,36,random_regular,10087,0.23529411764705882,0,1,1
G0088,C02,N1,1,COBYLA,512,0.7919921875,0.0035513175394413436,2,18,36,random_regular,10087,0.23529411764705882,0,1,1
G0088,C03,N1,1,SPSA,256,0.7579520089285714,0.043996878405301296,2,18,36,random_regular,10087,0.23529411764705882,1,1,1
G0088,C04,N1,1,SPSA,512,0.78564453125,0.010752600327753091,2,18,36,random_regular,10087,0.23529411764705882,1,1,1
G0088,C05,N1,2,COBYLA,256,0.7359095982142858,0.0487319684578898,2,18,36,random_regular,10087,0.23529411764705882,0,1,1
G0088,C06,N1,2,COBYLA,512,0.7816685267857143,0.01262690680690259,2,18,36,random_regular,10087,0.23529411764705882,0,1,1
G0088,C07,N1,2,SPSA,256,0.7407924107142857,0.04853467303903196,2,18,36,random_regular,10087,0.23529411764705882,1,1,1
G0088,C08,N1,2,SPSA,512,0.7223772321428572,0.1154178200318444,2,18,36,random_regular,10087,0.23529411764705882,1,1,1
G0088,C09,N1,3,COBYLA,256,0.7230747767857143,0.12922849935189412,2,18,36,random_regular,10087,0.23529411764705882,0,1,1
G0088,C10,N1,3,COBYLA,512,0.7124720982142858,0.11285297958669227,2,18,36,random_regular,10087,0.23529411764705882,0,1,1
G0088,C11,N1,3,SPSA,256,0.7561383928571428,0.02604299528923661,2,18,36,random_regular,10087,0.23529411764705882,1,1,1
G0088,C12,N1,3,SPSA,512,0.74560546875,0.05455218331419654,2,18,36,random_regular,10087,0.23529411764705882,1,1,1
G0089,C01,N1,1,COBYLA,256,0.751953125,0.006444983682689834,2,18,36,random_regular,10088,0.23529411764705882,0,1,1
G0089,C02,N1,1,COBYLA,512,0.6766927083333334,0.10330388131397224,2,18,36,random_regular,10088,0.23529411764705882,0,1,1
G0089,C03,N1,1,SPSA,256,0.7505208333333333,0.005524271728019903,2,18,36,random_regular,10088,0.23529411764705882,1,1,1
G0089,C04,N1,1,SPSA,512,0.7445963541666667,0.005800485314420921,2,18,36,random_regular,10088,0.23529411764705882,1,1,1
G0089,C05,N1,2,COBYLA,256,0.6904947916666666,0.07678737701947663,2,18,36,random_regular,10088,0.23529411764705882,0,1,1
G0089,C06,N1,2,COBYLA,512,0.7331380208333333,0.01813802550699867,2,18,36,random_regular,10088,0.23529411764705882,0,1,1
G0089,C07,N1,2,SPSA,256,0.6979166666666667,0.026148219512627583,2,18,36,random_regular,10088,0.23529411764705882,1,1,1
G0089,C08,N1,2,SPSA,512,0.7579427083333333,0.033698057540921374,2,18,36,random_regular,10088,0.23529411764705882,1,1,1
G0089,C09,N1,3,COBYLA,256,0.7497395833333333,0.03314563036811941,2,18,36,random_regular,10088,0.23529411764705882,0,1,1
G0089,C10,N1,3,COBYLA,512,0.7744791666666666,0.02817378581290151,2,18,36,random_regular,10088,0.23529411764705882,0,1,1
G0089,C11,N1,3,SPSA,256,0.6772135416666667,0.014915533665653713,2,18,36,random_regular,10088,0.23529411764705882,1,1,1
G0089,C12,N1,3,SPSA,512,0.69921875,0.02209708691207961,2,18,36,random_regular,10088,0.23529411764705882,1,1,1
G0001,C01,N2,1,COBYLA,256,0.6244140625,0.01242961138804478,2,10,12,erdos_renyi,10000,0.26666666666666666,0,2,0
G0001,C02,N2,1,COBYLA,512,0.64013671875,0.004557524175616357,2,10,12,erdos_renyi,10000,0.26666666666666666,0,2,0
G0001,C03,N2,1,SPSA,256,0.6265624999999999,0.007181553246425896,2,10,12,erdos_renyi,10000,0.26666666666666666,1,2,0
G0001,C04,N2,1,SPSA,512,0.64296875,0.0013810679320049757,2,10,12,erdos_renyi,10000,0.26666666666666666,1,2,0
G0001,C05,N2,2,COBYLA,256,0.6580078125,0.01242961138804478,2,10,12,erdos_renyi,10000,0.26666666666666666,0,2,0
G0001,C06,N2,2,COBYLA,512,0.630078125,0.0008286407592028991,2,10,12,erdos_renyi,10000,0.26666666666666666,0,2,0
G0001,C07,N2,2,SPSA,256,0.67109375,0.043089319478555266,2,10,12,erdos_renyi,10000,0.26666666666666666,1,2,0
G0001,C08,N2,2,SPSA,512,0.6507812500000001,0.01546796083845575,2,10,12,erdos_renyi,10000,0.26666666666666666,1,2,0
G0001,C09,N2,3,COBYLA,256,0.648828125,0.016572815184059706,2,10,12,erdos_renyi,10000,0.26666666666666666,0,2,0
G0001,C10,N2,3,COBYLA,512,0.6384765625,0.0024859222776089326,2,10,12,erdos_renyi,10000,0.26666666666666666,0,2,0
G0001,C11,N2,3,SPSA,256,0.6875,0.038117474923337356,2,10,12,erdos_renyi,10000,0.26666666666666666,1,2,0
G0001,C12,N2,3,SPSA,512,0.68125,0.04750873686097113,2,10,12,erdos_renyi,10000,0.26666666666666666,1,2,0
G0002,C01,N2,1,COBYLA,256,0.6095377604166667,0.00989765351270239,2,10,14,erdos_renyi,10001,0.3111111111111111,0,2,0
G0002,C02,N2,1,COBYLA,512,0.6265462239583333,0.00264704686967619,2,10,14,erdos_renyi,10001,0.3111111111111111,0,2,0
G0002,C03,N2,1,SPSA,256,0.6279296875,0.0013810679320049757,2,10,14,erdos_renyi,10001,0.3111111111111111,1,2,0
G0002,C04,N2,1,SPSA,512,0.6388346354166667,0.000460355977335005,2,10,14,erdos_renyi,10001,0.3111111111111111,1,2,0
G0002,C05,N2,2,COBYLA,256,0.62890625,0.01242961138804478,2,10,14,erdos_renyi,10001,0.3111111111111111,0,2,0
G0002,C06,N2,2,COBYLA,512,0.6279296875,0.007595873626027366,2,10,14,erdos_renyi,10001,0.3111111111111111,0,2,0
G0002,C07,N2,2,SPSA,256,0.63720703125,0.013120145354047269,2,10,14,erdos_renyi,10001,0.3111111111111111,1,2,0
G0002,C08,N2,2,SPSA,512,0.6353352864583334,0.006560072677023634,2,10,14,erdos_renyi,10001,0.3111111111111111,1,2,0
G0002,C09,N2,3,COBYLA,256,0.6256510416666666,0.00966747552403483,2,10,14,erdos_renyi,10001,0.3111111111111111,0,2,0
G0002,C10,N2,3,COBYLA,512,0.630859375,0.010127831501369873,2,10,14,erdos_renyi,10001,0.3111111111111111,0,2,0
G0002,C11,N2,3,SPSA,256,0.63720703125,0.004833737762017415,2,10,14,erdos_renyi,10001,0.3111111111111111,1,2,0
G0002,C12,N2,3,SPSA,512,0.6344401041666667,0.02117637495740964,2,10,14,erdos_renyi,10001,0.3111111111111111,1,2,0
G0003,C01,N2,1,COBYLA,256,0.6344401041666666,0.01242961138804478,2,10,15,erdos_renyi,10002,0.3333333333333333,0,2,0
G0003,C02,N2,1,COBYLA,512,0.699462890625,0.00609971669968859,2,10,15,erdos_renyi,10002,0.3333333333333333,0,2,0
G0003,C03,N2,1,SPSA,256,0.6775716145833333,0.028772248583437004,2,10,15,erdos_renyi,10002,0.3333333333333333,1,2,0
G0003,C04,N2,1,SPSA,512,0.697021484375,0.002877224858343752,2,10,15,erdos_renyi,10002,0.3333333333333333,1,2,0
G0003,C05,N2,2,COBYLA,256,0.6653645833333333,0.010127831501369835,2,10,15,erdos_renyi,10002,0.3333333333333333,0,2,0
G0003,C06,N2,2,COBYLA,512,0.6548665364583334,0.008631674575031098,2,10,15,erdos_renyi,10002,0.3333333333333333,0,2,0
G0003,C07,N2,2,SPSA,256,0.6643880208333334,0.04143203796014927,2,10,15,erdos_renyi,10002,0.3333333333333333,1,2,0
G0003,C08,N2,2,SPSA,512,0.649169921875,0.04039623701114554,2,10,15,erdos_renyi,10002,0.3333333333333333,1,2,0
G0003,C09,N2,3,COBYLA,256,0.6466471354166667,0.030613672492776946,2,10,15,erdos_renyi,10002,0.3333333333333333,0,2,0
G0003,C10,N2,3,COBYLA,512,0.6512044270833333,0.026470468696762096,2,10,15,erdos_renyi,10002,0.3333333333333333,0,2,0
G0003,C11,N2,3,SPSA,256,0.6809895833333333,0.01150889943337481,2,10,15,erdos_renyi,10002,0.3333333333333333,1,2,0
G0003,C12,N2,3,SPSA,512,0.684814453125,0.003797936813013683,2,10,15,erdos_renyi,10002,0.3333333333333333,1,2,0
G0004,C01,N2,1,COBYLA,256,0.6378348214285714,0.06155617068365032,2,10,16,erdos_renyi,10003,0.35555555555555557,0,2,0
G0004,C02,N2,1,COBYLA,512,0.5788225446428571,0.016572815184059706,2,10,16,erdos_renyi,10003,0.35555555555555557,0,2,0
G0004,C03,N2,1,SPSA,256,0.5728236607142858,0.016178224346344052,2,10,16,erdos_renyi,10003,0.35555555555555557,1,2,0
G0004,C04,N2,1,SPSA,512,0.5721958705357143,0.0077931690448851745,2,10,16,erdos_renyi,10003,0.35555555555555557,1,2,0
G0004,C05,N2,2,COBYLA,256,0.5802176339285714,0.017559292278349025,2,10,16,erdos_renyi,10003,0.35555555555555557,0,2,0
G0004,C06,N2,2,COBYLA,512,0.5900530133928572,0.008582350720316686,2,10,16,erdos_renyi,10003,0.35555555555555557,0,2,0
G0004,C07,N2,2,SPSA,256,0.5857979910714286,0.010062066361750565,2,10,16,erdos_renyi,10003,0.35555555555555557,1,2,0
G0004,C08,N2,2,SPSA,512,0.5885881696428572,0.0007891816754314315,2,10,16,erdos_renyi,10003,0.35555555555555557,1,2,0
G0004,C09,N2,3,COBYLA,256,0.5804966517857143,0.0041432037960149265,2,10,16,erdos_renyi,10003,0.35555555555555557,0,2,0
G0004,C10,N2,3,COBYLA,512,0.5849609375,0.000986477094289201,2,10,16,erdos_renyi,10003,0.35555555555555557,0,2,0
G0004,C11,N2,3,SPSA,256,0.5784040178571428,0.014994451833196806,2,10,16,erdos_renyi,10003,0.35555555555555557,1,2,0
G0004,C12,N2,3,SPSA,512,0.5816127232142857,0.0035513175394413436,2,10,16,erdos_renyi,10003,0.35555555555555557,1,2,0
G0005,C01,N2,1,COBYLA,256,0.6544921875,0.02292572767128251,2,10,12,erdos_renyi,10004,0.26666666666666666,0,2,0
G0005,C02,N2,1,COBYLA,512,0.6255859375,0.0027621358640099515,2,10,12,erdos_renyi,10004,0.26666666666666666,0,2,0
G0005,C03,N2,1,SPSA,256,0.6714843749999999,0.014915533665653713,2,10,12,erdos_renyi,10004,0.26666666666666666,1,2,0
G0005,C04,N2,1,SPSA,512,0.67265625,0.024306795603287485,2,10,12,erdos_renyi,10004,0.26666666666666666,1,2,0
G0005,C05,N2,2,COBYLA,256,0.6482421875,0.020716018980074635,2,10,12,erdos_renyi,10004,0.26666666666666666,0,2,0
G0005,C06,N2,2,COBYLA,512,0.673828125,0.05220436782978802,2,10,12,erdos_renyi,10004,0.26666666666666666,0,2,0
G0005,C07,N2,2,SPSA,256,0.6505859375,0.04115582437374833,2,10,12,erdos_renyi,10004,0.26666666666666666,1,2,0
G0005,C08,N2,2,SPSA,512,0.676171875,0.056071358039402046,2,10,12,erdos_renyi,10004,0.26666666666666666,1,2,0
G0005,C09,N2,3,COBYLA,256,0.63828125,0.014363106492851715,2,10,12,erdos_renyi,10004,0.26666666666666666,0,2,0
G0005,C10,N2,3,COBYLA,512,0.6288085937500001,0.0156060676316562,2,10,12,erdos_renyi,10004,0.26666666666666666,0,2,0
G0005,C11,N2,3,SPSA,256,0.721875,0.003314563036812028,2,10,12,erdos_renyi,10004,0.26666666666666666,1,2,0
G0005,C12,N2,3,SPSA,512,0.7359374999999999,0.010772329869638865,2,10,12,erdos_renyi,10004,0.26666666666666666,1,2,0
G0006,C01,N2,1,COBYLA,256,0.6017252604166666,0.014501213286052243,2,10,14,erdos_renyi,10005,0.3111111111111111,0,2,0
G0006,C02,N2,1,COBYLA,512,0.6094563802083334,0.006560072677023634,2,10,14,erdos_renyi,10005,0.3111111111111111,0,2,0
G0006,C03,N2,1,SPSA,256,0.61767578125,0.0002301779886674436,2,10,14,erdos_renyi,10005,0.3111111111111111,1,2,0
G0006,C04,N2,1,SPSA,512,0.619873046875,0.0017263349150062196,2,10,14,erdos_renyi,10005,0.3111111111111111,1,2,0
G0006,C05,N2,2,COBYLA,256,0.6263020833333333,0.020255663002739628,2,10,14,erdos_renyi,10005,0.3111111111111111,0,2,0
G0006,C06,N2,2,COBYLA,512,0.62841796875,0.01058818747870476,2,10,14,erdos_renyi,10005,0.3111111111111111,0,2,0
G0006,C07,N2,2,SPSA,256,0.6298828125,0.0027621358640099515,2,10,14,erdos_renyi,10005,0.3111111111111111,1,2,0
G0006,C08,N2,2,SPSA,512,0.6327311197916667,0.007480784631693683,2,10,14,erdos_renyi,10005,0.3111111111111111,1,2,0
G0006,C09,N2,3,COBYLA,256,0.5875651041666667,0.011969255410709855,2,10,14,erdos_renyi,10005,0.3111111111111111,0,2,0
G0006,C10,N2,3,COBYLA,512,0.6197916666666666,0.015191747252054731,2,10,14,erdos_renyi,10005,0.3111111111111111,0,2,0
G0006,C11,N2,3,SPSA,256,0.6209309895833334,0.004833737762017415,2,10,14,erdos_renyi,10005,0.3111111111111111,1,2,0
G0006,C12,N2,3,SPSA,512,0.6139322916666667,0.0009207119546699706,2,10,14,erdos_renyi,10005,0.3111111111111111,1,2,0
G0007,C01,N2,1,COBYLA,256,0.6284555288461539,0.0146605672782067,2,10,16,erdos_renyi,10006,0.35555555555555557,0,2,0
G0007,C02,N2,1,COBYLA,512,0.6376953125,0.01710399515790774,2,10,16,erdos_renyi,10006,0.35555555555555557,0,2,0
G0007,C03,N2,1,SPSA,256,0.6296574519230769,0.0019122479058530462,2,10,16,erdos_renyi,10006,0.35555555555555557,1,2,0
G0007,C04,N2,1,SPSA,512,0.6213942307692308,0.0014873039267744956,2,10,16,erdos_renyi,10006,0.35555555555555557,1,2,0
G0007,C05,N2,2,COBYLA,256,0.630859375,0.008711351571108248,2,10,16,erdos_renyi,10006,0.35555555555555557,0,2,0
G0007,C06,N2,2,COBYLA,512,0.6348407451923077,0.01136725144034868,2,10,16,erdos_renyi,10006,0.35555555555555557,0,2,0
G0007,C07,N2,2,SPSA,256,0.6570012019230769,0.06607878874669959,2,10,16,erdos_renyi,10006,0.35555555555555557,1,2,0
G0007,C08,N2,2,SPSA,512,0.6336388221153846,0.02687770667671221,2,10,16,erdos_renyi,10006,0.35555555555555557,1,2,0
G0007,C09,N2,3,COBYLA,256,0.6131310096153846,0.014660567278206662,2,10,16,erdos_renyi,10006,0.35555555555555557,0,2,0
G0007,C10,N2,3,COBYLA,512,0.6425030048076923,0.01880377107422163,2,10,16,erdos_renyi,10006,0.35555555555555557,0,2,0
G0007,C11,N2,3,SPSA,256,0.6231971153846154,0.00849887958156901,2,10,16,erdos_renyi,10006,0.35555555555555557,1,2,0
G0007,C12,N2,3,SPSA,512,0.6254507211538461,0.01593539921544204,2,10,16,erdos_renyi,10006,0.35555555555555557,1,2,0
G0008,C01,N2,1,COBYLA,256,0.64990234375,0.0016112459206724192,2,10,15,erdos_renyi,10007,0.3333333333333333,0,2,0
G0008,C02,N2,1,COBYLA,512,0.65478515625,0.009207119546699786,2,10,15,erdos_renyi,10007,0.3333333333333333,0,2,0
G0008,C03,N2,1,SPSA,256,0.6389973958333333,0.0032224918413449564,2,10,15,erdos_renyi,10007,0.3333333333333333,1,2,0
G0008,C04,N2,1,SPSA,512,0.6737467447916666,0.022442353895080855,2,10,15,erdos_renyi,10007,0.3333333333333333,1,2,0
G0008,C05,N2,2,COBYLA,256,0.6363932291666666,0.0013810679320049757,2,10,15,erdos_renyi,10007,0.3333333333333333,0,2,0
G0008,C06,N2,2,COBYLA,512,0.6466471354166666,0.020716018980074635,2,10,15,erdos_renyi,10007,0.3333333333333333,0,2,0
G0008,C07,N2,2,SPSA,256,0.6756184895833334,0.033836164334121906,2,10,15,erdos_renyi,10007,0.3333333333333333,1,2,0
G0008,C08,N2,2,SPSA,512,0.6761881510416667,0.03786427913580315,2,10,15,erdos_renyi,10007,0.3333333333333333,1,2,0
G0008,C09,N2,3,COBYLA,256,0.6409505208333334,0.013810679320049757,2,10,15,erdos_renyi,10007,0.3333333333333333,0,2,0
G0008,C10,N2,3,COBYLA,512,0.6412760416666666,0.008286407592029853,2,10,15,erdos_renyi,10007,0.3333333333333333,0,2,0
G0008,C11,N2,3,SPSA,256,0.6487630208333333,0.0036828478186800005,2,10,15,erdos_renyi,10007,0.3333333333333333,1,2,0
G0008,C12,N2,3,SPSA,512,0.65625,0.0,2,10,15,erdos_renyi,10007,0.3333333333333333,1,2,0
G0009,C01,N2,1,COBYLA,256,0.5859375,0.02172880213021164,2,10,17,erdos_renyi,10008,0.37777777777777777,0,2,0
G0009,C02,N2,1,COBYLA,512,0.6231770833333334,0.08433721504777054,2,10,17,erdos_renyi,10008,0.37777777777777777,0,2,0
G0009,C03,N2,1,SPSA,256,0.5861979166666667,0.0007365695637359451,2,10,17,erdos_renyi,10008,0.37777777777777777,1,2,0
G0009,C04,N2,1,SPSA,512,0.5854166666666667,0.0007365695637359844,2,10,17,erdos_renyi,10008,0.37777777777777777,1,2,0
G0009,C05,N2,2,COBYLA,256,0.576953125,0.0005524271728020766,2,10,17,erdos_renyi,10008,0.37777777777777777,0,2,0
G0009,C06,N2,2,COBYLA,512,0.5837239583333333,0.0014731391274719295,2,10,17,erdos_renyi,10008,0.37777777777777777,0,2,0
G0009,C07,N2,2,SPSA,256,0.591015625,0.009022977155765837,2,10,17,erdos_renyi,10008,0.37777777777777777,1,2,0
G0009,C08,N2,2,SPSA,512,0.5928385416666666,0.007733980419227855,2,10,17,erdos_renyi,10008,0.37777777777777777,1,2,0
G0009,C09,N2,3,COBYLA,256,0.5795572916666667,0.0009207119546700491,2,10,17,erdos_renyi,10008,0.37777777777777777,0,2,0
G0009,C10,N2,3,COBYLA,512,0.5783854166666667,0.0009207119546699314,2,10,17,erdos_renyi,10008,0.37777777777777777,0,2,0
G0009,C11,N2,3,SPSA,256,0.5701822916666667,0.014915533665653674,2,10,17,erdos_renyi,10008,0.37777777777777777,1,2,0
G0009,C12,N2,3,SPSA,512,0.5682942708333334,0.010404045087770814,2,10,17,erdos_renyi,10008,0.37777777777777777,1,2,0
G0010,C01,N2,1,COBYLA,256,0.5881696428571428,0.08523162094659283,2,10,15,erdos_renyi,10009,0.3333333333333333,0,2,0
G0010,C02,N2,1,COBYLA,512,0.6028180803571428,0.06806691950595954,2,10,15,erdos_renyi,10009,0.3333333333333333,0,2,0
G0010,C03,N2,1,SPSA,256,0.5955636160714286,0.04952115013332128,2,10,15,erdos_renyi,10009,0.3333333333333333,1,2,0
G0010,C04,N2,1,SPSA,512,0.5848214285714286,0.016572815184059706,2,10,15,erdos_renyi,10009,0.3333333333333333,1,2,0
G0010,C05,N2,2,COBYLA,256,0.5712890625,0.009272884686319056,2,10,15,erdos_renyi,10009,0.3333333333333333,0,2,0
G0010,C06,N2,2,COBYLA,512,0.5765904017857143,0.0,2,10,15,erdos_renyi,10009,0.3333333333333333,0,2,0
G0010,C07,N2,2,SPSA,256,0.5969587053571428,0.00019729541885792656,2,10,15,erdos_renyi,10009,0.3333333333333333,1,2,0
G0010,C08,N2,2,SPSA,512,0.5717075892857142,0.007299930497740535,2,10,15,erdos_renyi,10009,0.3333333333333333,1,2,0
G0010,C09,N2,3,COBYLA,256,0.5496651785714286,0.0173619968594911,2,10,15,erdos_renyi,10009,0.3333333333333333,0,2,0
G0010,C10,N2,3,COBYLA,512,0.5570591517857143,0.015783633508628315,2,10,15,erdos_renyi,10009,0.3333333333333333,0,2,0
G0010,C11,N2,3,SPSA,256,0.59375,0.0576102623064932,2,10,15,erdos_renyi,10009,0.3333333333333333,1,2,0
G0010,C12,N2,3,SPSA,512,0.6128627232142857,0.07438037290941087,2,10,15,erdos_renyi,10009,0.3333333333333333,1,2,0
G0011,C01,N2,1,COBYLA,256,0.64130859375,0.001519174725205387,2,12,25,erdos_renyi,10010,0.3787878787878788,0,2,0
G0011,C02,N2,1,COBYLA,512,0.63544921875,0.010219902696836907,2,12,25,erdos_renyi,10010,0.3787878787878788,0,2,0
G0011,C03,N2,1,SPSA,256,0.6292968750000001,0.0016572815184059944,2,12,25,erdos_renyi,10010,0.3787878787878788,1,2,0
G0011,C04,N2,1,SPSA,512,0.631689453125,0.0017263349150062196,2,12,25,erdos_renyi,10010,0.3787878787878788,1,2,0
G0011,C05,N2,2,COBYLA,256,0.61943359375,0.008424514385230343,2,12,25,erdos_renyi,10010,0.3787878787878788,0,2,0
G0011,C06,N2,2,COBYLA,512,0.6653808593749999,0.04771589705077188,2,12,25,erdos_renyi,10010,0.3787878787878788,0,2,0
G0011,C07,N2,2,SPSA,256,0.6423828125,0.02016359180727256,2,12,25,erdos_renyi,10010,0.3787878787878788,1,2,0
G0011,C08,N2,2,SPSA,512,0.649169921875,0.004350363985815642,2,12,25,erdos_renyi,10010,0.3787878787878788,1,2,0
G0011,C09,N2,3,COBYLA,256,0.63603515625,0.005109951348418355,2,12,25,erdos_renyi,10010,0.3787878787878788,0,2,0
G0011,C10,N2,3,COBYLA,512,0.6412109375,0.0027621358640099515,2,12,25,erdos_renyi,10010,0.3787878787878788,0,2,0
G0011,C11,N2,3,SPSA,256,0.64130859375,0.0006905339660024879,2,12,25,erdos_renyi,10010,0.3787878787878788,1,2,0
G0011,C12,N2,3,SPSA,512,0.6573242187499999,0.020439805393673616,2,12,25,erdos_renyi,10010,0.3787878787878788,1,2,0
G0012,C01,N2,1,COBYLA,256,0.6162109375,0.003836299811125002,2,12,22,erdos_renyi,10011,0.3333333333333333,0,2,0
G0012,C02,N2,1,COBYLA,512,0.6195746527777778,0.003989751803569965,2,12,22,erdos_renyi,10011,0.3333333333333333,0,2,0
G0012,C03,N2,1,SPSA,256,0.6127387152777778,0.0019948759017849823,2,12,22,erdos_renyi,10011,0.3333333333333333,1,2,0
G0012,C04,N2,1,SPSA,512,0.609375,0.006598435675134954,2,12,22,erdos_renyi,10011,0.3333333333333333,1,2,0
G0012,C05,N2,2,COBYLA,256,0.6197916666666667,0.005831175712909867,2,12,22,erdos_renyi,10011,0.3333333333333333,0,2,0
G0012,C06,N2,2,COBYLA,512,0.6560329861111112,0.060613537015773926,2,12,22,erdos_renyi,10011,0.3333333333333333,0,2,0
G0012,C07,N2,2,SPSA,256,0.6341145833333333,0.01411758330493972,2,12,22,erdos_renyi,10011,0.3333333333333333,1,2,0
G0012,C08,N2,2,SPSA,512,0.6605902777777778,0.051559869461519144,2,12,22,erdos_renyi,10011,0.3333333333333333,1,2,0
G0012,C09,N2,3,COBYLA,256,0.6187065972222223,0.005831175712909867,2,12,22,erdos_renyi,10011,0.3333333333333333,0,2,0
G0012,C10,N2,3,COBYLA,512,0.6304253472222222,0.01580555522183474,2,12,22,erdos_renyi,10011,0.3333333333333333,0,2,0
G0012,C11,N2,3,SPSA,256,0.6185980902777778,0.002915587856454914,2,12,22,erdos_renyi,10011,0.3333333333333333,1,2,0
G0012,C12,N2,3,SPSA,512,0.6226128472222222,0.005524271728019903,2,12,22,erdos_renyi,10011,0.3333333333333333,1,2,0
G0013,C01,N2,1,COBYLA,256,0.6313244047619048,0.003156726701725726,2,12,26,erdos_renyi,10012,0.3939393939393939,0,2,0
G0013,C02,N2,1,COBYLA,512,0.6289527529761905,0.019795307025404704,2,12,26,erdos_renyi,10012,0.3939393939393939,0,2,0
G0013,C03,N2,1,SPSA,256,0.6382068452380952,0.008680998429745629,2,12,26,erdos_renyi,10012,0.3939393939393939,1,2,0
G0013,C04,N2,1,SPSA,512,0.6450892857142857,0.008286407592029853,2,12,26,erdos_renyi,10012,0.3939393939393939,1,2,0
G0013,C05,N2,2,COBYLA,256,0.6146763392857143,0.010127831501369873,2,12,26,erdos_renyi,10012,0.3939393939393939,0,2,0
G0013,C06,N2,2,COBYLA,512,0.6329985119047619,0.0040774386563956575,2,12,26,erdos_renyi,10012,0.3939393939393939,0,2,0
G0013,C07,N2,2,SPSA,256,0.6275111607142857,0.005655802007258442,2,12,26,erdos_renyi,10012,0.3939393939393939,1,2,0
G0013,C08,N2,2,SPSA,512,0.6408110119047619,0.002367545026294216,2,12,26,erdos_renyi,10012,0.3939393939393939,1,2,0
G0013,C09,N2,3,COBYLA,256,0.6207217261904763,0.0036828478186800005,2,12,26,erdos_renyi,10012,0.3939393939393939,0,2,0
G0013,C10,N2,3,COBYLA,512,0.6273251488095237,0.00381437809791854,2,12,26,erdos_renyi,10012,0.3939393939393939,0,2,0
G0013,C11,N2,3,SPSA,256,0.6301153273809523,0.0027621358640099515,2,12,26,erdos_renyi,10012,0.3939393939393939,1,2,0
G0013,C12,N2,3,SPSA,512,0.6309058779761905,0.006247688263832025,2,12,26,erdos_renyi,10012,0.3939393939393939,1,2,0
G0014,C01,N2,1,COBYLA,256,0.5740131578947368,0.0034890137229598803,2,12,22,erdos_renyi,10013,0.3333333333333333,0,2,0
G0014,C02,N2,1,COBYLA,512,0.578638980263158,0.005669647299809943,2,12,22,erdos_renyi,10013,0.3333333333333333,0,2,0
G0014,C03,N2,1,SPSA,256,0.5840871710526316,0.00436126715369993,2,12,22,erdos_renyi,10013,0.3333333333333333,1,2,0
G0014,C04,N2,1,SPSA,512,0.5832134046052632,0.0006541900730550463,2,12,22,erdos_renyi,10013,0.3333333333333333,1,2,0
G0014,C05,N2,2,COBYLA,256,0.5750411184210527,0.010757792312459801,2,12,22,erdos_renyi,10013,0.3333333333333333,0,2,0
G0014,C06,N2,2,COBYLA,512,0.5808490953947368,0.00792296866255481,2,12,22,erdos_renyi,10013,0.3333333333333333,0,2,0
G0014,C07,N2,2,SPSA,256,0.582236842105263,0.0029075114357999922,2,12,22,erdos_renyi,10013,0.3333333333333333,1,2,0
G0014,C08,N2,2,SPSA,512,0.5843955592105263,0.0008722534307400094,2,12,22,erdos_renyi,10013,0.3333333333333333,1,2,0
G0014,C09,N2,3,COBYLA,256,0.5798725328947368,0.00799565644844985,2,12,22,erdos_renyi,10013,0.3333333333333333,0,2,0
G0014,C10,N2,3,COBYLA,512,0.574938322368421,0.0037797648665400013,2,12,22,erdos_renyi,10013,0.3333333333333333,0,2,0
G0014,C11,N2,3,SPSA,256,0.5907689144736843,0.005088145012649937,2,12,22,erdos_renyi,10013,0.3333333333333333,1,2,0
G0014,C12,N2,3,SPSA,512,0.5780222039473684,0.004506642725489931,2,12,22,erdos_renyi,10013,0.3333333333333333,1,2,0
G0015,C01,N2,1,COBYLA,256,0.6424753289473684,0.012793050317519705,2,12,23,erdos_renyi,10014,0.3484848484848485,0,2,0
G0015,C02,N2,1,COBYLA,512,0.6299856085526316,0.031037684577164392,2,12,23,erdos_renyi,10014,0.3484848484848485,0,2,0
G0015,C03,N2,1,SPSA,256,0.614514802631579,0.01948032661985962,2,12,23,erdos_renyi,10014,0.3484848484848485,1,2,0
G0015,C04,N2,1,SPSA,512,0.600071957236842,0.00021806335768500236,2,12,23,erdos_renyi,10014,0.3484848484848485,1,2,0
G0015,C05,N2,2,COBYLA,256,0.6282894736842106,0.007559529733079807,2,12,23,erdos_renyi,10014,0.3484848484848485,0,2,0
G0015,C06,N2,2,COBYLA,512,0.6336348684210527,0.005669647299809943,2,12,23,erdos_renyi,10014,0.3484848484848485,0,2,0
G0015,C07,N2,2,SPSA,256,0.6416529605263157,0.0023260091486399857,2,12,23,erdos_renyi,10014,0.3484848484848485,1,2,0
G0015,C08,N2,2,SPSA,512,0.638209292763158,0.010685104526564801,2,12,23,erdos_renyi,10014,0.3484848484848485,1,2,0
G0015,C09,N2,3,COBYLA,256,0.6241776315789473,0.012211548030359818,2,12,23,erdos_renyi,10014,0.3484848484848485,0,2,0
G0015,C10,N2,3,COBYLA,512,0.6217105263157894,0.017299693043009753,2,12,23,erdos_renyi,10014,0.3484848484848485,0,2,0
G0015,C11,N2,3,SPSA,256,0.6352796052631579,0.004942769440859896,2,12,23,erdos_renyi,10014,0.3484848484848485,1,2,0
G0015,C12,N2,3,SPSA,512,0.6227384868421053,0.005669647299809943,2,12,23,erdos_renyi,10014,0.3484848484848485,1,2,0
G0016,C01,N2,1,COBYLA,256,0.60283203125,0.014224999699651226,2,12,24,erdos_renyi,10015,0.36363636363636365,0,2,0
G0016,C02,N2,1,COBYLA,512,0.6087890625000001,0.007872087212428384,2,12,24,erdos_renyi,10015,0.36363636363636365,0,2,0
G0016,C03,N2,1,SPSA,256,0.6171875,0.003590776623212968,2,12,24,erdos_renyi,10015,0.36363636363636365,1,2,0
G0016,C04,N2,1,SPSA,512,0.607958984375,0.0010358009490037316,2,12,24,erdos_renyi,10015,0.36363636363636365,1,2,0
G0016,C05,N2,2,COBYLA,256,0.63408203125,0.05206626103658753,2,12,24,erdos_renyi,10015,0.36363636363636365,0,2,0
G0016,C06,N2,2,COBYLA,512,0.597412109375,0.004350363985815642,2,12,24,erdos_renyi,10015,0.36363636363636365,0,2,0
G0016,C07,N2,2,SPSA,256,0.6092773437500001,0.0023478154844084036,2,12,24,erdos_renyi,10015,0.36363636363636365,1,2,0
G0016,C08,N2,2,SPSA,512,0.614501953125,0.0022787620878081784,2,12,24,erdos_renyi,10015,0.36363636363636365,1,2,0
G0016,C09,N2,3,COBYLA,256,0.61220703125,0.008148300798829325,2,12,24,erdos_renyi,10015,0.36363636363636365,0,2,0
G0016,C10,N2,3,COBYLA,512,0.610693359375,0.002969296053810666,2,12,24,erdos_renyi,10015,0.36363636363636365,0,2,0
G0016,C11,N2,3,SPSA,256,0.610546875,0.0019334951048069738,2,12,24,erdos_renyi,10015,0.36363636363636365,1,2,0
G0016,C12,N2,3,SPSA,512,0.608447265625,0.009460315334234075,2,12,24,erdos_renyi,10015,0.36363636363636365,1,2,0
G0017,C01,N2,1,COBYLA,256,0.635279605263158,0.0029075114357999137,2,12,24,erdos_renyi,10016,0.36363636363636365,0,2,0
G0017,C02,N2,1,COBYLA,512,0.6301912006578947,0.00457933051138497,2,12,24,erdos_renyi,10016,0.36363636363636365,0,2,0
G0017,C03,N2,1,SPSA,256,0.6373355263157895,0.0011630045743200126,2,12,24,erdos_renyi,10016,0.36363636363636365,1,2,0
G0017,C04,N2,1,SPSA,512,0.630396792763158,0.000508814501265084,2,12,24,erdos_renyi,10016,0.36363636363636365,1,2,0
G0017,C05,N2,2,COBYLA,256,0.6343544407894737,0.006541900730549835,2,12,24,erdos_renyi,10016,0.36363636363636365,0,2,0
G0017,C06,N2,2,COBYLA,512,0.6377467105263157,0.00043612671536996547,2,12,24,erdos_renyi,10016,0.36363636363636365,0,2,0
G0017,C07,N2,2,SPSA,256,0.6330180921052632,0.011339294599619808,2,12,24,erdos_renyi,10016,0.36363636363636365,1,2,0
G0017,C08,N2,2,SPSA,512,0.6375925164473684,0.002107945790955023,2,12,24,erdos_renyi,10016,0.36363636363636365,1,2,0
G0017,C09,N2,3,COBYLA,256,0.6481291118421053,0.0030528870075899545,2,12,24,erdos_renyi,10016,0.36363636363636365,0,2,0
G0017,C10,N2,3,COBYLA,512,0.6396484375,0.0029801992216949144,2,12,24,erdos_renyi,10016,0.36363636363636365,0,2,0
G0017,C11,N2,3,SPSA,256,0.6465871710526316,0.010467041168879917,2,12,24,erdos_renyi,10016,0.36363636363636365,1,2,0
G0017,C12,N2,3,SPSA,512,0.6443256578947368,0.00450664272548997,2,12,24,erdos_renyi,10016,0.36363636363636365,1,2,0
G0018,C01,N2,1,COBYLA,256,0.607077205882353,0.03444545901000641,2,12,20,erdos_renyi,10017,0.30303030303030304,0,2,0
G0018,C02,N2,1,COBYLA,512,0.6627412683823529,0.05678626379243989,2,12,20,erdos_renyi,10017,0.30303030303030304,0,2,0
G0018,C03,N2,1,SPSA,256,0.6045496323529411,0.02924614444245836,2,12,20,erdos_renyi,10017,0.30303030303030304,1,2,0
G0018,C04,N2,1,SPSA,512,0.6040326286764706,0.026240290708094537,2,12,20,erdos_renyi,10017,0.30303030303030304,1,2,0
G0018,C05,N2,2,COBYLA,256,0.6228170955882353,0.001787264382594619,2,12,20,erdos_renyi,10017,0.30303030303030304,0,2,0
G0018,C06,N2,2,COBYLA,512,0.6096622242647058,0.02266576194290526,2,12,20,erdos_renyi,10017,0.30303030303030304,0,2,0
G0018,C07,N2,2,SPSA,256,0.6244255514705883,0.0008123929011794043,2,12,20,erdos_renyi,10017,0.30303030303030304,1,2,0
G0018,C08,N2,2,SPSA,512,0.6111557904411764,0.0186037974370082,2,12,20,erdos_renyi,10017,0.30303030303030304,1,2,0
G0018,C09,N2,3,COBYLA,256,0.6338465073529411,0.04175699512062093,2,12,20,erdos_renyi,10017,0.30303030303030304,0,2,0
G0018,C10,N2,3,COBYLA,512,0.6434972426470589,0.04858109549052802,2,12,20,erdos_renyi,10017,0.30303030303030304,0,2,0
G0018,C11,N2,3,SPSA,256,0.6253446691176471,0.03655768055307292,2,12,20,erdos_renyi,10017,0.30303030303030304,1,2,0
G0018,C12,N2,3,SPSA,512,0.6339613970588236,0.03477041617047826,2,12,20,erdos_renyi,10017,0.30303030303030304,1,2,0
G0019,C01,N2,1,COBYLA,256,0.6470703124999999,0.04115582437374833,2,12,25,erdos_renyi,10018,0.3787878787878788,0,2,0
G0019,C02,N2,1,COBYLA,512,0.6556152343749999,0.04840643101677445,2,12,25,erdos_renyi,10018,0.3787878787878788,0,2,0
G0019,C03,N2,1,SPSA,256,0.654296875,0.06131941618102089,2,12,25,erdos_renyi,10018,0.3787878787878788,1,2,0
G0019,C04,N2,1,SPSA,512,0.653857421875,0.049096964982776936,2,12,25,erdos_renyi,10018,0.3787878787878788,1,2,0
G0019,C05,N2,2,COBYLA,256,0.6759765625,0.02237330049848055,2,12,25,erdos_renyi,10018,0.3787878787878788,0,2,0
G0019,C06,N2,2,COBYLA,512,0.66435546875,0.047094416481369666,2,12,25,erdos_renyi,10018,0.3787878787878788,0,2,0
G0019,C07,N2,2,SPSA,256,0.6544921875,0.039774756441743275,2,12,25,erdos_renyi,10018,0.3787878787878788,1,2,0
G0019,C08,N2,2,SPSA,512,0.654296875,0.029278640158505547,2,12,25,erdos_renyi,10018,0.3787878787878788,1,2,0
G0019,C09,N2,3,COBYLA,256,0.67314453125,0.027759465433299924,2,12,25,erdos_renyi,10018,0.3787878787878788,0,2,0
G0019,C10,N2,3,COBYLA,512,0.6712890625,0.029692960538106977,2,12,25,erdos_renyi,10018,0.3787878787878788,0,2,0
G0019,C11,N2,3,SPSA,256,0.6513671875,0.029002426572104487,2,12,25,erdos_renyi,10018,0.3787878787878788,1,2,0
G0019,C12,N2,3,SPSA,512,0.6387695312499999,0.016296601597658767,2,12,25,erdos_renyi,10018,0.3787878787878788,1,2,0
G0020,C01,N2,1,COBYLA,256,0.7478412828947368,0.032418752509169486,2,12,27,erdos_renyi,10019,0.4090909090909091,0,2,0
G0020,C02,N2,1,COBYLA,512,0.7117084703947368,0.007196090803604881,2,12,27,erdos_renyi,10019,0.4090909090909091,0,2,0
G0020,C03,N2,1,SPSA,256,0.7166940789473684,0.003779764866539923,2,12,27,erdos_renyi,10019,0.4090909090909091,1,2,0
G0020,C04,N2,1,SPSA,512,0.7134560032894737,0.0006541900730550463,2,12,27,erdos_renyi,10019,0.4090909090909091,1,2,0
G0020,C05,N2,2,COBYLA,256,0.697985197368421,0.006396525158759912,2,12,27,erdos_renyi,10019,0.4090909090909091,0,2,0
G0020,C06,N2,2,COBYLA,512,0.7129934210526316,0.00814103202023989,2,12,27,erdos_renyi,10019,0.4090909090909091,0,2,0
G0020,C07,N2,2,SPSA,256,0.7067228618421053,0.0010176290025300503,2,12,27,erdos_renyi,10019,0.4090909090909091,1,2,0
G0020,C08,N2,2,SPSA,512,0.716334292763158,0.0037070770806449612,2,12,27,erdos_renyi,10019,0.4090909090909091,1,2,0
G0020,C09,N2,3,COBYLA,256,0.705797697368421,0.0031982625793799168,2,12,27,erdos_renyi,10019,0.4090909090909091,0,2,0
G0020,C10,N2,3,COBYLA,512,0.708521792763158,0.0028348236499048736,2,12,27,erdos_renyi,10019,0.4090909090909091,0,2,0
G0020,C11,N2,3,SPSA,256,0.7186472039473684,0.006832651874129877,2,12,27,erdos_renyi,10019,0.4090909090909091,1,2,0
G0020,C12,N2,3,SPSA,512,0.7087787828947368,0.010176290025299796,2,12,27,erdos_renyi,10019,0.4090909090909091,1,2,0
G0021,C01,N2,1,COBYLA,256,0.72509765625,0.02811459718724419,2,15,39,erdos_renyi,10020,0.37142857142857144,0,2,0
G0021,C02,N2,1,COBYLA,512,0.7280970982142857,0.02012413272350105,2,15,39,erdos_renyi,10020,0.37142857142857144,0,2,0
G0021,C03,N2,1,SPSA,256,0.7259347098214286,0.026338938417523442,2,15,39,erdos_renyi,10020,0.37142857142857144,1,2,0
G0021,C04,N2,1,SPSA,512,0.72216796875,0.028410540315530905,2,15,39,erdos_renyi,10020,0.37142857142857144,1,2,0
G0021,C05,N2,2,COBYLA,256,0.7087053571428572,0.005721567146877751,2,15,39,erdos_renyi,10020,0.37142857142857144,0,2,0
G0021,C06,N2,2,COBYLA,512,0.7124372209821429,0.01070327647303856,2,15,39,erdos_renyi,10020,0.37142857142857144,0,2,0
G0021,C07,N2,2,SPSA,256,0.7087751116071428,0.022984916296940026,2,15,39,erdos_renyi,10020,0.37142857142857144,1,2,0
G0021,C08,N2,2,SPSA,512,0.7184012276785714,0.001775658769720711,2,15,39,erdos_renyi,10020,0.37142857142857144,1,2,0
G0021,C09,N2,3,COBYLA,256,0.7213309151785714,0.016079576636915147,2,15,39,erdos_renyi,10020,0.37142857142857144,0,2,0
G0021,C10,N2,3,COBYLA,512,0.7222377232142857,0.017953883116064683,2,15,39,erdos_renyi,10020,0.37142857142857144,0,2,0
G0021,C11,N2,3,SPSA,256,0.73046875,0.0011837725131471667,2,15,39,erdos_renyi,10020,0.37142857142857144,1,2,0
G0021,C12,N2,3,SPSA,512,0.7204938616071428,0.006313453403451412,2,15,39,erdos_renyi,10020,0.37142857142857144,1,2,0
G0022,C01,N2,1,COBYLA,256,0.6265024038461539,0.0,2,15,32,erdos_renyi,10021,0.3047619047619048,0,2,0
G0022,C02,N2,1,COBYLA,512,0.6218449519230769,0.0019122479058530462,2,15,32,erdos_renyi,10021,0.3047619047619048,0,2,0
G0022,C03,N2,1,SPSA,256,0.6223707932692307,0.0013810679320049757,2,15,32,erdos_renyi,10021,0.3047619047619048,1,2,0
G0022,C04,N2,1,SPSA,512,0.6195537860576923,0.002390309882316259,2,15,32,erdos_renyi,10021,0.3047619047619048,1,2,0
G0022,C05,N2,2,COBYLA,256,0.6192908653846154,0.0019122479058531247,2,15,32,erdos_renyi,10021,0.3047619047619048,0,2,0
G0022,C06,N2,2,COBYLA,512,0.6175631009615385,0.0023371918849315184,2,15,32,erdos_renyi,10021,0.3047619047619048,0,2,0
G0022,C07,N2,2,SPSA,256,0.6149338942307692,0.009348767539726034,2,15,32,erdos_renyi,10021,0.3047619047619048,1,2,0
G0022,C08,N2,2,SPSA,512,0.6146334134615384,0.0008498879581569443,2,15,32,erdos_renyi,10021,0.3047619047619048,1,2,0
G0022,C09,N2,3,COBYLA,256,0.6083984375,0.0005311799738480313,2,15,32,erdos_renyi,10021,0.3047619047619048,0,2,0
G0022,C10,N2,3,COBYLA,512,0.6127554086538461,0.000956123952926582,2,15,32,erdos_renyi,10021,0.3047619047619048,0,2,0
G0022,C11,N2,3,SPSA,256,0.6144080528846154,0.0009561239529264642,2,15,32,erdos_renyi,10021,0.3047619047619048,1,2,0
G0022,C12,N2,3,SPSA,512,0.6177884615384615,0.0029746078535491088,2,15,32,erdos_renyi,10021,0.3047619047619048,1,2,0
G0023,C01,N2,1,COBYLA,256,0.6057812499999999,0.009280776503073357,2,15,30,erdos_renyi,10022,0.2857142857142857,0,2,0
G0023,C02,N2,1,COBYLA,512,0.6037890625,0.007126310529145669,2,15,30,erdos_renyi,10022,0.2857142857142857,0,2,0
G0023,C03,N2,1,SPSA,256,0.600390625,0.0016572815184059159,2,15,30,erdos_renyi,10022,0.2857142857142857,1,2,0
G0023,C04,N2,1,SPSA,512,0.5993359375,0.002706893146729763,2,15,30,erdos_renyi,10022,0.2857142857142857,1,2,0
G0023,C05,N2,2,COBYLA,256,0.6421875,0.07159456159513798,2,15,30,erdos_renyi,10022,0.2857142857142857,0,2,0
G0023,C06,N2,2,COBYLA,512,0.6014453125,0.0009391261937633144,2,15,30,erdos_renyi,10022,0.2857142857142857,0,2,0
G0023,C07,N2,2,SPSA,256,0.6114062499999999,0.028063300378341056,2,15,30,erdos_renyi,10022,0.2857142857142857,1,2,0
G0023,C08,N2,2,SPSA,512,0.6018359375,0.00635291248722292,2,15,30,erdos_renyi,10022,0.2857142857142857,1,2,0
G0023,C09,N2,3,COBYLA,256,0.599375,0.004419417382415985,2,15,30,erdos_renyi,10022,0.2857142857142857,0,2,0
G0023,C10,N2,3,COBYLA,512,0.598515625,0.005524271728019903,2,15,30,erdos_renyi,10022,0.2857142857142857,0,2,0
G0023,C11,N2,3,SPSA,256,0.602890625,0.0027621358640099515,2,15,30,erdos_renyi,10022,0.2857142857142857,1,2,0
G0023,C12,N2,3,SPSA,512,0.6050390625,0.0033698057540921767,2,15,30,erdos_renyi,10022,0.2857142857142857,1,2,0
G0024,C01,N2,1,COBYLA,256,0.7093599759615384,0.033039394373349774,2,15,35,erdos_renyi,10023,0.3333333333333333,0,2,0
G0024,C02,N2,1,COBYLA,512,0.7466571514423077,0.0027090178666251325,2,15,35,erdos_renyi,10023,0.3333333333333333,0,2,0
G0024,C03,N2,1,SPSA,256,0.7140174278846154,0.04493782578754653,2,15,35,erdos_renyi,10023,0.3333333333333333,1,2,0
G0024,C04,N2,1,SPSA,512,0.7145808293269231,0.04817802362801973,2,15,35,erdos_renyi,10023,0.3333333333333333,1,2,0
G0024,C05,N2,2,COBYLA,256,0.7050030048076923,0.010304891492652499,2,15,35,erdos_renyi,10023,0.3333333333333333,0,2,0
G0024,C06,N2,2,COBYLA,512,0.71630859375,0.00164665791892907,2,15,35,erdos_renyi,10023,0.3333333333333333,0,2,0
G0024,C07,N2,2,SPSA,256,0.7134164663461539,0.00223095589016192,2,15,35,erdos_renyi,10023,0.3333333333333333,1,2,0
G0024,C08,N2,2,SPSA,512,0.7111628605769231,0.002655899869240353,2,15,35,erdos_renyi,10023,0.3333333333333333,1,2,0
G0024,C09,N2,3,COBYLA,256,0.6989933894230769,0.04663760170386038,2,15,35,erdos_renyi,10023,0.3333333333333333,0,2,0
G0024,C10,N2,3,COBYLA,512,0.712890625,0.03006478651980055,2,15,35,erdos_renyi,10023,0.3333333333333333,0,2,0
G0024,C11,N2,3,SPSA,256,0.7003455528846154,0.012854555367123214,2,15,35,erdos_renyi,10023,0.3333333333333333,1,2,0
G0024,C12,N2,3,SPSA,512,0.6927584134615384,0.004674383769862958,2,15,35,erdos_renyi,10023,0.3333333333333333,1,2,0
G0025,C01,N2,1,COBYLA,256,0.640625,0.0028644371923065405,2,15,34,erdos_renyi,10024,0.3238095238095238,0,2,0
G0025,C02,N2,1,COBYLA,512,0.6394675925925926,0.0021483278942299447,2,15,34,erdos_renyi,10024,0.3238095238095238,0,2,0
G0025,C03,N2,1,SPSA,256,0.638599537037037,0.004501258445053264,2,15,34,erdos_renyi,10024,0.3238095238095238,1,2,0
G0025,C04,N2,1,SPSA,512,0.6391420717592593,0.000767259962224969,2,15,34,erdos_renyi,10024,0.3238095238095238,1,2,0
G0025,C05,N2,2,COBYLA,256,0.6227575231481481,0.003375943833789958,2,15,34,erdos_renyi,10024,0.3238095238095238,0,2,0
G0025,C06,N2,2,COBYLA,512,0.6290147569444444,0.008337558256178226,2,15,34,erdos_renyi,10024,0.3238095238095238,0,2,0
G0025,C07,N2,2,SPSA,256,0.6350549768518519,0.02772365996839622,2,15,34,erdos_renyi,10024,0.3238095238095238,1,2,0
G0025,C08,N2,2,SPSA,512,0.6236255787037037,0.0011253146112632669,2,15,34,erdos_renyi,10024,0.3238095238095238,1,2,0
G0025,C09,N2,3,COBYLA,256,0.6242766203703705,0.0022506292225266517,2,15,34,erdos_renyi,10024,0.3238095238095238,0,2,0
G0025,C10,N2,3,COBYLA,512,0.6268084490740741,0.0032736425054932117,2,15,34,erdos_renyi,10024,0.3238095238095238,0,2,0
G0025,C11,N2,3,SPSA,256,0.6271701388888888,0.0008184106263733029,2,15,34,erdos_renyi,10024,0.3238095238095238,1,2,0
G0025,C12,N2,3,SPSA,512,0.6251808449074074,0.002404081214971653,2,15,34,erdos_renyi,10024,0.3238095238095238,1,2,0
G0026,C01,N2,1,COBYLA,256,0.6793981481481481,0.003887450475273218,2,15,37,erdos_renyi,10025,0.3523809523809524,0,2,0
G0026,C02,N2,1,COBYLA,512,0.6788194444444444,0.0,2,15,37,erdos_renyi,10025,0.3523809523809524,0,2,0
G0026,C03,N2,1,SPSA,256,0.6795428240740741,0.004910463758239896,2,15,37,erdos_renyi,10025,0.3523809523809524,1,2,0
G0026,C04,N2,1,SPSA,512,0.6799406828703703,0.0009718626188183045,2,15,37,erdos_renyi,10025,0.3523809523809524,1,2,0
G0026,C05,N2,2,COBYLA,256,0.6841001157407407,0.004398957116756518,2,15,37,erdos_renyi,10025,0.3523809523809524,0,2,0
G0026,C06,N2,2,COBYLA,512,0.6834129050925926,0.0038362998111248843,2,15,37,erdos_renyi,10025,0.3523809523809524,0,2,0
G0026,C07,N2,2,SPSA,256,0.6779513888888888,0.0008184106263732244,2,15,37,erdos_renyi,10025,0.3523809523809524,1,2,0
G0026,C08,N2,2,SPSA,512,0.6817491319444444,0.0015856705885983111,2,15,37,erdos_renyi,10025,0.3523809523809524,1,2,0
G0026,C09,N2,3,COBYLA,256,0.6847511574074074,0.0016368212527465666,2,15,37,erdos_renyi,10025,0.3523809523809524,0,2,0
G0026,C10,N2,3,COBYLA,512,0.6843894675925926,0.005626573056316531,2,15,37,erdos_renyi,10025,0.3523809523809524,0,2,0
G0026,C11,N2,3,SPSA,256,0.6871383101851852,0.0029667385206032866,2,15,37,erdos_renyi,10025,0.3523809523809524,1,2,0
G0026,C12,N2,3,SPSA,512,0.6909722222222222,0.0035805464903832934,2,15,37,erdos_renyi,10025,0.3523809523809524,1,2,0
G0027,C01,N2,1,COBYLA,256,0.6385323660714286,0.014797156414338996,2,15,35,erdos_renyi,10026,0.3333333333333333,0,2,0
G0027,C02,N2,1,COBYLA,512,0.6478794642857143,0.027424063221241704,2,15,35,erdos_renyi,10026,0.3333333333333333,0,2,0
G0027,C03,N2,1,SPSA,256,0.6238141741071428,0.004439146924301679,2,15,35,erdos_renyi,10026,0.3333333333333333,1,2,0
G0027,C04,N2,1,SPSA,512,0.6480887276785714,0.02683217696466812,2,15,35,erdos_renyi,10026,0.3333333333333333,1,2,0
G0027,C05,N2,2,COBYLA,256,0.6584821428571428,0.0007891816754314315,2,15,35,erdos_renyi,10026,0.3333333333333333,0,2,0
G0027,C06,N2,2,COBYLA,512,0.6496930803571428,0.003945908377157079,2,15,35,erdos_renyi,10026,0.3333333333333333,0,2,0
G0027,C07,N2,2,SPSA,256,0.6438337053571428,0.022491677749795345,2,15,35,erdos_renyi,10026,0.3333333333333333,1,2,0
G0027,C08,N2,2,SPSA,512,0.6404854910714286,0.02456327964780273,2,15,35,erdos_renyi,10026,0.3333333333333333,1,2,0
G0027,C09,N2,3,COBYLA,256,0.6305803571428572,0.00078918167543151,2,15,35,erdos_renyi,10026,0.3333333333333333,0,2,0
G0027,C10,N2,3,COBYLA,512,0.6294294084821429,0.0010358009490037316,2,15,35,erdos_renyi,10026,0.3333333333333333,0,2,0
G0027,C11,N2,3,SPSA,256,0.6330915178571428,0.004340499214872775,2,15,35,erdos_renyi,10026,0.3333333333333333,1,2,0
G0027,C12,N2,3,SPSA,512,0.6416015625,0.01696740602177548,2,15,35,erdos_renyi,10026,0.3333333333333333,1,2,0
G0028,C01,N2,1,COBYLA,256,0.707976310483871,0.016127309399542024,2,15,40,erdos_renyi,10027,0.38095238095238093,0,2,0
G0028,C02,N2,1,COBYLA,512,0.6734501008064516,0.03929361019446421,2,15,40,erdos_renyi,10027,0.38095238095238093,0,2,0
G0028,C03,N2,1,SPSA,256,0.6735761088709677,0.03965001482207838,2,15,40,erdos_renyi,10027,0.38095238095238093,1,2,0
G0028,C04,N2,1,SPSA,512,0.6751512096774194,0.040451925234210206,2,15,40,erdos_renyi,10027,0.38095238095238093,1,2,0
G0028,C05,N2,2,COBYLA,256,0.6578251008064516,0.015592702458120642,2,15,40,erdos_renyi,10027,0.38095238095238093,0,2,0
G0028,C06,N2,2,COBYLA,512,0.6516192036290323,0.01118219519139516,2,15,40,erdos_renyi,10027,0.38095238095238093,0,2,0
G0028,C07,N2,2,SPSA,256,0.6761592741935484,0.00017820231380708858,2,15,40,erdos_renyi,10027,0.38095238095238093,1,2,0
G0028,C08,N2,2,SPSA,512,0.6709614415322581,0.03452669830012439,2,15,40,erdos_renyi,10027,0.38095238095238093,1,2,0
G0028,C09,N2,3,COBYLA,256,0.6471774193548387,0.00017820231380708858,2,15,40,erdos_renyi,10027,0.38095238095238093,0,2,0
G0028,C10,N2,3,COBYLA,512,0.6526587701612903,0.003207641648527712,2,15,40,erdos_renyi,10027,0.38095238095238093,0,2,0
G0028,C11,N2,3,SPSA,256,0.6537928427419355,0.006682586767766056,2,15,40,erdos_renyi,10027,0.38095238095238093,1,2,0
G0028,C12,N2,3,SPSA,512,0.6672757056451613,0.013632477006242668,2,15,40,erdos_renyi,10027,0.38095238095238093,1,2,0
G0029,C01,N2,1,COBYLA,256,0.6901939655172413,0.0034288583139435,2,15,40,erdos_renyi,10028,0.38095238095238093,0,2,0
G0029,C02,N2,1,COBYLA,512,0.6951778017241379,0.00876263791341095,2,15,40,erdos_renyi,10028,0.38095238095238093,0,2,0
G0029,C03,N2,1,SPSA,256,0.6898572198275862,0.0025716437354574976,2,15,40,erdos_renyi,10028,0.38095238095238093,1,2,0
G0029,C04,N2,1,SPSA,512,0.6896551724137931,0.003238366185391046,2,15,40,erdos_renyi,10028,0.38095238095238093,1,2,0
G0029,C05,N2,2,COBYLA,256,0.6809671336206897,0.006762470563610656,2,15,40,erdos_renyi,10028,0.38095238095238093,0,2,0
G0029,C06,N2,2,COBYLA,512,0.6799232219827587,0.0010000836749001073,2,15,40,erdos_renyi,10028,0.38095238095238093,0,2,0
G0029,C07,N2,2,SPSA,256,0.6896551724137931,0.011810511970249423,2,15,40,erdos_renyi,10028,0.38095238095238093,1,2,0
G0029,C08,N2,2,SPSA,512,0.6850754310344828,0.0002857381928286806,2,15,40,erdos_renyi,10028,0.38095238095238093,1,2,0
G0029,C09,N2,3,COBYLA,256,0.693359375,0.006571978435058084,2,15,40,erdos_renyi,10028,0.38095238095238093,0,2,0
G0029,C10,N2,3,COBYLA,512,0.6946053340517242,0.0010000836749001073,2,15,40,erdos_renyi,10028,0.38095238095238093,0,2,0
G0029,C11,N2,3,SPSA,256,0.689520474137931,0.0120010040988018,2,15,40,erdos_renyi,10028,0.38095238095238093,1,2,0
G0029,C12,N2,3,SPSA,512,0.6905643857758621,0.003952711667462513,2,15,40,erdos_renyi,10028,0.38095238095238093,1,2,0
G0030,C01,N2,1,COBYLA,256,0.6754324776785714,0.014106622448336588,2,15,37,erdos_renyi,10029,0.3523809523809524,0,2,0
G0030,C02,N2,1,COBYLA,512,0.674560546875,0.011393810439041049,2,15,37,erdos_renyi,10029,0.3523809523809524,0,2,0
G0030,C03,N2,1,SPSA,256,0.6649693080357143,0.0018743064791496547,2,15,37,erdos_renyi,10029,0.3523809523809524,1,2,0
G0030,C04,N2,1,SPSA,512,0.6653180803571428,0.005820214856306734,2,15,37,erdos_renyi,10029,0.3523809523809524,1,2,0
G0030,C05,N2,2,COBYLA,256,0.6603655133928572,0.0014797156414339194,2,15,37,erdos_renyi,10029,0.3523809523809524,0,2,0
G0030,C06,N2,2,COBYLA,512,0.6600516183035714,0.005080357035589754,2,15,37,erdos_renyi,10029,0.3523809523809524,0,2,0
G0030,C07,N2,2,SPSA,256,0.66650390625,0.005820214856306616,2,15,37,erdos_renyi,10029,0.3523809523809524,1,2,0
G0030,C08,N2,2,SPSA,512,0.6696428571428571,0.0,2,15,37,erdos_renyi,10029,0.3523809523809524,1,2,0
G0030,C09,N2,3,COBYLA,256,0.6651088169642857,0.009766123233463734,2,15,37,erdos_renyi,10029,0.3523809523809524,0,2,0
G0030,C10,N2,3,COBYLA,512,0.6600864955357143,0.00947018010517702,2,15,37,erdos_renyi,10029,0.3523809523809524,0,2,0
G0030,C11,N2,3,SPSA,256,0.6581333705357142,0.005820214856306734,2,15,37,erdos_renyi,10029,0.3523809523809524,1,2,0
G0030,C12,N2,3,SPSA,512,0.6637486049107143,0.0017263349150062196,2,15,37,erdos_renyi,10029,0.3523809523809524,1,2,0
G0031,C01,N2,1,COBYLA,256,0.7134021577380952,0.02032142814235886,2,18,59,erdos_renyi,10030,0.38562091503267976,0,2,0
G0031,C02,N2,1,COBYLA,512,0.7144019717261905,0.01660569775386934,2,18,59,erdos_renyi,10030,0.38562091503267976,0,2,0
G0031,C03,N2,1,SPSA,256,0.7154947916666667,0.018808829931115385,2,18,59,erdos_renyi,10030,0.38562091503267976,1,2,0
G0031,C04,N2,1,SPSA,512,0.7136811755952381,0.016901640882156094,2,18,59,erdos_renyi,10030,0.38562091503267976,1,2,0
G0031,C05,N2,2,COBYLA,256,0.7019624255952381,0.0013810679320049757,2,18,59,erdos_renyi,10030,0.38562091503267976,0,2,0
G0031,C06,N2,2,COBYLA,512,0.7380487351190477,0.025582639311901804,2,18,59,erdos_renyi,10030,0.38562091503267976,0,2,0
G0031,C07,N2,2,SPSA,256,0.7166108630952381,0.013284558203095482,2,18,59,erdos_renyi,10030,0.38562091503267976,1,2,0
G0031,C08,N2,2,SPSA,512,0.7335146949404763,0.004504912063920949,2,18,59,erdos_renyi,10030,0.38562091503267976,1,2,0
G0031,C09,N2,3,COBYLA,256,0.7146577380952381,0.00026306055847711765,2,18,59,erdos_renyi,10030,0.38562091503267976,0,2,0
G0031,C10,N2,3,COBYLA,512,0.7041248139880952,0.004702207482778876,2,18,59,erdos_renyi,10030,0.38562091503267976,0,2,0
G0031,C11,N2,3,SPSA,256,0.7278180803571428,0.005853097426116369,2,18,59,erdos_renyi,10030,0.38562091503267976,1,2,0
G0031,C12,N2,3,SPSA,512,0.7158203125,0.001315302792385706,2,18,59,erdos_renyi,10030,0.38562091503267976,1,2,0
G0032,C01,N2,1,COBYLA,256,0.6949037063953489,0.008029464720959101,2,18,60,erdos_renyi,10031,0.39215686274509803,0,2,0
G0032,C02,N2,1,COBYLA,512,0.6973791787790697,0.00035329644772224053,2,18,60,erdos_renyi,10031,0.39215686274509803,0,2,0
G0032,C03,N2,1,SPSA,256,0.6988553779069768,0.005010385985878515,2,18,60,erdos_renyi,10031,0.39215686274509803,1,2,0
G0032,C04,N2,1,SPSA,512,0.6918150436046512,0.00019270715330297605,2,18,60,erdos_renyi,10031,0.39215686274509803,1,2,0
G0032,C05,N2,2,COBYLA,256,0.6999454941860466,0.001027771484282735,2,18,60,erdos_renyi,10031,0.39215686274509803,0,2,0
G0032,C06,N2,2,COBYLA,512,0.6978788154069767,0.0006744750365605732,2,18,60,erdos_renyi,10031,0.39215686274509803,0,2,0
G0032,C07,N2,2,SPSA,256,0.7053506540697674,6.423571776769794e-05,2,18,60,erdos_renyi,10031,0.39215686274509803,1,2,0
G0032,C08,N2,2,SPSA,512,0.697742550872093,0.0004817678832575971,2,18,60,erdos_renyi,10031,0.39215686274509803,1,2,0
G0032,C09,N2,3,COBYLA,256,0.6970839389534884,0.0030190787350807035,2,18,60,erdos_renyi,10031,0.39215686274509803,0,2,0
G0032,C10,N2,3,COBYLA,512,0.6975608648255813,0.002280367980752472,2,18,60,erdos_renyi,10031,0.39215686274509803,0,2,0
G0032,C11,N2,3,SPSA,256,0.694313226744186,0.0016701286619594396,2,18,60,erdos_renyi,10031,0.39215686274509803,1,2,0
G0032,C12,N2,3,SPSA,512,0.694313226744186,0.0013489500731211463,2,18,60,erdos_renyi,10031,0.39215686274509803,1,2,0
G0033,C01,N2,1,COBYLA,256,0.6899539262820513,0.001487303926774574,2,18,54,erdos_renyi,10032,0.35294117647058826,0,2,0
G0033,C02,N2,1,COBYLA,512,0.6921824919871795,0.0009561239529264642,2,18,54,erdos_renyi,10032,0.35294117647058826,0,2,0
G0033,C03,N2,1,SPSA,256,0.7060296474358974,0.013881503316562861,2,18,54,erdos_renyi,10032,0.35294117647058826,1,2,0
G0033,C04,N2,1,SPSA,512,0.7116135817307692,0.018308003098630052,2,18,54,erdos_renyi,10032,0.35294117647058826,1,2,0
G0033,C05,N2,2,COBYLA,256,0.6981169871794872,0.004816031762889129,2,18,54,erdos_renyi,10032,0.35294117647058826,0,2,0
G0033,C06,N2,2,COBYLA,512,0.7013721955128205,0.01331491134445822,2,18,54,erdos_renyi,10032,0.35294117647058826,0,2,0
G0033,C07,N2,2,SPSA,256,0.703125,0.018839183072478123,2,18,54,erdos_renyi,10032,0.35294117647058826,1,2,0
G0033,C08,N2,2,SPSA,512,0.7054036458333333,0.014341859293897906,2,18,54,erdos_renyi,10032,0.35294117647058826,1,2,0
G0033,C09,N2,3,COBYLA,256,0.6985176282051282,0.0041077917977584335,2,18,54,erdos_renyi,10032,0.35294117647058826,0,2,0
G0033,C10,N2,3,COBYLA,512,0.7081330128205128,0.012748319372353576,2,18,54,erdos_renyi,10032,0.35294117647058826,0,2,0
G0033,C11,N2,3,SPSA,256,0.7024238782051282,0.0026913118674968465,2,18,54,erdos_renyi,10032,0.35294117647058826,1,2,0
G0033,C12,N2,3,SPSA,512,0.7012219551282051,0.0010623599476961803,2,18,54,erdos_renyi,10032,0.35294117647058826,1,2,0
G0034,C01,N2,1,COBYLA,256,0.64599609375,0.0029923138526773948,2,18,46,erdos_renyi,10033,0.3006535947712418,0,2,0
G0034,C02,N2,1,COBYLA,512,0.6459418402777778,7.67259962224812e-05,2,18,46,erdos_renyi,10033,0.3006535947712418,0,2,0
G0034,C03,N2,1,SPSA,256,0.6468098958333333,0.0018414239093399022,2,18,46,erdos_renyi,10033,0.3006535947712418,1,2,0
G0034,C04,N2,1,SPSA,512,0.6479220920138888,0.00026854098677872346,2,18,46,erdos_renyi,10033,0.3006535947712418,1,2,0
G0034,C05,N2,2,COBYLA,256,0.6427408854166666,0.004833737762017415,2,18,46,erdos_renyi,10033,0.3006535947712418,0,2,0
G0034,C06,N2,2,COBYLA,512,0.6706814236111112,0.03421979431523435,2,18,46,erdos_renyi,10033,0.3006535947712418,0,2,0
G0034,C07,N2,2,SPSA,256,0.6376953125,0.0024552318791200263,2,18,46,erdos_renyi,10033,0.3006535947712418,1,2,0
G0034,C08,N2,2,SPSA,512,0.6473795572916666,0.0009590749527812505,2,18,46,erdos_renyi,10033,0.3006535947712418,1,2,0
G0034,C09,N2,3,COBYLA,256,0.6483289930555556,0.003836299811124963,2,18,46,erdos_renyi,10033,0.3006535947712418,0,2,0
G0034,C10,N2,3,COBYLA,512,0.6494954427083333,0.005332456737463739,2,18,46,erdos_renyi,10033,0.3006535947712418,0,2,0
G0034,C11,N2,3,SPSA,256,0.6548936631944444,0.00023017798866748284,2,18,46,erdos_renyi,10033,0.3006535947712418,1,2,0
G0034,C12,N2,3,SPSA,512,0.6483018663194444,0.004488470779016171,2,18,46,erdos_renyi,10033,0.3006535947712418,1,2,0
G0035,C01,N2,1,COBYLA,256,0.669921875,0.001119784809733798,2,18,50,erdos_renyi,10034,0.32679738562091504,0,2,0
G0035,C02,N2,1,COBYLA,512,0.6750422297297297,0.0016423510542761532,2,18,50,erdos_renyi,10034,0.32679738562091504,0,2,0
G0035,C03,N2,1,SPSA,256,0.6756756756756757,0.0026874835433610207,2,18,50,erdos_renyi,10034,0.32679738562091504,1,2,0
G0035,C04,N2,1,SPSA,512,0.6769689611486487,0.0033966805895256627,2,18,50,erdos_renyi,10034,0.32679738562091504,1,2,0
G0035,C05,N2,2,COBYLA,256,0.6701858108108107,0.00044791392389354276,2,18,50,erdos_renyi,10034,0.32679738562091504,0,2,0
G0035,C06,N2,2,COBYLA,512,0.6729835304054054,0.0056735763693177635,2,18,50,erdos_renyi,10034,0.32679738562091504,0,2,0
G0035,C07,N2,2,SPSA,256,0.6778399493243243,0.009331540081114722,2,18,50,erdos_renyi,10034,0.32679738562091504,1,2,0
G0035,C08,N2,2,SPSA,512,0.6757548564189189,0.005785554850291199,2,18,50,erdos_renyi,10034,0.32679738562091504,1,2,0
G0035,C09,N2,3,COBYLA,256,0.6843327702702703,0.0053749670867220415,2,18,50,erdos_renyi,10034,0.32679738562091504,0,2,0
G0035,C10,N2,3,COBYLA,512,0.6797402871621621,0.003210049787903494,2,18,50,erdos_renyi,10034,0.32679738562091504,0,2,0
G0035,C11,N2,3,SPSA,256,0.6833298141891893,0.0011197848097337587,2,18,50,erdos_renyi,10034,0.32679738562091504,1,2,0
G0035,C12,N2,3,SPSA,512,0.6797402871621622,0.003807268353094819,2,18,50,erdos_renyi,10034,0.32679738562091504,1,2,0
G0036,C01,N2,1,COBYLA,256,0.6732204861111111,0.009145738749721855,2,18,60,erdos_renyi,10035,0.39215686274509803,0,2,0
G0036,C02,N2,1,COBYLA,512,0.6720920138888888,0.007795361216205904,2,18,60,erdos_renyi,10035,0.39215686274509803,0,2,0
G0036,C03,N2,1,SPSA,256,0.6709635416666666,0.00939126193763381,2,18,60,erdos_renyi,10035,0.39215686274509803,1,2,0
G0036,C04,N2,1,SPSA,512,0.6713541666666667,0.011416828237907777,2,18,60,erdos_renyi,10035,0.39215686274509803,1,2,0
G0036,C05,N2,2,COBYLA,256,0.6717881944444444,0.0013503775335160695,2,18,60,erdos_renyi,10035,0.39215686274509803,0,2,0
G0036,C06,N2,2,COBYLA,512,0.6750651041666667,0.0005217367743129349,2,18,60,erdos_renyi,10035,0.39215686274509803,0,2,0
G0036,C07,N2,2,SPSA,256,0.6748697916666666,0.004849082961261966,2,18,60,erdos_renyi,10035,0.39215686274509803,1,2,0
G0036,C08,N2,2,SPSA,512,0.6782769097222223,0.0026700646685429187,2,18,60,erdos_renyi,10035,0.39215686274509803,1,2,0
G0036,C09,N2,3,COBYLA,256,0.6766493055555556,0.007120172449447888,2,18,60,erdos_renyi,10035,0.39215686274509803,0,2,0
G0036,C10,N2,3,COBYLA,512,0.6734157986111111,0.006659816472112844,2,18,60,erdos_renyi,10035,0.39215686274509803,0,2,0
G0036,C11,N2,3,SPSA,256,0.6729166666666666,0.00883883476483193,2,18,60,erdos_renyi,10035,0.39215686274509803,1,2,0
G0036,C12,N2,3,SPSA,512,0.6756944444444444,0.0023938510821419393,2,18,60,erdos_renyi,10035,0.39215686274509803,1,2,0
G0037,C01,N2,1,COBYLA,256,0.7203776041666666,0.0013810679320049757,2,18,49,erdos_renyi,10036,0.3202614379084967,0,2,0
G0037,C02,N2,1,COBYLA,512,0.7000868055555556,0.02539630474964709,2,18,49,erdos_renyi,10036,0.3202614379084967,0,2,0
G0037,C03,N2,1,SPSA,256,0.7018229166666667,0.02531957875342449,2,18,49,erdos_renyi,10036,0.3202614379084967,1,2,0
G0037,C04,N2,1,SPSA,512,0.7033962673611112,0.02815844061365692,2,18,49,erdos_renyi,10036,0.3202614379084967,1,2,0
G0037,C05,N2,2,COBYLA,256,0.6913519965277778,0.015728829225612258,2,18,49,erdos_renyi,10036,0.3202614379084967,0,2,0
G0037,C06,N2,2,COBYLA,512,0.7271050347222223,0.041048407979036826,2,18,49,erdos_renyi,10036,0.3202614379084967,0,2,0
G0037,C07,N2,2,SPSA,256,0.7225477430555556,0.009360571539144866,2,18,49,erdos_renyi,10036,0.3202614379084967,1,2,0
G0037,C08,N2,2,SPSA,512,0.6990559895833333,0.029846412530552056,2,18,49,erdos_renyi,10036,0.3202614379084967,1,2,0
G0037,C09,N2,3,COBYLA,256,0.6925455729166667,0.009437297535367269,2,18,49,erdos_renyi,10036,0.3202614379084967,0,2,0
G0037,C10,N2,3,COBYLA,512,0.6900770399305556,0.007710962620361048,2,18,49,erdos_renyi,10036,0.3202614379084967,0,2,0
G0037,C11,N2,3,SPSA,256,0.7000325520833334,0.004066477799792446,2,18,49,erdos_renyi,10036,0.3202614379084967,1,2,0
G0037,C12,N2,3,SPSA,512,0.7026095920138888,0.0010358009490037316,2,18,49,erdos_renyi,10036,0.3202614379084967,1,2,0
G0038,C01,N2,1,COBYLA,256,0.6678710937500001,0.007319660039626347,2,18,53,erdos_renyi,10037,0.3464052287581699,0,2,0
G0038,C02,N2,1,COBYLA,512,0.6561279296875,0.003280036338511817,2,18,53,erdos_renyi,10037,0.3464052287581699,0,2,0
G0038,C03,N2,1,SPSA,256,0.66357421875,0.0026240290708094225,2,18,53,erdos_renyi,10037,0.3464052287581699,1,2,0
G0038,C04,N2,1,SPSA,512,0.656298828125,0.000966747552403428,2,18,53,erdos_renyi,10037,0.3464052287581699,1,2,0
G0038,C05,N2,2,COBYLA,256,0.660009765625,0.0004833737762017729,2,18,53,erdos_renyi,10037,0.3464052287581699,0,2,0
G0038,C06,N2,2,COBYLA,512,0.6599853515625,0.0018989684065068414,2,18,53,erdos_renyi,10037,0.3464052287581699,0,2,0
G0038,C07,N2,2,SPSA,256,0.66484375,0.004005097002814437,2,18,53,erdos_renyi,10037,0.3464052287581699,1,2,0
G0038,C08,N2,2,SPSA,512,0.6608642578125,0.0023823421827086143,2,18,53,erdos_renyi,10037,0.3464052287581699,1,2,0
G0038,C09,N2,3,COBYLA,256,0.66357421875,0.004557524175616357,2,18,53,erdos_renyi,10037,0.3464052287581699,0,2,0
G0038,C10,N2,3,COBYLA,512,0.665380859375,0.007250606643026122,2,18,53,erdos_renyi,10037,0.3464052287581699,0,2,0
G0038,C11,N2,3,SPSA,256,0.669921875,0.007181553246425936,2,18,53,erdos_renyi,10037,0.3464052287581699,1,2,0
G0038,C12,N2,3,SPSA,512,0.666259765625,0.003245509640211724,2,18,53,erdos_renyi,10037,0.3464052287581699,1,2,0
G0039,C01,N2,1,COBYLA,256,0.7122395833333333,0.0410779179775839,2,18,52,erdos_renyi,10038,0.33986928104575165,0,2,0
G0039,C02,N2,1,COBYLA,512,0.7157702323717949,0.051311985473723336,2,18,52,erdos_renyi,10038,0.33986928104575165,0,2,0
G0039,C03,N2,1,SPSA,256,0.6721254006410255,0.004603559773349853,2,18,52,erdos_renyi,10038,0.33986928104575165,1,2,0
G0039,C04,N2,1,SPSA,512,0.6731520432692308,0.00456814777509336,2,18,52,erdos_renyi,10038,0.33986928104575165,1,2,0
G0039,C05,N2,2,COBYLA,256,0.6756310096153846,0.0009207119546699706,2,18,52,erdos_renyi,10038,0.33986928104575165,0,2,0
G0039,C06,N2,2,COBYLA,512,0.6760566907051282,0.006692867670485603,2,18,52,erdos_renyi,10038,0.33986928104575165,0,2,0
G0039,C07,N2,2,SPSA,256,0.6719250801282051,0.00771981561992529,2,18,52,erdos_renyi,10038,0.33986928104575165,1,2,0
G0039,C08,N2,2,SPSA,512,0.6710486778846154,0.006055451701867973,2,18,52,erdos_renyi,10038,0.33986928104575165,1,2,0
G0039,C09,N2,3,COBYLA,256,0.6742788461538461,0.00014164799302613122,2,18,52,erdos_renyi,10038,0.33986928104575165,0,2,0
G0039,C10,N2,3,COBYLA,512,0.672275641025641,0.0004249439790784329,2,18,52,erdos_renyi,10038,0.33986928104575165,0,2,0
G0039,C11,N2,3,SPSA,256,0.6830428685897436,0.0029037838570360824,2,18,52,erdos_renyi,10038,0.33986928104575165,1,2,0
G0039,C12,N2,3,SPSA,512,0.6741536458333333,0.0034349638308841532,2,18,52,erdos_renyi,10038,0.33986928104575165,1,2,0
G0040,C01,N2,1,COBYLA,256,0.6759440104166667,0.0014961569263386583,2,18,65,erdos_renyi,10039,0.42483660130718953,0,2,0
G0040,C02,N2,1,COBYLA,512,0.687744140625,0.004028114801681126,2,18,65,erdos_renyi,10039,0.42483660130718953,0,2,0
G0040,C03,N2,1,SPSA,256,0.6732177734375,0.003740392315846861,2,18,65,erdos_renyi,10039,0.42483660130718953,1,2,0
G0040,C04,N2,1,SPSA,512,0.6787109375,0.002014057400840642,2,18,65,erdos_renyi,10039,0.42483660130718953,1,2,0
G0040,C05,N2,2,COBYLA,256,0.6815999348958334,0.0018989684065068414,2,18,65,erdos_renyi,10039,0.42483660130718953,0,2,0
G0040,C06,N2,2,COBYLA,512,0.6799519856770834,0.0012947511862546647,2,18,65,erdos_renyi,10039,0.42483660130718953,0,2,0
G0040,C07,N2,2,SPSA,256,0.6803792317708333,0.0035102143271793784,2,18,65,erdos_renyi,10039,0.42483660130718953,1,2,0
G0040,C08,N2,2,SPSA,512,0.68096923828125,0.0033088085870953063,2,18,65,erdos_renyi,10039,0.42483660130718953,1,2,0
G0040,C09,N2,3,COBYLA,256,0.6785888671875,0.0017838794121730413,2,18,65,erdos_renyi,10039,0.42483660130718953,0,2,0
G0040,C10,N2,3,COBYLA,512,0.6800130208333334,0.0008631674575031098,2,18,65,erdos_renyi,10039,0.42483660130718953,0,2,0
G0040,C11,N2,3,SPSA,256,0.679443359375,0.003337580835678639,2,18,65,erdos_renyi,10039,0.42483660130718953,1,2,0
G0040,C12,N2,3,SPSA,512,0.6803792317708333,0.002359324383841768,2,18,65,erdos_renyi,10039,0.42483660130718953,1,2,0
G0041,C01,N2,1,COBYLA,256,0.7032445790816326,0.0005073310770630547,2,20,68,erdos_renyi,10040,0.35789473684210527,0,2,0
G0041,C02,N2,1,COBYLA,512,0.6983816964285714,0.0027621358640099515,2,20,68,erdos_renyi,10040,0.35789473684210527,0,2,0
G0041,C03,N2,1,SPSA,256,0.7030452806122449,0.000450960957389395,2,20,68,erdos_renyi,10040,0.35789473684210527,1,2,0
G0041,C04,N2,1,SPSA,512,0.6989198022959183,0.0007609966155945624,2,20,68,erdos_renyi,10040,0.35789473684210527,1,2,0
G0041,C05,N2,2,COBYLA,256,0.6916852678571428,0.0010710322737998083,2,20,68,erdos_renyi,10040,0.35789473684210527,0,2,0
G0041,C06,N2,2,COBYLA,512,0.697524713010204,0.0018320288893943707,2,20,68,erdos_renyi,10040,0.35789473684210527,0,2,0
G0041,C07,N2,2,SPSA,256,0.6947146045918368,0.0015219932311891248,2,20,68,erdos_renyi,10040,0.35789473684210527,1,2,0
G0041,C08,N2,2,SPSA,512,0.7005939094387754,0.0030158014025415377,2,20,68,erdos_renyi,10040,0.35789473684210527,1,2,0
G0041,C09,N2,3,COBYLA,256,0.6992586096938775,0.0027621358640099515,2,20,68,erdos_renyi,10040,0.35789473684210527,0,2,0
G0041,C10,N2,3,COBYLA,512,0.6943359375,0.0008737368549418817,2,20,68,erdos_renyi,10040,0.35789473684210527,0,2,0
G0041,C11,N2,3,SPSA,256,0.6937978316326531,0.0006764414360840729,2,20,68,erdos_renyi,10040,0.35789473684210527,1,2,0
G0041,C12,N2,3,SPSA,512,0.6951331313775511,0.0007609966155945624,2,20,68,erdos_renyi,10040,0.35789473684210527,1,2,0
G0042,C01,N2,1,COBYLA,256,0.6638997395833333,0.0036828478186800005,2,20,64,erdos_renyi,10041,0.3368421052631579,0,2,0
G0042,C02,N2,1,COBYLA,512,0.6702880859375,0.0009207119546699314,2,20,64,erdos_renyi,10041,0.3368421052631579,0,2,0
G0042,C03,N2,1,SPSA,256,0.6669921875,0.0008056229603362881,2,20,64,erdos_renyi,10041,0.3368421052631579,1,2,0
G0042,C04,N2,1,SPSA,512,0.67010498046875,0.000891939706086599,2,20,64,erdos_renyi,10041,0.3368421052631579,1,2,0
G0042,C05,N2,2,COBYLA,256,0.6656087239583333,0.0032224918413449564,2,20,64,erdos_renyi,10041,0.3368421052631579,0,2,0
G0042,C06,N2,2,COBYLA,512,0.6695556640625,0.0008631674575031098,2,20,64,erdos_renyi,10041,0.3368421052631579,0,2,0
G0042,C07,N2,2,SPSA,256,0.663818359375,0.0029923138526773948,2,20,64,erdos_renyi,10041,0.3368421052631579,1,2,0
G0042,C08,N2,2,SPSA,512,0.67449951171875,0.011249949196123916,2,20,64,erdos_renyi,10041,0.3368421052631579,1,2,0
G0042,C09,N2,3,COBYLA,256,0.6587320963541667,0.001783879412173159,2,20,64,erdos_renyi,10041,0.3368421052631579,0,2,0
G0042,C10,N2,3,COBYLA,512,0.6601359049479167,0.0012372066890877253,2,20,64,erdos_renyi,10041,0.3368421052631579,0,2,0
G0042,C11,N2,3,SPSA,256,0.6641031901041666,0.0005179004745018658,2,20,64,erdos_renyi,10041,0.3368421052631579,1,2,0
G0042,C12,N2,3,SPSA,512,0.66046142578125,0.0039993425530977945,2,20,64,erdos_renyi,10041,0.3368421052631579,1,2,0
G0043,C01,N2,1,COBYLA,256,0.6894097222222222,0.001718662315384042,2,20,62,erdos_renyi,10042,0.3263157894736842,0,2,0
G0043,C02,N2,1,COBYLA,512,0.6885633680555555,0.0029769686534329614,2,20,62,erdos_renyi,10042,0.3263157894736842,0,2,0
G0043,C03,N2,1,SPSA,256,0.7092447916666667,0.00890021556180986,2,20,62,erdos_renyi,10042,0.3263157894736842,1,2,0
G0043,C04,N2,1,SPSA,512,0.7222439236111111,0.0003375943833789487,2,20,62,erdos_renyi,10042,0.3263157894736842,1,2,0
G0043,C05,N2,2,COBYLA,256,0.6999131944444444,0.014976914462631722,2,20,62,erdos_renyi,10042,0.3263157894736842,0,2,0
G0043,C06,N2,2,COBYLA,512,0.6963758680555556,0.008930905960298767,2,20,62,erdos_renyi,10042,0.3263157894736842,0,2,0
G0043,C07,N2,2,SPSA,256,0.6957899305555555,0.009514023531589828,2,20,62,erdos_renyi,10042,0.3263157894736842,1,2,0
G0043,C08,N2,2,SPSA,512,0.6962239583333334,0.006690506870601907,2,20,62,erdos_renyi,10042,0.3263157894736842,1,2,0
G0043,C09,N2,3,COBYLA,256,0.6983506944444444,0.007856742013183834,2,20,62,erdos_renyi,10042,0.3263157894736842,0,2,0
G0043,C10,N2,3,COBYLA,512,0.6959418402777777,0.01377998892156085,2,20,62,erdos_renyi,10042,0.3263157894736842,0,2,0
G0043,C11,N2,3,SPSA,256,0.6909288194444445,0.015283818447521764,2,20,62,erdos_renyi,10042,0.3263157894736842,1,2,0
G0043,C12,N2,3,SPSA,512,0.6881727430555555,0.005248058141618884,2,20,62,erdos_renyi,10042,0.3263157894736842,1,2,0
G0044,C01,N2,1,COBYLA,256,0.7451685855263157,0.0013083801461099749,2,20,85,erdos_renyi,10043,0.4473684210526316,0,2,0
G0044,C02,N2,1,COBYLA,512,0.7532723410087719,0.005936169181424868,2,20,85,erdos_renyi,10043,0.4473684210526316,0,2,0
G0044,C03,N2,1,SPSA,256,0.7447231359649122,0.0026167602922199103,2,20,85,erdos_renyi,10043,0.4473684210526316,1,2,0
G0044,C04,N2,1,SPSA,512,0.7499314692982456,0.00043612671536992617,2,20,85,erdos_renyi,10043,0.4473684210526316,1,2,0
G0044,C05,N2,2,COBYLA,256,0.750513980263158,0.004215891581909928,2,20,85,erdos_renyi,10043,0.4473684210526316,0,2,0
G0044,C06,N2,2,COBYLA,512,0.7471902412280702,0.0008722534307400094,2,20,85,erdos_renyi,10043,0.4473684210526316,0,2,0
G0044,C07,N2,2,SPSA,256,0.7548656798245614,0.0030044284836599146,2,20,85,erdos_renyi,10043,0.4473684210526316,1,2,0
G0044,C08,N2,2,SPSA,512,0.7484580592105263,0.0017445068614800189,2,20,85,erdos_renyi,10043,0.4473684210526316,1,2,0
G0044,C09,N2,3,COBYLA,256,0.7462308114035088,0.0010660875264600115,2,20,85,erdos_renyi,10043,0.4473684210526316,0,2,0
G0044,C10,N2,3,COBYLA,512,0.7474814967105263,0.002301779886674907,2,20,85,erdos_renyi,10043,0.4473684210526316,0,2,0
G0044,C11,N2,3,SPSA,256,0.7486293859649122,0.005718105823739905,2,20,85,erdos_renyi,10043,0.4473684210526316,1,2,0
G0044,C12,N2,3,SPSA,512,0.7465905975877193,0.0033194088892049963,2,20,85,erdos_renyi,10043,0.4473684210526316,1,2,0
G0045,C01,N2,1,COBYLA,256,0.7052176339285714,0.06451560196651812,2,20,56,erdos_renyi,10044,0.29473684210526313,0,2,0
G0045,C02,N2,1,COBYLA,512,0.6786179315476191,0.020913314398932445,2,20,56,erdos_renyi,10044,0.29473684210526313,0,2,0
G0045,C03,N2,1,SPSA,256,0.6744791666666667,0.018940360210353925,2,20,56,erdos_renyi,10044,0.29473684210526313,1,2,0
G0045,C04,N2,1,SPSA,512,0.6633649553571429,0.000657651396192853,2,20,56,erdos_renyi,10044,0.29473684210526313,1,2,0
G0045,C05,N2,2,COBYLA,256,0.6723400297619048,0.008417937871268393,2,20,56,erdos_renyi,10044,0.29473684210526313,0,2,0
G0045,C06,N2,2,COBYLA,512,0.6669224330357142,0.0059517451355452725,2,20,56,erdos_renyi,10044,0.29473684210526313,0,2,0
G0045,C07,N2,2,SPSA,256,0.6757347470238095,0.00374861295829927,2,20,56,erdos_renyi,10044,0.29473684210526313,1,2,0
G0045,C08,N2,2,SPSA,512,0.6727585565476191,0.008878293848603438,2,20,56,erdos_renyi,10044,0.29473684210526313,1,2,0
G0045,C09,N2,3,COBYLA,256,0.6755487351190477,0.0024333101659134854,2,20,56,erdos_renyi,10044,0.29473684210526313,0,2,0
G0045,C10,N2,3,COBYLA,512,0.6765718005952381,0.007234165358121265,2,20,56,erdos_renyi,10044,0.29473684210526313,0,2,0
G0045,C11,N2,3,SPSA,256,0.6732700892857142,0.0010522422339085884,2,20,56,erdos_renyi,10044,0.29473684210526313,1,2,0
G0045,C12,N2,3,SPSA,512,0.6702008928571428,0.00019729541885792656,2,20,56,erdos_renyi,10044,0.29473684210526313,1,2,0
G0046,C01,N2,1,COBYLA,256,0.7070756392045454,0.0010671888565493887,2,20,61,erdos_renyi,10045,0.32105263157894737,0,2,0
G0046,C02,N2,1,COBYLA,512,0.6994185014204546,0.013025981631410534,2,20,61,erdos_renyi,10045,0.32105263157894737,0,2,0
G0046,C03,N2,1,SPSA,256,0.7014382102272727,0.020967122240439222,2,20,61,erdos_renyi,10045,0.32105263157894737,1,2,0
G0046,C04,N2,1,SPSA,512,0.6948908025568181,0.00021971535281896983,2,20,61,erdos_renyi,10045,0.32105263157894737,1,2,0
G0046,C05,N2,2,COBYLA,256,0.6993963068181819,0.008035304331665345,2,20,61,erdos_renyi,10045,0.32105263157894737,0,2,0
G0046,C06,N2,2,COBYLA,512,0.7029696377840909,0.00536733219029205,2,20,61,erdos_renyi,10045,0.32105263157894737,0,2,0
G0046,C07,N2,2,SPSA,256,0.6993519176136364,0.0052103926525641974,2,20,61,erdos_renyi,10045,0.32105263157894737,1,2,0
G0046,C08,N2,2,SPSA,512,0.7014825994318181,0.008537510852394441,2,20,61,erdos_renyi,10045,0.32105263157894737,1,2,0
G0046,C09,N2,3,COBYLA,256,0.6913174715909091,0.0041432037960149265,2,20,61,erdos_renyi,10045,0.32105263157894737,0,2,0
G0046,C10,N2,3,COBYLA,512,0.6873668323863636,0.000753309781093566,2,20,61,erdos_renyi,10045,0.32105263157894737,0,2,0
G0046,C11,N2,3,SPSA,256,0.6921164772727273,0.006905339660024878,2,20,61,erdos_renyi,10045,0.32105263157894737,1,2,0
G0046,C12,N2,3,SPSA,512,0.6940474076704546,0.005806762895930029,2,20,61,erdos_renyi,10045,0.32105263157894737,1,2,0
G0047,C01,N2,1,COBYLA,256,0.69,0.016572815184059706,2,20,68,erdos_renyi,10046,0.35789473684210527,0,2,0
G0047,C02,N2,1,COBYLA,512,0.68677734375,0.012678203615805725,2,20,68,erdos_renyi,10046,0.35789473684210527,0,2,0
G0047,C03,N2,1,SPSA,256,0.6930468750000001,0.022318057781200402,2,20,68,erdos_renyi,10046,0.35789473684210527,1,2,0
G0047,C04,N2,1,SPSA,512,0.6902734374999999,0.01497077638293394,2,20,68,erdos_renyi,10046,0.35789473684210527,1,2,0
G0047,C05,N2,2,COBYLA,256,0.6861328125,0.005027087272498092,2,20,68,erdos_renyi,10046,0.35789473684210527,0,2,0
G0047,C06,N2,2,COBYLA,512,0.716484375,0.03469242645196499,2,20,68,erdos_renyi,10046,0.35789473684210527,0,2,0
G0047,C07,N2,2,SPSA,256,0.7093359375,0.022262815063920215,2,20,68,erdos_renyi,10046,0.35789473684210527,1,2,0
G0047,C08,N2,2,SPSA,512,0.691875,0.009004562916672416,2,20,68,erdos_renyi,10046,0.35789473684210527,1,2,0
G0047,C09,N2,3,COBYLA,256,0.6783984375000001,0.00403271836145459,2,20,68,erdos_renyi,10046,0.35789473684210527,0,2,0
G0047,C10,N2,3,COBYLA,512,0.6769921875,0.0041432037960149265,2,20,68,erdos_renyi,10046,0.35789473684210527,0,2,0
G0047,C11,N2,3,SPSA,256,0.6800781250000001,0.00353553390593278,2,20,68,erdos_renyi,10046,0.35789473684210527,1,2,0
G0047,C12,N2,3,SPSA,512,0.68177734375,0.0013534465733649012,2,20,68,erdos_renyi,10046,0.35789473684210527,1,2,0
G0048,C01,N2,1,COBYLA,256,0.6749493634259259,0.0002557533207417087,2,20,73,erdos_renyi,10047,0.38421052631578945,0,2,0
G0048,C02,N2,1,COBYLA,512,0.6766493055555556,0.003682847818679922,2,20,73,erdos_renyi,10047,0.38421052631578945,0,2,0
G0048,C03,N2,1,SPSA,256,0.6786024305555556,0.005115066414833232,2,20,73,erdos_renyi,10047,0.38421052631578945,1,2,0
G0048,C04,N2,1,SPSA,512,0.6802842881944444,0.0037595738149024814,2,20,73,erdos_renyi,10047,0.38421052631578945,1,2,0
G0048,C05,N2,2,COBYLA,256,0.6795066550925926,0.004040902467718299,2,20,73,erdos_renyi,10047,0.38421052631578945,0,2,0
G0048,C06,N2,2,COBYLA,512,0.6816767939814814,0.005575422392168236,2,20,73,erdos_renyi,10047,0.38421052631578945,0,2,0
G0048,C07,N2,2,SPSA,256,0.6805193865740741,0.0028132865281583243,2,20,73,erdos_renyi,10047,0.38421052631578945,1,2,0
G0048,C08,N2,2,SPSA,512,0.6818757233796295,0.0021739032263041707,2,20,73,erdos_renyi,10047,0.38421052631578945,1,2,0
G0048,C09,N2,3,COBYLA,256,0.681712962962963,0.0013299172678567202,2,20,73,erdos_renyi,10047,0.38421052631578945,0,2,0
G0048,C10,N2,3,COBYLA,512,0.6834671585648149,0.003964176471495817,2,20,73,erdos_renyi,10047,0.38421052631578945,0,2,0
G0048,C11,N2,3,SPSA,256,0.6808810763888888,0.0015856705885983111,2,20,73,erdos_renyi,10047,0.38421052631578945,1,2,0
G0048,C12,N2,3,SPSA,512,0.6807906539351851,7.672599622259896e-05,2,20,73,erdos_renyi,10047,0.38421052631578945,1,2,0
G0049,C01,N2,1,COBYLA,256,0.6805121527777778,0.0034987054277458964,2,20,61,erdos_renyi,10048,0.32105263157894737,0,2,0
G0049,C02,N2,1,COBYLA,512,0.6855251736111111,0.01199994580919876,2,20,61,erdos_renyi,10048,0.32105263157894737,0,2,0
G0049,C03,N2,1,SPSA,256,0.6708333333333334,0.0012276159395598954,2,20,61,erdos_renyi,10048,0.32105263157894737,1,2,0
G0049,C04,N2,1,SPSA,512,0.6738498263888889,0.0014424487289830235,2,20,61,erdos_renyi,10048,0.32105263157894737,1,2,0
G0049,C05,N2,2,COBYLA,256,0.6860677083333333,0.004112513397525903,2,20,61,erdos_renyi,10048,0.32105263157894737,0,2,0
G0049,C06,N2,2,COBYLA,512,0.6863932291666667,0.0009514023531589553,2,20,61,erdos_renyi,10048,0.32105263157894737,0,2,0
G0049,C07,N2,2,SPSA,256,0.6846354166666666,0.007611218825271839,2,20,61,erdos_renyi,10048,0.32105263157894737,1,2,0
G0049,C08,N2,2,SPSA,512,0.6840928819444445,0.0006444983682689912,2,20,61,erdos_renyi,10048,0.32105263157894737,1,2,0
G0049,C09,N2,3,COBYLA,256,0.683984375,0.0007979503607139929,2,20,61,erdos_renyi,10048,0.32105263157894737,0,2,0
G0049,C10,N2,3,COBYLA,512,0.6807074652777778,0.0005217367743129743,2,20,61,erdos_renyi,10048,0.32105263157894737,0,2,0
G0049,C11,N2,3,SPSA,256,0.6831163194444445,0.0026393742700539734,2,20,61,erdos_renyi,10048,0.32105263157894737,1,2,0
G0049,C12,N2,3,SPSA,512,0.6850477430555555,0.009176429148210801,2,20,61,erdos_renyi,10048,0.32105263157894737,1,2,0
G0050,C01,N2,1,COBYLA,256,0.6738757621951219,0.0068716550763173526,2,20,55,erdos_renyi,10049,0.2894736842105263,0,2,0
G0050,C02,N2,1,COBYLA,512,0.6762576219512195,0.00592848673250911,2,20,55,erdos_renyi,10049,0.2894736842105263,0,2,0
G0050,C03,N2,1,SPSA,256,0.6713986280487805,0.005524271728019903,2,20,55,erdos_renyi,10049,0.2894736842105263,1,2,0
G0050,C04,N2,1,SPSA,512,0.6735899390243902,0.0001347383348297882,2,20,55,erdos_renyi,10049,0.2894736842105263,1,2,0
G0050,C05,N2,2,COBYLA,256,0.6697789634146342,0.0010779066786379915,2,20,55,erdos_renyi,10049,0.2894736842105263,0,2,0
G0050,C06,N2,2,COBYLA,512,0.6741139481707317,0.0020210750224463124,2,20,55,erdos_renyi,10049,0.2894736842105263,0,2,0
G0050,C07,N2,2,SPSA,256,0.6678734756097562,0.0033684583707438804,2,20,55,erdos_renyi,10049,0.2894736842105263,1,2,0
G0050,C08,N2,2,SPSA,512,0.6724466463414633,0.0004042150044893253,2,20,55,erdos_renyi,10049,0.2894736842105263,1,2,0
G0050,C09,N2,3,COBYLA,256,0.6695884146341463,0.0005389533393189958,2,20,55,erdos_renyi,10049,0.2894736842105263,0,2,0
G0050,C10,N2,3,COBYLA,512,0.6705887957317074,0.004648472551626397,2,20,55,erdos_renyi,10049,0.2894736842105263,0,2,0
G0050,C11,N2,3,SPSA,256,0.6690167682926829,0.003907411710062797,2,20,55,erdos_renyi,10049,0.2894736842105263,1,2,0
G0050,C12,N2,3,SPSA,512,0.6742092225609756,0.004446365049381911,2,20,55,erdos_renyi,10049,0.2894736842105263,1,2,0
G0051,C01,N2,1,COBYLA,256,0.7731584821428572,0.08799375681060279,2,10,20,random_regular,10050,0.4444444444444444,0,2,1
G0051,C02,N2,1,COBYLA,512,0.7659040178571428,0.06313453403451315,2,10,20,random_regular,10050,0.4444444444444444,0,2,1
G0051,C03,N2,1,SPSA,256,0.7804129464285714,0.08089112173171997,2,10,20,random_regular,10050,0.4444444444444444,1,2,1
G0051,C04,N2,1,SPSA,512,0.77734375,0.08917752932374984,2,10,20,random_regular,10050,0.4444444444444444,1,2,1
G0051,C05,N2,2,COBYLA,256,0.7726004464285714,0.020913314398932563,2,10,20,random_regular,10050,0.4444444444444444,0,2,1
G0051,C06,N2,2,COBYLA,512,0.7855747767857142,0.006510748822309143,2,10,20,random_regular,10050,0.4444444444444444,0,2,1
G0051,C07,N2,2,SPSA,256,0.7606026785714286,0.00868099842974551,2,10,20,random_regular,10050,0.4444444444444444,1,2,1
G0051,C08,N2,2,SPSA,512,0.7533482142857142,0.06392371570994461,2,10,20,random_regular,10050,0.4444444444444444,1,2,1
G0051,C09,N2,3,COBYLA,256,0.7502790178571428,0.05011303638989486,2,10,20,random_regular,10050,0.4444444444444444,0,2,1
G0051,C10,N2,3,COBYLA,512,0.7462332589285714,0.054256240185909785,2,10,20,random_regular,10050,0.4444444444444444,0,2,1
G0051,C11,N2,3,SPSA,256,0.7625558035714286,0.06668585157395449,2,10,20,random_regular,10050,0.4444444444444444,1,2,1
G0051,C12,N2,3,SPSA,512,0.7575334821428572,0.05603189895563045,2,10,20,random_regular,10050,0.4444444444444444,1,2,1
G0052,C01,N2,1,COBYLA,256,0.631103515625,0.022442353895080855,2,10,20,random_regular,10051,0.4444444444444444,0,2,1
G0052,C02,N2,1,COBYLA,512,0.6417236328125,0.02296025436958272,2,10,20,random_regular,10051,0.4444444444444444,0,2,1
G0052,C03,N2,1,SPSA,256,0.722900390625,0.003107402847011195,2,10,20,random_regular,10051,0.4444444444444444,1,2,1
G0052,C04,N2,1,SPSA,512,0.7327880859375,0.0008631674575031098,2,10,20,random_regular,10051,0.4444444444444444,1,2,1
G0052,C05,N2,2,COBYLA,256,0.69482421875,0.00966747552403483,2,10,20,random_regular,10051,0.4444444444444444,0,2,1
G0052,C06,N2,2,COBYLA,512,0.7021484375,0.017263349150062196,2,10,20,random_regular,10051,0.4444444444444444,0,2,1
G0052,C07,N2,2,SPSA,256,0.680419921875,0.005869538711021146,2,10,20,random_regular,10051,0.4444444444444444,1,2,1
G0052,C08,N2,2,SPSA,512,0.709228515625,0.010012742507036073,2,10,20,random_regular,10051,0.4444444444444444,1,2,1
G0052,C09,N2,3,COBYLA,256,0.66162109375,0.06905339660024878,2,10,20,random_regular,10051,0.4444444444444444,0,2,1
G0052,C10,N2,3,COBYLA,512,0.6956787109375,0.023650788335585208,2,10,20,random_regular,10051,0.4444444444444444,0,2,1
G0052,C11,N2,3,SPSA,256,0.658203125,0.03797936813013683,2,10,20,random_regular,10051,0.4444444444444444,1,2,1
G0052,C12,N2,3,SPSA,512,0.67529296875,0.05696905219520525,2,10,20,random_regular,10051,0.4444444444444444,1,2,1
G0053,C01,N2,1,COBYLA,256,0.70751953125,0.05800485314420897,2,10,20,random_regular,10052,0.4444444444444444,0,2,1
G0053,C02,N2,1,COBYLA,512,0.739013671875,0.0020716018980074633,2,10,20,random_regular,10052,0.4444444444444444,0,2,1
G0053,C03,N2,1,SPSA,256,0.748046875,0.0006905339660024879,2,10,20,random_regular,10052,0.4444444444444444,1,2,1
G0053,C04,N2,1,SPSA,512,0.7406005859375,0.0018989684065068414,2,10,20,random_regular,10052,0.4444444444444444,1,2,1
G0053,C05,N2,2,COBYLA,256,0.716064453125,0.011393810439041049,2,10,20,random_regular,10052,0.4444444444444444,0,2,1
G0053,C06,N2,2,COBYLA,512,0.7054443359375,0.0025895023725093294,2,10,20,random_regular,10052,0.4444444444444444,0,2,1
G0053,C07,N2,2,SPSA,256,0.728759765625,0.04592050873916544,2,10,20,random_regular,10052,0.4444444444444444,1,2,1
G0053,C08,N2,2,SPSA,512,0.6942138671875,0.010875909964539182,2,10,20,random_regular,10052,0.4444444444444444,1,2,1
G0053,C09,N2,3,COBYLA,256,0.68115234375,0.05179004745018659,2,10,20,random_regular,10052,0.4444444444444444,0,2,1
G0053,C10,N2,3,COBYLA,512,0.6732177734375,0.06577336026173697,2,10,20,random_regular,10052,0.4444444444444444,0,2,1
G0053,C11,N2,3,SPSA,256,0.6591796875,0.05455218331419654,2,10,20,random_regular,10052,0.4444444444444444,1,2,1
G0053,C12,N2,3,SPSA,512,0.6767578125,0.028657159589103243,2,10,20,random_regular,10052,0.4444444444444444,1,2,1
G0054,C01,N2,1,COBYLA,256,0.6748046875,0.08493567781830601,2,10,20,random_regular,10053,0.4444444444444444,0,2,1
G0054,C02,N2,1,COBYLA,512,0.7164306640625,0.014328579794551622,2,10,20,random_regular,10053,0.4444444444444444,0,2,1
G0054,C03,N2,1,SPSA,256,0.679931640625,0.0818282749712948,2,10,20,random_regular,10053,0.4444444444444444,1,2,1
G0054,C04,N2,1,SPSA,512,0.694580078125,0.06629126073623882,2,10,20,random_regular,10053,0.4444444444444444,1,2,1
G0054,C05,N2,2,COBYLA,256,0.680419921875,0.018989684065068416,2,10,20,random_regular,10053,0.4444444444444444,0,2,1
G0054,C06,N2,2,COBYLA,512,0.7032470703125,0.008459041083530476,2,10,20,random_regular,10053,0.4444444444444444,0,2,1
G0054,C07,N2,2,SPSA,256,0.726318359375,0.03970570304514305,2,10,20,random_regular,10053,0.4444444444444444,1,2,1
G0054,C08,N2,2,SPSA,512,0.6663818359375,0.04747421016267104,2,10,20,random_regular,10053,0.4444444444444444,1,2,1
G0054,C09,N2,3,COBYLA,256,0.662841796875,0.05558798426320027,2,10,20,random_regular,10053,0.4444444444444444,0,2,1
G0054,C10,N2,3,COBYLA,512,0.6729736328125,0.07440503483676807,2,10,20,random_regular,10053,0.4444444444444444,0,2,1
G0054,C11,N2,3,SPSA,256,0.658447265625,0.03970570304514305,2,10,20,random_regular,10053,0.4444444444444444,1,2,1
G0054,C12,N2,3,SPSA,512,0.65576171875,0.037634101147135585,2,10,20,random_regular,10053,0.4444444444444444,1,2,1
G0055,C01,N2,1,COBYLA,256,0.6508246527777778,0.00705879165246984,2,10,20,random_regular,10054,0.4444444444444444,0,2,1
G0055,C02,N2,1,COBYLA,512,0.5877821180555556,0.03851645010369435,2,10,20,random_regular,10054,0.4444444444444444,0,2,1
G0055,C03,N2,1,SPSA,256,0.65625,0.0006138079697800066,2,10,20,random_regular,10054,0.4444444444444444,1,2,1
G0055,C04,N2,1,SPSA,512,0.6584201388888888,0.0024552318791199873,2,10,20,random_regular,10054,0.4444444444444444,1,2,1
G0055,C05,N2,2,COBYLA,256,0.6323784722222222,0.00184142390934002,2,10,20,random_regular,10054,0.4444444444444444,0,2,1
G0055,C06,N2,2,COBYLA,512,0.6324869791666667,0.0050639157506849755,2,10,20,random_regular,10054,0.4444444444444444,0,2,1
G0055,C07,N2,2,SPSA,256,0.6204427083333333,0.06721197269090888,2,10,20,random_regular,10054,0.4444444444444444,1,2,1
G0055,C08,N2,2,SPSA,512,0.5928819444444444,0.032838726383229454,2,10,20,random_regular,10054,0.4444444444444444,1,2,1
G0055,C09,N2,3,COBYLA,256,0.6046006944444444,0.07427076434337872,2,10,20,random_regular,10054,0.4444444444444444,0,2,1
G0055,C10,N2,3,COBYLA,512,0.6251085069444444,0.05386164934819405,2,10,20,random_regular,10054,0.4444444444444444,0,2,1
G0055,C11,N2,3,SPSA,256,0.5837673611111112,0.05278748540107904,2,10,20,random_regular,10054,0.4444444444444444,1,2,1
G0055,C12,N2,3,SPSA,512,0.6004774305555556,0.05861866111398898,2,10,20,random_regular,10054,0.4444444444444444,1,2,1
G0056,C01,N2,1,COBYLA,256,0.681884765625,0.0645649258212326,2,10,20,random_regular,10055,0.4444444444444444,0,2,1
G0056,C02,N2,1,COBYLA,512,0.6865234375,0.040741503994146784,2,10,20,random_regular,10055,0.4444444444444444,0,2,1
G0056,C03,N2,1,SPSA,256,0.71484375,0.020025485014072145,2,10,20,random_regular,10055,0.4444444444444444,1,2,1
G0056,C04,N2,1,SPSA,512,0.683349609375,0.06698179470224132,2,10,20,random_regular,10055,0.4444444444444444,1,2,1
G0056,C05,N2,2,COBYLA,256,0.691162109375,0.0017263349150062196,2,10,20,random_regular,10055,0.4444444444444444,0,2,1
G0056,C06,N2,2,COBYLA,512,0.69921875,0.004488470779016171,2,10,20,random_regular,10055,0.4444444444444444,0,2,1
G0056,C07,N2,2,SPSA,256,0.688232421875,0.007250606643026122,2,10,20,random_regular,10055,0.4444444444444444,1,2,1
G0056,C08,N2,2,SPSA,512,0.662353515625,0.0479921106371729,2,10,20,random_regular,10055,0.4444444444444444,1,2,1
G0056,C09,N2,3,COBYLA,256,0.6650390625,0.05731431917820649,2,10,20,random_regular,10055,0.4444444444444444,0,2,1
G0056,C10,N2,3,COBYLA,512,0.6627197265625,0.056796418703704624,2,10,20,random_regular,10055,0.4444444444444444,0,2,1
G0056,C11,N2,3,SPSA,256,0.655517578125,0.04522997477316295,2,10,20,random_regular,10055,0.4444444444444444,1,2,1
G0056,C12,N2,3,SPSA,512,0.664794921875,0.05696905219520525,2,10,20,random_regular,10055,0.4444444444444444,1,2,1
G0057,C01,N2,1,COBYLA,256,0.67236328125,0.07250606643026122,2,10,20,random_regular,10056,0.4444444444444444,0,2,1
G0057,C02,N2,1,COBYLA,512,0.6890869140625,0.07716717070077801,2,10,20,random_regular,10056,0.4444444444444444,0,2,1
G0057,C03,N2,1,SPSA,256,0.680908203125,0.08320934290329979,2,10,20,random_regular,10056,0.4444444444444444,1,2,1
G0057,C04,N2,1,SPSA,512,0.68603515625,0.07906613910728486,2,10,20,random_regular,10056,0.4444444444444444,1,2,1
G0057,C05,N2,2,COBYLA,256,0.7041015625,0.0020716018980074633,2,10,20,random_regular,10056,0.4444444444444444,0,2,1
G0057,C06,N2,2,COBYLA,512,0.6859130859375,0.014673846777552867,2,10,20,random_regular,10056,0.4444444444444444,0,2,1
G0057,C07,N2,2,SPSA,256,0.661865234375,0.050754246501182855,2,10,20,random_regular,10056,0.4444444444444444,1,2,1
G0057,C08,N2,2,SPSA,512,0.65625,0.05040897951818161,2,10,20,random_regular,10056,0.4444444444444444,1,2,1
G0057,C09,N2,3,COBYLA,256,0.666015625,0.06145752297422141,2,10,20,random_regular,10056,0.4444444444444444,0,2,1
G0057,C10,N2,3,COBYLA,512,0.7264404296875,0.01501911376055411,2,10,20,random_regular,10056,0.4444444444444444,0,2,1
G0057,C11,N2,3,SPSA,256,0.66357421875,0.06767232866824381,2,10,20,random_regular,10056,0.4444444444444444,1,2,1
G0057,C12,N2,3,SPSA,512,0.659423828125,0.028311892606102,2,10,20,random_regular,10056,0.4444444444444444,1,2,1
G0058,C01,N2,1,COBYLA,256,0.72998046875,0.01242961138804478,2,10,20,random_regular,10057,0.4444444444444444,0,2,1
G0058,C02,N2,1,COBYLA,512,0.7293701171875,0.009149575049532963,2,10,20,random_regular,10057,0.4444444444444444,0,2,1
G0058,C03,N2,1,SPSA,256,0.736572265625,0.004488470779016171,2,10,20,random_regular,10057,0.4444444444444444,1,2,1
G0058,C04,N2,1,SPSA,512,0.7293701171875,0.021579186437577745,2,10,20,random_regular,10057,0.4444444444444444,1,2,1
G0058,C05,N2,2,COBYLA,256,0.676513671875,0.009322208541033586,2,10,20,random_regular,10057,0.4444444444444444,0,2,1
G0058,C06,N2,2,COBYLA,512,0.69384765625,0.0017263349150062196,2,10,20,random_regular,10057,0.4444444444444444,0,2,1
G0058,C07,N2,2,SPSA,256,0.710693359375,0.009322208541033586,2,10,20,random_regular,10057,0.4444444444444444,1,2,1
G0058,C08,N2,2,SPSA,512,0.72021484375,0.016918082167060953,2,10,20,random_regular,10057,0.4444444444444444,1,2,1
G0058,C09,N2,3,COBYLA,256,0.671875,0.08976941558032342,2,10,20,random_regular,10057,0.4444444444444444,0,2,1
G0058,C10,N2,3,COBYLA,512,0.72265625,0.020370751997073392,2,10,20,random_regular,10057,0.4444444444444444,0,2,1
G0058,C11,N2,3,SPSA,256,0.66552734375,0.040741503994146784,2,10,20,random_regular,10057,0.4444444444444444,1,2,1
G0058,C12,N2,3,SPSA,512,0.662353515625,0.04661104270516793,2,10,20,random_regular,10057,0.4444444444444444,1,2,1
G0059,C01,N2,1,COBYLA,256,0.6032986111111112,0.057697949159319015,2,10,20,random_regular,10058,0.4444444444444444,0,2,1
G0059,C02,N2,1,COBYLA,512,0.6620008680555556,0.0001534519924449624,2,10,20,random_regular,10058,0.4444444444444444,0,2,1
G0059,C03,N2,1,SPSA,256,0.6182725694444444,0.06598435675134887,2,10,20,random_regular,10058,0.4444444444444444,1,2,1
G0059,C04,N2,1,SPSA,512,0.6156684027777778,0.0702810125398088,2,10,20,random_regular,10058,0.4444444444444444,1,2,1
G0059,C05,N2,2,COBYLA,256,0.6506076388888888,0.021483278942299643,2,10,20,random_regular,10058,0.4444444444444444,0,2,1
G0059,C06,N2,2,COBYLA,512,0.6212022569444444,0.04097168198281434,2,10,20,random_regular,10058,0.4444444444444444,0,2,1
G0059,C07,N2,2,SPSA,256,0.6286892361111112,0.07887432411672861,2,10,20,random_regular,10058,0.4444444444444444,1,2,1
G0059,C08,N2,2,SPSA,512,0.6161024305555556,0.06905339660024878,2,10,20,random_regular,10058,0.4444444444444444,1,2,1
G0059,C09,N2,3,COBYLA,256,0.6245659722222222,0.028235166609879517,2,10,20,random_regular,10058,0.4444444444444444,0,2,1
G0059,C10,N2,3,COBYLA,512,0.6667751736111112,0.018260787100954724,2,10,20,random_regular,10058,0.4444444444444444,0,2,1
G0059,C11,N2,3,SPSA,256,0.5978732638888888,0.06782578066068888,2,10,20,random_regular,10058,0.4444444444444444,1,2,1
G0059,C12,N2,3,SPSA,512,0.5980902777777777,0.06322222088733892,2,10,20,random_regular,10058,0.4444444444444444,1,2,1
G0060,C01,N2,1,COBYLA,256,0.66845703125,0.08700727971631346,2,10,20,random_regular,10059,0.4444444444444444,0,2,1
G0060,C02,N2,1,COBYLA,512,0.6639404296875,0.07267869992176185,2,10,20,random_regular,10059,0.4444444444444444,0,2,1
G0060,C03,N2,1,SPSA,256,0.672119140625,0.0880430806653172,2,10,20,random_regular,10059,0.4444444444444444,1,2,1
G0060,C04,N2,1,SPSA,512,0.6815185546875,0.06542809327873572,2,10,20,random_regular,10059,0.4444444444444444,1,2,1
G0060,C05,N2,2,COBYLA,256,0.684326171875,0.03003822752110822,2,10,20,random_regular,10059,0.4444444444444444,0,2,1
G0060,C06,N2,2,COBYLA,512,0.6881103515625,0.010185375998536696,2,10,20,random_regular,10059,0.4444444444444444,0,2,1
G0060,C07,N2,2,SPSA,256,0.667236328125,0.037634101147135585,2,10,20,random_regular,10059,0.4444444444444444,1,2,1
G0060,C08,N2,2,SPSA,512,0.6829833984375,0.07405976785376682,2,10,20,random_regular,10059,0.4444444444444444,1,2,1
G0060,C09,N2,3,COBYLA,256,0.69189453125,0.05455218331419654,2,10,20,random_regular,10059,0.4444444444444444,0,2,1
G0060,C10,N2,3,COBYLA,512,0.681884765625,0.062493323923225146,2,10,20,random_regular,10059,0.4444444444444444,0,2,1
G0060,C11,N2,3,SPSA,256,0.6572265625,0.04626577572216668,2,10,20,random_regular,10059,0.4444444444444444,1,2,1
G0060,C12,N2,3,SPSA,512,0.6898193359375,0.031591928944613816,2,10,20,random_regular,10059,0.4444444444444444,1,2,1
G0061,C01,N2,1,COBYLA,256,0.7248263888888888,0.08654692373897846,2,12,24,random_regular,10060,0.36363636363636365,0,2,1
G0061,C02,N2,1,COBYLA,512,0.7260199652777778,0.08608656776164353,2,12,24,random_regular,10060,0.36363636363636365,0,2,1
G0061,C03,N2,1,SPSA,256,0.73046875,0.08531930779941857,2,12,24,random_regular,10060,0.36363636363636365,1,2,1
G0061,C04,N2,1,SPSA,512,0.7888454861111112,0.00030690398489004254,2,12,24,random_regular,10060,0.36363636363636365,1,2,1
G0061,C05,N2,2,COBYLA,256,0.7454427083333333,0.01749352713872976,2,12,24,random_regular,10060,0.36363636363636365,0,2,1
G0061,C06,N2,2,COBYLA,512,0.7464192708333333,0.0023017798866749465,2,12,24,random_regular,10060,0.36363636363636365,0,2,1
G0061,C07,N2,2,SPSA,256,0.7309027777777777,0.07488457231315873,2,12,24,random_regular,10060,0.36363636363636365,1,2,1
G0061,C08,N2,2,SPSA,512,0.7160373263888888,0.037288834164134345,2,12,24,random_regular,10060,0.36363636363636365,1,2,1
G0061,C09,N2,3,COBYLA,256,0.7176649305555556,0.06352912487222888,2,12,24,random_regular,10060,0.36363636363636365,0,2,1
G0061,C10,N2,3,COBYLA,512,0.7294921875,0.00782605161469481,2,12,24,random_regular,10060,0.36363636363636365,0,2,1
G0061,C11,N2,3,SPSA,256,0.6940104166666666,0.0,2,12,24,random_regular,10060,0.36363636363636365,1,2,1
G0061,C12,N2,3,SPSA,512,0.7077907986111112,0.02992313852677446,2,12,24,random_regular,10060,0.36363636363636365,1,2,1
G0062,C01,N2,1,COBYLA,256,0.6585937500000001,0.08728349330271448,2,12,24,random_regular,10061,0.36363636363636365,0,2,1
G0062,C02,N2,1,COBYLA,512,0.71787109375,0.004281310589215456,2,12,24,random_regular,10061,0.36363636363636365,0,2,1
G0062,C03,N2,1,SPSA,256,0.716796875,0.0016572815184060336,2,12,24,random_regular,10061,0.36363636363636365,1,2,1
G0062,C04,N2,1,SPSA,512,0.7228515625,0.002209708691207953,2,12,24,random_regular,10061,0.36363636363636365,1,2,1
G0062,C05,N2,2,COBYLA,256,0.674609375,0.004971844555217904,2,12,24,random_regular,10061,0.36363636363636365,0,2,1
G0062,C06,N2,2,COBYLA,512,0.6802734374999999,0.012705824974445721,2,12,24,random_regular,10061,0.36363636363636365,0,2,1
G0062,C07,N2,2,SPSA,256,0.657421875,0.07513009550107068,2,12,24,random_regular,10061,0.36363636363636365,1,2,1
G0062,C08,N2,2,SPSA,512,0.66650390625,0.08327839629989997,2,12,24,random_regular,10061,0.36363636363636365,1,2,1
G0062,C09,N2,3,COBYLA,256,0.6556640625,0.08479757102510548,2,12,24,random_regular,10061,0.36363636363636365,0,2,1
G0062,C10,N2,3,COBYLA,512,0.6568359374999999,0.07153931887785779,2,12,24,random_regular,10061,0.36363636363636365,0,2,1
G0062,C11,N2,3,SPSA,256,0.6556640625000001,0.0024859222776089326,2,12,24,random_regular,10061,0.36363636363636365,1,2,1
G0062,C12,N2,3,SPSA,512,0.6412109374999999,0.03839368850973838,2,12,24,random_regular,10061,0.36363636363636365,1,2,1
G0063,C01,N2,1,COBYLA,256,0.6638671875,0.057176212385005996,2,12,24,random_regular,10062,0.36363636363636365,0,2,1
G0063,C02,N2,1,COBYLA,512,0.7025390625000001,0.012705824974445721,2,12,24,random_regular,10062,0.36363636363636365,0,2,1
G0063,C03,N2,1,SPSA,256,0.6525390625,0.09308397861713537,2,12,24,random_regular,10062,0.36363636363636365,1,2,1
G0063,C04,N2,1,SPSA,512,0.702734375,0.010496116283237846,2,12,24,random_regular,10062,0.36363636363636365,1,2,1
G0063,C05,N2,2,COBYLA,256,0.6480468749999999,0.025964077121693595,2,12,24,random_regular,10062,0.36363636363636365,0,2,1
G0063,C06,N2,2,COBYLA,512,0.6787109375,0.017125242356861664,2,12,24,random_regular,10062,0.36363636363636365,0,2,1
G0063,C07,N2,2,SPSA,256,0.6443359375,0.04944223196577818,2,12,24,random_regular,10062,0.36363636363636365,1,2,1
G0063,C08,N2,2,SPSA,512,0.63955078125,0.033283737161319944,2,12,24,random_regular,10062,0.36363636363636365,1,2,1
G0063,C09,N2,3,COBYLA,256,0.698828125,0.005524271728019903,2,12,24,random_regular,10062,0.36363636363636365,0,2,1
G0063,C10,N2,3,COBYLA,512,0.703515625,0.024030582016886542,2,12,24,random_regular,10062,0.36363636363636365,0,2,1
G0063,C11,N2,3,SPSA,256,0.6402343749999999,0.043089319478555266,2,12,24,random_regular,10062,0.36363636363636365,1,2,1
G0063,C12,N2,3,SPSA,512,0.6833984375,0.021544659739277532,2,12,24,random_regular,10062,0.36363636363636365,1,2,1
G0064,C01,N2,1,COBYLA,256,0.670703125,0.06463397921783291,2,12,24,random_regular,10063,0.36363636363636365,0,2,1
G0064,C02,N2,1,COBYLA,512,0.66044921875,0.08521189140470693,2,12,24,random_regular,10063,0.36363636363636365,0,2,1
G0064,C03,N2,1,SPSA,256,0.65546875,0.08396893026590249,2,12,24,random_regular,10063,0.36363636363636365,1,2,1
G0064,C04,N2,1,SPSA,512,0.7189453125,0.0027621358640099515,2,12,24,random_regular,10063,0.36363636363636365,1,2,1
G0064,C05,N2,2,COBYLA,256,0.6939453125,0.003590776623212968,2,12,24,random_regular,10063,0.36363636363636365,0,2,1
G0064,C06,N2,2,COBYLA,512,0.689453125,0.007457766832826837,2,12,24,random_regular,10063,0.36363636363636365,0,2,1
G0064,C07,N2,2,SPSA,256,0.6468750000000001,0.04308931947855518,2,12,24,random_regular,10063,0.36363636363636365,1,2,1
G0064,C08,N2,2,SPSA,512,0.69482421875,0.0526186882093896,2,12,24,random_regular,10063,0.36363636363636365,1,2,1
G0064,C09,N2,3,COBYLA,256,0.7015625,0.011048543456039806,2,12,24,random_regular,10063,0.36363636363636365,0,2,1
G0064,C10,N2,3,COBYLA,512,0.7191406250000001,0.011324757042440823,2,12,24,random_regular,10063,0.36363636363636365,0,2,1
G0064,C11,N2,3,SPSA,256,0.6392578125,0.02844999939930253,2,12,24,random_regular,10063,0.36363636363636365,1,2,1
G0064,C12,N2,3,SPSA,512,0.6416015625,0.02209708691207961,2,12,24,random_regular,10063,0.36363636363636365,1,2,1
G0065,C01,N2,1,COBYLA,256,0.7254774305555556,0.08255717193540857,2,12,24,random_regular,10064,0.36363636363636365,0,2,1
G0065,C02,N2,1,COBYLA,512,0.6755642361111112,0.015345199244499811,2,12,24,random_regular,10064,0.36363636363636365,0,2,1
G0065,C03,N2,1,SPSA,256,0.7899305555555556,0.005524271728019903,2,12,24,random_regular,10064,0.36363636363636365,1,2,1
G0065,C04,N2,1,SPSA,512,0.7853732638888888,0.002455231879119909,2,12,24,random_regular,10064,0.36363636363636365,1,2,1
G0065,C05,N2,2,COBYLA,256,0.73046875,0.015959007214279702,2,12,24,random_regular,10064,0.36363636363636365,0,2,1
G0065,C06,N2,2,COBYLA,512,0.7400173611111112,0.011969255410709855,2,12,24,random_regular,10064,0.36363636363636365,0,2,1
G0065,C07,N2,2,SPSA,256,0.7133246527777778,0.05677723720464896,2,12,24,random_regular,10064,0.36363636363636365,1,2,1
G0065,C08,N2,2,SPSA,512,0.7058376736111112,0.04127858596770419,2,12,24,random_regular,10064,0.36363636363636365,1,2,1
G0065,C09,N2,3,COBYLA,256,0.7254774305555556,0.07089482050958869,2,12,24,random_regular,10064,0.36363636363636365,0,2,1
G0065,C10,N2,3,COBYLA,512,0.72265625,0.07120172449447873,2,12,24,random_regular,10064,0.36363636363636365,0,2,1
G0065,C11,N2,3,SPSA,256,0.7170138888888888,0.058311757129099015,2,12,24,random_regular,10064,0.36363636363636365,1,2,1
G0065,C12,N2,3,SPSA,512,0.6949869791666667,0.04127858596770419,2,12,24,random_regular,10064,0.36363636363636365,1,2,1
G0066,C01,N2,1,COBYLA,256,0.7335069444444444,0.08716073170875843,2,12,24,random_regular,10065,0.36363636363636365,0,2,1
G0066,C02,N2,1,COBYLA,512,0.7296006944444444,0.08777453967853843,2,12,24,random_regular,10065,0.36363636363636365,0,2,1
G0066,C03,N2,1,SPSA,256,0.7918836805555556,0.0021483278942299447,2,12,24,random_regular,10065,0.36363636363636365,1,2,1
G0066,C04,N2,1,SPSA,512,0.7890625,0.004603559773349971,2,12,24,random_regular,10065,0.36363636363636365,1,2,1
G0066,C05,N2,2,COBYLA,256,0.7393663194444444,0.01503829525960977,2,12,24,random_regular,10065,0.36363636363636365,0,2,1
G0066,C06,N2,2,COBYLA,512,0.7393663194444444,0.009514023531589868,2,12,24,random_regular,10065,0.36363636363636365,0,2,1
G0066,C07,N2,2,SPSA,256,0.7020399305555556,0.05554962126508899,2,12,24,random_regular,10065,0.36363636363636365,1,2,1
G0066,C08,N2,2,SPSA,512,0.6954210069444444,0.03882335408858428,2,12,24,random_regular,10065,0.36363636363636365,1,2,1
G0066,C09,N2,3,COBYLA,256,0.7248263888888888,0.07979503607139862,2,12,24,random_regular,10065,0.36363636363636365,0,2,1
G0066,C10,N2,3,COBYLA,512,0.7183159722222222,0.0758052842678287,2,12,24,random_regular,10065,0.36363636363636365,0,2,1
G0066,C11,N2,3,SPSA,256,0.7194010416666666,0.047570117657949176,2,12,24,random_regular,10065,0.36363636363636365,1,2,1
G0066,C12,N2,3,SPSA,512,0.7555338541666667,0.02716100266276451,2,12,24,random_regular,10065,0.36363636363636365,1,2,1
G0067,C01,N2,1,COBYLA,256,0.6451171875,0.05386164934819405,2,12,24,random_regular,10066,0.36363636363636365,0,2,1
G0067,C02,N2,1,COBYLA,512,0.656640625,0.07236795963706069,2,12,24,random_regular,10066,0.36363636363636365,0,2,1
G0067,C03,N2,1,SPSA,256,0.712109375,0.0005524271728019982,2,12,24,random_regular,10066,0.36363636363636365,1,2,1
G0067,C04,N2,1,SPSA,512,0.70693359375,0.004005097002814398,2,12,24,random_regular,10066,0.36363636363636365,1,2,1
G0067,C05,N2,2,COBYLA,256,0.6865234375,0.007457766832826837,2,12,24,random_regular,10066,0.36363636363636365,0,2,1
G0067,C06,N2,2,COBYLA,512,0.6783203125,0.011600970628841764,2,12,24,random_regular,10066,0.36363636363636365,0,2,1
G0067,C07,N2,2,SPSA,256,0.6349609375,0.06380533845862982,2,12,24,random_regular,10066,0.36363636363636365,1,2,1
G0067,C08,N2,2,SPSA,512,0.63603515625,0.05924781428301354,2,12,24,random_regular,10066,0.36363636363636365,1,2,1
G0067,C09,N2,3,COBYLA,256,0.6490234375,0.08148300798829357,2,12,24,random_regular,10066,0.36363636363636365,0,2,1
G0067,C10,N2,3,COBYLA,512,0.6462890625,0.06822475584104588,2,12,24,random_regular,10066,0.36363636363636365,0,2,1
G0067,C11,N2,3,SPSA,256,0.621875,0.004971844555217826,2,12,24,random_regular,10066,0.36363636363636365,1,2,1
G0067,C12,N2,3,SPSA,512,0.67451171875,0.028311892606102,2,12,24,random_regular,10066,0.36363636363636365,1,2,1
G0068,C01,N2,1,COBYLA,256,0.64765625,0.0850737846115065,2,12,24,random_regular,10067,0.36363636363636365,0,2,1
G0068,C02,N2,1,COBYLA,512,0.6505859375,0.07236795963706082,2,12,24,random_regular,10067,0.36363636363636365,0,2,1
G0068,C03,N2,1,SPSA,256,0.6474609375,0.08258786233389748,2,12,24,random_regular,10067,0.36363636363636365,1,2,1
G0068,C04,N2,1,SPSA,512,0.6932617187500001,0.023892475223686056,2,12,24,random_regular,10067,0.36363636363636365,1,2,1
G0068,C05,N2,2,COBYLA,256,0.6703125,0.0,2,12,24,random_regular,10067,0.36363636363636365,0,2,1
G0068,C06,N2,2,COBYLA,512,0.6768554687499999,0.0017953883116064448,2,12,24,random_regular,10067,0.36363636363636365,0,2,1
G0068,C07,N2,2,SPSA,256,0.6451171875,0.0013810679320049757,2,12,24,random_regular,10067,0.36363636363636365,1,2,1
G0068,C08,N2,2,SPSA,512,0.6353515624999999,0.04391796023775828,2,12,24,random_regular,10067,0.36363636363636365,1,2,1
G0068,C09,N2,3,COBYLA,256,0.643359375,0.07402524115546669,2,12,24,random_regular,10067,0.36363636363636365,0,2,1
G0068,C10,N2,3,COBYLA,512,0.7033203125,0.01242961138804478,2,12,24,random_regular,10067,0.36363636363636365,0,2,1
G0068,C11,N2,3,SPSA,256,0.630078125,0.021544659739277532,2,12,24,random_regular,10067,0.36363636363636365,1,2,1
G0068,C12,N2,3,SPSA,512,0.64765625,0.04005097002814429,2,12,24,random_regular,10067,0.36363636363636365,1,2,1
G0069,C01,N2,1,COBYLA,256,0.7202690972222222,0.06843958863046878,2,12,24,random_regular,10068,0.36363636363636365,0,2,1
G0069,C02,N2,1,COBYLA,512,0.7805989583333333,0.006751887667579798,2,12,24,random_regular,10068,0.36363636363636365,0,2,1
G0069,C03,N2,1,SPSA,256,0.7289496527777778,0.0813295559958486,2,12,24,random_regular,10068,0.36363636363636365,1,2,1
G0069,C04,N2,1,SPSA,512,0.7297092013888888,0.07442421633582368,2,12,24,random_regular,10068,0.36363636363636365,1,2,1
G0069,C05,N2,2,COBYLA,256,0.7586805555555556,0.023324702851639623,2,12,24,random_regular,10068,0.36363636363636365,0,2,1
G0069,C06,N2,2,COBYLA,512,0.7543402777777777,0.011355447440929848,2,12,24,random_regular,10068,0.36363636363636365,0,2,1
G0069,C07,N2,2,SPSA,256,0.693359375,0.03222491841344948,2,12,24,random_regular,10068,0.36363636363636365,1,2,1
G0069,C08,N2,2,SPSA,512,0.6974826388888888,0.03744228615657942,2,12,24,random_regular,10068,0.36363636363636365,1,2,1
G0069,C09,N2,3,COBYLA,256,0.7641059027777778,0.015652103229389775,2,12,24,random_regular,10068,0.36363636363636365,0,2,1
G0069,C10,N2,3,COBYLA,512,0.7521701388888888,0.01933495104806966,2,12,24,random_regular,10068,0.36363636363636365,0,2,1
G0069,C11,N2,3,SPSA,256,0.7456597222222223,0.002455231879119909,2,12,24,random_regular,10068,0.36363636363636365,1,2,1
G0069,C12,N2,3,SPSA,512,0.7495659722222222,0.00705879165246984,2,12,24,random_regular,10068,0.36363636363636365,1,2,1
G0070,C01,N2,1,COBYLA,256,0.6517578125,0.06767232866824381,2,12,24,random_regular,10069,0.36363636363636365,0,2,1
G0070,C02,N2,1,COBYLA,512,0.715625,0.0016572815184059159,2,12,24,random_regular,10069,0.36363636363636365,0,2,1
G0070,C03,N2,1,SPSA,256,0.662890625,0.08728349330271448,2,12,24,random_regular,10069,0.36363636363636365,1,2,1
G0070,C04,N2,1,SPSA,512,0.7056640625,0.0187825238752677,2,12,24,random_regular,10069,0.36363636363636365,1,2,1
G0070,C05,N2,2,COBYLA,256,0.6751953125000001,0.0002762135864010187,2,12,24,random_regular,10069,0.36363636363636365,0,2,1
G0070,C06,N2,2,COBYLA,512,0.66591796875,0.008976941558032341,2,12,24,random_regular,10069,0.36363636363636365,0,2,1
G0070,C07,N2,2,SPSA,256,0.6449218750000001,0.04308931947855518,2,12,24,random_regular,10069,0.36363636363636365,1,2,1
G0070,C08,N2,2,SPSA,512,0.6369140625,0.04419417382415922,2,12,24,random_regular,10069,0.36363636363636365,1,2,1
G0070,C09,N2,3,COBYLA,256,0.696484375,0.00994368911043577,2,12,24,random_regular,10069,0.36363636363636365,0,2,1
G0070,C10,N2,3,COBYLA,512,0.7017578125,0.004695630968816886,2,12,24,random_regular,10069,0.36363636363636365,0,2,1
G0070,C11,N2,3,SPSA,256,0.6677734375,0.00027621358640094015,2,12,24,random_regular,10069,0.36363636363636365,1,2,1
G0070,C12,N2,3,SPSA,512,0.6234375,0.005524271728019903,2,12,24,random_regular,10069,0.36363636363636365,1,2,1
G0071,C01,N2,1,COBYLA,256,0.6352163461538461,0.06671620471531722,2,15,30,random_regular,10070,0.2857142857142857,0,2,1
G0071,C02,N2,1,COBYLA,512,0.6852463942307693,0.0006374159686176689,2,15,30,random_regular,10070,0.2857142857142857,0,2,1
G0071,C03,N2,1,SPSA,256,0.6826923076923077,0.0012748319372353379,2,15,30,random_regular,10070,0.2857142857142857,1,2,1
G0071,C04,N2,1,SPSA,512,0.6806640625,0.0013810679320049757,2,15,30,random_regular,10070,0.2857142857142857,1,2,1
G0071,C05,N2,2,COBYLA,256,0.6331129807692307,0.005524271728019903,2,15,30,random_regular,10070,0.2857142857142857,0,2,1
G0071,C06,N2,2,COBYLA,512,0.6362680288461539,0.00021247198953927533,2,15,30,random_regular,10070,0.2857142857142857,0,2,1
G0071,C07,N2,2,SPSA,256,0.6648137019230769,0.011685959424657513,2,15,30,random_regular,10070,0.2857142857142857,1,2,1
G0071,C08,N2,2,SPSA,512,0.6633864182692308,0.023690626833623822,2,15,30,random_regular,10070,0.2857142857142857,1,2,1
G0071,C09,N2,3,COBYLA,256,0.6176382211538461,0.05757990916513058,2,15,30,random_regular,10070,0.2857142857142857,0,2,1
G0071,C10,N2,3,COBYLA,512,0.6578275240384616,0.021353434948692303,2,15,30,random_regular,10070,0.2857142857142857,0,2,1
G0071,C11,N2,3,SPSA,256,0.6374699519230769,0.03208327042042331,2,15,30,random_regular,10070,0.2857142857142857,1,2,1
G0071,C12,N2,3,SPSA,512,0.5996844951923077,0.013704443325280119,2,15,30,random_regular,10070,0.2857142857142857,1,2,1
G0072,C01,N2,1,COBYLA,256,0.6506911057692308,0.06522890078854264,2,15,30,random_regular,10071,0.2857142857142857,0,2,1
G0072,C02,N2,1,COBYLA,512,0.697265625,0.0006374159686176689,2,15,30,random_regular,10071,0.2857142857142857,0,2,1
G0072,C03,N2,1,SPSA,256,0.6966646634615384,0.0006374159686176689,2,15,30,random_regular,10071,0.2857142857142857,1,2,1
G0072,C04,N2,1,SPSA,512,0.693359375,0.004886855759402234,2,15,30,random_regular,10071,0.2857142857142857,1,2,1
G0072,C05,N2,2,COBYLA,256,0.6379206730769231,0.012323375393275183,2,15,30,random_regular,10071,0.2857142857142857,0,2,1
G0072,C06,N2,2,COBYLA,512,0.6538461538461539,0.007861463612951461,2,15,30,random_regular,10071,0.2857142857142857,0,2,1
G0072,C07,N2,2,SPSA,256,0.6440805288461539,0.10984801859178038,2,15,30,random_regular,10071,0.2857142857142857,1,2,1
G0072,C08,N2,2,SPSA,512,0.6096003605769231,0.05194940144234093,2,15,30,random_regular,10071,0.2857142857142857,1,2,1
G0072,C09,N2,3,COBYLA,256,0.6612079326923077,0.017210231152677377,2,15,30,random_regular,10071,0.2857142857142857,0,2,1
G0072,C10,N2,3,COBYLA,512,0.6684194711538461,0.02995855052503107,2,15,30,random_regular,10071,0.2857142857142857,0,2,1
G0072,C11,N2,3,SPSA,256,0.6096754807692308,0.021247198953922703,2,15,30,random_regular,10071,0.2857142857142857,1,2,1
G0072,C12,N2,3,SPSA,512,0.6379206730769231,0.013385735340971323,2,15,30,random_regular,10071,0.2857142857142857,1,2,1
G0073,C01,N2,1,COBYLA,256,0.68212890625,0.05823503113287642,2,15,30,random_regular,10072,0.2857142857142857,0,2,1
G0073,C02,N2,1,COBYLA,512,0.748291015625,0.0024168688810087074,2,15,30,random_regular,10072,0.2857142857142857,0,2,1
G0073,C03,N2,1,SPSA,256,0.74462890625,0.0029923138526773948,2,15,30,random_regular,10072,0.2857142857142857,1,2,1
G0073,C04,N2,1,SPSA,512,0.748046875,0.0032224918413449955,2,15,30,random_regular,10072,0.2857142857142857,1,2,1
G0073,C05,N2,2,COBYLA,256,0.6930338541666667,0.0032224918413449564,2,15,30,random_regular,10072,0.2857142857142857,0,2,1
G0073,C06,N2,2,COBYLA,512,0.7083333333333334,0.008286407592029853,2,15,30,random_regular,10072,0.2857142857142857,0,2,1
G0073,C07,N2,2,SPSA,256,0.6647135416666666,0.023478154844084585,2,15,30,random_regular,10072,0.2857142857142857,1,2,1
G0073,C08,N2,2,SPSA,512,0.6792805989583334,0.027966625623100757,2,15,30,random_regular,10072,0.2857142857142857,1,2,1
G0073,C09,N2,3,COBYLA,256,0.7177734375,0.0,2,15,30,random_regular,10072,0.2857142857142857,0,2,1
G0073,C10,N2,3,COBYLA,512,0.715576171875,0.017378438144395995,2,15,30,random_regular,10072,0.2857142857142857,0,2,1
G0073,C11,N2,3,SPSA,256,0.6809895833333334,0.052480581416189075,2,15,30,random_regular,10072,0.2857142857142857,1,2,1
G0073,C12,N2,3,SPSA,512,0.642578125,0.00046035597733504424,2,15,30,random_regular,10072,0.2857142857142857,1,2,1
G0074,C01,N2,1,COBYLA,256,0.6096754807692308,0.026346526702864137,2,15,30,random_regular,10073,0.2857142857142857,0,2,1
G0074,C02,N2,1,COBYLA,512,0.6912560096153846,0.0004249439790784329,2,15,30,random_regular,10073,0.2857142857142857,0,2,1
G0074,C03,N2,1,SPSA,256,0.6903545673076923,0.0010623599476961803,2,15,30,random_regular,10073,0.2857142857142857,1,2,1
G0074,C04,N2,1,SPSA,512,0.6908804086538461,0.00223095589016192,2,15,30,random_regular,10073,0.2857142857142857,1,2,1
G0074,C05,N2,2,COBYLA,256,0.6403245192307693,0.013173263351432088,2,15,30,random_regular,10073,0.2857142857142857,0,2,1
G0074,C06,N2,2,COBYLA,512,0.6579777644230769,0.002655899869240353,2,15,30,random_regular,10073,0.2857142857142857,0,2,1
G0074,C07,N2,2,SPSA,256,0.6177884615384615,0.041644509949688505,2,15,30,random_regular,10073,0.2857142857142857,1,2,1
G0074,C08,N2,2,SPSA,512,0.5979567307692308,0.025921582723785662,2,15,30,random_regular,10073,0.2857142857142857,1,2,1
G0074,C09,N2,3,COBYLA,256,0.6672175480769231,0.007011575654794398,2,15,30,random_regular,10073,0.2857142857142857,0,2,1
G0074,C10,N2,3,COBYLA,512,0.6533203125,0.024115570812702256,2,15,30,random_regular,10073,0.2857142857142857,0,2,1
G0074,C11,N2,3,SPSA,256,0.6141826923076923,0.026771470681942567,2,15,30,random_regular,10073,0.2857142857142857,1,2,1
G0074,C12,N2,3,SPSA,512,0.6008864182692307,0.0041432037960149265,2,15,30,random_regular,10073,0.2857142857142857,1,2,1
G0075,C01,N2,1,COBYLA,256,0.7487571022727273,0.07658649441118502,2,15,30,random_regular,10074,0.2857142857142857,0,2,1
G0075,C02,N2,1,COBYLA,512,0.7531960227272727,0.0793486302751949,2,15,30,random_regular,10074,0.2857142857142857,0,2,1
G0075,C03,N2,1,SPSA,256,0.7535511363636364,0.08838834764831845,2,15,30,random_regular,10074,0.2857142857142857,1,2,1
G0075,C04,N2,1,SPSA,512,0.8135653409090908,0.004268755426197123,2,15,30,random_regular,10074,0.2857142857142857,1,2,1
G0075,C05,N2,2,COBYLA,256,0.740234375,0.026868048859005945,2,15,30,random_regular,10074,0.2857142857142857,0,2,1
G0075,C06,N2,2,COBYLA,512,0.7639382102272727,0.004645410316744023,2,15,30,random_regular,10074,0.2857142857142857,0,2,1
G0075,C07,N2,2,SPSA,256,0.7737926136363636,0.028625771681557707,2,15,30,random_regular,10074,0.2857142857142857,1,2,1
G0075,C08,N2,2,SPSA,512,0.7467151988636364,0.01242961138804478,2,15,30,random_regular,10074,0.2857142857142857,1,2,1
G0075,C09,N2,3,COBYLA,256,0.7322443181818181,0.06830008681915517,2,15,30,random_regular,10074,0.2857142857142857,0,2,1
G0075,C10,N2,3,COBYLA,512,0.7358842329545454,0.048588480880538736,2,15,30,random_regular,10074,0.2857142857142857,0,2,1
G0075,C11,N2,3,SPSA,256,0.7574573863636364,0.007533097810936288,2,15,30,random_regular,10074,0.2857142857142857,1,2,1
G0075,C12,N2,3,SPSA,512,0.7759232954545454,0.02059046734989244,2,15,30,random_regular,10074,0.2857142857142857,1,2,1
G0076,C01,N2,1,COBYLA,256,0.5985576923076923,0.016572815184059706,2,15,30,random_regular,10075,0.2857142857142857,0,2,1
G0076,C02,N2,1,COBYLA,512,0.6834435096153846,0.002549663874470715,2,15,30,random_regular,10075,0.2857142857142857,0,2,1
G0076,C03,N2,1,SPSA,256,0.6314603365384615,0.06650373272577806,2,15,30,random_regular,10075,0.2857142857142857,1,2,1
G0076,C04,N2,1,SPSA,512,0.6844951923076923,0.0014873039267746134,2,15,30,random_regular,10075,0.2857142857142857,1,2,1
G0076,C05,N2,2,COBYLA,256,0.6478365384615384,0.011048543456039806,2,15,30,random_regular,10075,0.2857142857142857,0,2,1
G0076,C06,N2,2,COBYLA,512,0.6449068509615385,0.005205563743711028,2,15,30,random_regular,10075,0.2857142857142857,0,2,1
G0076,C07,N2,2,SPSA,256,0.6014122596153846,0.03845743010660016,2,15,30,random_regular,10075,0.2857142857142857,1,2,1
G0076,C08,N2,2,SPSA,512,0.6275540865384616,0.08010194005628858,2,15,30,random_regular,10075,0.2857142857142857,1,2,1
G0076,C09,N2,3,COBYLA,256,0.6206430288461539,0.06990328455840572,2,15,30,random_regular,10075,0.2857142857142857,0,2,1
G0076,C10,N2,3,COBYLA,512,0.6217698317307692,0.07000952055317533,2,15,30,random_regular,10075,0.2857142857142857,0,2,1
G0076,C11,N2,3,SPSA,256,0.6059194711538461,0.032508214399501745,2,15,30,random_regular,10075,0.2857142857142857,1,2,1
G0076,C12,N2,3,SPSA,512,0.6065955528846154,0.006055451701868051,2,15,30,random_regular,10075,0.2857142857142857,1,2,1
G0077,C01,N2,1,COBYLA,256,0.6951497395833333,0.07849069413561605,2,15,30,random_regular,10076,0.2857142857142857,0,2,1
G0077,C02,N2,1,COBYLA,512,0.7205403645833333,0.039130258073474325,2,15,30,random_regular,10076,0.2857142857142857,0,2,1
G0077,C03,N2,1,SPSA,256,0.6927083333333333,0.07227588844159374,2,15,30,random_regular,10076,0.2857142857142857,1,2,1
G0077,C04,N2,1,SPSA,512,0.7467447916666667,0.0025319578753423898,2,15,30,random_regular,10076,0.2857142857142857,1,2,1
G0077,C05,N2,2,COBYLA,256,0.6780598958333333,0.014271035297384682,2,15,30,random_regular,10076,0.2857142857142857,0,2,1
G0077,C06,N2,2,COBYLA,512,0.687744140625,0.0010358009490037316,2,15,30,random_regular,10076,0.2857142857142857,0,2,1
G0077,C07,N2,2,SPSA,256,0.65087890625,0.05179004745018659,2,15,30,random_regular,10076,0.2857142857142857,1,2,1
G0077,C08,N2,2,SPSA,512,0.6764322916666667,0.05132969147285158,2,15,30,random_regular,10076,0.2857142857142857,1,2,1
G0077,C09,N2,3,COBYLA,256,0.6666666666666667,0.06997410855491874,2,15,30,random_regular,10076,0.2857142857142857,0,2,1
G0077,C10,N2,3,COBYLA,512,0.6993815104166667,0.034066342322789385,2,15,30,random_regular,10076,0.2857142857142857,0,2,1
G0077,C11,N2,3,SPSA,256,0.6432291666666667,0.0023017798866749465,2,15,30,random_regular,10076,0.2857142857142857,1,2,1
G0077,C12,N2,3,SPSA,512,0.633544921875,0.011163632450373606,2,15,30,random_regular,10076,0.2857142857142857,1,2,1
G0078,C01,N2,1,COBYLA,256,0.7521158854166666,0.0006905339660024879,2,15,30,random_regular,10077,0.2857142857142857,0,2,1
G0078,C02,N2,1,COBYLA,512,0.747314453125,0.0008056229603362881,2,15,30,random_regular,10077,0.2857142857142857,0,2,1
G0078,C03,N2,1,SPSA,256,0.7469075520833333,0.005294093739352341,2,15,30,random_regular,10077,0.2857142857142857,1,2,1
G0078,C04,N2,1,SPSA,512,0.7516276041666666,0.0020716018980074633,2,15,30,random_regular,10077,0.2857142857142857,1,2,1
G0078,C05,N2,2,COBYLA,256,0.6982421875,0.0027621358640099515,2,15,30,random_regular,10077,0.2857142857142857,0,2,1
G0078,C06,N2,2,COBYLA,512,0.699951171875,0.007710962620361166,2,15,30,random_regular,10077,0.2857142857142857,0,2,1
G0078,C07,N2,2,SPSA,256,0.6746419270833333,0.005754449716687386,2,15,30,random_regular,10077,0.2857142857142857,1,2,1
G0078,C08,N2,2,SPSA,512,0.686767578125,0.03970570304514305,2,15,30,random_regular,10077,0.2857142857142857,1,2,1
G0078,C09,N2,3,COBYLA,256,0.6798502604166666,0.07803033815828113,2,15,30,random_regular,10077,0.2857142857142857,0,2,1
G0078,C10,N2,3,COBYLA,512,0.706298828125,0.03003822752110822,2,15,30,random_regular,10077,0.2857142857142857,0,2,1
G0078,C11,N2,3,SPSA,256,0.6710611979166667,0.020946196968742198,2,15,30,random_regular,10077,0.2857142857142857,1,2,1
G0078,C12,N2,3,SPSA,512,0.628662109375,0.00978256451836863,2,15,30,random_regular,10077,0.2857142857142857,1,2,1
G0079,C01,N2,1,COBYLA,256,0.7522786458333334,0.0041432037960149265,2,15,30,random_regular,10078,0.2857142857142857,0,2,1
G0079,C02,N2,1,COBYLA,512,0.757568359375,0.0008056229603362881,2,15,30,random_regular,10078,0.2857142857142857,0,2,1
G0079,C03,N2,1,SPSA,256,0.7574869791666667,0.0018414239093399022,2,15,30,random_regular,10078,0.2857142857142857,1,2,1
G0079,C04,N2,1,SPSA,512,0.7547200520833333,0.005754449716687386,2,15,30,random_regular,10078,0.2857142857142857,1,2,1
G0079,C05,N2,2,COBYLA,256,0.703125,0.008746763569364898,2,15,30,random_regular,10078,0.2857142857142857,0,2,1
G0079,C06,N2,2,COBYLA,512,0.702880859375,0.001496156926338776,2,15,30,random_regular,10078,0.2857142857142857,0,2,1
G0079,C07,N2,2,SPSA,256,0.66259765625,0.003452669830012439,2,15,30,random_regular,10078,0.2857142857142857,1,2,1
G0079,C08,N2,2,SPSA,512,0.676025390625,0.009552386529701029,2,15,30,random_regular,10078,0.2857142857142857,1,2,1
G0079,C09,N2,3,COBYLA,256,0.7278645833333333,0.0009207119546699706,2,15,30,random_regular,10078,0.2857142857142857,0,2,1
G0079,C10,N2,3,COBYLA,512,0.7200520833333333,0.00805622960336237,2,15,30,random_regular,10078,0.2857142857142857,0,2,1
G0079,C11,N2,3,SPSA,256,0.6614583333333333,0.007365695637359805,2,15,30,random_regular,10078,0.2857142857142857,1,2,1
G0079,C12,N2,3,SPSA,512,0.6591796875,0.027621358640099514,2,15,30,random_regular,10078,0.2857142857142857,1,2,1
G0080,C01,N2,1,COBYLA,256,0.7008713942307692,0.0010623599476961018,2,15,30,random_regular,10079,0.2857142857142857,0,2,1
G0080,C02,N2,1,COBYLA,512,0.6084735576923077,0.037820014137982375,2,15,30,random_regular,10079,0.2857142857142857,0,2,1
G0080,C03,N2,1,SPSA,256,0.7023737980769231,0.0010623599476961018,2,15,30,random_regular,10079,0.2857142857142857,1,2,1
G0080,C04,N2,1,SPSA,512,0.6981670673076923,0.0025496638744706757,2,15,30,random_regular,10079,0.2857142857142857,1,2,1
G0080,C05,N2,2,COBYLA,256,0.6293569711538461,0.0371825981693647,2,15,30,random_regular,10079,0.2857142857142857,0,2,1
G0080,C06,N2,2,COBYLA,512,0.6645132211538461,0.0014873039267746134,2,15,30,random_regular,10079,0.2857142857142857,0,2,1
G0080,C07,N2,2,SPSA,256,0.6443810096153846,0.09455003534495601,2,15,30,random_regular,10079,0.2857142857142857,1,2,1
G0080,C08,N2,2,SPSA,512,0.6141075721153846,0.051311985473723336,2,15,30,random_regular,10079,0.2857142857142857,1,2,1
G0080,C09,N2,3,COBYLA,256,0.6705228365384616,0.009136295550186798,2,15,30,random_regular,10079,0.2857142857142857,0,2,1
G0080,C10,N2,3,COBYLA,512,0.6681941105769231,0.02326568285454535,2,15,30,random_regular,10079,0.2857142857142857,0,2,1
G0080,C11,N2,3,SPSA,256,0.6514423076923077,0.016572815184059706,2,15,30,random_regular,10079,0.2857142857142857,1,2,1
G0080,C12,N2,3,SPSA,512,0.6188401442307692,0.01699775916313822,2,15,30,random_regular,10079,0.2857142857142857,1,2,1
G0081,C01,N2,1,COBYLA,256,0.7074497767857143,0.08345596217687212,2,18,36,random_regular,10080,0.23529411764705882,0,2,1
G0081,C02,N2,1,COBYLA,512,0.76611328125,0.0008878293848602965,2,18,36,random_regular,10080,0.23529411764705882,0,2,1
G0081,C03,N2,1,SPSA,256,0.7018694196428572,0.0933207331197648,2,18,36,random_regular,10080,0.23529411764705882,1,2,1
G0081,C04,N2,1,SPSA,512,0.7647181919642857,0.0020716018980074633,2,18,36,random_regular,10080,0.23529411764705882,1,2,1
G0081,C05,N2,2,COBYLA,256,0.7124720982142857,0.005326976309162093,2,18,36,random_regular,10080,0.23529411764705882,0,2,1
G0081,C06,N2,2,COBYLA,512,0.7198660714285714,0.0013810679320049757,2,18,36,random_regular,10080,0.23529411764705882,0,2,1
G0081,C07,N2,2,SPSA,256,0.6962890625,0.0692506920191066,2,18,36,random_regular,10080,0.23529411764705882,1,2,1
G0081,C08,N2,2,SPSA,512,0.6852678571428572,0.05287517225390473,2,18,36,random_regular,10080,0.23529411764705882,1,2,1
G0081,C09,N2,3,COBYLA,256,0.6813616071428572,0.06155617068365036,2,18,36,random_regular,10080,0.23529411764705882,0,2,1
G0081,C10,N2,3,COBYLA,512,0.7504185267857143,0.00947018010517702,2,18,36,random_regular,10080,0.23529411764705882,0,2,1
G0081,C11,N2,3,SPSA,256,0.6648995535714286,0.006708044241166952,2,18,36,random_regular,10080,0.23529411764705882,1,2,1
G0081,C12,N2,3,SPSA,512,0.6793387276785714,0.03659830019813185,2,18,36,random_regular,10080,0.23529411764705882,1,2,1
G0082,C01,N2,1,COBYLA,256,0.6650390625,0.015980928927486125,2,18,36,random_regular,10081,0.23529411764705882,0,2,1
G0082,C02,N2,1,COBYLA,512,0.7083565848214286,0.06934933972853562,2,18,36,random_regular,10081,0.23529411764705882,0,2,1
G0082,C03,N2,1,SPSA,256,0.7576729910714286,0.0021702496074363677,2,18,36,random_regular,10081,0.23529411764705882,1,2,1
G0082,C04,N2,1,SPSA,512,0.7560686383928571,0.0006905339660024879,2,18,36,random_regular,10081,0.23529411764705882,1,2,1
G0082,C05,N2,2,COBYLA,256,0.7241908482142857,0.011245838874897614,2,18,36,random_regular,10081,0.23529411764705882,0,2,1
G0082,C06,N2,2,COBYLA,512,0.7268415178571429,0.0,2,18,36,random_regular,10081,0.23529411764705882,0,2,1
G0082,C07,N2,2,SPSA,256,0.6821986607142857,0.04419417382415922,2,18,36,random_regular,10081,0.23529411764705882,1,2,1
G0082,C08,N2,2,SPSA,512,0.6936383928571428,0.009272884686319172,2,18,36,random_regular,10081,0.23529411764705882,1,2,1
G0082,C09,N2,3,COBYLA,256,0.6837332589285714,0.0692506920191067,2,18,36,random_regular,10081,0.23529411764705882,0,2,1
G0082,C10,N2,3,COBYLA,512,0.728515625,0.03255374411154583,2,18,36,random_regular,10081,0.23529411764705882,0,2,1
G0082,C11,N2,3,SPSA,256,0.6918247767857143,0.028213244896673095,2,18,36,random_regular,10081,0.23529411764705882,1,2,1
G0082,C12,N2,3,SPSA,512,0.6859654017857142,0.018940360210354,2,18,36,random_regular,10081,0.23529411764705882,1,2,1
G0083,C01,N2,1,COBYLA,256,0.7197916666666666,0.006260841291755965,2,18,36,random_regular,10082,0.23529411764705882,0,2,1
G0083,C02,N2,1,COBYLA,512,0.662890625,0.08488964222057242,2,18,36,random_regular,10082,0.23529411764705882,0,2,1
G0083,C03,N2,1,SPSA,256,0.7131510416666667,0.004971844555217944,2,18,36,random_regular,10082,0.23529411764705882,1,2,1
G0083,C04,N2,1,SPSA,512,0.7201171875,0.0017493527138729482,2,18,36,random_regular,10082,0.23529411764705882,1,2,1
G0083,C05,N2,2,COBYLA,256,0.684375,0.0014731391274719295,2,18,36,random_regular,10082,0.23529411764705882,0,2,1
G0083,C06,N2,2,COBYLA,512,0.6804036458333333,0.0024859222776089326,2,18,36,random_regular,10082,0.23529411764705882,0,2,1
G0083,C07,N2,2,SPSA,256,0.6799479166666667,0.02504336516702355,2,18,36,random_regular,10082,0.23529411764705882,1,2,1
G0083,C08,N2,2,SPSA,512,0.6444661458333334,0.043181390674022255,2,18,36,random_regular,10082,0.23529411764705882,1,2,1
G0083,C09,N2,3,COBYLA,256,0.70390625,0.003314563036812028,2,18,36,random_regular,10082,0.23529411764705882,0,2,1
G0083,C10,N2,3,COBYLA,512,0.6796223958333334,0.030291423308642432,2,18,36,random_regular,10082,0.23529411764705882,0,2,1
G0083,C11,N2,3,SPSA,256,0.6759114583333333,0.0023938510821419788,2,18,36,random_regular,10082,0.23529411764705882,1,2,1
G0083,C12,N2,3,SPSA,512,0.6529296874999999,0.05772863955780804,2,18,36,random_regular,10082,0.23529411764705882,1,2,1
G0084,C01,N2,1,COBYLA,256,0.66015625,0.08286407592029854,2,18,36,random_regular,10083,0.23529411764705882,0,2,1
G0084,C02,N2,1,COBYLA,512,0.662890625,0.08802006286645035,2,18,36,random_regular,10083,0.23529411764705882,0,2,1
G0084,C03,N2,1,SPSA,256,0.6580729166666667,0.07807637375601457,2,18,36,random_regular,10083,0.23529411764705882,1,2,1
G0084,C04,N2,1,SPSA,512,0.7193359375,0.006168770096288933,2,18,36,random_regular,10083,0.23529411764705882,1,2,1
G0084,C05,N2,2,COBYLA,256,0.6790364583333333,0.006813268464557924,2,18,36,random_regular,10083,0.23529411764705882,0,2,1
G0084,C06,N2,2,COBYLA,512,0.6840494791666667,0.0037749190141469543,2,18,36,random_regular,10083,0.23529411764705882,0,2,1
G0084,C07,N2,2,SPSA,256,0.6427083333333333,0.02172880213021164,2,18,36,random_regular,10083,0.23529411764705882,1,2,1
G0084,C08,N2,2,SPSA,512,0.6373697916666667,0.04861359120657509,2,18,36,random_regular,10083,0.23529411764705882,1,2,1
G0084,C09,N2,3,COBYLA,256,0.6468750000000001,0.07881294331975056,2,18,36,random_regular,10083,0.23529411764705882,0,2,1
G0084,C10,N2,3,COBYLA,512,0.6544270833333333,0.0777080889741466,2,18,36,random_regular,10083,0.23529411764705882,0,2,1
G0084,C11,N2,3,SPSA,256,0.666796875,0.024122653212353577,2,18,36,random_regular,10083,0.23529411764705882,1,2,1
G0084,C12,N2,3,SPSA,512,0.6652994791666667,0.018322167897932656,2,18,36,random_regular,10083,0.23529411764705882,1,2,1
G0085,C01,N2,1,COBYLA,256,0.708984375,0.08207489424486715,2,18,36,random_regular,10084,0.23529411764705882,0,2,1
G0085,C02,N2,1,COBYLA,512,0.7112862723214286,0.08079247402229107,2,18,36,random_regular,10084,0.23529411764705882,0,2,1
G0085,C03,N2,1,SPSA,256,0.7681361607142857,0.0011837725131471667,2,18,36,random_regular,10084,0.23529411764705882,1,2,1
G0085,C04,N2,1,SPSA,512,0.7673688616071428,0.0008878293848604144,2,18,36,random_regular,10084,0.23529411764705882,1,2,1
G0085,C05,N2,2,COBYLA,256,0.7239118303571428,0.008089112173172005,2,18,36,random_regular,10084,0.23529411764705882,0,2,1
G0085,C06,N2,2,COBYLA,512,0.7210518973214286,0.0004932385471445613,2,18,36,random_regular,10084,0.23529411764705882,0,2,1
G0085,C07,N2,2,SPSA,256,0.7021484375,0.008483703010887663,2,18,36,random_regular,10084,0.23529411764705882,1,2,1
G0085,C08,N2,2,SPSA,512,0.7112165178571428,0.028015949477815247,2,18,36,random_regular,10084,0.23529411764705882,1,2,1
G0085,C09,N2,3,COBYLA,256,0.7398158482142857,0.016770110602917516,2,18,36,random_regular,10084,0.23529411764705882,0,2,1
G0085,C10,N2,3,COBYLA,512,0.7380719866071428,0.022984916296940026,2,18,36,random_regular,10084,0.23529411764705882,0,2,1
G0085,C11,N2,3,SPSA,256,0.6976841517857142,0.012035020550329125,2,18,36,random_regular,10084,0.23529411764705882,1,2,1
G0085,C12,N2,3,SPSA,512,0.7041015625,0.04044556086586007,2,18,36,random_regular,10084,0.23529411764705882,1,2,1
G0086,C01,N2,1,COBYLA,256,0.7127604166666667,0.0011048543456039178,2,18,36,random_regular,10085,0.23529411764705882,0,2,1
G0086,C02,N2,1,COBYLA,512,0.664453125,0.06592297595437085,2,18,36,random_regular,10085,0.23529411764705882,0,2,1
G0086,C03,N2,1,SPSA,256,0.7085937499999999,0.004051132600547894,2,18,36,random_regular,10085,0.23529411764705882,1,2,1
G0086,C04,N2,1,SPSA,512,0.71484375,0.005340129337085916,2,18,36,random_regular,10085,0.23529411764705882,1,2,1
G0086,C05,N2,2,COBYLA,256,0.6583333333333333,0.0007365695637359451,2,18,36,random_regular,10085,0.23529411764705882,0,2,1
G0086,C06,N2,2,COBYLA,512,0.6795572916666667,0.00515598694615193,2,18,36,random_regular,10085,0.23529411764705882,0,2,1
G0086,C07,N2,2,SPSA,256,0.64765625,0.0029462782549439376,2,18,36,random_regular,10085,0.23529411764705882,1,2,1
G0086,C08,N2,2,SPSA,512,0.6264322916666667,0.03774919014146927,2,18,36,random_regular,10085,0.23529411764705882,1,2,1
G0086,C09,N2,3,COBYLA,256,0.6587239583333333,0.05027087272498108,2,18,36,random_regular,10085,0.23529411764705882,0,2,1
G0086,C10,N2,3,COBYLA,512,0.6560546875,0.06748818627730982,2,18,36,random_regular,10085,0.23529411764705882,0,2,1
G0086,C11,N2,3,SPSA,256,0.6391927083333333,0.012705824974445721,2,18,36,random_regular,10085,0.23529411764705882,1,2,1
G0086,C12,N2,3,SPSA,512,0.6657552083333333,0.02264951408488157,2,18,36,random_regular,10085,0.23529411764705882,1,2,1
G0087,C01,N2,1,COBYLA,256,0.641796875,0.06389740965409697,2,18,36,random_regular,10086,0.23529411764705882,0,2,1
G0087,C02,N2,1,COBYLA,512,0.7099609375,0.012613753778978767,2,18,36,random_regular,10086,0.23529411764705882,0,2,1
G0087,C03,N2,1,SPSA,256,0.7092447916666667,0.0031304206458779237,2,18,36,random_regular,10086,0.23529411764705882,1,2,1
G0087,C04,N2,1,SPSA,512,0.6578125,0.07936537049255264,2,18,36,random_regular,10086,0.23529411764705882,1,2,1
G0087,C05,N2,2,COBYLA,256,0.6729166666666666,0.006260841291755965,2,18,36,random_regular,10086,0.23529411764705882,0,2,1
G0087,C06,N2,2,COBYLA,512,0.6776692708333334,0.006168770096288815,2,18,36,random_regular,10086,0.23529411764705882,0,2,1
G0087,C07,N2,2,SPSA,256,0.6605468750000001,0.050639157506849095,2,18,36,random_regular,10086,0.23529411764705882,1,2,1
G0087,C08,N2,2,SPSA,512,0.6343749999999999,0.028726212985703548,2,18,36,random_regular,10086,0.23529411764705882,1,2,1
G0087,C09,N2,3,COBYLA,256,0.6563802083333333,0.06905339660024878,2,18,36,random_regular,10086,0.23529411764705882,0,2,1
G0087,C10,N2,3,COBYLA,512,0.6525390625,0.07061860692318775,2,18,36,random_regular,10086,0.23529411764705882,0,2,1
G0087,C11,N2,3,SPSA,256,0.67890625,0.016572815184059706,2,18,36,random_regular,10086,0.23529411764705882,1,2,1
G0087,C12,N2,3,SPSA,512,0.6530598958333333,0.006537054878156906,2,18,36,random_regular,10086,0.23529411764705882,1,2,1
G0088,C01,N2,1,COBYLA,256,0.7188895089285714,0.05188869515961549,2,18,36,random_regular,10087,0.23529411764705882,0,2,1
G0088,C02,N2,1,COBYLA,512,0.7660435267857142,0.002367545026294216,2,18,36,random_regular,10087,0.23529411764705882,0,2,1
G0088,C03,N2,1,SPSA,256,0.7367466517857143,0.035710470813271555,2,18,36,random_regular,10087,0.23529411764705882,1,2,1
G0088,C04,N2,1,SPSA,512,0.7604631696428571,0.006905339660024878,2,18,36,random_regular,10087,0.23529411764705882,1,2,1
G0088,C05,N2,2,COBYLA,256,0.6986607142857143,0.02880513115324668,2,18,36,random_regular,10087,0.23529411764705882,0,2,1
G0088,C06,N2,2,COBYLA,512,0.7300502232142857,0.009075589267461246,2,18,36,random_regular,10087,0.23529411764705882,0,2,1
G0088,C07,N2,2,SPSA,256,0.7123325892857143,0.04301040131101205,2,18,36,random_regular,10087,0.23529411764705882,1,2,1
G0088,C08,N2,2,SPSA,512,0.7005440848214286,0.08750051826345802,2,18,36,random_regular,10087,0.23529411764705882,1,2,1
G0088,C09,N2,3,COBYLA,256,0.6948939732142858,0.07635332709798932,2,18,36,random_regular,10087,0.23529411764705882,0,2,1
G0088,C10,N2,3,COBYLA,512,0.6921037946428572,0.06668585157395449,2,18,36,random_regular,10087,0.23529411764705882,0,2,1
G0088,C11,N2,3,SPSA,256,0.7075892857142857,0.00670804424116707,2,18,36,random_regular,10087,0.23529411764705882,1,2,1
G0088,C12,N2,3,SPSA,512,0.7073102678571428,0.03058078992296731,2,18,36,random_regular,10087,0.23529411764705882,1,2,1
G0089,C01,N2,1,COBYLA,256,0.7109375,0.00331456303681191,2,18,36,random_regular,10088,0.23529411764705882,0,2,1
G0089,C02,N2,1,COBYLA,512,0.658203125,0.07623494984667471,2,18,36,random_regular,10088,0.23529411764705882,0,2,1
G0089,C03,N2,1,SPSA,256,0.7093750000000001,0.0018414239093399022,2,18,36,random_regular,10088,0.23529411764705882,1,2,1
G0089,C04,N2,1,SPSA,512,0.7097005208333333,0.003959061405080941,2,18,36,random_regular,10088,0.23529411764705882,1,2,1
G0089,C05,N2,2,COBYLA,256,0.6497395833333334,0.04971844555217912,2,18,36,random_regular,10088,0.23529411764705882,0,2,1
G0089,C06,N2,2,COBYLA,512,0.6785807291666667,0.01058818747870476,2,18,36,random_regular,10088,0.23529411764705882,0,2,1
G0089,C07,N2,2,SPSA,256,0.6583333333333333,0.010680258674171833,2,18,36,random_regular,10088,0.23529411764705882,1,2,1
G0089,C08,N2,2,SPSA,512,0.7003255208333333,0.03268527439078437,2,18,36,random_regular,10088,0.23529411764705882,1,2,1
G0089,C09,N2,3,COBYLA,256,0.6812499999999999,0.031672491240647485,2,18,36,random_regular,10088,0.23529411764705882,0,2,1
G0089,C10,N2,3,COBYLA,512,0.6992838541666667,0.01242961138804478,2,18,36,random_regular,10088,0.23529411764705882,0,2,1
G0089,C11,N2,3,SPSA,256,0.648046875,0.010496116283237846,2,18,36,random_regular,10088,0.23529411764705882,1,2,1
G0089,C12,N2,3,SPSA,512,0.6550130208333333,0.01905873746166864,2,18,36,random_regular,10088,0.23529411764705882,1,2,1
