graph_id,config_id,noise_condition,run_seed,depth,optimizer,shots,expected_approximation_ratio
G0001,C01,N0,1000,1,COBYLA,256,0.619140625
G0001,C01,N0,1001,1,COBYLA,256,0.63984375
G0001,C02,N0,1000,1,COBYLA,512,0.659765625
G0001,C02,N0,1001,1,COBYLA,512,0.6373046875
G0001,C03,N0,1000,1,SPSA,256,0.6296875
G0001,C03,N0,1001,1,SPSA,256,0.64296875
G0001,C04,N0,1000,1,SPSA,512,0.642578125
G0001,C04,N0,1001,1,SPSA,512,0.632421875
G0001,C05,N0,1000,2,COBYLA,256,0.660546875
G0001,C05,N0,1001,2,COBYLA,256,0.687890625
G0001,C06,N0,1000,2,COBYLA,512,0.6435546875
G0001,C06,N0,1001,2,COBYLA,512,0.6279296875
G0001,C07,N0,1000,2,SPSA,256,0.776171875
G0001,C07,N0,1001,2,SPSA,256,0.632421875
G0001,C08,N0,1000,2,SPSA,512,0.6939453125
G0001,C08,N0,1001,2,SPSA,512,0.6408203125
G0001,C09,N0,1000,3,COBYLA,256,0.674609375
G0001,C09,N0,1001,3,COBYLA,256,0.619140625
G0001,C10,N0,1000,3,COBYLA,512,0.639453125
G0001,C10,N0,1001,3,COBYLA,512,0.6216796875
G0001,C11,N0,1000,3,SPSA,256,0.78828125
G0001,C11,N0,1001,3,SPSA,256,0.648046875
G0001,C12,N0,1000,3,SPSA,512,0.7931640625
G0001,C12,N0,1001,3,SPSA,512,0.6591796875
G0002,C01,N0,1000,1,COBYLA,256,0.63671875
G0002,C01,N0,1001,1,COBYLA,256,0.634765625
G0002,C02,N0,1000,1,COBYLA,512,0.646484375
G0002,C02,N0,1001,1,COBYLA,512,0.6402994791666666
G0002,C03,N0,1000,1,SPSA,256,0.6614583333333334
G0002,C03,N0,1001,1,SPSA,256,0.6494140625
G0002,C04,N0,1000,1,SPSA,512,0.6595052083333334
G0002,C04,N0,1001,1,SPSA,512,0.6569010416666666
G0002,C05,N0,1000,2,COBYLA,256,0.6673177083333334
G0002,C05,N0,1001,2,COBYLA,256,0.630859375
G0002,C06,N0,1000,2,COBYLA,512,0.6761067708333334
G0002,C06,N0,1001,2,COBYLA,512,0.6486002604166666
G0002,C07,N0,1000,2,SPSA,256,0.6848958333333334
G0002,C07,N0,1001,2,SPSA,256,0.6546223958333334
G0002,C08,N0,1000,2,SPSA,512,0.6829427083333334
G0002,C08,N0,1001,2,SPSA,512,0.6536458333333334
G0002,C09,N0,1000,3,COBYLA,256,0.6728515625
G0002,C09,N0,1001,3,COBYLA,256,0.6451822916666666
G0002,C10,N0,1000,3,COBYLA,512,0.6871744791666666
G0002,C10,N0,1001,3,COBYLA,512,0.6546223958333334
G0002,C11,N0,1000,3,SPSA,256,0.677734375
G0002,C11,N0,1001,3,SPSA,256,0.6614583333333334
G0002,C12,N0,1000,3,SPSA,512,0.70068359375
G0002,C12,N0,1001,3,SPSA,512,0.6541341145833334
G0003,C01,N0,1000,1,COBYLA,256,0.646484375
G0003,C01,N0,1001,1,COBYLA,256,0.6188151041666666
G0003,C02,N0,1000,1,COBYLA,512,0.72802734375
G0003,C02,N0,1001,1,COBYLA,512,0.7294921875
G0003,C03,N0,1000,1,SPSA,256,0.6650390625
G0003,C03,N0,1001,1,SPSA,256,0.7220052083333334
G0003,C04,N0,1000,1,SPSA,512,0.7223307291666666
G0003,C04,N0,1001,1,SPSA,512,0.7286783854166666
G0003,C05,N0,1000,2,COBYLA,256,0.6871744791666666
G0003,C05,N0,1001,2,COBYLA,256,0.7047526041666666
G0003,C06,N0,1000,2,COBYLA,512,0.7021484375
G0003,C06,N0,1001,2,COBYLA,512,0.70068359375
G0003,C07,N0,1000,2,SPSA,256,0.625
G0003,C07,N0,1001,2,SPSA,256,0.7356770833333334
G0003,C08,N0,1000,2,SPSA,512,0.6331380208333334
G0003,C08,N0,1001,2,SPSA,512,0.7311197916666666
G0003,C09,N0,1000,3,COBYLA,256,0.6396484375
G0003,C09,N0,1001,3,COBYLA,256,0.7412109375
G0003,C10,N0,1000,3,COBYLA,512,0.6402994791666666
G0003,C10,N0,1001,3,COBYLA,512,0.7180989583333334
G0003,C11,N0,1000,3,SPSA,256,0.7568359375
G0003,C11,N0,1001,3,SPSA,256,0.7298177083333334
G0003,C12,N0,1000,3,SPSA,512,0.7439778645833334
G0003,C12,N0,1001,3,SPSA,512,0.73828125
G0004,C01,N0,1000,1,COBYLA,256,0.7338169642857143
G0004,C01,N0,1001,1,COBYLA,256,0.6068638392857143
G0004,C02,N0,1000,1,COBYLA,512,0.5637555803571429
G0004,C02,N0,1001,1,COBYLA,512,0.6096540178571429
G0004,C03,N0,1000,1,SPSA,256,0.5909598214285714
G0004,C03,N0,1001,1,SPSA,256,0.5524553571428571
G0004,C04,N0,1000,1,SPSA,512,0.5897042410714286
G0004,C04,N0,1001,1,SPSA,512,0.5592912946428571
G0004,C05,N0,1000,2,COBYLA,256,0.5756138392857143
G0004,C05,N0,1001,2,COBYLA,256,0.5842633928571429
G0004,C06,N0,1000,2,COBYLA,512,0.6188616071428571
G0004,C06,N0,1001,2,COBYLA,512,0.5796595982142857
G0004,C07,N0,1000,2,SPSA,256,0.6149553571428571
G0004,C07,N0,1001,2,SPSA,256,0.5926339285714286
G0004,C08,N0,1000,2,SPSA,512,0.595703125
G0004,C08,N0,1001,2,SPSA,512,0.6004464285714286
G0004,C09,N0,1000,3,COBYLA,256,0.5998883928571429
G0004,C09,N0,1001,3,COBYLA,256,0.6015625
G0004,C10,N0,1000,3,COBYLA,512,0.5959821428571429
G0004,C10,N0,1001,3,COBYLA,512,0.6046316964285714
G0004,C11,N0,1000,3,SPSA,256,0.5998883928571429
G0004,C11,N0,1001,3,SPSA,256,0.5998883928571429
G0004,C12,N0,1000,3,SPSA,512,0.6085379464285714
G0004,C12,N0,1001,3,SPSA,512,0.6134207589285714
G0005,C01,N0,1000,1,COBYLA,256,0.64140625
G0005,C01,N0,1001,1,COBYLA,256,0.683984375
G0005,C02,N0,1000,1,COBYLA,512,0.6349609375
G0005,C02,N0,1001,1,COBYLA,512,0.6267578125
G0005,C03,N0,1000,1,SPSA,256,0.67734375
G0005,C03,N0,1001,1,SPSA,256,0.66875
G0005,C04,N0,1000,1,SPSA,512,0.7091796875
G0005,C04,N0,1001,1,SPSA,512,0.66171875
G0005,C05,N0,1000,2,COBYLA,256,0.703125
G0005,C05,N0,1001,2,COBYLA,256,0.65234375
G0005,C06,N0,1000,2,COBYLA,512,0.7970703125
G0005,C06,N0,1001,2,COBYLA,512,0.63828125
G0005,C07,N0,1000,2,SPSA,256,0.71640625
G0005,C07,N0,1001,2,SPSA,256,0.6609375
G0005,C08,N0,1000,2,SPSA,512,0.7939453125
G0005,C08,N0,1001,2,SPSA,512,0.6525390625
G0005,C09,N0,1000,3,COBYLA,256,0.6953125
G0005,C09,N0,1001,3,COBYLA,256,0.640234375
G0005,C10,N0,1000,3,COBYLA,512,0.626953125
G0005,C10,N0,1001,3,COBYLA,512,0.658203125
G0005,C11,N0,1000,3,SPSA,256,0.81171875
G0005,C11,N0,1001,3,SPSA,256,0.80078125
G0005,C12,N0,1000,3,SPSA,512,0.81484375
G0005,C12,N0,1001,3,SPSA,512,0.85390625
G0006,C01,N0,1000,1,COBYLA,256,0.6031901041666666
G0006,C01,N0,1001,1,COBYLA,256,0.62109375
G0006,C02,N0,1000,1,COBYLA,512,0.6285807291666666
G0006,C02,N0,1001,1,COBYLA,512,0.6184895833333334
G0006,C03,N0,1000,1,SPSA,256,0.6168619791666666
G0006,C03,N0,1001,1,SPSA,256,0.6341145833333334
G0006,C04,N0,1000,1,SPSA,512,0.62744140625
G0006,C04,N0,1001,1,SPSA,512,0.6298828125
G0006,C05,N0,1000,2,COBYLA,256,0.6520182291666666
G0006,C05,N0,1001,2,COBYLA,256,0.5960286458333334
G0006,C06,N0,1000,2,COBYLA,512,0.6573893229166666
G0006,C06,N0,1001,2,COBYLA,512,0.6184895833333334
G0006,C07,N0,1000,2,SPSA,256,0.6474609375
G0006,C07,N0,1001,2,SPSA,256,0.6324869791666666
G0006,C08,N0,1000,2,SPSA,512,0.6487630208333334
G0006,C08,N0,1001,2,SPSA,512,0.6318359375
G0006,C09,N0,1000,3,COBYLA,256,0.5901692708333334
G0006,C09,N0,1001,3,COBYLA,256,0.5810546875
G0006,C10,N0,1000,3,COBYLA,512,0.63623046875
G0006,C10,N0,1001,3,COBYLA,512,0.6142578125
G0006,C11,N0,1000,3,SPSA,256,0.6370442708333334
G0006,C11,N0,1001,3,SPSA,256,0.6402994791666666
G0006,C12,N0,1000,3,SPSA,512,0.64013671875
G0006,C12,N0,1001,3,SPSA,512,0.64501953125
G0007,C01,N0,1000,1,COBYLA,256,0.5961538461538461
G0007,C01,N0,1001,1,COBYLA,256,0.6409254807692307
G0007,C02,N0,1000,1,COBYLA,512,0.6183894230769231
G0007,C02,N0,1001,1,COBYLA,512,0.6696213942307693
G0007,C03,N0,1000,1,SPSA,256,0.6430288461538461
G0007,C03,N0,1001,1,SPSA,256,0.6042668269230769
G0007,C04,N0,1000,1,SPSA,512,0.6080228365384616
G0007,C04,N0,1001,1,SPSA,512,0.5972055288461539
G0007,C05,N0,1000,2,COBYLA,256,0.6231971153846154
G0007,C05,N0,1001,2,COBYLA,256,0.6631610576923077
G0007,C06,N0,1000,2,COBYLA,512,0.6744290865384616
G0007,C06,N0,1001,2,COBYLA,512,0.6490384615384616
G0007,C07,N0,1000,2,SPSA,256,0.7749399038461539
G0007,C07,N0,1001,2,SPSA,256,0.6274038461538461
G0007,C08,N0,1000,2,SPSA,512,0.6911057692307693
G0007,C08,N0,1001,2,SPSA,512,0.6212439903846154
G0007,C09,N0,1000,3,COBYLA,256,0.6021634615384616
G0007,C09,N0,1001,3,COBYLA,256,0.65625
G0007,C10,N0,1000,3,COBYLA,512,0.6885516826923077
G0007,C10,N0,1001,3,COBYLA,512,0.6678185096153846
G0007,C11,N0,1000,3,SPSA,256,0.62109375
G0007,C11,N0,1001,3,SPSA,256,0.6754807692307693
G0007,C12,N0,1000,3,SPSA,512,0.6219951923076923
G0007,C12,N0,1001,3,SPSA,512,0.7025240384615384
G0008,C01,N0,1000,1,COBYLA,256,0.6695963541666666
G0008,C01,N0,1001,1,COBYLA,256,0.6770833333333334
G0008,C02,N0,1000,1,COBYLA,512,0.6778971354166666
G0008,C02,N0,1001,1,COBYLA,512,0.6805013020833334
G0008,C03,N0,1000,1,SPSA,256,0.6442057291666666
G0008,C03,N0,1001,1,SPSA,256,0.6490885416666666
G0008,C04,N0,1000,1,SPSA,512,0.7120768229166666
G0008,C04,N0,1001,1,SPSA,512,0.6617838541666666
G0008,C05,N0,1000,2,COBYLA,256,0.6302083333333334
G0008,C05,N0,1001,2,COBYLA,256,0.6471354166666666
G0008,C06,N0,1000,2,COBYLA,512,0.6902669270833334
G0008,C06,N0,1001,2,COBYLA,512,0.6435546875
G0008,C07,N0,1000,2,SPSA,256,0.75
G0008,C07,N0,1001,2,SPSA,256,0.6663411458333334
G0008,C08,N0,1000,2,SPSA,512,0.7638346354166666
G0008,C08,N0,1001,2,SPSA,512,0.66552734375
G0008,C09,N0,1000,3,COBYLA,256,0.6442057291666666
G0008,C09,N0,1001,3,COBYLA,256,0.67578125
G0008,C10,N0,1000,3,COBYLA,512,0.6417643229166666
G0008,C10,N0,1001,3,COBYLA,512,0.6627604166666666
G0008,C11,N0,1000,3,SPSA,256,0.6832682291666666
G0008,C11,N0,1001,3,SPSA,256,0.6878255208333334
G0008,C12,N0,1000,3,SPSA,512,0.70703125
G0008,C12,N0,1001,3,SPSA,512,0.6780598958333334
G0009,C01,N0,1000,1,COBYLA,256,0.5919270833333333
G0009,C01,N0,1001,1,COBYLA,256,0.5651041666666666
G0009,C02,N0,1000,1,COBYLA,512,0.73515625
G0009,C02,N0,1001,1,COBYLA,512,0.5717447916666667
G0009,C03,N0,1000,1,SPSA,256,0.5721354166666667
G0009,C03,N0,1001,1,SPSA,256,0.5955729166666667
G0009,C04,N0,1000,1,SPSA,512,0.571484375
G0009,C04,N0,1001,1,SPSA,512,0.5936197916666667
G0009,C05,N0,1000,2,COBYLA,256,0.5875
G0009,C05,N0,1001,2,COBYLA,256,0.575
G0009,C06,N0,1000,2,COBYLA,512,0.5860677083333333
G0009,C06,N0,1001,2,COBYLA,512,0.5852864583333334
G0009,C07,N0,1000,2,SPSA,256,0.5875
G0009,C07,N0,1001,2,SPSA,256,0.5869791666666667
G0009,C08,N0,1000,2,SPSA,512,0.5856770833333333
G0009,C08,N0,1001,2,SPSA,512,0.5860677083333333
G0009,C09,N0,1000,3,COBYLA,256,0.60546875
G0009,C09,N0,1001,3,COBYLA,256,0.5815104166666667
G0009,C10,N0,1000,3,COBYLA,512,0.5822916666666667
G0009,C10,N0,1001,3,COBYLA,512,0.60078125
G0009,C11,N0,1000,3,SPSA,256,0.55703125
G0009,C11,N0,1001,3,SPSA,256,0.584375
G0009,C12,N0,1000,3,SPSA,512,0.5716145833333334
G0009,C12,N0,1001,3,SPSA,512,0.5856770833333333
G0010,C01,N0,1000,1,COBYLA,256,0.5560825892857143
G0010,C01,N0,1001,1,COBYLA,256,0.7003348214285714
G0010,C02,N0,1000,1,COBYLA,512,0.5477120535714286
G0010,C02,N0,1001,1,COBYLA,512,0.6923828125
G0010,C03,N0,1000,1,SPSA,256,0.6618303571428571
G0010,C03,N0,1001,1,SPSA,256,0.5463169642857143
G0010,C04,N0,1000,1,SPSA,512,0.6064453125
G0010,C04,N0,1001,1,SPSA,512,0.5638950892857143
G0010,C05,N0,1000,2,COBYLA,256,0.5965401785714286
G0010,C05,N0,1001,2,COBYLA,256,0.572265625
G0010,C06,N0,1000,2,COBYLA,512,0.5772879464285714
G0010,C06,N0,1001,2,COBYLA,512,0.6141183035714286
G0010,C07,N0,1000,2,SPSA,256,0.6219308035714286
G0010,C07,N0,1001,2,SPSA,256,0.6060267857142857
G0010,C08,N0,1000,2,SPSA,512,0.6079799107142857
G0010,C08,N0,1001,2,SPSA,512,0.5969587053571429
G0010,C09,N0,1000,3,COBYLA,256,0.54296875
G0010,C09,N0,1001,3,COBYLA,256,0.603515625
G0010,C10,N0,1000,3,COBYLA,512,0.5435267857142857
G0010,C10,N0,1001,3,COBYLA,512,0.6063058035714286
G0010,C11,N0,1000,3,SPSA,256,0.5895647321428571
G0010,C11,N0,1001,3,SPSA,256,0.744140625
G0010,C12,N0,1000,3,SPSA,512,0.5862165178571429
G0010,C12,N0,1001,3,SPSA,512,0.7950613839285714
G0011,C01,N0,1000,1,COBYLA,256,0.6390625
G0011,C01,N0,1001,1,COBYLA,256,0.6361328125
G0011,C02,N0,1000,1,COBYLA,512,0.6427734375
G0011,C02,N0,1001,1,COBYLA,512,0.62939453125
G0011,C03,N0,1000,1,SPSA,256,0.6421875
G0011,C03,N0,1001,1,SPSA,256,0.625390625
G0011,C04,N0,1000,1,SPSA,512,0.64287109375
G0011,C04,N0,1001,1,SPSA,512,0.636328125
G0011,C05,N0,1000,2,COBYLA,256,0.6390625
G0011,C05,N0,1001,2,COBYLA,256,0.6255859375
G0011,C06,N0,1000,2,COBYLA,512,0.75361328125
G0011,C06,N0,1001,2,COBYLA,512,0.63291015625
G0011,C07,N0,1000,2,SPSA,256,0.715234375
G0011,C07,N0,1001,2,SPSA,256,0.6224609375
G0011,C08,N0,1000,2,SPSA,512,0.6873046875
G0011,C08,N0,1001,2,SPSA,512,0.6296875
G0011,C09,N0,1000,3,COBYLA,256,0.62734375
G0011,C09,N0,1001,3,COBYLA,256,0.62421875
G0011,C10,N0,1000,3,COBYLA,512,0.6470703125
G0011,C10,N0,1001,3,COBYLA,512,0.6525390625
G0011,C11,N0,1000,3,SPSA,256,0.652734375
G0011,C11,N0,1001,3,SPSA,256,0.6494140625
G0011,C12,N0,1000,3,SPSA,512,0.7546875
G0011,C12,N0,1001,3,SPSA,512,0.65234375
G0012,C01,N0,1000,1,COBYLA,256,0.6056857638888888
G0012,C01,N0,1001,1,COBYLA,256,0.5998263888888888
G0012,C02,N0,1000,1,COBYLA,512,0.6239149305555556
G0012,C02,N0,1001,1,COBYLA,512,0.626953125
G0012,C03,N0,1000,1,SPSA,256,0.6271701388888888
G0012,C03,N0,1001,1,SPSA,256,0.5989583333333334
G0012,C04,N0,1000,1,SPSA,512,0.6220703125
G0012,C04,N0,1001,1,SPSA,512,0.6085069444444444
G0012,C05,N0,1000,2,COBYLA,256,0.6017795138888888
G0012,C05,N0,1001,2,COBYLA,256,0.6043836805555556
G0012,C06,N0,1000,2,COBYLA,512,0.7616102430555556
G0012,C06,N0,1001,2,COBYLA,512,0.6261935763888888
G0012,C07,N0,1000,2,SPSA,256,0.6401909722222222
G0012,C07,N0,1001,2,SPSA,256,0.6117621527777778
G0012,C08,N0,1000,2,SPSA,512,0.7542317708333334
G0012,C08,N0,1001,2,SPSA,512,0.6194661458333334
G0012,C09,N0,1000,3,COBYLA,256,0.6299913194444444
G0012,C09,N0,1001,3,COBYLA,256,0.5989583333333334
G0012,C10,N0,1000,3,COBYLA,512,0.6907552083333334
G0012,C10,N0,1001,3,COBYLA,512,0.6353081597222222
G0012,C11,N0,1000,3,SPSA,256,0.638671875
G0012,C11,N0,1001,3,SPSA,256,0.6206597222222222
G0012,C12,N0,1000,3,SPSA,512,0.6368272569444444
G0012,C12,N0,1001,3,SPSA,512,0.6325954861111112
G0013,C01,N0,1000,1,COBYLA,256,0.6454613095238095
G0013,C01,N0,1001,1,COBYLA,256,0.6506696428571429
G0013,C02,N0,1000,1,COBYLA,512,0.6023995535714286
G0013,C02,N0,1001,1,COBYLA,512,0.6510416666666666
G0013,C03,N0,1000,1,SPSA,256,0.6419270833333334
G0013,C03,N0,1001,1,SPSA,256,0.6421130952380952
G0013,C04,N0,1000,1,SPSA,512,0.6420200892857143
G0013,C04,N0,1001,1,SPSA,512,0.6476004464285714
G0013,C05,N0,1000,2,COBYLA,256,0.6270461309523809
G0013,C05,N0,1001,2,COBYLA,256,0.6264880952380952
G0013,C06,N0,1000,2,COBYLA,512,0.6414620535714286
G0013,C06,N0,1001,2,COBYLA,512,0.6541108630952381
G0013,C07,N0,1000,2,SPSA,256,0.6441592261904762
G0013,C07,N0,1001,2,SPSA,256,0.6452752976190477
G0013,C08,N0,1000,2,SPSA,512,0.6596912202380952
G0013,C08,N0,1001,2,SPSA,512,0.6408110119047619
G0013,C09,N0,1000,3,COBYLA,256,0.6199776785714286
G0013,C09,N0,1001,3,COBYLA,256,0.6350446428571429
G0013,C10,N0,1000,3,COBYLA,512,0.619140625
G0013,C10,N0,1001,3,COBYLA,512,0.6650855654761905
G0013,C11,N0,1000,3,SPSA,256,0.6430431547619048
G0013,C11,N0,1001,3,SPSA,256,0.6437872023809523
G0013,C12,N0,1000,3,SPSA,512,0.6295572916666666
G0013,C12,N0,1001,3,SPSA,512,0.6495535714285714
G0014,C01,N0,1000,1,COBYLA,256,0.576891447368421
G0014,C01,N0,1001,1,COBYLA,256,0.572985197368421
G0014,C02,N0,1000,1,COBYLA,512,0.5870682565789473
G0014,C02,N0,1001,1,COBYLA,512,0.5824424342105263
G0014,C03,N0,1000,1,SPSA,256,0.59765625
G0014,C03,N0,1001,1,SPSA,256,0.578125
G0014,C04,N0,1000,1,SPSA,512,0.5921052631578947
G0014,C04,N0,1001,1,SPSA,512,0.5885074013157895
G0014,C05,N0,1000,2,COBYLA,256,0.5803865131578947
G0014,C05,N0,1001,2,COBYLA,256,0.5783305921052632
G0014,C06,N0,1000,2,COBYLA,512,0.5936472039473685
G0014,C06,N0,1001,2,COBYLA,512,0.5892269736842105
G0014,C07,N0,1000,2,SPSA,256,0.5810032894736842
G0014,C07,N0,1001,2,SPSA,256,0.5748355263157895
G0014,C08,N0,1000,2,SPSA,512,0.5842927631578947
G0014,C08,N0,1001,2,SPSA,512,0.5912828947368421
G0014,C09,N0,1000,3,COBYLA,256,0.5760690789473685
G0014,C09,N0,1001,3,COBYLA,256,0.5853207236842105
G0014,C10,N0,1000,3,COBYLA,512,0.5797697368421053
G0014,C10,N0,1001,3,COBYLA,512,0.588610197368421
G0014,C11,N0,1000,3,SPSA,256,0.5789473684210527
G0014,C11,N0,1001,3,SPSA,256,0.5840871710526315
G0014,C12,N0,1000,3,SPSA,512,0.5838815789473685
G0014,C12,N0,1001,3,SPSA,512,0.5875822368421053
G0015,C01,N0,1000,1,COBYLA,256,0.6663240131578947
G0015,C01,N0,1001,1,COBYLA,256,0.6572779605263158
G0015,C02,N0,1000,1,COBYLA,512,0.611328125
G0015,C02,N0,1001,1,COBYLA,512,0.6747532894736842
G0015,C03,N0,1000,1,SPSA,256,0.5818256578947368
G0015,C03,N0,1001,1,SPSA,256,0.62890625
G0015,C04,N0,1000,1,SPSA,512,0.6062911184210527
G0015,C04,N0,1001,1,SPSA,512,0.6112253289473685
G0015,C05,N0,1000,2,COBYLA,256,0.6138980263157895
G0015,C05,N0,1001,2,COBYLA,256,0.6437088815789473
G0015,C06,N0,1000,2,COBYLA,512,0.6806126644736842
G0015,C06,N0,1001,2,COBYLA,512,0.6559416118421053
G0015,C07,N0,1000,2,SPSA,256,0.6402138157894737
G0015,C07,N0,1001,2,SPSA,256,0.6774259868421053
G0015,C08,N0,1000,2,SPSA,512,0.6326069078947368
G0015,C08,N0,1001,2,SPSA,512,0.6839021381578947
G0015,C09,N0,1000,3,COBYLA,256,0.5974506578947368
G0015,C09,N0,1001,3,COBYLA,256,0.6825657894736842
G0015,C10,N0,1000,3,COBYLA,512,0.6059827302631579
G0015,C10,N0,1001,3,COBYLA,512,0.6688939144736842
G0015,C11,N0,1000,3,SPSA,256,0.6638569078947368
G0015,C11,N0,1001,3,SPSA,256,0.7006578947368421
G0015,C12,N0,1000,3,SPSA,512,0.68359375
G0015,C12,N0,1001,3,SPSA,512,0.6317845394736842
G0016,C01,N0,1000,1,COBYLA,256,0.6033203125
G0016,C01,N0,1001,1,COBYLA,256,0.5853515625
G0016,C02,N0,1000,1,COBYLA,512,0.61669921875
G0016,C02,N0,1001,1,COBYLA,512,0.60595703125
G0016,C03,N0,1000,1,SPSA,256,0.621484375
G0016,C03,N0,1001,1,SPSA,256,0.619921875
G0016,C04,N0,1000,1,SPSA,512,0.61708984375
G0016,C04,N0,1001,1,SPSA,512,0.61953125
G0016,C05,N0,1000,2,COBYLA,256,0.7330078125
G0016,C05,N0,1001,2,COBYLA,256,0.594140625
G0016,C06,N0,1000,2,COBYLA,512,0.59501953125
G0016,C06,N0,1001,2,COBYLA,512,0.59970703125
G0016,C07,N0,1000,2,SPSA,256,0.622265625
G0016,C07,N0,1001,2,SPSA,256,0.617578125
G0016,C08,N0,1000,2,SPSA,512,0.62421875
G0016,C08,N0,1001,2,SPSA,512,0.6232421875
G0016,C09,N0,1000,3,COBYLA,256,0.587890625
G0016,C09,N0,1001,3,COBYLA,256,0.6078125
G0016,C10,N0,1000,3,COBYLA,512,0.593359375
G0016,C10,N0,1001,3,COBYLA,512,0.616015625
G0016,C11,N0,1000,3,SPSA,256,0.6197265625
G0016,C11,N0,1001,3,SPSA,256,0.6162109375
G0016,C12,N0,1000,3,SPSA,512,0.60166015625
G0016,C12,N0,1001,3,SPSA,512,0.61376953125
G0017,C01,N0,1000,1,COBYLA,256,0.6342516447368421
G0017,C01,N0,1001,1,COBYLA,256,0.6254111842105263
G0017,C02,N0,1000,1,COBYLA,512,0.6429893092105263
G0017,C02,N0,1001,1,COBYLA,512,0.6365131578947368
G0017,C03,N0,1000,1,SPSA,256,0.6476151315789473
G0017,C03,N0,1001,1,SPSA,256,0.6332236842105263
G0017,C04,N0,1000,1,SPSA,512,0.6421669407894737
G0017,C04,N0,1001,1,SPSA,512,0.650390625
G0017,C05,N0,1000,2,COBYLA,256,0.6578947368421053
G0017,C05,N0,1001,2,COBYLA,256,0.6509046052631579
G0017,C06,N0,1000,2,COBYLA,512,0.665296052631579
G0017,C06,N0,1001,2,COBYLA,512,0.6500822368421053
G0017,C07,N0,1000,2,SPSA,256,0.6669407894736842
G0017,C07,N0,1001,2,SPSA,256,0.6566611842105263
G0017,C08,N0,1000,2,SPSA,512,0.6455592105263158
G0017,C08,N0,1001,2,SPSA,512,0.6461759868421053
G0017,C09,N0,1000,3,COBYLA,256,0.6091694078947368
G0017,C09,N0,1001,3,COBYLA,256,0.6430921052631579
G0017,C10,N0,1000,3,COBYLA,512,0.6240748355263158
G0017,C10,N0,1001,3,COBYLA,512,0.649157072368421
G0017,C11,N0,1000,3,SPSA,256,0.647203947368421
G0017,C11,N0,1001,3,SPSA,256,0.6566611842105263
G0017,C12,N0,1000,3,SPSA,512,0.6456620065789473
G0017,C12,N0,1001,3,SPSA,512,0.6463815789473685
G0018,C01,N0,1000,1,COBYLA,256,0.5765165441176471
G0018,C01,N0,1001,1,COBYLA,256,0.6530330882352942
G0018,C02,N0,1000,1,COBYLA,512,0.7642463235294118
G0018,C02,N0,1001,1,COBYLA,512,0.6465992647058824
G0018,C03,N0,1000,1,SPSA,256,0.5962775735294118
G0018,C03,N0,1001,1,SPSA,256,0.6564797794117647
G0018,C04,N0,1000,1,SPSA,512,0.5986902573529411
G0018,C04,N0,1001,1,SPSA,512,0.6595818014705882
G0018,C05,N0,1000,2,COBYLA,256,0.6357996323529411
G0018,C05,N0,1001,2,COBYLA,256,0.6401654411764706
G0018,C06,N0,1000,2,COBYLA,512,0.6007582720588235
G0018,C06,N0,1001,2,COBYLA,512,0.6441865808823529
G0018,C07,N0,1000,2,SPSA,256,0.6286764705882353
G0018,C07,N0,1001,2,SPSA,256,0.6429227941176471
G0018,C08,N0,1000,2,SPSA,512,0.5958180147058824
G0018,C08,N0,1001,2,SPSA,512,0.6525735294117647
G0018,C09,N0,1000,3,COBYLA,256,0.7624080882352942
G0018,C09,N0,1001,3,COBYLA,256,0.6498161764705882
G0018,C10,N0,1000,3,COBYLA,512,0.7699908088235294
G0018,C10,N0,1001,3,COBYLA,512,0.6487821691176471
G0018,C11,N0,1000,3,SPSA,256,0.7405790441176471
G0018,C11,N0,1001,3,SPSA,256,0.6454503676470589
G0018,C12,N0,1000,3,SPSA,512,0.7607996323529411
G0018,C12,N0,1001,3,SPSA,512,0.6437270220588235
G0019,C01,N0,1000,1,COBYLA,256,0.6125
G0019,C01,N0,1001,1,COBYLA,256,0.6990234375
G0019,C02,N0,1000,1,COBYLA,512,0.63193359375
G0019,C02,N0,1001,1,COBYLA,512,0.7228515625
G0019,C03,N0,1000,1,SPSA,256,0.6216796875
G0019,C03,N0,1001,1,SPSA,256,0.7373046875
G0019,C04,N0,1000,1,SPSA,512,0.6212890625
G0019,C04,N0,1001,1,SPSA,512,0.72744140625
G0019,C05,N0,1000,2,COBYLA,256,0.70859375
G0019,C05,N0,1001,2,COBYLA,256,0.755859375
G0019,C06,N0,1000,2,COBYLA,512,0.62705078125
G0019,C06,N0,1001,2,COBYLA,512,0.76123046875
G0019,C07,N0,1000,2,SPSA,256,0.622265625
G0019,C07,N0,1001,2,SPSA,256,0.73046875
G0019,C08,N0,1000,2,SPSA,512,0.62216796875
G0019,C08,N0,1001,2,SPSA,512,0.6970703125
G0019,C09,N0,1000,3,COBYLA,256,0.79921875
G0019,C09,N0,1001,3,COBYLA,256,0.7216796875
G0019,C10,N0,1000,3,COBYLA,512,0.78486328125
G0019,C10,N0,1001,3,COBYLA,512,0.740234375
G0019,C11,N0,1000,3,SPSA,256,0.637890625
G0019,C11,N0,1001,3,SPSA,256,0.764453125
G0019,C12,N0,1000,3,SPSA,512,0.62421875
G0019,C12,N0,1001,3,SPSA,512,0.7251953125
G0020,C01,N0,1000,1,COBYLA,256,0.762952302631579
G0020,C01,N0,1001,1,COBYLA,256,0.7123766447368421
G0020,C02,N0,1000,1,COBYLA,512,0.701891447368421
G0020,C02,N0,1001,1,COBYLA,512,0.707750822368421
G0020,C03,N0,1000,1,SPSA,256,0.7053865131578947
G0020,C03,N0,1001,1,SPSA,256,0.7000411184210527
G0020,C04,N0,1000,1,SPSA,512,0.7114514802631579
G0020,C04,N0,1001,1,SPSA,512,0.7065172697368421
G0020,C05,N0,1000,2,COBYLA,256,0.7243009868421053
G0020,C05,N0,1001,2,COBYLA,256,0.7150493421052632
G0020,C06,N0,1000,2,COBYLA,512,0.735094572368421
G0020,C06,N0,1001,2,COBYLA,512,0.7122738486842105
G0020,C07,N0,1000,2,SPSA,256,0.7020970394736842
G0020,C07,N0,1001,2,SPSA,256,0.7072368421052632
G0020,C08,N0,1000,2,SPSA,512,0.7266652960526315
G0020,C08,N0,1001,2,SPSA,512,0.7044613486842105
G0020,C09,N0,1000,3,COBYLA,256,0.7125822368421053
G0020,C09,N0,1001,3,COBYLA,256,0.7074424342105263
G0020,C10,N0,1000,3,COBYLA,512,0.7081620065789473
G0020,C10,N0,1001,3,COBYLA,512,0.7172080592105263
G0020,C11,N0,1000,3,SPSA,256,0.7380756578947368
G0020,C11,N0,1001,3,SPSA,256,0.7131990131578947
G0020,C12,N0,1000,3,SPSA,512,0.727282072368421
G0020,C12,N0,1001,3,SPSA,512,0.7186472039473685
G0021,C01,N0,1000,1,COBYLA,256,0.6969866071428571
G0021,C01,N0,1001,1,COBYLA,256,0.7608816964285714
G0021,C02,N0,1000,1,COBYLA,512,0.7254464285714286
G0021,C02,N0,1001,1,COBYLA,512,0.7739955357142857
G0021,C03,N0,1000,1,SPSA,256,0.7017299107142857
G0021,C03,N0,1001,1,SPSA,256,0.7705078125
G0021,C04,N0,1000,1,SPSA,512,0.7003348214285714
G0021,C04,N0,1001,1,SPSA,512,0.7707170758928571
G0021,C05,N0,1000,2,COBYLA,256,0.716796875
G0021,C05,N0,1001,2,COBYLA,256,0.7621372767857143
G0021,C06,N0,1000,2,COBYLA,512,0.71142578125
G0021,C06,N0,1001,2,COBYLA,512,0.7688337053571429
G0021,C07,N0,1000,2,SPSA,256,0.685546875
G0021,C07,N0,1001,2,SPSA,256,0.7686941964285714
G0021,C08,N0,1000,2,SPSA,512,0.7562081473214286
G0021,C08,N0,1001,2,SPSA,512,0.7657645089285714
G0021,C09,N0,1000,3,COBYLA,256,0.6930803571428571
G0021,C09,N0,1001,3,COBYLA,256,0.7691127232142857
G0021,C10,N0,1000,3,COBYLA,512,0.6961495535714286
G0021,C10,N0,1001,3,COBYLA,512,0.7715541294642857
G0021,C11,N0,1000,3,SPSA,256,0.7907366071428571
G0021,C11,N0,1001,3,SPSA,256,0.7586495535714286
G0021,C12,N0,1000,3,SPSA,512,0.7629045758928571
G0021,C12,N0,1001,3,SPSA,512,0.7732282366071429
G0022,C01,N0,1000,1,COBYLA,256,0.6053185096153846
G0022,C01,N0,1001,1,COBYLA,256,0.6042668269230769
G0022,C02,N0,1000,1,COBYLA,512,0.6114032451923077
G0022,C02,N0,1001,1,COBYLA,512,0.6132061298076923
G0022,C03,N0,1000,1,SPSA,256,0.6062199519230769
G0022,C03,N0,1001,1,SPSA,256,0.6099759615384616
G0022,C04,N0,1000,1,SPSA,512,0.6220703125
G0022,C04,N0,1001,1,SPSA,512,0.6234975961538461
G0022,C05,N0,1000,2,COBYLA,256,0.6256009615384616
G0022,C05,N0,1001,2,COBYLA,256,0.6065204326923077
G0022,C06,N0,1000,2,COBYLA,512,0.6295823317307693
G0022,C06,N0,1001,2,COBYLA,512,0.6221454326923077
G0022,C07,N0,1000,2,SPSA,256,0.6086237980769231
G0022,C07,N0,1001,2,SPSA,256,0.6026141826923077
G0022,C08,N0,1000,2,SPSA,512,0.6100510817307693
G0022,C08,N0,1001,2,SPSA,512,0.6195913461538461
G0022,C09,N0,1000,3,COBYLA,256,0.6072716346153846
G0022,C09,N0,1001,3,COBYLA,256,0.6266526442307693
G0022,C10,N0,1000,3,COBYLA,512,0.6084735576923077
G0022,C10,N0,1001,3,COBYLA,512,0.6274789663461539
G0022,C11,N0,1000,3,SPSA,256,0.6183894230769231
G0022,C11,N0,1001,3,SPSA,256,0.6280048076923077
G0022,C12,N0,1000,3,SPSA,512,0.6158353365384616
G0022,C12,N0,1001,3,SPSA,512,0.6333383413461539
G0023,C01,N0,1000,1,COBYLA,256,0.603125
G0023,C01,N0,1001,1,COBYLA,256,0.600625
G0023,C02,N0,1000,1,COBYLA,512,0.618046875
G0023,C02,N0,1001,1,COBYLA,512,0.602265625
G0023,C03,N0,1000,1,SPSA,256,0.59875
G0023,C03,N0,1001,1,SPSA,256,0.600625
G0023,C04,N0,1000,1,SPSA,512,0.59828125
G0023,C04,N0,1001,1,SPSA,512,0.606875
G0023,C05,N0,1000,2,COBYLA,256,0.74109375
G0023,C05,N0,1001,2,COBYLA,256,0.6071875
G0023,C06,N0,1000,2,COBYLA,512,0.6096875
G0023,C06,N0,1001,2,COBYLA,512,0.598359375
G0023,C07,N0,1000,2,SPSA,256,0.64484375
G0023,C07,N0,1001,2,SPSA,256,0.6071875
G0023,C08,N0,1000,2,SPSA,512,0.604609375
G0023,C08,N0,1001,2,SPSA,512,0.602578125
G0023,C09,N0,1000,3,COBYLA,256,0.5875
G0023,C09,N0,1001,3,COBYLA,256,0.61546875
G0023,C10,N0,1000,3,COBYLA,512,0.60984375
G0023,C10,N0,1001,3,COBYLA,512,0.620546875
G0023,C11,N0,1000,3,SPSA,256,0.5984375
G0023,C11,N0,1001,3,SPSA,256,0.61390625
G0023,C12,N0,1000,3,SPSA,512,0.60578125
G0023,C12,N0,1001,3,SPSA,512,0.609453125
G0024,C01,N0,1000,1,COBYLA,256,0.6950120192307693
G0024,C01,N0,1001,1,COBYLA,256,0.7512019230769231
G0024,C02,N0,1000,1,COBYLA,512,0.7919170673076923
G0024,C02,N0,1001,1,COBYLA,512,0.8001051682692307
G0024,C03,N0,1000,1,SPSA,256,0.6783353365384616
G0024,C03,N0,1001,1,SPSA,256,0.7938701923076923
G0024,C04,N0,1000,1,SPSA,512,0.6793870192307693
G0024,C04,N0,1001,1,SPSA,512,0.7930438701923077
G0024,C05,N0,1000,2,COBYLA,256,0.7901141826923077
G0024,C05,N0,1001,2,COBYLA,256,0.7231069711538461
G0024,C06,N0,1000,2,COBYLA,512,0.7919921875
G0024,C06,N0,1001,2,COBYLA,512,0.7923677884615384
G0024,C07,N0,1000,2,SPSA,256,0.7878605769230769
G0024,C07,N0,1001,2,SPSA,256,0.7818509615384616
G0024,C08,N0,1000,2,SPSA,512,0.7653996394230769
G0024,C08,N0,1001,2,SPSA,512,0.7884615384615384
G0024,C09,N0,1000,3,COBYLA,256,0.6682692307692307
G0024,C09,N0,1001,3,COBYLA,256,0.8115985576923077
G0024,C10,N0,1000,3,COBYLA,512,0.7176983173076923
G0024,C10,N0,1001,3,COBYLA,512,0.8267728365384616
G0024,C11,N0,1000,3,SPSA,256,0.7600661057692307
G0024,C11,N0,1001,3,SPSA,256,0.7699819711538461
G0024,C12,N0,1000,3,SPSA,512,0.7653245192307693
G0024,C12,N0,1001,3,SPSA,512,0.7499248798076923
G0025,C01,N0,1000,1,COBYLA,256,0.6297743055555556
G0025,C01,N0,1001,1,COBYLA,256,0.6299189814814815
G0025,C02,N0,1000,1,COBYLA,512,0.6327401620370371
G0025,C02,N0,1001,1,COBYLA,512,0.6250723379629629
G0025,C03,N0,1000,1,SPSA,256,0.6341145833333334
G0025,C03,N0,1001,1,SPSA,256,0.6383101851851852
G0025,C04,N0,1000,1,SPSA,512,0.6326678240740741
G0025,C04,N0,1001,1,SPSA,512,0.6313657407407407
G0025,C05,N0,1000,2,COBYLA,256,0.6414930555555556
G0025,C05,N0,1001,2,COBYLA,256,0.6264467592592593
G0025,C06,N0,1000,2,COBYLA,512,0.6399739583333334
G0025,C06,N0,1001,2,COBYLA,512,0.6267361111111112
G0025,C07,N0,1000,2,SPSA,256,0.6929976851851852
G0025,C07,N0,1001,2,SPSA,256,0.6317997685185185
G0025,C08,N0,1000,2,SPSA,512,0.6355613425925926
G0025,C08,N0,1001,2,SPSA,512,0.6328848379629629
G0025,C09,N0,1000,3,COBYLA,256,0.6284722222222222
G0025,C09,N0,1001,3,COBYLA,256,0.6286168981481481
G0025,C10,N0,1000,3,COBYLA,512,0.6238425925925926
G0025,C10,N0,1001,3,COBYLA,512,0.6378761574074074
G0025,C11,N0,1000,3,SPSA,256,0.6397569444444444
G0025,C11,N0,1001,3,SPSA,256,0.6474247685185185
G0025,C12,N0,1000,3,SPSA,512,0.6341869212962963
G0025,C12,N0,1001,3,SPSA,512,0.6459780092592593
G0026,C01,N0,1000,1,COBYLA,256,0.6950231481481481
G0026,C01,N0,1001,1,COBYLA,256,0.6780960648148148
G0026,C02,N0,1000,1,COBYLA,512,0.6848958333333334
G0026,C02,N0,1001,1,COBYLA,512,0.6877170138888888
G0026,C03,N0,1000,1,SPSA,256,0.6805555555555556
G0026,C03,N0,1001,1,SPSA,256,0.6795428240740741
G0026,C04,N0,1000,1,SPSA,512,0.6802662037037037
G0026,C04,N0,1001,1,SPSA,512,0.6854745370370371
G0026,C05,N0,1000,2,COBYLA,256,0.6935763888888888
G0026,C05,N0,1001,2,COBYLA,256,0.6699942129629629
G0026,C06,N0,1000,2,COBYLA,512,0.6791811342592593
G0026,C06,N0,1001,2,COBYLA,512,0.6737557870370371
G0026,C07,N0,1000,2,SPSA,256,0.6851851851851852
G0026,C07,N0,1001,2,SPSA,256,0.6772280092592593
G0026,C08,N0,1000,2,SPSA,512,0.6862702546296297
G0026,C08,N0,1001,2,SPSA,512,0.6788917824074074
G0026,C09,N0,1000,3,COBYLA,256,0.6750578703703703
G0026,C09,N0,1001,3,COBYLA,256,0.6809895833333334
G0026,C10,N0,1000,3,COBYLA,512,0.6887297453703703
G0026,C10,N0,1001,3,COBYLA,512,0.6814236111111112
G0026,C11,N0,1000,3,SPSA,256,0.6953125
G0026,C11,N0,1001,3,SPSA,256,0.6776620370370371
G0026,C12,N0,1000,3,SPSA,512,0.6885850694444444
G0026,C12,N0,1001,3,SPSA,512,0.6919126157407407
G0027,C01,N0,1000,1,COBYLA,256,0.6337890625
G0027,C01,N0,1001,1,COBYLA,256,0.671875
G0027,C02,N0,1000,1,COBYLA,512,0.6331612723214286
G0027,C02,N0,1001,1,COBYLA,512,0.6935686383928571
G0027,C03,N0,1000,1,SPSA,256,0.6196986607142857
G0027,C03,N0,1001,1,SPSA,256,0.6142578125
G0027,C04,N0,1000,1,SPSA,512,0.6328822544642857
G0027,C04,N0,1001,1,SPSA,512,0.69677734375
G0027,C05,N0,1000,2,COBYLA,256,0.6856863839285714
G0027,C05,N0,1001,2,COBYLA,256,0.6851283482142857
G0027,C06,N0,1000,2,COBYLA,512,0.6785016741071429
G0027,C06,N0,1001,2,COBYLA,512,0.6697126116071429
G0027,C07,N0,1000,2,SPSA,256,0.6238839285714286
G0027,C07,N0,1001,2,SPSA,256,0.693359375
G0027,C08,N0,1000,2,SPSA,512,0.6238839285714286
G0027,C08,N0,1001,2,SPSA,512,0.68359375
G0027,C09,N0,1000,3,COBYLA,256,0.6262555803571429
G0027,C09,N0,1001,3,COBYLA,256,0.6720145089285714
G0027,C10,N0,1000,3,COBYLA,512,0.6443917410714286
G0027,C10,N0,1001,3,COBYLA,512,0.67333984375
G0027,C11,N0,1000,3,SPSA,256,0.6902901785714286
G0027,C11,N0,1001,3,SPSA,256,0.6711774553571429
G0027,C12,N0,1000,3,SPSA,512,0.7616489955357143
G0027,C12,N0,1001,3,SPSA,512,0.69091796875
G0028,C01,N0,1000,1,COBYLA,256,0.7758316532258065
G0028,C01,N0,1001,1,COBYLA,256,0.7282006048387096
G0028,C02,N0,1000,1,COBYLA,512,0.6432711693548387
G0028,C02,N0,1001,1,COBYLA,512,0.7351940524193549
G0028,C03,N0,1000,1,SPSA,256,0.6379788306451613
G0028,C03,N0,1001,1,SPSA,256,0.7290826612903226
G0028,C04,N0,1000,1,SPSA,512,0.6447832661290323
G0028,C04,N0,1001,1,SPSA,512,0.7337449596774194
G0028,C05,N0,1000,2,COBYLA,256,0.6938004032258065
G0028,C05,N0,1001,2,COBYLA,256,0.6392389112903226
G0028,C06,N0,1000,2,COBYLA,512,0.6467363911290323
G0028,C06,N0,1001,2,COBYLA,512,0.6949344758064516
G0028,C07,N0,1000,2,SPSA,256,0.7266885080645161
G0028,C07,N0,1001,2,SPSA,256,0.73046875
G0028,C08,N0,1000,2,SPSA,512,0.6407510080645161
G0028,C08,N0,1001,2,SPSA,512,0.7623487903225806
G0028,C09,N0,1000,3,COBYLA,256,0.6329385080645161
G0028,C09,N0,1001,3,COBYLA,256,0.7307207661290323
G0028,C10,N0,1000,3,COBYLA,512,0.645476310483871
G0028,C10,N0,1001,3,COBYLA,512,0.7335559475806451
G0028,C11,N0,1000,3,SPSA,256,0.7224042338709677
G0028,C11,N0,1001,3,SPSA,256,0.7144657258064516
G0028,C12,N0,1000,3,SPSA,512,0.7590095766129032
G0028,C12,N0,1001,3,SPSA,512,0.72265625
G0029,C01,N0,1000,1,COBYLA,256,0.6844019396551724
G0029,C01,N0,1001,1,COBYLA,256,0.6904633620689655
G0029,C02,N0,1000,1,COBYLA,512,0.6891163793103449
G0029,C02,N0,1001,1,COBYLA,512,0.7015086206896551
G0029,C03,N0,1000,1,SPSA,256,0.6827855603448276
G0029,C03,N0,1001,1,SPSA,256,0.69140625
G0029,C04,N0,1000,1,SPSA,512,0.6870285560344828
G0029,C04,N0,1001,1,SPSA,512,0.6884428879310345
G0029,C05,N0,1000,2,COBYLA,256,0.6869612068965517
G0029,C05,N0,1001,2,COBYLA,256,0.6833243534482759
G0029,C06,N0,1000,2,COBYLA,512,0.6853448275862069
G0029,C06,N0,1001,2,COBYLA,512,0.6930899784482759
G0029,C07,N0,1000,2,SPSA,256,0.7122844827586207
G0029,C07,N0,1001,2,SPSA,256,0.6974676724137931
G0029,C08,N0,1000,2,SPSA,512,0.6858836206896551
G0029,C08,N0,1001,2,SPSA,512,0.6926185344827587
G0029,C09,N0,1000,3,COBYLA,256,0.6865571120689655
G0029,C09,N0,1001,3,COBYLA,256,0.6923491379310345
G0029,C10,N0,1000,3,COBYLA,512,0.6852774784482759
G0029,C10,N0,1001,3,COBYLA,512,0.6982085129310345
G0029,C11,N0,1000,3,SPSA,256,0.6773976293103449
G0029,C11,N0,1001,3,SPSA,256,0.6923491379310345
G0029,C12,N0,1000,3,SPSA,512,0.6956492456896551
G0029,C12,N0,1001,3,SPSA,512,0.7094558189655172
G0030,C01,N0,1000,1,COBYLA,256,0.6722935267857143
G0030,C01,N0,1001,1,COBYLA,256,0.6921037946428571
G0030,C02,N0,1000,1,COBYLA,512,0.6676897321428571
G0030,C02,N0,1001,1,COBYLA,512,0.69140625
G0030,C03,N0,1000,1,SPSA,256,0.6586216517857143
G0030,C03,N0,1001,1,SPSA,256,0.6636439732142857
G0030,C04,N0,1000,1,SPSA,512,0.6630161830357143
G0030,C04,N0,1001,1,SPSA,512,0.6703404017857143
G0030,C05,N0,1000,2,COBYLA,256,0.6676897321428571
G0030,C05,N0,1001,2,COBYLA,256,0.6619698660714286
G0030,C06,N0,1000,2,COBYLA,512,0.6657366071428571
G0030,C06,N0,1001,2,COBYLA,512,0.6761300223214286
G0030,C07,N0,1000,2,SPSA,256,0.6875
G0030,C07,N0,1001,2,SPSA,256,0.6946149553571429
G0030,C08,N0,1000,2,SPSA,512,0.6852678571428571
G0030,C08,N0,1001,2,SPSA,512,0.6936383928571429
G0030,C09,N0,1000,3,COBYLA,256,0.6463448660714286
G0030,C09,N0,1001,3,COBYLA,256,0.6989397321428571
G0030,C10,N0,1000,3,COBYLA,512,0.67138671875
G0030,C10,N0,1001,3,COBYLA,512,0.7043108258928571
G0030,C11,N0,1000,3,SPSA,256,0.6759207589285714
G0030,C11,N0,1001,3,SPSA,256,0.7004743303571429
G0030,C12,N0,1000,3,SPSA,512,0.6944056919642857
G0030,C12,N0,1001,3,SPSA,512,0.7066824776785714
G0031,C01,N0,1000,1,COBYLA,256,0.6994047619047619
G0031,C01,N0,1001,1,COBYLA,256,0.7559523809523809
G0031,C02,N0,1000,1,COBYLA,512,0.7088448660714286
G0031,C02,N0,1001,1,COBYLA,512,0.7506510416666666
G0031,C03,N0,1000,1,SPSA,256,0.6991257440476191
G0031,C03,N0,1001,1,SPSA,256,0.7521391369047619
G0031,C04,N0,1000,1,SPSA,512,0.7068452380952381
G0031,C04,N0,1001,1,SPSA,512,0.7462332589285714
G0031,C05,N0,1000,2,COBYLA,256,0.7017299107142857
G0031,C05,N0,1001,2,COBYLA,256,0.703125
G0031,C06,N0,1000,2,COBYLA,512,0.8196149553571429
G0031,C06,N0,1001,2,COBYLA,512,0.7383277529761905
G0031,C07,N0,1000,2,SPSA,256,0.7020089285714286
G0031,C07,N0,1001,2,SPSA,256,0.7326078869047619
G0031,C08,N0,1000,2,SPSA,512,0.7645554315476191
G0031,C08,N0,1001,2,SPSA,512,0.7611142113095238
G0031,C09,N0,1000,3,COBYLA,256,0.7393043154761905
G0031,C09,N0,1001,3,COBYLA,256,0.7395833333333334
G0031,C10,N0,1000,3,COBYLA,512,0.7045665922619048
G0031,C10,N0,1001,3,COBYLA,512,0.7410249255952381
G0031,C11,N0,1000,3,SPSA,256,0.7524181547619048
G0031,C11,N0,1001,3,SPSA,256,0.7712053571428571
G0031,C12,N0,1000,3,SPSA,512,0.7818080357142857
G0031,C12,N0,1001,3,SPSA,512,0.7659505208333334
G0032,C01,N0,1000,1,COBYLA,256,0.6927688953488372
G0032,C01,N0,1001,1,COBYLA,256,0.7143895348837209
G0032,C02,N0,1000,1,COBYLA,512,0.7051689680232558
G0032,C02,N0,1001,1,COBYLA,512,0.7100290697674418
G0032,C03,N0,1000,1,SPSA,256,0.6901344476744186
G0032,C03,N0,1001,1,SPSA,256,0.7054869186046512
G0032,C04,N0,1000,1,SPSA,512,0.6935864825581395
G0032,C04,N0,1001,1,SPSA,512,0.7002634447674418
G0032,C05,N0,1000,2,COBYLA,256,0.6949491279069767
G0032,C05,N0,1001,2,COBYLA,256,0.6869549418604651
G0032,C06,N0,1000,2,COBYLA,512,0.6944949127906976
G0032,C06,N0,1001,2,COBYLA,512,0.6983557412790697
G0032,C07,N0,1000,2,SPSA,256,0.6944949127906976
G0032,C07,N0,1001,2,SPSA,256,0.6987645348837209
G0032,C08,N0,1000,2,SPSA,512,0.6953125
G0032,C08,N0,1001,2,SPSA,512,0.6974927325581395
G0032,C09,N0,1000,3,COBYLA,256,0.7009447674418605
G0032,C09,N0,1001,3,COBYLA,256,0.708030523255814
G0032,C10,N0,1000,3,COBYLA,512,0.6955850290697675
G0032,C10,N0,1001,3,COBYLA,512,0.7081213662790697
G0032,C11,N0,1000,3,SPSA,256,0.6971293604651163
G0032,C11,N0,1001,3,SPSA,256,0.7151162790697675
G0032,C12,N0,1000,3,SPSA,512,0.6986282703488372
G0032,C12,N0,1001,3,SPSA,512,0.7067587209302325
G0033,C01,N0,1000,1,COBYLA,256,0.6838942307692307
G0033,C01,N0,1001,1,COBYLA,256,0.6978165064102564
G0033,C02,N0,1000,1,COBYLA,512,0.6916065705128205
G0033,C02,N0,1001,1,COBYLA,512,0.69921875
G0033,C03,N0,1000,1,SPSA,256,0.6997195512820513
G0033,C03,N0,1001,1,SPSA,256,0.7387820512820513
G0033,C04,N0,1000,1,SPSA,512,0.6982171474358975
G0033,C04,N0,1001,1,SPSA,512,0.7447916666666666
G0033,C05,N0,1000,2,COBYLA,256,0.692207532051282
G0033,C05,N0,1001,2,COBYLA,256,0.7095352564102564
G0033,C06,N0,1000,2,COBYLA,512,0.6897035256410257
G0033,C06,N0,1001,2,COBYLA,512,0.7264122596153846
G0033,C07,N0,1000,2,SPSA,256,0.6865985576923077
G0033,C07,N0,1001,2,SPSA,256,0.7488982371794872
G0033,C08,N0,1000,2,SPSA,512,0.7001201923076923
G0033,C08,N0,1001,2,SPSA,512,0.7370793269230769
G0033,C09,N0,1000,3,COBYLA,256,0.6820913461538461
G0033,C09,N0,1001,3,COBYLA,256,0.7417868589743589
G0033,C10,N0,1000,3,COBYLA,512,0.8304286858974359
G0033,C10,N0,1001,3,COBYLA,512,0.7381310096153846
G0033,C11,N0,1000,3,SPSA,256,0.7227564102564102
G0033,C11,N0,1001,3,SPSA,256,0.7248597756410257
G0033,C12,N0,1000,3,SPSA,512,0.7122395833333334
G0033,C12,N0,1001,3,SPSA,512,0.7451422275641025
G0034,C01,N0,1000,1,COBYLA,256,0.6499565972222222
G0034,C01,N0,1001,1,COBYLA,256,0.6553819444444444
G0034,C02,N0,1000,1,COBYLA,512,0.6504991319444444
G0034,C02,N0,1001,1,COBYLA,512,0.6467013888888888
G0034,C03,N0,1000,1,SPSA,256,0.6470269097222222
G0034,C03,N0,1001,1,SPSA,256,0.6531032986111112
G0034,C04,N0,1000,1,SPSA,512,0.6502278645833334
G0034,C04,N0,1001,1,SPSA,512,0.64697265625
G0034,C05,N0,1000,2,COBYLA,256,0.6384548611111112
G0034,C05,N0,1001,2,COBYLA,256,0.6272786458333334
G0034,C06,N0,1000,2,COBYLA,512,0.6481119791666666
G0034,C06,N0,1001,2,COBYLA,512,0.7746310763888888
G0034,C07,N0,1000,2,SPSA,256,0.6292317708333334
G0034,C07,N0,1001,2,SPSA,256,0.6431206597222222
G0034,C08,N0,1000,2,SPSA,512,0.6595594618055556
G0034,C08,N0,1001,2,SPSA,512,0.6463758680555556
G0034,C09,N0,1000,3,COBYLA,256,0.6277126736111112
G0034,C09,N0,1001,3,COBYLA,256,0.6453993055555556
G0034,C10,N0,1000,3,COBYLA,512,0.6414930555555556
G0034,C10,N0,1001,3,COBYLA,512,0.6520182291666666
G0034,C11,N0,1000,3,SPSA,256,0.6493055555555556
G0034,C11,N0,1001,3,SPSA,256,0.6516927083333334
G0034,C12,N0,1000,3,SPSA,512,0.65625
G0034,C12,N0,1001,3,SPSA,512,0.6497938368055556
G0035,C01,N0,1000,1,COBYLA,256,0.6626900337837838
G0035,C01,N0,1001,1,COBYLA,256,0.6853885135135135
G0035,C02,N0,1000,1,COBYLA,512,0.6705553209459459
G0035,C02,N0,1001,1,COBYLA,512,0.6830130912162162
G0035,C03,N0,1000,1,SPSA,256,0.6801097972972973
G0035,C03,N0,1001,1,SPSA,256,0.6752533783783784
G0035,C04,N0,1000,1,SPSA,512,0.6797930743243243
G0035,C04,N0,1001,1,SPSA,512,0.6808488175675675
G0035,C05,N0,1000,2,COBYLA,256,0.6844383445945946
G0035,C05,N0,1001,2,COBYLA,256,0.6677576013513513
G0035,C06,N0,1000,2,COBYLA,512,0.6804265202702703
G0035,C06,N0,1001,2,COBYLA,512,0.6720333614864865
G0035,C07,N0,1000,2,SPSA,256,0.6805320945945946
G0035,C07,N0,1001,2,SPSA,256,0.6860219594594594
G0035,C08,N0,1000,2,SPSA,512,0.6824324324324325
G0035,C08,N0,1001,2,SPSA,512,0.6836465371621622
G0035,C09,N0,1000,3,COBYLA,256,0.6821157094594594
G0035,C09,N0,1001,3,COBYLA,256,0.6848606418918919
G0035,C10,N0,1000,3,COBYLA,512,0.6846494932432432
G0035,C10,N0,1001,3,COBYLA,512,0.6937816722972973
G0035,C11,N0,1000,3,SPSA,256,0.6783150337837838
G0035,C11,N0,1001,3,SPSA,256,0.6936233108108109
G0035,C12,N0,1000,3,SPSA,512,0.6795819256756757
G0035,C12,N0,1001,3,SPSA,512,0.6941511824324325
G0036,C01,N0,1000,1,COBYLA,256,0.68359375
G0036,C01,N0,1001,1,COBYLA,256,0.6832465277777777
G0036,C02,N0,1000,1,COBYLA,512,0.6685329861111111
G0036,C02,N0,1001,1,COBYLA,512,0.6855902777777778
G0036,C03,N0,1000,1,SPSA,256,0.69375
G0036,C03,N0,1001,1,SPSA,256,0.6688368055555556
G0036,C04,N0,1000,1,SPSA,512,0.6674479166666667
G0036,C04,N0,1001,1,SPSA,512,0.6773003472222222
G0036,C05,N0,1000,2,COBYLA,256,0.6762152777777778
G0036,C05,N0,1001,2,COBYLA,256,0.6888888888888889
G0036,C06,N0,1000,2,COBYLA,512,0.6698784722222222
G0036,C06,N0,1001,2,COBYLA,512,0.6858072916666667
G0036,C07,N0,1000,2,SPSA,256,0.6610243055555556
G0036,C07,N0,1001,2,SPSA,256,0.68828125
G0036,C08,N0,1000,2,SPSA,512,0.6836371527777778
G0036,C08,N0,1001,2,SPSA,512,0.6865885416666667
G0036,C09,N0,1000,3,COBYLA,256,0.6756944444444445
G0036,C09,N0,1001,3,COBYLA,256,0.6907986111111111
G0036,C10,N0,1000,3,COBYLA,512,0.6702690972222223
G0036,C10,N0,1001,3,COBYLA,512,0.6903645833333333
G0036,C11,N0,1000,3,SPSA,256,0.6736111111111112
G0036,C11,N0,1001,3,SPSA,256,0.6907986111111111
G0036,C12,N0,1000,3,SPSA,512,0.6879774305555556
G0036,C12,N0,1001,3,SPSA,512,0.6912326388888889
G0037,C01,N0,1000,1,COBYLA,256,0.736328125
G0037,C01,N0,1001,1,COBYLA,256,0.7349175347222222
G0037,C02,N0,1000,1,COBYLA,512,0.6700846354166666
G0037,C02,N0,1001,1,COBYLA,512,0.7230902777777778
G0037,C03,N0,1000,1,SPSA,256,0.677734375
G0037,C03,N0,1001,1,SPSA,256,0.7366536458333334
G0037,C04,N0,1000,1,SPSA,512,0.6760525173611112
G0037,C04,N0,1001,1,SPSA,512,0.7405056423611112
G0037,C05,N0,1000,2,COBYLA,256,0.6733940972222222
G0037,C05,N0,1001,2,COBYLA,256,0.7303602430555556
G0037,C06,N0,1000,2,COBYLA,512,0.8117404513888888
G0037,C06,N0,1001,2,COBYLA,512,0.7310655381944444
G0037,C07,N0,1000,2,SPSA,256,0.7961154513888888
G0037,C07,N0,1001,2,SPSA,256,0.7572699652777778
G0037,C08,N0,1000,2,SPSA,512,0.67431640625
G0037,C08,N0,1001,2,SPSA,512,0.7551540798611112
G0037,C09,N0,1000,3,COBYLA,256,0.6879340277777778
G0037,C09,N0,1001,3,COBYLA,256,0.7262369791666666
G0037,C10,N0,1000,3,COBYLA,512,0.7003038194444444
G0037,C10,N0,1001,3,COBYLA,512,0.7277018229166666
G0037,C11,N0,1000,3,SPSA,256,0.7282986111111112
G0037,C11,N0,1001,3,SPSA,256,0.7383897569444444
G0037,C12,N0,1000,3,SPSA,512,0.7644314236111112
G0037,C12,N0,1001,3,SPSA,512,0.7401258680555556
G0038,C01,N0,1000,1,COBYLA,256,0.6513671875
G0038,C01,N0,1001,1,COBYLA,256,0.67841796875
G0038,C02,N0,1000,1,COBYLA,512,0.663916015625
G0038,C02,N0,1001,1,COBYLA,512,0.66767578125
G0038,C03,N0,1000,1,SPSA,256,0.66904296875
G0038,C03,N0,1001,1,SPSA,256,0.67138671875
G0038,C04,N0,1000,1,SPSA,512,0.664111328125
G0038,C04,N0,1001,1,SPSA,512,0.663720703125
G0038,C05,N0,1000,2,COBYLA,256,0.67353515625
G0038,C05,N0,1001,2,COBYLA,256,0.67041015625
G0038,C06,N0,1000,2,COBYLA,512,0.6783203125
G0038,C06,N0,1001,2,COBYLA,512,0.671337890625
G0038,C07,N0,1000,2,SPSA,256,0.678515625
G0038,C07,N0,1001,2,SPSA,256,0.67109375
G0038,C08,N0,1000,2,SPSA,512,0.661572265625
G0038,C08,N0,1001,2,SPSA,512,0.67412109375
G0038,C09,N0,1000,3,COBYLA,256,0.673046875
G0038,C09,N0,1001,3,COBYLA,256,0.6853515625
G0038,C10,N0,1000,3,COBYLA,512,0.661962890625
G0038,C10,N0,1001,3,COBYLA,512,0.68681640625
G0038,C11,N0,1000,3,SPSA,256,0.669140625
G0038,C11,N0,1001,3,SPSA,256,0.698828125
G0038,C12,N0,1000,3,SPSA,512,0.6787109375
G0038,C12,N0,1001,3,SPSA,512,0.68349609375
G0039,C01,N0,1000,1,COBYLA,256,0.7816506410256411
G0039,C01,N0,1001,1,COBYLA,256,0.6826923076923077
G0039,C02,N0,1000,1,COBYLA,512,0.7975761217948718
G0039,C02,N0,1001,1,COBYLA,512,0.6848457532051282
G0039,C03,N0,1000,1,SPSA,256,0.6633613782051282
G0039,C03,N0,1001,1,SPSA,256,0.6666666666666666
G0039,C04,N0,1000,1,SPSA,512,0.6723758012820513
G0039,C04,N0,1001,1,SPSA,512,0.6888521634615384
G0039,C05,N0,1000,2,COBYLA,256,0.6763822115384616
G0039,C05,N0,1001,2,COBYLA,256,0.6694711538461539
G0039,C06,N0,1000,2,COBYLA,512,0.6915064102564102
G0039,C06,N0,1001,2,COBYLA,512,0.6751802884615384
G0039,C07,N0,1000,2,SPSA,256,0.6720753205128205
G0039,C07,N0,1001,2,SPSA,256,0.6903044871794872
G0039,C08,N0,1000,2,SPSA,512,0.6642127403846154
G0039,C08,N0,1001,2,SPSA,512,0.6858473557692307
G0039,C09,N0,1000,3,COBYLA,256,0.6589543269230769
G0039,C09,N0,1001,3,COBYLA,256,0.6695713141025641
G0039,C10,N0,1000,3,COBYLA,512,0.667167467948718
G0039,C10,N0,1001,3,COBYLA,512,0.6896534455128205
G0039,C11,N0,1000,3,SPSA,256,0.7152443910256411
G0039,C11,N0,1001,3,SPSA,256,0.6864983974358975
G0039,C12,N0,1000,3,SPSA,512,0.6831430288461539
G0039,C12,N0,1001,3,SPSA,512,0.68359375
G0040,C01,N0,1000,1,COBYLA,256,0.6726888020833334
G0040,C01,N0,1001,1,COBYLA,256,0.6700846354166666
G0040,C02,N0,1000,1,COBYLA,512,0.6944580078125
G0040,C02,N0,1001,1,COBYLA,512,0.6925455729166666
G0040,C03,N0,1000,1,SPSA,256,0.6737467447916666
G0040,C03,N0,1001,1,SPSA,256,0.6692708333333334
G0040,C04,N0,1000,1,SPSA,512,0.6740315755208334
G0040,C04,N0,1001,1,SPSA,512,0.6801350911458334
G0040,C05,N0,1000,2,COBYLA,256,0.679443359375
G0040,C05,N0,1001,2,COBYLA,256,0.6913248697916666
G0040,C06,N0,1000,2,COBYLA,512,0.6819254557291666
G0040,C06,N0,1001,2,COBYLA,512,0.6954345703125
G0040,C07,N0,1000,2,SPSA,256,0.6787923177083334
G0040,C07,N0,1001,2,SPSA,256,0.6678873697916666
G0040,C08,N0,1000,2,SPSA,512,0.6754964192708334
G0040,C08,N0,1001,2,SPSA,512,0.6788736979166666
G0040,C09,N0,1000,3,COBYLA,256,0.669189453125
G0040,C09,N0,1001,3,COBYLA,256,0.6870930989583334
G0040,C10,N0,1000,3,COBYLA,512,0.6768798828125
G0040,C10,N0,1001,3,COBYLA,512,0.6837972005208334
G0040,C11,N0,1000,3,SPSA,256,0.6710611979166666
G0040,C11,N0,1001,3,SPSA,256,0.69384765625
G0040,C12,N0,1000,3,SPSA,512,0.6767985026041666
G0040,C12,N0,1001,3,SPSA,512,0.6857096354166666
G0041,C01,N0,1000,1,COBYLA,256,0.6888552295918368
G0041,C01,N0,1001,1,COBYLA,256,0.6968271683673469
G0041,C02,N0,1000,1,COBYLA,512,0.6930803571428571
G0041,C02,N0,1001,1,COBYLA,512,0.7022082270408163
G0041,C03,N0,1000,1,SPSA,256,0.6869419642857143
G0041,C03,N0,1001,1,SPSA,256,0.6965880102040817
G0041,C04,N0,1000,1,SPSA,512,0.6921237244897959
G0041,C04,N0,1001,1,SPSA,512,0.7025669642857143
G0041,C05,N0,1000,2,COBYLA,256,0.6906887755102041
G0041,C05,N0,1001,2,COBYLA,256,0.7004145408163265
G0041,C06,N0,1000,2,COBYLA,512,0.7045998086734694
G0041,C06,N0,1001,2,COBYLA,512,0.6962292729591837
G0041,C07,N0,1000,2,SPSA,256,0.6895727040816326
G0041,C07,N0,1001,2,SPSA,256,0.6996970663265306
G0041,C08,N0,1000,2,SPSA,512,0.6910076530612245
G0041,C08,N0,1001,2,SPSA,512,0.7010522959183674
G0041,C09,N0,1000,3,COBYLA,256,0.8125797193877551
G0041,C09,N0,1001,3,COBYLA,256,0.7007334183673469
G0041,C10,N0,1000,3,COBYLA,512,0.6997369260204082
G0041,C10,N0,1001,3,COBYLA,512,0.6967474489795918
G0041,C11,N0,1000,3,SPSA,256,0.7114955357142857
G0041,C11,N0,1001,3,SPSA,256,0.6987404336734694
G0041,C12,N0,1000,3,SPSA,512,0.6900111607142857
G0041,C12,N0,1001,3,SPSA,512,0.6977439413265306
G0042,C01,N0,1000,1,COBYLA,256,0.6576334635416666
G0042,C01,N0,1001,1,COBYLA,256,0.6809895833333334
G0042,C02,N0,1000,1,COBYLA,512,0.6646728515625
G0042,C02,N0,1001,1,COBYLA,512,0.6638590494791666
G0042,C03,N0,1000,1,SPSA,256,0.6658528645833334
G0042,C03,N0,1001,1,SPSA,256,0.6642252604166666
G0042,C04,N0,1000,1,SPSA,512,0.6671549479166666
G0042,C04,N0,1001,1,SPSA,512,0.6630452473958334
G0042,C05,N0,1000,2,COBYLA,256,0.662353515625
G0042,C05,N0,1001,2,COBYLA,256,0.6697591145833334
G0042,C06,N0,1000,2,COBYLA,512,0.6687418619791666
G0042,C06,N0,1001,2,COBYLA,512,0.6679280598958334
G0042,C07,N0,1000,2,SPSA,256,0.656982421875
G0042,C07,N0,1001,2,SPSA,256,0.657470703125
G0042,C08,N0,1000,2,SPSA,512,0.6917724609375
G0042,C08,N0,1001,2,SPSA,512,0.6706136067708334
G0042,C09,N0,1000,3,COBYLA,256,0.6587727864583334
G0042,C09,N0,1001,3,COBYLA,256,0.66357421875
G0042,C10,N0,1000,3,COBYLA,512,0.6700846354166666
G0042,C10,N0,1001,3,COBYLA,512,0.665283203125
G0042,C11,N0,1000,3,SPSA,256,0.6702473958333334
G0042,C11,N0,1001,3,SPSA,256,0.664306640625
G0042,C12,N0,1000,3,SPSA,512,0.6730550130208334
G0042,C12,N0,1001,3,SPSA,512,0.670166015625
G0043,C01,N0,1000,1,COBYLA,256,0.7003472222222222
G0043,C01,N0,1001,1,COBYLA,256,0.6862847222222223
G0043,C02,N0,1000,1,COBYLA,512,0.6960069444444444
G0043,C02,N0,1001,1,COBYLA,512,0.6841145833333333
G0043,C03,N0,1000,1,SPSA,256,0.7122395833333334
G0043,C03,N0,1001,1,SPSA,256,0.74609375
G0043,C04,N0,1000,1,SPSA,512,0.7434027777777777
G0043,C04,N0,1001,1,SPSA,512,0.7518663194444445
G0043,C05,N0,1000,2,COBYLA,256,0.6809027777777777
G0043,C05,N0,1001,2,COBYLA,256,0.76015625
G0043,C06,N0,1000,2,COBYLA,512,0.6845486111111111
G0043,C06,N0,1001,2,COBYLA,512,0.7115017361111111
G0043,C07,N0,1000,2,SPSA,256,0.6844618055555556
G0043,C07,N0,1001,2,SPSA,256,0.7344618055555555
G0043,C08,N0,1000,2,SPSA,512,0.7001736111111111
G0043,C08,N0,1001,2,SPSA,512,0.7440538194444445
G0043,C09,N0,1000,3,COBYLA,256,0.7250868055555556
G0043,C09,N0,1001,3,COBYLA,256,0.7340277777777777
G0043,C10,N0,1000,3,COBYLA,512,0.7013020833333333
G0043,C10,N0,1001,3,COBYLA,512,0.7523871527777778
G0043,C11,N0,1000,3,SPSA,256,0.7462673611111111
G0043,C11,N0,1001,3,SPSA,256,0.6946180555555556
G0043,C12,N0,1000,3,SPSA,512,0.7222222222222222
G0043,C12,N0,1001,3,SPSA,512,0.684375
G0044,C01,N0,1000,1,COBYLA,256,0.7431469298245614
G0044,C01,N0,1001,1,COBYLA,256,0.7430098684210527
G0044,C02,N0,1000,1,COBYLA,512,0.7442434210526315
G0044,C02,N0,1001,1,COBYLA,512,0.7576069078947368
G0044,C03,N0,1000,1,SPSA,256,0.7378015350877193
G0044,C03,N0,1001,1,SPSA,256,0.7386239035087719
G0044,C04,N0,1000,1,SPSA,512,0.7407483552631579
G0044,C04,N0,1001,1,SPSA,512,0.7472930372807017
G0044,C05,N0,1000,2,COBYLA,256,0.7436266447368421
G0044,C05,N0,1001,2,COBYLA,256,0.7447916666666666
G0044,C06,N0,1000,2,COBYLA,512,0.7465049342105263
G0044,C06,N0,1001,2,COBYLA,512,0.7484237938596491
G0044,C07,N0,1000,2,SPSA,256,0.7560992324561403
G0044,C07,N0,1001,2,SPSA,256,0.7467105263157895
G0044,C08,N0,1000,2,SPSA,512,0.7398574561403509
G0044,C08,N0,1001,2,SPSA,512,0.7514734100877193
G0044,C09,N0,1000,3,COBYLA,256,0.746984649122807
G0044,C09,N0,1001,3,COBYLA,256,0.7715186403508771
G0044,C10,N0,1000,3,COBYLA,512,0.7505825109649122
G0044,C10,N0,1001,3,COBYLA,512,0.7588404605263158
G0044,C11,N0,1000,3,SPSA,256,0.7611019736842105
G0044,C11,N0,1001,3,SPSA,256,0.7574698464912281
G0044,C12,N0,1000,3,SPSA,512,0.7603481359649122
G0044,C12,N0,1001,3,SPSA,512,0.7560307017543859
G0045,C01,N0,1000,1,COBYLA,256,0.8018973214285714
G0045,C01,N0,1001,1,COBYLA,256,0.6674107142857143
G0045,C02,N0,1000,1,COBYLA,512,0.701171875
G0045,C02,N0,1001,1,COBYLA,512,0.6683872767857143
G0045,C03,N0,1000,1,SPSA,256,0.6581101190476191
G0045,C03,N0,1001,1,SPSA,256,0.7063802083333334
G0045,C04,N0,1000,1,SPSA,512,0.6674107142857143
G0045,C04,N0,1001,1,SPSA,512,0.6686662946428571
G0045,C05,N0,1000,2,COBYLA,256,0.6634114583333334
G0045,C05,N0,1001,2,COBYLA,256,0.7060081845238095
G0045,C06,N0,1000,2,COBYLA,512,0.6632254464285714
G0045,C06,N0,1001,2,COBYLA,512,0.6927083333333334
G0045,C07,N0,1000,2,SPSA,256,0.7092633928571429
G0045,C07,N0,1001,2,SPSA,256,0.6737351190476191
G0045,C08,N0,1000,2,SPSA,512,0.6623883928571429
G0045,C08,N0,1001,2,SPSA,512,0.7018694196428571
G0045,C09,N0,1000,3,COBYLA,256,0.6681547619047619
G0045,C09,N0,1001,3,COBYLA,256,0.7119605654761905
G0045,C10,N0,1000,3,COBYLA,512,0.6641090029761905
G0045,C10,N0,1001,3,COBYLA,512,0.7159133184523809
G0045,C11,N0,1000,3,SPSA,256,0.6678757440476191
G0045,C11,N0,1001,3,SPSA,256,0.6610863095238095
G0045,C12,N0,1000,3,SPSA,512,0.7054036458333334
G0045,C12,N0,1001,3,SPSA,512,0.7106119791666666
G0046,C01,N0,1000,1,COBYLA,256,0.7129794034090909
G0046,C01,N0,1001,1,COBYLA,256,0.7221235795454546
G0046,C02,N0,1000,1,COBYLA,512,0.6942915482954546
G0046,C02,N0,1001,1,COBYLA,512,0.7263849431818182
G0046,C03,N0,1000,1,SPSA,256,0.6937144886363636
G0046,C03,N0,1001,1,SPSA,256,0.7312677556818182
G0046,C04,N0,1000,1,SPSA,512,0.6949573863636364
G0046,C04,N0,1001,1,SPSA,512,0.7021928267045454
G0046,C05,N0,1000,2,COBYLA,256,0.7123579545454546
G0046,C05,N0,1001,2,COBYLA,256,0.6895419034090909
G0046,C06,N0,1000,2,COBYLA,512,0.7252308238636364
G0046,C06,N0,1001,2,COBYLA,512,0.6910067471590909
G0046,C07,N0,1000,2,SPSA,256,0.6928267045454546
G0046,C07,N0,1001,2,SPSA,256,0.7157315340909091
G0046,C08,N0,1000,2,SPSA,512,0.6936700994318182
G0046,C08,N0,1001,2,SPSA,512,0.7282492897727273
G0046,C09,N0,1000,3,COBYLA,256,0.7080078125
G0046,C09,N0,1001,3,COBYLA,256,0.7301136363636364
G0046,C10,N0,1000,3,COBYLA,512,0.6916725852272727
G0046,C10,N0,1001,3,COBYLA,512,0.7214133522727273
G0046,C11,N0,1000,3,SPSA,256,0.7221235795454546
G0046,C11,N0,1001,3,SPSA,256,0.7155539772727273
G0046,C12,N0,1000,3,SPSA,512,0.7677556818181818
G0046,C12,N0,1001,3,SPSA,512,0.7254527698863636
G0047,C01,N0,1000,1,COBYLA,256,0.673515625
G0047,C01,N0,1001,1,COBYLA,256,0.70265625
G0047,C02,N0,1000,1,COBYLA,512,0.6756640625
G0047,C02,N0,1001,1,COBYLA,512,0.696796875
G0047,C03,N0,1000,1,SPSA,256,0.67796875
G0047,C03,N0,1001,1,SPSA,256,0.7046875
G0047,C04,N0,1000,1,SPSA,512,0.6785546875
G0047,C04,N0,1001,1,SPSA,512,0.7125390625
G0047,C05,N0,1000,2,COBYLA,256,0.69984375
G0047,C05,N0,1001,2,COBYLA,256,0.70046875
G0047,C06,N0,1000,2,COBYLA,512,0.80171875
G0047,C06,N0,1001,2,COBYLA,512,0.7036328125
G0047,C07,N0,1000,2,SPSA,256,0.782578125
G0047,C07,N0,1001,2,SPSA,256,0.712265625
G0047,C08,N0,1000,2,SPSA,512,0.6795703125
G0047,C08,N0,1001,2,SPSA,512,0.715625
G0047,C09,N0,1000,3,COBYLA,256,0.688203125
G0047,C09,N0,1001,3,COBYLA,256,0.6915625
G0047,C10,N0,1000,3,COBYLA,512,0.683671875
G0047,C10,N0,1001,3,COBYLA,512,0.7015625
G0047,C11,N0,1000,3,SPSA,256,0.736640625
G0047,C11,N0,1001,3,SPSA,256,0.708359375
G0047,C12,N0,1000,3,SPSA,512,0.7150390625
G0047,C12,N0,1001,3,SPSA,512,0.7088671875
G0048,C01,N0,1000,1,COBYLA,256,0.6723090277777778
G0048,C01,N0,1001,1,COBYLA,256,0.6838107638888888
G0048,C02,N0,1000,1,COBYLA,512,0.6705367476851852
G0048,C02,N0,1001,1,COBYLA,512,0.6856192129629629
G0048,C03,N0,1000,1,SPSA,256,0.6712962962962963
G0048,C03,N0,1001,1,SPSA,256,0.6822916666666666
G0048,C04,N0,1000,1,SPSA,512,0.6747685185185185
G0048,C04,N0,1001,1,SPSA,512,0.6824363425925926
G0048,C05,N0,1000,2,COBYLA,256,0.6628327546296297
G0048,C05,N0,1001,2,COBYLA,256,0.6838831018518519
G0048,C06,N0,1000,2,COBYLA,512,0.6687282986111112
G0048,C06,N0,1001,2,COBYLA,512,0.6862340856481481
G0048,C07,N0,1000,2,SPSA,256,0.6753472222222222
G0048,C07,N0,1001,2,SPSA,256,0.6803385416666666
G0048,C08,N0,1000,2,SPSA,512,0.6710431134259259
G0048,C08,N0,1001,2,SPSA,512,0.6776258680555556
G0048,C09,N0,1000,3,COBYLA,256,0.7386429398148148
G0048,C09,N0,1001,3,COBYLA,256,0.6807725694444444
G0048,C10,N0,1000,3,COBYLA,512,0.7784649884259259
G0048,C10,N0,1001,3,COBYLA,512,0.6753110532407407
G0048,C11,N0,1000,3,SPSA,256,0.7265625
G0048,C11,N0,1001,3,SPSA,256,0.68359375
G0048,C12,N0,1000,3,SPSA,512,0.6849320023148148
G0048,C12,N0,1001,3,SPSA,512,0.6864149305555556
G0049,C01,N0,1000,1,COBYLA,256,0.6815972222222222
G0049,C01,N0,1001,1,COBYLA,256,0.6933159722222222
G0049,C02,N0,1000,1,COBYLA,512,0.6783854166666666
G0049,C02,N0,1001,1,COBYLA,512,0.7095052083333333
G0049,C03,N0,1000,1,SPSA,256,0.6763020833333333
G0049,C03,N0,1001,1,SPSA,256,0.6803819444444444
G0049,C04,N0,1000,1,SPSA,512,0.6791666666666667
G0049,C04,N0,1001,1,SPSA,512,0.6773871527777777
G0049,C05,N0,1000,2,COBYLA,256,0.6815104166666667
G0049,C05,N0,1001,2,COBYLA,256,0.6640625
G0049,C06,N0,1000,2,COBYLA,512,0.686328125
G0049,C06,N0,1001,2,COBYLA,512,0.6826388888888889
G0049,C07,N0,1000,2,SPSA,256,0.6703125
G0049,C07,N0,1001,2,SPSA,256,0.6748263888888889
G0049,C08,N0,1000,2,SPSA,512,0.6829861111111111
G0049,C08,N0,1001,2,SPSA,512,0.6732204861111111
G0049,C09,N0,1000,3,COBYLA,256,0.6756944444444445
G0049,C09,N0,1001,3,COBYLA,256,0.6895833333333333
G0049,C10,N0,1000,3,COBYLA,512,0.684375
G0049,C10,N0,1001,3,COBYLA,512,0.705859375
G0049,C11,N0,1000,3,SPSA,256,0.67421875
G0049,C11,N0,1001,3,SPSA,256,0.7278645833333334
G0049,C12,N0,1000,3,SPSA,512,0.7612847222222222
G0049,C12,N0,1001,3,SPSA,512,0.6984375
G0050,C01,N0,1000,1,COBYLA,256,0.6889291158536586
G0050,C01,N0,1001,1,COBYLA,256,0.674733231707317
G0050,C02,N0,1000,1,COBYLA,512,0.6814024390243902
G0050,C02,N0,1001,1,COBYLA,512,0.6671112804878049
G0050,C03,N0,1000,1,SPSA,256,0.6764481707317073
G0050,C03,N0,1001,1,SPSA,256,0.6789253048780488
G0050,C04,N0,1000,1,SPSA,512,0.6706364329268293
G0050,C04,N0,1001,1,SPSA,512,0.6719226371951219
G0050,C05,N0,1000,2,COBYLA,256,0.6744474085365854
G0050,C05,N0,1001,2,COBYLA,256,0.6814024390243902
G0050,C06,N0,1000,2,COBYLA,512,0.6762576219512195
G0050,C06,N0,1001,2,COBYLA,512,0.678687118902439
G0050,C07,N0,1000,2,SPSA,256,0.667016006097561
G0050,C07,N0,1001,2,SPSA,256,0.6687309451219512
G0050,C08,N0,1000,2,SPSA,512,0.6598227896341463
G0050,C08,N0,1001,2,SPSA,512,0.6821169969512195
G0050,C09,N0,1000,3,COBYLA,256,0.6696836890243902
G0050,C09,N0,1001,3,COBYLA,256,0.6777820121951219
G0050,C10,N0,1000,3,COBYLA,512,0.6693502286585366
G0050,C10,N0,1001,3,COBYLA,512,0.6852134146341463
G0050,C11,N0,1000,3,SPSA,256,0.7008384146341463
G0050,C11,N0,1001,3,SPSA,256,0.676733993902439
G0050,C12,N0,1000,3,SPSA,512,0.6889767530487805
G0050,C12,N0,1001,3,SPSA,512,0.6895960365853658
G0051,C01,N0,1000,1,COBYLA,256,0.8950892857142857
G0051,C01,N0,1001,1,COBYLA,256,0.7232142857142857
G0051,C02,N0,1000,1,COBYLA,512,0.8666294642857143
G0051,C02,N0,1001,1,COBYLA,512,0.7327008928571429
G0051,C03,N0,1000,1,SPSA,256,0.7248883928571429
G0051,C03,N0,1001,1,SPSA,256,0.9084821428571428
G0051,C04,N0,1000,1,SPSA,512,0.7145647321428571
G0051,C04,N0,1001,1,SPSA,512,0.9040178571428572
G0051,C05,N0,1000,2,COBYLA,256,0.8270089285714286
G0051,C05,N0,1001,2,COBYLA,256,0.9001116071428571
G0051,C06,N0,1000,2,COBYLA,512,0.8962053571428571
G0051,C06,N0,1001,2,COBYLA,512,0.8649553571428571
G0051,C07,N0,1000,2,SPSA,256,0.7885044642857143
G0051,C07,N0,1001,2,SPSA,256,0.8504464285714286
G0051,C08,N0,1000,2,SPSA,512,0.7162388392857143
G0051,C08,N0,1001,2,SPSA,512,0.9126674107142856
G0051,C09,N0,1000,3,COBYLA,256,0.6986607142857143
G0051,C09,N0,1001,3,COBYLA,256,0.8761160714285714
G0051,C10,N0,1000,3,COBYLA,512,0.7145647321428571
G0051,C10,N0,1001,3,COBYLA,512,0.8903459821428571
G0051,C11,N0,1000,3,SPSA,256,0.7109375
G0051,C11,N0,1001,3,SPSA,256,0.9056919642857144
G0051,C12,N0,1000,3,SPSA,512,0.7276785714285714
G0051,C12,N0,1001,3,SPSA,512,0.8895089285714286
G0052,C01,N0,1000,1,COBYLA,256,0.662109375
G0052,C01,N0,1001,1,COBYLA,256,0.6376953125
G0052,C02,N0,1000,1,COBYLA,512,0.666015625
G0052,C02,N0,1001,1,COBYLA,512,0.633544921875
G0052,C03,N0,1000,1,SPSA,256,0.77685546875
G0052,C03,N0,1001,1,SPSA,256,0.77880859375
G0052,C04,N0,1000,1,SPSA,512,0.78125
G0052,C04,N0,1001,1,SPSA,512,0.785400390625
G0052,C05,N0,1000,2,COBYLA,256,0.78564453125
G0052,C05,N0,1001,2,COBYLA,256,0.7841796875
G0052,C06,N0,1000,2,COBYLA,512,0.749755859375
G0052,C06,N0,1001,2,COBYLA,512,0.80224609375
G0052,C07,N0,1000,2,SPSA,256,0.76220703125
G0052,C07,N0,1001,2,SPSA,256,0.748046875
G0052,C08,N0,1000,2,SPSA,512,0.76708984375
G0052,C08,N0,1001,2,SPSA,512,0.798828125
G0052,C09,N0,1000,3,COBYLA,256,0.5986328125
G0052,C09,N0,1001,3,COBYLA,256,0.7998046875
G0052,C10,N0,1000,3,COBYLA,512,0.77880859375
G0052,C10,N0,1001,3,COBYLA,512,0.817138671875
G0052,C11,N0,1000,3,SPSA,256,0.66455078125
G0052,C11,N0,1001,3,SPSA,256,0.77587890625
G0052,C12,N0,1000,3,SPSA,512,0.64501953125
G0052,C12,N0,1001,3,SPSA,512,0.81591796875
G0053,C01,N0,1000,1,COBYLA,256,0.64794921875
G0053,C01,N0,1001,1,COBYLA,256,0.7958984375
G0053,C02,N0,1000,1,COBYLA,512,0.796875
G0053,C02,N0,1001,1,COBYLA,512,0.800537109375
G0053,C03,N0,1000,1,SPSA,256,0.7939453125
G0053,C03,N0,1001,1,SPSA,256,0.787109375
G0053,C04,N0,1000,1,SPSA,512,0.802001953125
G0053,C04,N0,1001,1,SPSA,512,0.798583984375
G0053,C05,N0,1000,2,COBYLA,256,0.7880859375
G0053,C05,N0,1001,2,COBYLA,256,0.82861328125
G0053,C06,N0,1000,2,COBYLA,512,0.803955078125
G0053,C06,N0,1001,2,COBYLA,512,0.79052734375
G0053,C07,N0,1000,2,SPSA,256,0.78125
G0053,C07,N0,1001,2,SPSA,256,0.85302734375
G0053,C08,N0,1000,2,SPSA,512,0.763671875
G0053,C08,N0,1001,2,SPSA,512,0.788818359375
G0053,C09,N0,1000,3,COBYLA,256,0.6904296875
G0053,C09,N0,1001,3,COBYLA,256,0.85595703125
G0053,C10,N0,1000,3,COBYLA,512,0.637451171875
G0053,C10,N0,1001,3,COBYLA,512,0.86279296875
G0053,C11,N0,1000,3,SPSA,256,0.6630859375
G0053,C11,N0,1001,3,SPSA,256,0.84423828125
G0053,C12,N0,1000,3,SPSA,512,0.70166015625
G0053,C12,N0,1001,3,SPSA,512,0.82470703125
G0054,C01,N0,1000,1,COBYLA,256,0.78759765625
G0054,C01,N0,1001,1,COBYLA,256,0.6259765625
G0054,C02,N0,1000,1,COBYLA,512,0.73974609375
G0054,C02,N0,1001,1,COBYLA,512,0.771240234375
G0054,C03,N0,1000,1,SPSA,256,0.619140625
G0054,C03,N0,1001,1,SPSA,256,0.7890625
G0054,C04,N0,1000,1,SPSA,512,0.652099609375
G0054,C04,N0,1001,1,SPSA,512,0.7900390625
G0054,C05,N0,1000,2,COBYLA,256,0.76708984375
G0054,C05,N0,1001,2,COBYLA,256,0.701171875
G0054,C06,N0,1000,2,COBYLA,512,0.803955078125
G0054,C06,N0,1001,2,COBYLA,512,0.79931640625
G0054,C07,N0,1000,2,SPSA,256,0.77685546875
G0054,C07,N0,1001,2,SPSA,256,0.8271484375
G0054,C08,N0,1000,2,SPSA,512,0.62109375
G0054,C08,N0,1001,2,SPSA,512,0.790771484375
G0054,C09,N0,1000,3,COBYLA,256,0.642578125
G0054,C09,N0,1001,3,COBYLA,256,0.79833984375
G0054,C10,N0,1000,3,COBYLA,512,0.64013671875
G0054,C10,N0,1001,3,COBYLA,512,0.84716796875
G0054,C11,N0,1000,3,SPSA,256,0.62646484375
G0054,C11,N0,1001,3,SPSA,256,0.7958984375
G0054,C12,N0,1000,3,SPSA,512,0.66455078125
G0054,C12,N0,1001,3,SPSA,512,0.789794921875
G0055,C01,N0,1000,1,COBYLA,256,0.7048611111111112
G0055,C01,N0,1001,1,COBYLA,256,0.7078993055555556
G0055,C02,N0,1000,1,COBYLA,512,0.63671875
G0055,C02,N0,1001,1,COBYLA,512,0.55859375
G0055,C03,N0,1000,1,SPSA,256,0.7196180555555556
G0055,C03,N0,1001,1,SPSA,256,0.7204861111111112
G0055,C04,N0,1000,1,SPSA,512,0.7220052083333334
G0055,C04,N0,1001,1,SPSA,512,0.7170138888888888
G0055,C05,N0,1000,2,COBYLA,256,0.7170138888888888
G0055,C05,N0,1001,2,COBYLA,256,0.7265625
G0055,C06,N0,1000,2,COBYLA,512,0.7309027777777778
G0055,C06,N0,1001,2,COBYLA,512,0.7157118055555556
G0055,C07,N0,1000,2,SPSA,256,0.5321180555555556
G0055,C07,N0,1001,2,SPSA,256,0.7482638888888888
G0055,C08,N0,1000,2,SPSA,512,0.5601128472222222
G0055,C08,N0,1001,2,SPSA,512,0.68359375
G0055,C09,N0,1000,3,COBYLA,256,0.5928819444444444
G0055,C09,N0,1001,3,COBYLA,256,0.7730034722222222
G0055,C10,N0,1000,3,COBYLA,512,0.6310763888888888
G0055,C10,N0,1001,3,COBYLA,512,0.7805989583333334
G0055,C11,N0,1000,3,SPSA,256,0.5729166666666666
G0055,C11,N0,1001,3,SPSA,256,0.71875
G0055,C12,N0,1000,3,SPSA,512,0.5920138888888888
G0055,C12,N0,1001,3,SPSA,512,0.7315538194444444
G0056,C01,N0,1000,1,COBYLA,256,0.65185546875
G0056,C01,N0,1001,1,COBYLA,256,0.763671875
G0056,C02,N0,1000,1,COBYLA,512,0.67333984375
G0056,C02,N0,1001,1,COBYLA,512,0.754150390625
G0056,C03,N0,1000,1,SPSA,256,0.73046875
G0056,C03,N0,1001,1,SPSA,256,0.76708984375
G0056,C04,N0,1000,1,SPSA,512,0.64599609375
G0056,C04,N0,1001,1,SPSA,512,0.774658203125
G0056,C05,N0,1000,2,COBYLA,256,0.75830078125
G0056,C05,N0,1001,2,COBYLA,256,0.75634765625
G0056,C06,N0,1000,2,COBYLA,512,0.796875
G0056,C06,N0,1001,2,COBYLA,512,0.7861328125
G0056,C07,N0,1000,2,SPSA,256,0.7412109375
G0056,C07,N0,1001,2,SPSA,256,0.75927734375
G0056,C08,N0,1000,2,SPSA,512,0.62841796875
G0056,C08,N0,1001,2,SPSA,512,0.776123046875
G0056,C09,N0,1000,3,COBYLA,256,0.63671875
G0056,C09,N0,1001,3,COBYLA,256,0.8076171875
G0056,C10,N0,1000,3,COBYLA,512,0.626953125
G0056,C10,N0,1001,3,COBYLA,512,0.7666015625
G0056,C11,N0,1000,3,SPSA,256,0.6142578125
G0056,C11,N0,1001,3,SPSA,256,0.77001953125
G0056,C12,N0,1000,3,SPSA,512,0.626953125
G0056,C12,N0,1001,3,SPSA,512,0.802734375
G0057,C01,N0,1000,1,COBYLA,256,0.771484375
G0057,C01,N0,1001,1,COBYLA,256,0.63037109375
G0057,C02,N0,1000,1,COBYLA,512,0.80126953125
G0057,C02,N0,1001,1,COBYLA,512,0.643798828125
G0057,C03,N0,1000,1,SPSA,256,0.60302734375
G0057,C03,N0,1001,1,SPSA,256,0.8115234375
G0057,C04,N0,1000,1,SPSA,512,0.61865234375
G0057,C04,N0,1001,1,SPSA,512,0.806396484375
G0057,C05,N0,1000,2,COBYLA,256,0.80712890625
G0057,C05,N0,1001,2,COBYLA,256,0.79736328125
G0057,C06,N0,1000,2,COBYLA,512,0.805419921875
G0057,C06,N0,1001,2,COBYLA,512,0.74951171875
G0057,C07,N0,1000,2,SPSA,256,0.6123046875
G0057,C07,N0,1001,2,SPSA,256,0.783203125
G0057,C08,N0,1000,2,SPSA,512,0.619384765625
G0057,C08,N0,1001,2,SPSA,512,0.78759765625
G0057,C09,N0,1000,3,COBYLA,256,0.6572265625
G0057,C09,N0,1001,3,COBYLA,256,0.83349609375
G0057,C10,N0,1000,3,COBYLA,512,0.87890625
G0057,C10,N0,1001,3,COBYLA,512,0.837890625
G0057,C11,N0,1000,3,SPSA,256,0.63232421875
G0057,C11,N0,1001,3,SPSA,256,0.85546875
G0057,C12,N0,1000,3,SPSA,512,0.663818359375
G0057,C12,N0,1001,3,SPSA,512,0.779052734375
G0058,C01,N0,1000,1,COBYLA,256,0.78271484375
G0058,C01,N0,1001,1,COBYLA,256,0.7666015625
G0058,C02,N0,1000,1,COBYLA,512,0.775634765625
G0058,C02,N0,1001,1,COBYLA,512,0.76220703125
G0058,C03,N0,1000,1,SPSA,256,0.7841796875
G0058,C03,N0,1001,1,SPSA,256,0.794921875
G0058,C04,N0,1000,1,SPSA,512,0.74755859375
G0058,C04,N0,1001,1,SPSA,512,0.79052734375
G0058,C05,N0,1000,2,COBYLA,256,0.7021484375
G0058,C05,N0,1001,2,COBYLA,256,0.724609375
G0058,C06,N0,1000,2,COBYLA,512,0.786376953125
G0058,C06,N0,1001,2,COBYLA,512,0.781005859375
G0058,C07,N0,1000,2,SPSA,256,0.771484375
G0058,C07,N0,1001,2,SPSA,256,0.79833984375
G0058,C08,N0,1000,2,SPSA,512,0.80078125
G0058,C08,N0,1001,2,SPSA,512,0.842529296875
G0058,C09,N0,1000,3,COBYLA,256,0.6015625
G0058,C09,N0,1001,3,COBYLA,256,0.85302734375
G0058,C10,N0,1000,3,COBYLA,512,0.82958984375
G0058,C10,N0,1001,3,COBYLA,512,0.862548828125
G0058,C11,N0,1000,3,SPSA,256,0.66845703125
G0058,C11,N0,1001,3,SPSA,256,0.77099609375
G0058,C12,N0,1000,3,SPSA,512,0.65673828125
G0058,C12,N0,1001,3,SPSA,512,0.819091796875
G0059,C01,N0,1000,1,COBYLA,256,0.6805555555555556
G0059,C01,N0,1001,1,COBYLA,256,0.5494791666666666
G0059,C02,N0,1000,1,COBYLA,512,0.7278645833333334
G0059,C02,N0,1001,1,COBYLA,512,0.7159288194444444
G0059,C03,N0,1000,1,SPSA,256,0.5677083333333334
G0059,C03,N0,1001,1,SPSA,256,0.7196180555555556
G0059,C04,N0,1000,1,SPSA,512,0.5518663194444444
G0059,C04,N0,1001,1,SPSA,512,0.7170138888888888
G0059,C05,N0,1000,2,COBYLA,256,0.7387152777777778
G0059,C05,N0,1001,2,COBYLA,256,0.68359375
G0059,C06,N0,1000,2,COBYLA,512,0.5913628472222222
G0059,C06,N0,1001,2,COBYLA,512,0.7465277777777778
G0059,C07,N0,1000,2,SPSA,256,0.5490451388888888
G0059,C07,N0,1001,2,SPSA,256,0.75390625
G0059,C08,N0,1000,2,SPSA,512,0.5575086805555556
G0059,C08,N0,1001,2,SPSA,512,0.748046875
G0059,C09,N0,1000,3,COBYLA,256,0.6749131944444444
G0059,C09,N0,1001,3,COBYLA,256,0.7903645833333334
G0059,C10,N0,1000,3,COBYLA,512,0.8407118055555556
G0059,C10,N0,1001,3,COBYLA,512,0.8001302083333334
G0059,C11,N0,1000,3,SPSA,256,0.5620659722222222
G0059,C11,N0,1001,3,SPSA,256,0.7643229166666666
G0059,C12,N0,1000,3,SPSA,512,0.5896267361111112
G0059,C12,N0,1001,3,SPSA,512,0.7662760416666666
G0060,C01,N0,1000,1,COBYLA,256,0.755859375
G0060,C01,N0,1001,1,COBYLA,256,0.62890625
G0060,C02,N0,1000,1,COBYLA,512,0.767333984375
G0060,C02,N0,1001,1,COBYLA,512,0.635498046875
G0060,C03,N0,1000,1,SPSA,256,0.60888671875
G0060,C03,N0,1001,1,SPSA,256,0.7734375
G0060,C04,N0,1000,1,SPSA,512,0.654296875
G0060,C04,N0,1001,1,SPSA,512,0.7724609375
G0060,C05,N0,1000,2,COBYLA,256,0.77099609375
G0060,C05,N0,1001,2,COBYLA,256,0.68701171875
G0060,C06,N0,1000,2,COBYLA,512,0.77197265625
G0060,C06,N0,1001,2,COBYLA,512,0.760498046875
G0060,C07,N0,1000,2,SPSA,256,0.6162109375
G0060,C07,N0,1001,2,SPSA,256,0.75830078125
G0060,C08,N0,1000,2,SPSA,512,0.616455078125
G0060,C08,N0,1001,2,SPSA,512,0.8154296875
G0060,C09,N0,1000,3,COBYLA,256,0.6787109375
G0060,C09,N0,1001,3,COBYLA,256,0.80517578125
G0060,C10,N0,1000,3,COBYLA,512,0.6689453125
G0060,C10,N0,1001,3,COBYLA,512,0.81591796875
G0060,C11,N0,1000,3,SPSA,256,0.65576171875
G0060,C11,N0,1001,3,SPSA,256,0.76953125
G0060,C12,N0,1000,3,SPSA,512,0.71044921875
G0060,C12,N0,1001,3,SPSA,512,0.802734375
G0061,C01,N0,1000,1,COBYLA,256,0.8315972222222222
G0061,C01,N0,1001,1,COBYLA,256,0.6649305555555556
G0061,C02,N0,1000,1,COBYLA,512,0.837890625
G0061,C02,N0,1001,1,COBYLA,512,0.666015625
G0061,C03,N0,1000,1,SPSA,256,0.6801215277777778
G0061,C03,N0,1001,1,SPSA,256,0.8411458333333334
G0061,C04,N0,1000,1,SPSA,512,0.841796875
G0061,C04,N0,1001,1,SPSA,512,0.8370225694444444
G0061,C05,N0,1000,2,COBYLA,256,0.7769097222222222
G0061,C05,N0,1001,2,COBYLA,256,0.8576388888888888
G0061,C06,N0,1000,2,COBYLA,512,0.841796875
G0061,C06,N0,1001,2,COBYLA,512,0.8346354166666666
G0061,C07,N0,1000,2,SPSA,256,0.6783854166666666
G0061,C07,N0,1001,2,SPSA,256,0.8324652777777778
G0061,C08,N0,1000,2,SPSA,512,0.6918402777777778
G0061,C08,N0,1001,2,SPSA,512,0.8255208333333334
G0061,C09,N0,1000,3,COBYLA,256,0.6440972222222222
G0061,C09,N0,1001,3,COBYLA,256,0.87109375
G0061,C10,N0,1000,3,COBYLA,512,0.8569878472222222
G0061,C10,N0,1001,3,COBYLA,512,0.8368055555555556
G0061,C11,N0,1000,3,SPSA,256,0.7317708333333334
G0061,C11,N0,1001,3,SPSA,256,0.7152777777777778
G0061,C12,N0,1000,3,SPSA,512,0.7157118055555556
G0061,C12,N0,1001,3,SPSA,512,0.8322482638888888
G0062,C01,N0,1000,1,COBYLA,256,0.7578125
G0062,C01,N0,1001,1,COBYLA,256,0.589453125
G0062,C02,N0,1000,1,COBYLA,512,0.7646484375
G0062,C02,N0,1001,1,COBYLA,512,0.7818359375
G0062,C03,N0,1000,1,SPSA,256,0.762890625
G0062,C03,N0,1001,1,SPSA,256,0.77578125
G0062,C04,N0,1000,1,SPSA,512,0.7744140625
G0062,C04,N0,1001,1,SPSA,512,0.7814453125
G0062,C05,N0,1000,2,COBYLA,256,0.758984375
G0062,C05,N0,1001,2,COBYLA,256,0.781640625
G0062,C06,N0,1000,2,COBYLA,512,0.79921875
G0062,C06,N0,1001,2,COBYLA,512,0.7591796875
G0062,C07,N0,1000,2,SPSA,256,0.6265625
G0062,C07,N0,1001,2,SPSA,256,0.80390625
G0062,C08,N0,1000,2,SPSA,512,0.623828125
G0062,C08,N0,1001,2,SPSA,512,0.8181640625
G0062,C09,N0,1000,3,COBYLA,256,0.601171875
G0062,C09,N0,1001,3,COBYLA,256,0.8265625
G0062,C10,N0,1000,3,COBYLA,512,0.6087890625
G0062,C10,N0,1001,3,COBYLA,512,0.823046875
G0062,C11,N0,1000,3,SPSA,256,0.69140625
G0062,C11,N0,1001,3,SPSA,256,0.714453125
G0062,C12,N0,1000,3,SPSA,512,0.6177734375
G0062,C12,N0,1001,3,SPSA,512,0.731640625
G0063,C01,N0,1000,1,COBYLA,256,0.75
G0063,C01,N0,1001,1,COBYLA,256,0.621875
G0063,C02,N0,1000,1,COBYLA,512,0.7515625
G0063,C02,N0,1001,1,COBYLA,512,0.7689453125
G0063,C03,N0,1000,1,SPSA,256,0.6015625
G0063,C03,N0,1001,1,SPSA,256,0.76171875
G0063,C04,N0,1000,1,SPSA,512,0.74765625
G0063,C04,N0,1001,1,SPSA,512,0.770703125
G0063,C05,N0,1000,2,COBYLA,256,0.654296875
G0063,C05,N0,1001,2,COBYLA,256,0.719140625
G0063,C06,N0,1000,2,COBYLA,512,0.739453125
G0063,C06,N0,1001,2,COBYLA,512,0.79453125
G0063,C07,N0,1000,2,SPSA,256,0.620703125
G0063,C07,N0,1001,2,SPSA,256,0.7140625
G0063,C08,N0,1000,2,SPSA,512,0.6142578125
G0063,C08,N0,1001,2,SPSA,512,0.706640625
G0063,C09,N0,1000,3,COBYLA,256,0.827734375
G0063,C09,N0,1001,3,COBYLA,256,0.796484375
G0063,C10,N0,1000,3,COBYLA,512,0.867578125
G0063,C10,N0,1001,3,COBYLA,512,0.7900390625
G0063,C11,N0,1000,3,SPSA,256,0.6109375
G0063,C11,N0,1001,3,SPSA,256,0.81171875
G0063,C12,N0,1000,3,SPSA,512,0.82265625
G0063,C12,N0,1001,3,SPSA,512,0.7681640625
G0064,C01,N0,1000,1,COBYLA,256,0.632421875
G0064,C01,N0,1001,1,COBYLA,256,0.773828125
G0064,C02,N0,1000,1,COBYLA,512,0.7767578125
G0064,C02,N0,1001,1,COBYLA,512,0.6056640625
G0064,C03,N0,1000,1,SPSA,256,0.592578125
G0064,C03,N0,1001,1,SPSA,256,0.774609375
G0064,C04,N0,1000,1,SPSA,512,0.7771484375
G0064,C04,N0,1001,1,SPSA,512,0.78359375
G0064,C05,N0,1000,2,COBYLA,256,0.788671875
G0064,C05,N0,1001,2,COBYLA,256,0.780859375
G0064,C06,N0,1000,2,COBYLA,512,0.7763671875
G0064,C06,N0,1001,2,COBYLA,512,0.8
G0064,C07,N0,1000,2,SPSA,256,0.5890625
G0064,C07,N0,1001,2,SPSA,256,0.74921875
G0064,C08,N0,1000,2,SPSA,512,0.7326171875
G0064,C08,N0,1001,2,SPSA,512,0.8107421875
G0064,C09,N0,1000,3,COBYLA,256,0.82421875
G0064,C09,N0,1001,3,COBYLA,256,0.819921875
G0064,C10,N0,1000,3,COBYLA,512,0.8818359375
G0064,C10,N0,1001,3,COBYLA,512,0.8259765625
G0064,C11,N0,1000,3,SPSA,256,0.659765625
G0064,C11,N0,1001,3,SPSA,256,0.756640625
G0064,C12,N0,1000,3,SPSA,512,0.696484375
G0064,C12,N0,1001,3,SPSA,512,0.6892578125
G0065,C01,N0,1000,1,COBYLA,256,0.8459201388888888
G0065,C01,N0,1001,1,COBYLA,256,0.6792534722222222
G0065,C02,N0,1000,1,COBYLA,512,0.7076822916666666
G0065,C02,N0,1001,1,COBYLA,512,0.6714409722222222
G0065,C03,N0,1000,1,SPSA,256,0.8576388888888888
G0065,C03,N0,1001,1,SPSA,256,0.8580729166666666
G0065,C04,N0,1000,1,SPSA,512,0.8539496527777778
G0065,C04,N0,1001,1,SPSA,512,0.85546875
G0065,C05,N0,1000,2,COBYLA,256,0.8237847222222222
G0065,C05,N0,1001,2,COBYLA,256,0.8072916666666666
G0065,C06,N0,1000,2,COBYLA,512,0.8532986111111112
G0065,C06,N0,1001,2,COBYLA,512,0.8328993055555556
G0065,C07,N0,1000,2,SPSA,256,0.6684027777777778
G0065,C07,N0,1001,2,SPSA,256,0.8689236111111112
G0065,C08,N0,1000,2,SPSA,512,0.6555989583333334
G0065,C08,N0,1001,2,SPSA,512,0.8296440972222222
G0065,C09,N0,1000,3,COBYLA,256,0.6666666666666666
G0065,C09,N0,1001,3,COBYLA,256,0.9045138888888888
G0065,C10,N0,1000,3,COBYLA,512,0.6727430555555556
G0065,C10,N0,1001,3,COBYLA,512,0.904296875
G0065,C11,N0,1000,3,SPSA,256,0.6879340277777778
G0065,C11,N0,1001,3,SPSA,256,0.8767361111111112
G0065,C12,N0,1000,3,SPSA,512,0.6586371527777778
G0065,C12,N0,1001,3,SPSA,512,0.814453125
G0066,C01,N0,1000,1,COBYLA,256,0.8502604166666666
G0066,C01,N0,1001,1,COBYLA,256,0.6666666666666666
G0066,C02,N0,1000,1,COBYLA,512,0.8493923611111112
G0066,C02,N0,1001,1,COBYLA,512,0.6686197916666666
G0066,C03,N0,1000,1,SPSA,256,0.8463541666666666
G0066,C03,N0,1001,1,SPSA,256,0.8498263888888888
G0066,C04,N0,1000,1,SPSA,512,0.83984375
G0066,C04,N0,1001,1,SPSA,512,0.8565538194444444
G0066,C05,N0,1000,2,COBYLA,256,0.8524305555555556
G0066,C05,N0,1001,2,COBYLA,256,0.8146701388888888
G0066,C06,N0,1000,2,COBYLA,512,0.8454861111111112
G0066,C06,N0,1001,2,COBYLA,512,0.8036024305555556
G0066,C07,N0,1000,2,SPSA,256,0.65625
G0066,C07,N0,1001,2,SPSA,256,0.7986111111111112
G0066,C08,N0,1000,2,SPSA,512,0.6827256944444444
G0066,C08,N0,1001,2,SPSA,512,0.767578125
G0066,C09,N0,1000,3,COBYLA,256,0.6549479166666666
G0066,C09,N0,1001,3,COBYLA,256,0.8663194444444444
G0066,C10,N0,1000,3,COBYLA,512,0.6605902777777778
G0066,C10,N0,1001,3,COBYLA,512,0.8771701388888888
G0066,C11,N0,1000,3,SPSA,256,0.7274305555555556
G0066,C11,N0,1001,3,SPSA,256,0.8298611111111112
G0066,C12,N0,1000,3,SPSA,512,0.8120659722222222
G0066,C12,N0,1001,3,SPSA,512,0.8747829861111112
G0067,C01,N0,1000,1,COBYLA,256,0.730078125
G0067,C01,N0,1001,1,COBYLA,256,0.594921875
G0067,C02,N0,1000,1,COBYLA,512,0.765234375
G0067,C02,N0,1001,1,COBYLA,512,0.5978515625
G0067,C03,N0,1000,1,SPSA,256,0.768359375
G0067,C03,N0,1001,1,SPSA,256,0.757421875
G0067,C04,N0,1000,1,SPSA,512,0.7662109375
G0067,C04,N0,1001,1,SPSA,512,0.765234375
G0067,C05,N0,1000,2,COBYLA,256,0.747265625
G0067,C05,N0,1001,2,COBYLA,256,0.763671875
G0067,C06,N0,1000,2,COBYLA,512,0.7421875
G0067,C06,N0,1001,2,COBYLA,512,0.7767578125
G0067,C07,N0,1000,2,SPSA,256,0.6015625
G0067,C07,N0,1001,2,SPSA,256,0.73984375
G0067,C08,N0,1000,2,SPSA,512,0.606640625
G0067,C08,N0,1001,2,SPSA,512,0.7572265625
G0067,C09,N0,1000,3,COBYLA,256,0.584765625
G0067,C09,N0,1001,3,COBYLA,256,0.80546875
G0067,C10,N0,1000,3,COBYLA,512,0.602734375
G0067,C10,N0,1001,3,COBYLA,512,0.7982421875
G0067,C11,N0,1000,3,SPSA,256,0.6453125
G0067,C11,N0,1001,3,SPSA,256,0.646875
G0067,C12,N0,1000,3,SPSA,512,0.7138671875
G0067,C12,N0,1001,3,SPSA,512,0.8181640625
G0068,C01,N0,1000,1,COBYLA,256,0.7796875
G0068,C01,N0,1001,1,COBYLA,256,0.598828125
G0068,C02,N0,1000,1,COBYLA,512,0.76171875
G0068,C02,N0,1001,1,COBYLA,512,0.604296875
G0068,C03,N0,1000,1,SPSA,256,0.610546875
G0068,C03,N0,1001,1,SPSA,256,0.763671875
G0068,C04,N0,1000,1,SPSA,512,0.724609375
G0068,C04,N0,1001,1,SPSA,512,0.7673828125
G0068,C05,N0,1000,2,COBYLA,256,0.778515625
G0068,C05,N0,1001,2,COBYLA,256,0.76796875
G0068,C06,N0,1000,2,COBYLA,512,0.7791015625
G0068,C06,N0,1001,2,COBYLA,512,0.7599609375
G0068,C07,N0,1000,2,SPSA,256,0.696875
G0068,C07,N0,1001,2,SPSA,256,0.7015625
G0068,C08,N0,1000,2,SPSA,512,0.60234375
G0068,C08,N0,1001,2,SPSA,512,0.7453125
G0068,C09,N0,1000,3,COBYLA,256,0.571875
G0068,C09,N0,1001,3,COBYLA,256,0.792578125
G0068,C10,N0,1000,3,COBYLA,512,0.854296875
G0068,C10,N0,1001,3,COBYLA,512,0.805859375
G0068,C11,N0,1000,3,SPSA,256,0.626171875
G0068,C11,N0,1001,3,SPSA,256,0.7
G0068,C12,N0,1000,3,SPSA,512,0.6380859375
G0068,C12,N0,1001,3,SPSA,512,0.7474609375
G0069,C01,N0,1000,1,COBYLA,256,0.8246527777777778
G0069,C01,N0,1001,1,COBYLA,256,0.6805555555555556
G0069,C02,N0,1000,1,COBYLA,512,0.84765625
G0069,C02,N0,1001,1,COBYLA,512,0.8248697916666666
G0069,C03,N0,1000,1,SPSA,256,0.6666666666666666
G0069,C03,N0,1001,1,SPSA,256,0.8415798611111112
G0069,C04,N0,1000,1,SPSA,512,0.7018229166666666
G0069,C04,N0,1001,1,SPSA,512,0.8355034722222222
G0069,C05,N0,1000,2,COBYLA,256,0.828125
G0069,C05,N0,1001,2,COBYLA,256,0.8637152777777778
G0069,C06,N0,1000,2,COBYLA,512,0.8511284722222222
G0069,C06,N0,1001,2,COBYLA,512,0.8580729166666666
G0069,C07,N0,1000,2,SPSA,256,0.6532118055555556
G0069,C07,N0,1001,2,SPSA,256,0.7860243055555556
G0069,C08,N0,1000,2,SPSA,512,0.6753472222222222
G0069,C08,N0,1001,2,SPSA,512,0.7697482638888888
G0069,C09,N0,1000,3,COBYLA,256,0.8993055555555556
G0069,C09,N0,1001,3,COBYLA,256,0.8315972222222222
G0069,C10,N0,1000,3,COBYLA,512,0.8621961805555556
G0069,C10,N0,1001,3,COBYLA,512,0.8804253472222222
G0069,C11,N0,1000,3,SPSA,256,0.8220486111111112
G0069,C11,N0,1001,3,SPSA,256,0.8428819444444444
G0069,C12,N0,1000,3,SPSA,512,0.8617621527777778
G0069,C12,N0,1001,3,SPSA,512,0.8302951388888888
G0070,C01,N0,1000,1,COBYLA,256,0.75390625
G0070,C01,N0,1001,1,COBYLA,256,0.60234375
G0070,C02,N0,1000,1,COBYLA,512,0.7673828125
G0070,C02,N0,1001,1,COBYLA,512,0.7701171875
G0070,C03,N0,1000,1,SPSA,256,0.602734375
G0070,C03,N0,1001,1,SPSA,256,0.775
G0070,C04,N0,1000,1,SPSA,512,0.7349609375
G0070,C04,N0,1001,1,SPSA,512,0.778125
G0070,C05,N0,1000,2,COBYLA,256,0.756640625
G0070,C05,N0,1001,2,COBYLA,256,0.763671875
G0070,C06,N0,1000,2,COBYLA,512,0.739453125
G0070,C06,N0,1001,2,COBYLA,512,0.780078125
G0070,C07,N0,1000,2,SPSA,256,0.612890625
G0070,C07,N0,1001,2,SPSA,256,0.77421875
G0070,C08,N0,1000,2,SPSA,512,0.594921875
G0070,C08,N0,1001,2,SPSA,512,0.7599609375
G0070,C09,N0,1000,3,COBYLA,256,0.794921875
G0070,C09,N0,1001,3,COBYLA,256,0.818359375
G0070,C10,N0,1000,3,COBYLA,512,0.828125
G0070,C10,N0,1001,3,COBYLA,512,0.8345703125
G0070,C11,N0,1000,3,SPSA,256,0.7578125
G0070,C11,N0,1001,3,SPSA,256,0.71953125
G0070,C12,N0,1000,3,SPSA,512,0.6576171875
G0070,C12,N0,1001,3,SPSA,512,0.6716796875
G0071,C01,N0,1000,1,COBYLA,256,0.7361778846153846
G0071,C01,N0,1001,1,COBYLA,256,0.5802283653846154
G0071,C02,N0,1000,1,COBYLA,512,0.7372295673076923
G0071,C02,N0,1001,1,COBYLA,512,0.7381310096153846
G0071,C03,N0,1000,1,SPSA,256,0.7334735576923077
G0071,C03,N0,1001,1,SPSA,256,0.7469951923076923
G0071,C04,N0,1000,1,SPSA,512,0.7330228365384616
G0071,C04,N0,1001,1,SPSA,512,0.7399338942307693
G0071,C05,N0,1000,2,COBYLA,256,0.7493990384615384
G0071,C05,N0,1001,2,COBYLA,256,0.7334735576923077
G0071,C06,N0,1000,2,COBYLA,512,0.7370793269230769
G0071,C06,N0,1001,2,COBYLA,512,0.7405348557692307
G0071,C07,N0,1000,2,SPSA,256,0.7662259615384616
G0071,C07,N0,1001,2,SPSA,256,0.7611177884615384
G0071,C08,N0,1000,2,SPSA,512,0.7734375
G0071,C08,N0,1001,2,SPSA,512,0.7313701923076923
G0071,C09,N0,1000,3,COBYLA,256,0.6207932692307693
G0071,C09,N0,1001,3,COBYLA,256,0.7644230769230769
G0071,C10,N0,1000,3,COBYLA,512,0.7444411057692307
G0071,C10,N0,1001,3,COBYLA,512,0.7907151442307693
G0071,C11,N0,1000,3,SPSA,256,0.6968149038461539
G0071,C11,N0,1001,3,SPSA,256,0.7584134615384616
G0071,C12,N0,1000,3,SPSA,512,0.6424278846153846
G0071,C12,N0,1001,3,SPSA,512,0.7274639423076923
G0072,C01,N0,1000,1,COBYLA,256,0.6021634615384616
G0072,C01,N0,1001,1,COBYLA,256,0.7373798076923077
G0072,C02,N0,1000,1,COBYLA,512,0.7445913461538461
G0072,C02,N0,1001,1,COBYLA,512,0.7348257211538461
G0072,C03,N0,1000,1,SPSA,256,0.7337740384615384
G0072,C03,N0,1001,1,SPSA,256,0.7280649038461539
G0072,C04,N0,1000,1,SPSA,512,0.7378305288461539
G0072,C04,N0,1001,1,SPSA,512,0.7303185096153846
G0072,C05,N0,1000,2,COBYLA,256,0.6944110576923077
G0072,C05,N0,1001,2,COBYLA,256,0.7169471153846154
G0072,C06,N0,1000,2,COBYLA,512,0.7521033653846154
G0072,C06,N0,1001,2,COBYLA,512,0.7276141826923077
G0072,C07,N0,1000,2,SPSA,256,0.5856370192307693
G0072,C07,N0,1001,2,SPSA,256,0.8049879807692307
G0072,C08,N0,1000,2,SPSA,512,0.5773737980769231
G0072,C08,N0,1001,2,SPSA,512,0.69921875
G0072,C09,N0,1000,3,COBYLA,256,0.7289663461538461
G0072,C09,N0,1001,3,COBYLA,256,0.7908653846153846
G0072,C10,N0,1000,3,COBYLA,512,0.7442908653846154
G0072,C10,N0,1001,3,COBYLA,512,0.7998798076923077
G0072,C11,N0,1000,3,SPSA,256,0.6298076923076923
G0072,C11,N0,1001,3,SPSA,256,0.6929086538461539
G0072,C12,N0,1000,3,SPSA,512,0.7333233173076923
G0072,C12,N0,1001,3,SPSA,512,0.6953125
G0073,C01,N0,1000,1,COBYLA,256,0.748046875
G0073,C01,N0,1001,1,COBYLA,256,0.6201171875
G0073,C02,N0,1000,1,COBYLA,512,0.7998046875
G0073,C02,N0,1001,1,COBYLA,512,0.8009440104166666
G0073,C03,N0,1000,1,SPSA,256,0.8046875
G0073,C03,N0,1001,1,SPSA,256,0.7903645833333334
G0073,C04,N0,1000,1,SPSA,512,0.8030598958333334
G0073,C04,N0,1001,1,SPSA,512,0.7902018229166666
G0073,C05,N0,1000,2,COBYLA,256,0.8011067708333334
G0073,C05,N0,1001,2,COBYLA,256,0.7802734375
G0073,C06,N0,1000,2,COBYLA,512,0.77978515625
G0073,C06,N0,1001,2,COBYLA,512,0.8260091145833334
G0073,C07,N0,1000,2,SPSA,256,0.7607421875
G0073,C07,N0,1001,2,SPSA,256,0.7044270833333334
G0073,C08,N0,1000,2,SPSA,512,0.7830403645833334
G0073,C08,N0,1001,2,SPSA,512,0.7127278645833334
G0073,C09,N0,1000,3,COBYLA,256,0.8196614583333334
G0073,C09,N0,1001,3,COBYLA,256,0.8655598958333334
G0073,C10,N0,1000,3,COBYLA,512,0.7994791666666666
G0073,C10,N0,1001,3,COBYLA,512,0.8533528645833334
G0073,C11,N0,1000,3,SPSA,256,0.7086588541666666
G0073,C11,N0,1001,3,SPSA,256,0.8343098958333334
G0073,C12,N0,1000,3,SPSA,512,0.7000325520833334
G0073,C12,N0,1001,3,SPSA,512,0.7088216145833334
G0074,C01,N0,1000,1,COBYLA,256,0.6313100961538461
G0074,C01,N0,1001,1,COBYLA,256,0.5712139423076923
G0074,C02,N0,1000,1,COBYLA,512,0.7423377403846154
G0074,C02,N0,1001,1,COBYLA,512,0.7424879807692307
G0074,C03,N0,1000,1,SPSA,256,0.7301682692307693
G0074,C03,N0,1001,1,SPSA,256,0.7394831730769231
G0074,C04,N0,1000,1,SPSA,512,0.7357271634615384
G0074,C04,N0,1001,1,SPSA,512,0.7306189903846154
G0074,C05,N0,1000,2,COBYLA,256,0.7079326923076923
G0074,C05,N0,1001,2,COBYLA,256,0.7412860576923077
G0074,C06,N0,1000,2,COBYLA,512,0.7674278846153846
G0074,C06,N0,1001,2,COBYLA,512,0.7522536057692307
G0074,C07,N0,1000,2,SPSA,256,0.6141826923076923
G0074,C07,N0,1001,2,SPSA,256,0.7373798076923077
G0074,C08,N0,1000,2,SPSA,512,0.5737680288461539
G0074,C08,N0,1001,2,SPSA,512,0.6606069711538461
G0074,C09,N0,1000,3,COBYLA,256,0.7905649038461539
G0074,C09,N0,1001,3,COBYLA,256,0.7719350961538461
G0074,C10,N0,1000,3,COBYLA,512,0.7992788461538461
G0074,C10,N0,1001,3,COBYLA,512,0.7635216346153846
G0074,C11,N0,1000,3,SPSA,256,0.6917067307692307
G0074,C11,N0,1001,3,SPSA,256,0.6042668269230769
G0074,C12,N0,1000,3,SPSA,512,0.6117788461538461
G0074,C12,N0,1001,3,SPSA,512,0.6497896634615384
G0075,C01,N0,1000,1,COBYLA,256,0.8433948863636364
G0075,C01,N0,1001,1,COBYLA,256,0.6811079545454546
G0075,C02,N0,1000,1,COBYLA,512,0.8435724431818182
G0075,C02,N0,1001,1,COBYLA,512,0.6748934659090909
G0075,C03,N0,1000,1,SPSA,256,0.6843039772727273
G0075,C03,N0,1001,1,SPSA,256,0.8558238636363636
G0075,C04,N0,1000,1,SPSA,512,0.8607954545454546
G0075,C04,N0,1001,1,SPSA,512,0.8506747159090909
G0075,C05,N0,1000,2,COBYLA,256,0.8423295454545454
G0075,C05,N0,1001,2,COBYLA,256,0.7642045454545454
G0075,C06,N0,1000,2,COBYLA,512,0.8531605113636364
G0075,C06,N0,1001,2,COBYLA,512,0.8618607954545454
G0075,C07,N0,1000,2,SPSA,256,0.7865767045454546
G0075,C07,N0,1001,2,SPSA,256,0.8568892045454546
G0075,C08,N0,1000,2,SPSA,512,0.8368252840909091
G0075,C08,N0,1001,2,SPSA,512,0.7801846590909091
G0075,C09,N0,1000,3,COBYLA,256,0.6892755681818182
G0075,C09,N0,1001,3,COBYLA,256,0.8856534090909091
G0075,C10,N0,1000,3,COBYLA,512,0.7256747159090909
G0075,C10,N0,1001,3,COBYLA,512,0.8675426136363636
G0075,C11,N0,1000,3,SPSA,256,0.8277698863636364
G0075,C11,N0,1001,3,SPSA,256,0.8540482954545454
G0075,C12,N0,1000,3,SPSA,512,0.8318536931818182
G0075,C12,N0,1001,3,SPSA,512,0.89453125
G0076,C01,N0,1000,1,COBYLA,256,0.6060697115384616
G0076,C01,N0,1001,1,COBYLA,256,0.5703125
G0076,C02,N0,1000,1,COBYLA,512,0.7370793269230769
G0076,C02,N0,1001,1,COBYLA,512,0.7358774038461539
G0076,C03,N0,1000,1,SPSA,256,0.5706129807692307
G0076,C03,N0,1001,1,SPSA,256,0.7337740384615384
G0076,C04,N0,1000,1,SPSA,512,0.7315204326923077
G0076,C04,N0,1001,1,SPSA,512,0.740234375
G0076,C05,N0,1000,2,COBYLA,256,0.7361778846153846
G0076,C05,N0,1001,2,COBYLA,256,0.7611177884615384
G0076,C06,N0,1000,2,COBYLA,512,0.7315204326923077
G0076,C06,N0,1001,2,COBYLA,512,0.7459435096153846
G0076,C07,N0,1000,2,SPSA,256,0.5775240384615384
G0076,C07,N0,1001,2,SPSA,256,0.6610576923076923
G0076,C08,N0,1000,2,SPSA,512,0.5767728365384616
G0076,C08,N0,1001,2,SPSA,512,0.7642728365384616
G0076,C09,N0,1000,3,COBYLA,256,0.5661057692307693
G0076,C09,N0,1001,3,COBYLA,256,0.7902644230769231
G0076,C10,N0,1000,3,COBYLA,512,0.5662560096153846
G0076,C10,N0,1001,3,COBYLA,512,0.7859074519230769
G0076,C11,N0,1000,3,SPSA,256,0.6436298076923077
G0076,C11,N0,1001,3,SPSA,256,0.7466947115384616
G0076,C12,N0,1000,3,SPSA,512,0.6684194711538461
G0076,C12,N0,1001,3,SPSA,512,0.6981670673076923
G0077,C01,N0,1000,1,COBYLA,256,0.7880859375
G0077,C01,N0,1001,1,COBYLA,256,0.62109375
G0077,C02,N0,1000,1,COBYLA,512,0.7091471354166666
G0077,C02,N0,1001,1,COBYLA,512,0.7845052083333334
G0077,C03,N0,1000,1,SPSA,256,0.6266276041666666
G0077,C03,N0,1001,1,SPSA,256,0.8011067708333334
G0077,C04,N0,1000,1,SPSA,512,0.7898763020833334
G0077,C04,N0,1001,1,SPSA,512,0.7936197916666666
G0077,C05,N0,1000,2,COBYLA,256,0.7900390625
G0077,C05,N0,1001,2,COBYLA,256,0.7467447916666666
G0077,C06,N0,1000,2,COBYLA,512,0.7853190104166666
G0077,C06,N0,1001,2,COBYLA,512,0.7815755208333334
G0077,C07,N0,1000,2,SPSA,256,0.625
G0077,C07,N0,1001,2,SPSA,256,0.7320963541666666
G0077,C08,N0,1000,2,SPSA,512,0.6712239583333334
G0077,C08,N0,1001,2,SPSA,512,0.7932942708333334
G0077,C09,N0,1000,3,COBYLA,256,0.6171875
G0077,C09,N0,1001,3,COBYLA,256,0.8310546875
G0077,C10,N0,1000,3,COBYLA,512,0.8011067708333334
G0077,C10,N0,1001,3,COBYLA,512,0.8369140625
G0077,C11,N0,1000,3,SPSA,256,0.68359375
G0077,C11,N0,1001,3,SPSA,256,0.6653645833333334
G0077,C12,N0,1000,3,SPSA,512,0.6676432291666666
G0077,C12,N0,1001,3,SPSA,512,0.6515299479166666
G0078,C01,N0,1000,1,COBYLA,256,0.8089192708333334
G0078,C01,N0,1001,1,COBYLA,256,0.8040364583333334
G0078,C02,N0,1000,1,COBYLA,512,0.7996419270833334
G0078,C02,N0,1001,1,COBYLA,512,0.7976888020833334
G0078,C03,N0,1000,1,SPSA,256,0.8024088541666666
G0078,C03,N0,1001,1,SPSA,256,0.8020833333333334
G0078,C04,N0,1000,1,SPSA,512,0.8107096354166666
G0078,C04,N0,1001,1,SPSA,512,0.7945963541666666
G0078,C05,N0,1000,2,COBYLA,256,0.8001302083333334
G0078,C05,N0,1001,2,COBYLA,256,0.8092447916666666
G0078,C06,N0,1000,2,COBYLA,512,0.8063151041666666
G0078,C06,N0,1001,2,COBYLA,512,0.80078125
G0078,C07,N0,1000,2,SPSA,256,0.7421875
G0078,C07,N0,1001,2,SPSA,256,0.6979166666666666
G0078,C08,N0,1000,2,SPSA,512,0.7068684895833334
G0078,C08,N0,1001,2,SPSA,512,0.7705078125
G0078,C09,N0,1000,3,COBYLA,256,0.6171875
G0078,C09,N0,1001,3,COBYLA,256,0.8603515625
G0078,C10,N0,1000,3,COBYLA,512,0.7615559895833334
G0078,C10,N0,1001,3,COBYLA,512,0.84033203125
G0078,C11,N0,1000,3,SPSA,256,0.7607421875
G0078,C11,N0,1001,3,SPSA,256,0.7161458333333334
G0078,C12,N0,1000,3,SPSA,512,0.6873372395833334
G0078,C12,N0,1001,3,SPSA,512,0.6796875
G0079,C01,N0,1000,1,COBYLA,256,0.7991536458333334
G0079,C01,N0,1001,1,COBYLA,256,0.8095703125
G0079,C02,N0,1000,1,COBYLA,512,0.80859375
G0079,C02,N0,1001,1,COBYLA,512,0.8050130208333334
G0079,C03,N0,1000,1,SPSA,256,0.8102213541666666
G0079,C03,N0,1001,1,SPSA,256,0.8131510416666666
G0079,C04,N0,1000,1,SPSA,512,0.8111979166666666
G0079,C04,N0,1001,1,SPSA,512,0.8126627604166666
G0079,C05,N0,1000,2,COBYLA,256,0.8271484375
G0079,C05,N0,1001,2,COBYLA,256,0.8160807291666666
G0079,C06,N0,1000,2,COBYLA,512,0.79296875
G0079,C06,N0,1001,2,COBYLA,512,0.80908203125
G0079,C07,N0,1000,2,SPSA,256,0.7190755208333334
G0079,C07,N0,1001,2,SPSA,256,0.7203776041666666
G0079,C08,N0,1000,2,SPSA,512,0.76708984375
G0079,C08,N0,1001,2,SPSA,512,0.7161458333333334
G0079,C09,N0,1000,3,COBYLA,256,0.8610026041666666
G0079,C09,N0,1001,3,COBYLA,256,0.853515625
G0079,C10,N0,1000,3,COBYLA,512,0.82958984375
G0079,C10,N0,1001,3,COBYLA,512,0.8538411458333334
G0079,C11,N0,1000,3,SPSA,256,0.7477213541666666
G0079,C11,N0,1001,3,SPSA,256,0.7073567708333334
G0079,C12,N0,1000,3,SPSA,512,0.6995442708333334
G0079,C12,N0,1001,3,SPSA,512,0.7859700520833334
G0080,C01,N0,1000,1,COBYLA,256,0.7527043269230769
G0080,C01,N0,1001,1,COBYLA,256,0.7536057692307693
G0080,C02,N0,1000,1,COBYLA,512,0.6610576923076923
G0080,C02,N0,1001,1,COBYLA,512,0.5728665865384616
G0080,C03,N0,1000,1,SPSA,256,0.7521033653846154
G0080,C03,N0,1001,1,SPSA,256,0.7475961538461539
G0080,C04,N0,1000,1,SPSA,512,0.7584134615384616
G0080,C04,N0,1001,1,SPSA,512,0.7397836538461539
G0080,C05,N0,1000,2,COBYLA,256,0.6568509615384616
G0080,C05,N0,1001,2,COBYLA,256,0.7280649038461539
G0080,C06,N0,1000,2,COBYLA,512,0.7657752403846154
G0080,C06,N0,1001,2,COBYLA,512,0.759765625
G0080,C07,N0,1000,2,SPSA,256,0.5685096153846154
G0080,C07,N0,1001,2,SPSA,256,0.8212139423076923
G0080,C08,N0,1000,2,SPSA,512,0.5755709134615384
G0080,C08,N0,1001,2,SPSA,512,0.7342247596153846
G0080,C09,N0,1000,3,COBYLA,256,0.8061899038461539
G0080,C09,N0,1001,3,COBYLA,256,0.8076923076923077
G0080,C10,N0,1000,3,COBYLA,512,0.7387319711538461
G0080,C10,N0,1001,3,COBYLA,512,0.8197115384615384
G0080,C11,N0,1000,3,SPSA,256,0.7980769230769231
G0080,C11,N0,1001,3,SPSA,256,0.7551081730769231
G0080,C12,N0,1000,3,SPSA,512,0.6430288461538461
G0080,C12,N0,1001,3,SPSA,512,0.7478966346153846
G0081,C01,N0,1000,1,COBYLA,256,0.8194754464285714
G0081,C01,N0,1001,1,COBYLA,256,0.646484375
G0081,C02,N0,1000,1,COBYLA,512,0.8175223214285714
G0081,C02,N0,1001,1,COBYLA,512,0.8226841517857143
G0081,C03,N0,1000,1,SPSA,256,0.6400669642857143
G0081,C03,N0,1001,1,SPSA,256,0.8113839285714286
G0081,C04,N0,1000,1,SPSA,512,0.8179408482142857
G0081,C04,N0,1001,1,SPSA,512,0.8106863839285714
G0081,C05,N0,1000,2,COBYLA,256,0.8136160714285714
G0081,C05,N0,1001,2,COBYLA,256,0.8175223214285714
G0081,C06,N0,1000,2,COBYLA,512,0.8197544642857143
G0081,C06,N0,1001,2,COBYLA,512,0.8303571428571429
G0081,C07,N0,1000,2,SPSA,256,0.6325334821428571
G0081,C07,N0,1001,2,SPSA,256,0.8247767857142857
G0081,C08,N0,1000,2,SPSA,512,0.6474609375
G0081,C08,N0,1001,2,SPSA,512,0.7678571428571429
G0081,C09,N0,1000,3,COBYLA,256,0.6325334821428571
G0081,C09,N0,1001,3,COBYLA,256,0.8295200892857143
G0081,C10,N0,1000,3,COBYLA,512,0.896484375
G0081,C10,N0,1001,3,COBYLA,512,0.8797433035714286
G0081,C11,N0,1000,3,SPSA,256,0.7078683035714286
G0081,C11,N0,1001,3,SPSA,256,0.7215401785714286
G0081,C12,N0,1000,3,SPSA,512,0.72265625
G0081,C12,N0,1001,3,SPSA,512,0.7964564732142857
G0082,C01,N0,1000,1,COBYLA,256,0.6928013392857143
G0082,C01,N0,1001,1,COBYLA,256,0.642578125
G0082,C02,N0,1000,1,COBYLA,512,0.8038504464285714
G0082,C02,N0,1001,1,COBYLA,512,0.6448102678571429
G0082,C03,N0,1000,1,SPSA,256,0.8113839285714286
G0082,C03,N0,1001,1,SPSA,256,0.8155691964285714
G0082,C04,N0,1000,1,SPSA,512,0.8025948660714286
G0082,C04,N0,1001,1,SPSA,512,0.8059430803571429
G0082,C05,N0,1000,2,COBYLA,256,0.8002232142857143
G0082,C05,N0,1001,2,COBYLA,256,0.8345424107142857
G0082,C06,N0,1000,2,COBYLA,512,0.8253348214285714
G0082,C06,N0,1001,2,COBYLA,512,0.8120814732142857
G0082,C07,N0,1000,2,SPSA,256,0.6383928571428571
G0082,C07,N0,1001,2,SPSA,256,0.7566964285714286
G0082,C08,N0,1000,2,SPSA,512,0.7338169642857143
G0082,C08,N0,1001,2,SPSA,512,0.7469308035714286
G0082,C09,N0,1000,3,COBYLA,256,0.6330915178571429
G0082,C09,N0,1001,3,COBYLA,256,0.8423549107142857
G0082,C10,N0,1000,3,COBYLA,512,0.8498883928571429
G0082,C10,N0,1001,3,COBYLA,512,0.8617466517857143
G0082,C11,N0,1000,3,SPSA,256,0.7190290178571429
G0082,C11,N0,1001,3,SPSA,256,0.8211495535714286
G0082,C12,N0,1000,3,SPSA,512,0.7303292410714286
G0082,C12,N0,1001,3,SPSA,512,0.7642299107142857
G0083,C01,N0,1000,1,COBYLA,256,0.7809895833333333
G0083,C01,N0,1001,1,COBYLA,256,0.7908854166666667
G0083,C02,N0,1000,1,COBYLA,512,0.7852864583333333
G0083,C02,N0,1001,1,COBYLA,512,0.5927083333333333
G0083,C03,N0,1000,1,SPSA,256,0.7708333333333334
G0083,C03,N0,1001,1,SPSA,256,0.76875
G0083,C04,N0,1000,1,SPSA,512,0.774609375
G0083,C04,N0,1001,1,SPSA,512,0.7759114583333333
G0083,C05,N0,1000,2,COBYLA,256,0.7919270833333333
G0083,C05,N0,1001,2,COBYLA,256,0.7932291666666667
G0083,C06,N0,1000,2,COBYLA,512,0.7872395833333333
G0083,C06,N0,1001,2,COBYLA,512,0.791796875
G0083,C07,N0,1000,2,SPSA,256,0.721875
G0083,C07,N0,1001,2,SPSA,256,0.7744791666666667
G0083,C08,N0,1000,2,SPSA,512,0.614453125
G0083,C08,N0,1001,2,SPSA,512,0.7830729166666667
G0083,C09,N0,1000,3,COBYLA,256,0.8171875
G0083,C09,N0,1001,3,COBYLA,256,0.8317708333333333
G0083,C10,N0,1000,3,COBYLA,512,0.7375
G0083,C10,N0,1001,3,COBYLA,512,0.8270833333333333
G0083,C11,N0,1000,3,SPSA,256,0.7703125
G0083,C11,N0,1001,3,SPSA,256,0.7856770833333333
G0083,C12,N0,1000,3,SPSA,512,0.6734375
G0083,C12,N0,1001,3,SPSA,512,0.8067708333333333
G0084,C01,N0,1000,1,COBYLA,256,0.7760416666666666
G0084,C01,N0,1001,1,COBYLA,256,0.5932291666666667
G0084,C02,N0,1000,1,COBYLA,512,0.78671875
G0084,C02,N0,1001,1,COBYLA,512,0.5979166666666667
G0084,C03,N0,1000,1,SPSA,256,0.6002604166666666
G0084,C03,N0,1001,1,SPSA,256,0.77265625
G0084,C04,N0,1000,1,SPSA,512,0.7700520833333333
G0084,C04,N0,1001,1,SPSA,512,0.7712239583333333
G0084,C05,N0,1000,2,COBYLA,256,0.7609375
G0084,C05,N0,1001,2,COBYLA,256,0.7901041666666667
G0084,C06,N0,1000,2,COBYLA,512,0.7807291666666667
G0084,C06,N0,1001,2,COBYLA,512,0.795703125
G0084,C07,N0,1000,2,SPSA,256,0.6653645833333334
G0084,C07,N0,1001,2,SPSA,256,0.7192708333333333
G0084,C08,N0,1000,2,SPSA,512,0.5993489583333333
G0084,C08,N0,1001,2,SPSA,512,0.7233072916666666
G0084,C09,N0,1000,3,COBYLA,256,0.5932291666666667
G0084,C09,N0,1001,3,COBYLA,256,0.8390625
G0084,C10,N0,1000,3,COBYLA,512,0.5893229166666667
G0084,C10,N0,1001,3,COBYLA,512,0.8373697916666667
G0084,C11,N0,1000,3,SPSA,256,0.7286458333333333
G0084,C11,N0,1001,3,SPSA,256,0.80390625
G0084,C12,N0,1000,3,SPSA,512,0.7598958333333333
G0084,C12,N0,1001,3,SPSA,512,0.7890625
G0085,C01,N0,1000,1,COBYLA,256,0.8272879464285714
G0085,C01,N0,1001,1,COBYLA,256,0.6478794642857143
G0085,C02,N0,1000,1,COBYLA,512,0.8270089285714286
G0085,C02,N0,1001,1,COBYLA,512,0.6462053571428571
G0085,C03,N0,1000,1,SPSA,256,0.8175223214285714
G0085,C03,N0,1001,1,SPSA,256,0.82421875
G0085,C04,N0,1000,1,SPSA,512,0.8207310267857143
G0085,C04,N0,1001,1,SPSA,512,0.8115234375
G0085,C05,N0,1000,2,COBYLA,256,0.8244977678571429
G0085,C05,N0,1001,2,COBYLA,256,0.8420758928571429
G0085,C06,N0,1000,2,COBYLA,512,0.8250558035714286
G0085,C06,N0,1001,2,COBYLA,512,0.8193359375
G0085,C07,N0,1000,2,SPSA,256,0.7756696428571429
G0085,C07,N0,1001,2,SPSA,256,0.7502790178571429
G0085,C08,N0,1000,2,SPSA,512,0.7654854910714286
G0085,C08,N0,1001,2,SPSA,512,0.7894810267857143
G0085,C09,N0,1000,3,COBYLA,256,0.8596540178571429
G0085,C09,N0,1001,3,COBYLA,256,0.8766741071428571
G0085,C10,N0,1000,3,COBYLA,512,0.8211495535714286
G0085,C10,N0,1001,3,COBYLA,512,0.8809988839285714
G0085,C11,N0,1000,3,SPSA,256,0.7859933035714286
G0085,C11,N0,1001,3,SPSA,256,0.7848772321428571
G0085,C12,N0,1000,3,SPSA,512,0.7198660714285714
G0085,C12,N0,1001,3,SPSA,512,0.8623046875
G0086,C01,N0,1000,1,COBYLA,256,0.7697916666666667
G0086,C01,N0,1001,1,COBYLA,256,0.7682291666666666
G0086,C02,N0,1000,1,COBYLA,512,0.7626302083333333
G0086,C02,N0,1001,1,COBYLA,512,0.6279947916666667
G0086,C03,N0,1000,1,SPSA,256,0.7752604166666667
G0086,C03,N0,1001,1,SPSA,256,0.7651041666666667
G0086,C04,N0,1000,1,SPSA,512,0.77421875
G0086,C04,N0,1001,1,SPSA,512,0.74765625
G0086,C05,N0,1000,2,COBYLA,256,0.7442708333333333
G0086,C05,N0,1001,2,COBYLA,256,0.7377604166666667
G0086,C06,N0,1000,2,COBYLA,512,0.765234375
G0086,C06,N0,1001,2,COBYLA,512,0.7783854166666667
G0086,C07,N0,1000,2,SPSA,256,0.7140625
G0086,C07,N0,1001,2,SPSA,256,0.7216145833333333
G0086,C08,N0,1000,2,SPSA,512,0.6020833333333333
G0086,C08,N0,1001,2,SPSA,512,0.6927083333333334
G0086,C09,N0,1000,3,COBYLA,256,0.66640625
G0086,C09,N0,1001,3,COBYLA,256,0.8190104166666666
G0086,C10,N0,1000,3,COBYLA,512,0.6270833333333333
G0086,C10,N0,1001,3,COBYLA,512,0.8134114583333333
G0086,C11,N0,1000,3,SPSA,256,0.6911458333333333
G0086,C11,N0,1001,3,SPSA,256,0.66875
G0086,C12,N0,1000,3,SPSA,512,0.7149739583333333
G0086,C12,N0,1001,3,SPSA,512,0.7865885416666667
G0087,C01,N0,1000,1,COBYLA,256,0.7247395833333333
G0087,C01,N0,1001,1,COBYLA,256,0.5950520833333334
G0087,C02,N0,1000,1,COBYLA,512,0.7756510416666667
G0087,C02,N0,1001,1,COBYLA,512,0.7467447916666666
G0087,C03,N0,1000,1,SPSA,256,0.7619791666666667
G0087,C03,N0,1001,1,SPSA,256,0.7739583333333333
G0087,C04,N0,1000,1,SPSA,512,0.6048177083333334
G0087,C04,N0,1001,1,SPSA,512,0.7692708333333333
G0087,C05,N0,1000,2,COBYLA,256,0.7661458333333333
G0087,C05,N0,1001,2,COBYLA,256,0.7911458333333333
G0087,C06,N0,1000,2,COBYLA,512,0.7708333333333334
G0087,C06,N0,1001,2,COBYLA,512,0.7822916666666667
G0087,C07,N0,1000,2,SPSA,256,0.6265625
G0087,C07,N0,1001,2,SPSA,256,0.78359375
G0087,C08,N0,1000,2,SPSA,512,0.6200520833333333
G0087,C08,N0,1001,2,SPSA,512,0.701953125
G0087,C09,N0,1000,3,COBYLA,256,0.5903645833333333
G0087,C09,N0,1001,3,COBYLA,256,0.8276041666666667
G0087,C10,N0,1000,3,COBYLA,512,0.5953125
G0087,C10,N0,1001,3,COBYLA,512,0.8162760416666667
G0087,C11,N0,1000,3,SPSA,256,0.78671875
G0087,C11,N0,1001,3,SPSA,256,0.7544270833333333
G0087,C12,N0,1000,3,SPSA,512,0.7319010416666667
G0087,C12,N0,1001,3,SPSA,512,0.7393229166666667
G0088,C01,N0,1000,1,COBYLA,256,0.6983816964285714
G0088,C01,N0,1001,1,COBYLA,256,0.8021763392857143
G0088,C02,N0,1000,1,COBYLA,512,0.8176618303571429
G0088,C02,N0,1001,1,COBYLA,512,0.8158482142857143
G0088,C03,N0,1000,1,SPSA,256,0.8080357142857143
G0088,C03,N0,1001,1,SPSA,256,0.7564174107142857
G0088,C04,N0,1000,1,SPSA,512,0.8044084821428571
G0088,C04,N0,1001,1,SPSA,512,0.8010602678571429
G0088,C05,N0,1000,2,COBYLA,256,0.7193080357142857
G0088,C05,N0,1001,2,COBYLA,256,0.802734375
G0088,C06,N0,1000,2,COBYLA,512,0.8143136160714286
G0088,C06,N0,1001,2,COBYLA,512,0.8383091517857143
G0088,C07,N0,1000,2,SPSA,256,0.7165178571428571
G0088,C07,N0,1001,2,SPSA,256,0.798828125
G0088,C08,N0,1000,2,SPSA,512,0.6388113839285714
G0088,C08,N0,1001,2,SPSA,512,0.8380301339285714
G0088,C09,N0,1000,3,COBYLA,256,0.6247209821428571
G0088,C09,N0,1001,3,COBYLA,256,0.8663504464285714
G0088,C10,N0,1000,3,COBYLA,512,0.6256975446428571
G0088,C10,N0,1001,3,COBYLA,512,0.8357979910714286
G0088,C11,N0,1000,3,SPSA,256,0.8044084821428571
G0088,C11,N0,1001,3,SPSA,256,0.7737165178571429
G0088,C12,N0,1000,3,SPSA,512,0.8268694196428571
G0088,C12,N0,1001,3,SPSA,512,0.7329799107142857
G0089,C01,N0,1000,1,COBYLA,256,0.7682291666666666
G0089,C01,N0,1001,1,COBYLA,256,0.7796875
G0089,C02,N0,1000,1,COBYLA,512,0.7760416666666666
G0089,C02,N0,1001,1,COBYLA,512,0.593359375
G0089,C03,N0,1000,1,SPSA,256,0.7682291666666666
G0089,C03,N0,1001,1,SPSA,256,0.7828125
G0089,C04,N0,1000,1,SPSA,512,0.773046875
G0089,C04,N0,1001,1,SPSA,512,0.7606770833333333
G0089,C05,N0,1000,2,COBYLA,256,0.640625
G0089,C05,N0,1001,2,COBYLA,256,0.7927083333333333
G0089,C06,N0,1000,2,COBYLA,512,0.7666666666666667
G0089,C06,N0,1001,2,COBYLA,512,0.7899739583333333
G0089,C07,N0,1000,2,SPSA,256,0.7549479166666667
G0089,C07,N0,1001,2,SPSA,256,0.7080729166666667
G0089,C08,N0,1000,2,SPSA,512,0.7686197916666667
G0089,C08,N0,1001,2,SPSA,512,0.819140625
G0089,C09,N0,1000,3,COBYLA,256,0.7994791666666666
G0089,C09,N0,1001,3,COBYLA,256,0.825
G0089,C10,N0,1000,3,COBYLA,512,0.8578125
G0089,C10,N0,1001,3,COBYLA,512,0.794921875
G0089,C11,N0,1000,3,SPSA,256,0.6893229166666667
G0089,C11,N0,1001,3,SPSA,256,0.71328125
G0089,C12,N0,1000,3,SPSA,512,0.719140625
G0089,C12,N0,1001,3,SPSA,512,0.7532552083333334
G0090,C01,N0,1000,1,COBYLA,256,0.828125
G0090,C01,N0,1001,1,COBYLA,256,0.8258928571428571
G0090,C02,N0,1000,1,COBYLA,512,0.7479073660714286
G0090,C02,N0,1001,1,COBYLA,512,0.638671875
G0090,C03,N0,1000,1,SPSA,256,0.8138950892857143
G0090,C03,N0,1001,1,SPSA,256,0.822265625
G0090,C04,N0,1000,1,SPSA,512,0.7982700892857143
G0090,C04,N0,1001,1,SPSA,512,0.814453125
G0090,C05,N0,1000,2,COBYLA,256,0.7912946428571429
G0090,C05,N0,1001,2,COBYLA,256,0.7653459821428571
G0090,C06,N0,1000,2,COBYLA,512,0.8369140625
G0090,C06,N0,1001,2,COBYLA,512,0.8328683035714286
G0090,C07,N0,1000,2,SPSA,256,0.7536272321428571
G0090,C07,N0,1001,2,SPSA,256,0.78125
G0090,C08,N0,1000,2,SPSA,512,0.6436941964285714
G0090,C08,N0,1001,2,SPSA,512,0.7572544642857143
G0090,C09,N0,1000,3,COBYLA,256,0.6383928571428571
G0090,C09,N0,1001,3,COBYLA,256,0.8529575892857143
G0090,C10,N0,1000,3,COBYLA,512,0.8542131696428571
G0090,C10,N0,1001,3,COBYLA,512,0.8708147321428571
G0090,C11,N0,1000,3,SPSA,256,0.7287946428571429
G0090,C11,N0,1001,3,SPSA,256,0.8208705357142857
G0090,C12,N0,1000,3,SPSA,512,0.7491629464285714
G0090,C12,N0,1001,3,SPSA,512,0.8123604910714286
G0091,C01,N0,1000,1,COBYLA,256,0.809814453125
G0091,C01,N0,1001,1,COBYLA,256,0.802734375
G0091,C02,N0,1000,1,COBYLA,512,0.8233642578125
G0091,C02,N0,1001,1,COBYLA,512,0.8131103515625
G0091,C03,N0,1000,1,SPSA,256,0.644287109375
G0091,C03,N0,1001,1,SPSA,256,0.7861328125
G0091,C04,N0,1000,1,SPSA,512,0.7999267578125
G0091,C04,N0,1001,1,SPSA,512,0.8011474609375
G0091,C05,N0,1000,2,COBYLA,256,0.823974609375
G0091,C05,N0,1001,2,COBYLA,256,0.74853515625
G0091,C06,N0,1000,2,COBYLA,512,0.82080078125
G0091,C06,N0,1001,2,COBYLA,512,0.8194580078125
G0091,C07,N0,1000,2,SPSA,256,0.720703125
G0091,C07,N0,1001,2,SPSA,256,0.84521484375
G0091,C08,N0,1000,2,SPSA,512,0.6517333984375
G0091,C08,N0,1001,2,SPSA,512,0.73193359375
G0091,C09,N0,1000,3,COBYLA,256,0.8876953125
G0091,C09,N0,1001,3,COBYLA,256,0.859375
G0091,C10,N0,1000,3,COBYLA,512,0.872802734375
G0091,C10,N0,1001,3,COBYLA,512,0.8701171875
G0091,C11,N0,1000,3,SPSA,256,0.675048828125
G0091,C11,N0,1001,3,SPSA,256,0.842041015625
G0091,C12,N0,1000,3,SPSA,512,0.693115234375
G0091,C12,N0,1001,3,SPSA,512,0.841796875
G0092,C01,N0,1000,1,COBYLA,256,0.7575827205882353
G0092,C01,N0,1001,1,COBYLA,256,0.5900735294117647
G0092,C02,N0,1000,1,COBYLA,512,0.7625229779411765
G0092,C02,N0,1001,1,COBYLA,512,0.7436810661764706
G0092,C03,N0,1000,1,SPSA,256,0.5861672794117647
G0092,C03,N0,1001,1,SPSA,256,0.7316176470588235
G0092,C04,N0,1000,1,SPSA,512,0.7664292279411765
G0092,C04,N0,1001,1,SPSA,512,0.7563189338235294
G0092,C05,N0,1000,2,COBYLA,256,0.7690716911764706
G0092,C05,N0,1001,2,COBYLA,256,0.7591911764705882
G0092,C06,N0,1000,2,COBYLA,512,0.7737821691176471
G0092,C06,N0,1001,2,COBYLA,512,0.7853860294117647
G0092,C07,N0,1000,2,SPSA,256,0.7258731617647058
G0092,C07,N0,1001,2,SPSA,256,0.7141544117647058
G0092,C08,N0,1000,2,SPSA,512,0.7483915441176471
G0092,C08,N0,1001,2,SPSA,512,0.7197840073529411
G0092,C09,N0,1000,3,COBYLA,256,0.5896139705882353
G0092,C09,N0,1001,3,COBYLA,256,0.8062959558823529
G0092,C10,N0,1000,3,COBYLA,512,0.8404181985294118
G0092,C10,N0,1001,3,COBYLA,512,0.8116957720588235
G0092,C11,N0,1000,3,SPSA,256,0.6357996323529411
G0092,C11,N0,1001,3,SPSA,256,0.7741268382352942
G0092,C12,N0,1000,3,SPSA,512,0.7555147058823529
G0092,C12,N0,1001,3,SPSA,512,0.7756204044117647
G0093,C01,N0,1000,1,COBYLA,256,0.7562040441176471
G0093,C01,N0,1001,1,COBYLA,256,0.7630974264705882
G0093,C02,N0,1000,1,COBYLA,512,0.7704503676470589
G0093,C02,N0,1001,1,COBYLA,512,0.7541360294117647
G0093,C03,N0,1000,1,SPSA,256,0.6266084558823529
G0093,C03,N0,1001,1,SPSA,256,0.7564338235294118
G0093,C04,N0,1000,1,SPSA,512,0.7493106617647058
G0093,C04,N0,1001,1,SPSA,512,0.6962316176470589
G0093,C05,N0,1000,2,COBYLA,256,0.7755055147058824
G0093,C05,N0,1001,2,COBYLA,256,0.7709099264705882
G0093,C06,N0,1000,2,COBYLA,512,0.7594209558823529
G0093,C06,N0,1001,2,COBYLA,512,0.7239200367647058
G0093,C07,N0,1000,2,SPSA,256,0.5870863970588235
G0093,C07,N0,1001,2,SPSA,256,0.7045036764705882
G0093,C08,N0,1000,2,SPSA,512,0.6233915441176471
G0093,C08,N0,1001,2,SPSA,512,0.6840533088235294
G0093,C09,N0,1000,3,COBYLA,256,0.5822610294117647
G0093,C09,N0,1001,3,COBYLA,256,0.7663143382352942
G0093,C10,N0,1000,3,COBYLA,512,0.7989430147058824
G0093,C10,N0,1001,3,COBYLA,512,0.7903262867647058
G0093,C11,N0,1000,3,SPSA,256,0.6599264705882353
G0093,C11,N0,1001,3,SPSA,256,0.7791819852941176
G0093,C12,N0,1000,3,SPSA,512,0.7795266544117647
G0093,C12,N0,1001,3,SPSA,512,0.7899816176470589
G0094,C01,N0,1000,1,COBYLA,256,0.75830078125
G0094,C01,N0,1001,1,COBYLA,256,0.795166015625
G0094,C02,N0,1000,1,COBYLA,512,0.8074951171875
G0094,C02,N0,1001,1,COBYLA,512,0.7877197265625
G0094,C03,N0,1000,1,SPSA,256,0.80419921875
G0094,C03,N0,1001,1,SPSA,256,0.800537109375
G0094,C04,N0,1000,1,SPSA,512,0.8074951171875
G0094,C04,N0,1001,1,SPSA,512,0.7999267578125
G0094,C05,N0,1000,2,COBYLA,256,0.8154296875
G0094,C05,N0,1001,2,COBYLA,256,0.78564453125
G0094,C06,N0,1000,2,COBYLA,512,0.8134765625
G0094,C06,N0,1001,2,COBYLA,512,0.818603515625
G0094,C07,N0,1000,2,SPSA,256,0.724853515625
G0094,C07,N0,1001,2,SPSA,256,0.775146484375
G0094,C08,N0,1000,2,SPSA,512,0.6220703125
G0094,C08,N0,1001,2,SPSA,512,0.7518310546875
G0094,C09,N0,1000,3,COBYLA,256,0.828125
G0094,C09,N0,1001,3,COBYLA,256,0.82275390625
G0094,C10,N0,1000,3,COBYLA,512,0.8433837890625
G0094,C10,N0,1001,3,COBYLA,512,0.8428955078125
G0094,C11,N0,1000,3,SPSA,256,0.81005859375
G0094,C11,N0,1001,3,SPSA,256,0.771728515625
G0094,C12,N0,1000,3,SPSA,512,0.7677001953125
G0094,C12,N0,1001,3,SPSA,512,0.830078125
G0095,C01,N0,1000,1,COBYLA,256,0.80859375
G0095,C01,N0,1001,1,COBYLA,256,0.598876953125
G0095,C02,N0,1000,1,COBYLA,512,0.8079833984375
G0095,C02,N0,1001,1,COBYLA,512,0.80419921875
G0095,C03,N0,1000,1,SPSA,256,0.81103515625
G0095,C03,N0,1001,1,SPSA,256,0.7470703125
G0095,C04,N0,1000,1,SPSA,512,0.784423828125
G0095,C04,N0,1001,1,SPSA,512,0.6326904296875
G0095,C05,N0,1000,2,COBYLA,256,0.818115234375
G0095,C05,N0,1001,2,COBYLA,256,0.8095703125
G0095,C06,N0,1000,2,COBYLA,512,0.8154296875
G0095,C06,N0,1001,2,COBYLA,512,0.7716064453125
G0095,C07,N0,1000,2,SPSA,256,0.734375
G0095,C07,N0,1001,2,SPSA,256,0.8095703125
G0095,C08,N0,1000,2,SPSA,512,0.82666015625
G0095,C08,N0,1001,2,SPSA,512,0.75146484375
G0095,C09,N0,1000,3,COBYLA,256,0.841064453125
G0095,C09,N0,1001,3,COBYLA,256,0.835205078125
G0095,C10,N0,1000,3,COBYLA,512,0.8619384765625
G0095,C10,N0,1001,3,COBYLA,512,0.8555908203125
G0095,C11,N0,1000,3,SPSA,256,0.7353515625
G0095,C11,N0,1001,3,SPSA,256,0.818359375
G0095,C12,N0,1000,3,SPSA,512,0.745361328125
G0095,C12,N0,1001,3,SPSA,512,0.7972412109375
G0096,C01,N0,1000,1,COBYLA,256,0.7890625
G0096,C01,N0,1001,1,COBYLA,256,0.62548828125
G0096,C02,N0,1000,1,COBYLA,512,0.81103515625
G0096,C02,N0,1001,1,COBYLA,512,0.6170654296875
G0096,C03,N0,1000,1,SPSA,256,0.79150390625
G0096,C03,N0,1001,1,SPSA,256,0.796142578125
G0096,C04,N0,1000,1,SPSA,512,0.80322265625
G0096,C04,N0,1001,1,SPSA,512,0.7821044921875
G0096,C05,N0,1000,2,COBYLA,256,0.7724609375
G0096,C05,N0,1001,2,COBYLA,256,0.820068359375
G0096,C06,N0,1000,2,COBYLA,512,0.8177490234375
G0096,C06,N0,1001,2,COBYLA,512,0.810302734375
G0096,C07,N0,1000,2,SPSA,256,0.83251953125
G0096,C07,N0,1001,2,SPSA,256,0.75
G0096,C08,N0,1000,2,SPSA,512,0.7420654296875
G0096,C08,N0,1001,2,SPSA,512,0.7965087890625
G0096,C09,N0,1000,3,COBYLA,256,0.75341796875
G0096,C09,N0,1001,3,COBYLA,256,0.848388671875
G0096,C10,N0,1000,3,COBYLA,512,0.712646484375
G0096,C10,N0,1001,3,COBYLA,512,0.8580322265625
G0096,C11,N0,1000,3,SPSA,256,0.802734375
G0096,C11,N0,1001,3,SPSA,256,0.76220703125
G0096,C12,N0,1000,3,SPSA,512,0.78271484375
G0096,C12,N0,1001,3,SPSA,512,0.814208984375
G0097,C01,N0,1000,1,COBYLA,256,0.7697610294117647
G0097,C01,N0,1001,1,COBYLA,256,0.7699908088235294
G0097,C02,N0,1000,1,COBYLA,512,0.7583869485294118
G0097,C02,N0,1001,1,COBYLA,512,0.771484375
G0097,C03,N0,1000,1,SPSA,256,0.7610294117647058
G0097,C03,N0,1001,1,SPSA,256,0.7729779411764706
G0097,C04,N0,1000,1,SPSA,512,0.7574678308823529
G0097,C04,N0,1001,1,SPSA,512,0.7665441176470589
G0097,C05,N0,1000,2,COBYLA,256,0.7755055147058824
G0097,C05,N0,1001,2,COBYLA,256,0.7780330882352942
G0097,C06,N0,1000,2,COBYLA,512,0.7740119485294118
G0097,C06,N0,1001,2,COBYLA,512,0.7776884191176471
G0097,C07,N0,1000,2,SPSA,256,0.7722886029411765
G0097,C07,N0,1001,2,SPSA,256,0.7401194852941176
G0097,C08,N0,1000,2,SPSA,512,0.7663143382352942
G0097,C08,N0,1001,2,SPSA,512,0.7373621323529411
G0097,C09,N0,1000,3,COBYLA,256,0.5758272058823529
G0097,C09,N0,1001,3,COBYLA,256,0.8198529411764706
G0097,C10,N0,1000,3,COBYLA,512,0.8502987132352942
G0097,C10,N0,1001,3,COBYLA,512,0.8314568014705882
G0097,C11,N0,1000,3,SPSA,256,0.7915900735294118
G0097,C11,N0,1001,3,SPSA,256,0.7417279411764706
G0097,C12,N0,1000,3,SPSA,512,0.7599954044117647
G0097,C12,N0,1001,3,SPSA,512,0.7936580882352942
G0098,C01,N0,1000,1,COBYLA,256,0.809326171875
G0098,C01,N0,1001,1,COBYLA,256,0.785400390625
G0098,C02,N0,1000,1,COBYLA,512,0.8092041015625
G0098,C02,N0,1001,1,COBYLA,512,0.6380615234375
G0098,C03,N0,1000,1,SPSA,256,0.801025390625
G0098,C03,N0,1001,1,SPSA,256,0.800537109375
G0098,C04,N0,1000,1,SPSA,512,0.798828125
G0098,C04,N0,1001,1,SPSA,512,0.7891845703125
G0098,C05,N0,1000,2,COBYLA,256,0.72607421875
G0098,C05,N0,1001,2,COBYLA,256,0.795166015625
G0098,C06,N0,1000,2,COBYLA,512,0.76611328125
G0098,C06,N0,1001,2,COBYLA,512,0.832275390625
G0098,C07,N0,1000,2,SPSA,256,0.730712890625
G0098,C07,N0,1001,2,SPSA,256,0.740234375
G0098,C08,N0,1000,2,SPSA,512,0.62841796875
G0098,C08,N0,1001,2,SPSA,512,0.7789306640625
G0098,C09,N0,1000,3,COBYLA,256,0.771484375
G0098,C09,N0,1001,3,COBYLA,256,0.85302734375
G0098,C10,N0,1000,3,COBYLA,512,0.72314453125
G0098,C10,N0,1001,3,COBYLA,512,0.86083984375
G0098,C11,N0,1000,3,SPSA,256,0.811279296875
G0098,C11,N0,1001,3,SPSA,256,0.767822265625
G0098,C12,N0,1000,3,SPSA,512,0.7215576171875
G0098,C12,N0,1001,3,SPSA,512,0.7938232421875
G0099,C01,N0,1000,1,COBYLA,256,0.8473958333333333
G0099,C01,N0,1001,1,COBYLA,256,0.6536458333333334
G0099,C02,N0,1000,1,COBYLA,512,0.8447916666666667
G0099,C02,N0,1001,1,COBYLA,512,0.6671875
G0099,C03,N0,1000,1,SPSA,256,0.8427083333333333
G0099,C03,N0,1001,1,SPSA,256,0.83828125
G0099,C04,N0,1000,1,SPSA,512,0.8390625
G0099,C04,N0,1001,1,SPSA,512,0.8095052083333333
G0099,C05,N0,1000,2,COBYLA,256,0.84921875
G0099,C05,N0,1001,2,COBYLA,256,0.8513020833333333
G0099,C06,N0,1000,2,COBYLA,512,0.8580729166666666
G0099,C06,N0,1001,2,COBYLA,512,0.85
G0099,C07,N0,1000,2,SPSA,256,0.8453125
G0099,C07,N0,1001,2,SPSA,256,0.81484375
G0099,C08,N0,1000,2,SPSA,512,0.821484375
G0099,C08,N0,1001,2,SPSA,512,0.805859375
G0099,C09,N0,1000,3,COBYLA,256,0.7309895833333333
G0099,C09,N0,1001,3,COBYLA,256,0.8388020833333333
G0099,C10,N0,1000,3,COBYLA,512,0.87890625
G0099,C10,N0,1001,3,COBYLA,512,0.8970052083333333
G0099,C11,N0,1000,3,SPSA,256,0.7848958333333333
G0099,C11,N0,1001,3,SPSA,256,0.8203125
G0099,C12,N0,1000,3,SPSA,512,0.82578125
G0099,C12,N0,1001,3,SPSA,512,0.7837239583333333
G0100,C01,N0,1000,1,COBYLA,256,0.7702205882352942
G0100,C01,N0,1001,1,COBYLA,256,0.7610294117647058
G0100,C02,N0,1000,1,COBYLA,512,0.7583869485294118
G0100,C02,N0,1001,1,COBYLA,512,0.5845588235294118
G0100,C03,N0,1000,1,SPSA,256,0.7527573529411765
G0100,C03,N0,1001,1,SPSA,256,0.7589613970588235
G0100,C04,N0,1000,1,SPSA,512,0.6993336397058824
G0100,C04,N0,1001,1,SPSA,512,0.7470128676470589
G0100,C05,N0,1000,2,COBYLA,256,0.7750459558823529
G0100,C05,N0,1001,2,COBYLA,256,0.7068014705882353
G0100,C06,N0,1000,2,COBYLA,512,0.7771139705882353
G0100,C06,N0,1001,2,COBYLA,512,0.7674632352941176
G0100,C07,N0,1000,2,SPSA,256,0.7010569852941176
G0100,C07,N0,1001,2,SPSA,256,0.7047334558823529
G0100,C08,N0,1000,2,SPSA,512,0.6557904411764706
G0100,C08,N0,1001,2,SPSA,512,0.7470128676470589
G0100,C09,N0,1000,3,COBYLA,256,0.8223805147058824
G0100,C09,N0,1001,3,COBYLA,256,0.8138786764705882
G0100,C10,N0,1000,3,COBYLA,512,0.724609375
G0100,C10,N0,1001,3,COBYLA,512,0.8161764705882353
G0100,C11,N0,1000,3,SPSA,256,0.7077205882352942
G0100,C11,N0,1001,3,SPSA,256,0.8212316176470589
G0100,C12,N0,1000,3,SPSA,512,0.7071461397058824
G0100,C12,N0,1001,3,SPSA,512,0.7822840073529411
G0001,C01,N1,1000,1,COBYLA,256,0.61953125
G0001,C01,N1,1001,1,COBYLA,256,0.637109375
G0001,C02,N1,1000,1,COBYLA,512,0.653125
G0001,C02,N1,1001,1,COBYLA,512,0.6482421875
G0001,C03,N1,1000,1,SPSA,256,0.633984375
G0001,C03,N1,1001,1,SPSA,256,0.640625
G0001,C04,N1,1000,1,SPSA,512,0.6505859375
G0001,C04,N1,1001,1,SPSA,512,0.65546875
G0001,C05,N1,1000,2,COBYLA,256,0.663671875
G0001,C05,N1,1001,2,COBYLA,256,0.68046875
G0001,C06,N1,1000,2,COBYLA,512,0.6318359375
G0001,C06,N1,1001,2,COBYLA,512,0.6427734375
G0001,C07,N1,1000,2,SPSA,256,0.75703125
G0001,C07,N1,1001,2,SPSA,256,0.653125
G0001,C08,N1,1000,2,SPSA,512,0.6822265625
G0001,C08,N1,1001,2,SPSA,512,0.6470703125
G0001,C09,N1,1000,3,COBYLA,256,0.68671875
G0001,C09,N1,1001,3,COBYLA,256,0.648046875
G0001,C10,N1,1000,3,COBYLA,512,0.655078125
G0001,C10,N1,1001,3,COBYLA,512,0.638671875
G0001,C11,N1,1000,3,SPSA,256,0.767578125
G0001,C11,N1,1001,3,SPSA,256,0.662890625
G0001,C12,N1,1000,3,SPSA,512,0.7521484375
G0001,C12,N1,1001,3,SPSA,512,0.6431640625
G0001,C01,N2,1000,1,COBYLA,256,0.615625
G0001,C01,N2,1001,1,COBYLA,256,0.633203125
G0001,C02,N2,1000,1,COBYLA,512,0.643359375
G0001,C02,N2,1001,1,COBYLA,512,0.6369140625
G0001,C03,N2,1000,1,SPSA,256,0.621484375
G0001,C03,N2,1001,1,SPSA,256,0.631640625
G0001,C04,N2,1000,1,SPSA,512,0.6419921875
G0001,C04,N2,1001,1,SPSA,512,0.6439453125
G0001,C05,N2,1000,2,COBYLA,256,0.64921875
G0001,C05,N2,1001,2,COBYLA,256,0.666796875
G0001,C06,N2,1000,2,COBYLA,512,0.6294921875
G0001,C06,N2,1001,2,COBYLA,512,0.6306640625
G0001,C07,N2,1000,2,SPSA,256,0.7015625
G0001,C07,N2,1001,2,SPSA,256,0.640625
G0001,C08,N2,1000,2,SPSA,512,0.66171875
G0001,C08,N2,1001,2,SPSA,512,0.63984375
G0001,C09,N2,1000,3,COBYLA,256,0.660546875
G0001,C09,N2,1001,3,COBYLA,256,0.637109375
G0001,C10,N2,1000,3,COBYLA,512,0.640234375
G0001,C10,N2,1001,3,COBYLA,512,0.63671875
G0001,C11,N2,1000,3,SPSA,256,0.714453125
G0001,C11,N2,1001,3,SPSA,256,0.660546875
G0001,C12,N2,1000,3,SPSA,512,0.71484375
G0001,C12,N2,1001,3,SPSA,512,0.64765625
G0002,C01,N1,1000,1,COBYLA,256,0.630859375
G0002,C01,N1,1001,1,COBYLA,256,0.6116536458333334
G0002,C02,N1,1000,1,COBYLA,512,0.6388346354166666
G0002,C02,N1,1001,1,COBYLA,512,0.6349283854166666
G0002,C03,N1,1000,1,SPSA,256,0.634765625
G0002,C03,N1,1001,1,SPSA,256,0.638671875
G0002,C04,N1,1000,1,SPSA,512,0.6505533854166666
G0002,C04,N1,1001,1,SPSA,512,0.6505533854166666
G0002,C05,N1,1000,2,COBYLA,256,0.6416015625
G0002,C05,N1,1001,2,COBYLA,256,0.6220703125
G0002,C06,N1,1000,2,COBYLA,512,0.6409505208333334
G0002,C06,N1,1001,2,COBYLA,512,0.63134765625
G0002,C07,N1,1000,2,SPSA,256,0.6676432291666666
G0002,C07,N1,1001,2,SPSA,256,0.6354166666666666
G0002,C08,N1,1000,2,SPSA,512,0.6497395833333334
G0002,C08,N1,1001,2,SPSA,512,0.6438802083333334
G0002,C09,N1,1000,3,COBYLA,256,0.6510416666666666
G0002,C09,N1,1001,3,COBYLA,256,0.6399739583333334
G0002,C10,N1,1000,3,COBYLA,512,0.6591796875
G0002,C10,N1,1001,3,COBYLA,512,0.6424153645833334
G0002,C11,N1,1000,3,SPSA,256,0.6611328125
G0002,C11,N1,1001,3,SPSA,256,0.6380208333333334
G0002,C12,N1,1000,3,SPSA,512,0.6756184895833334
G0002,C12,N1,1001,3,SPSA,512,0.6380208333333334
G0002,C01,N2,1000,1,COBYLA,256,0.6165364583333334
G0002,C01,N2,1001,1,COBYLA,256,0.6025390625
G0002,C02,N2,1000,1,COBYLA,512,0.62841796875
G0002,C02,N2,1001,1,COBYLA,512,0.6246744791666666
G0002,C03,N2,1000,1,SPSA,256,0.626953125
G0002,C03,N2,1001,1,SPSA,256,0.62890625
G0002,C04,N2,1000,1,SPSA,512,0.63916015625
G0002,C04,N2,1001,1,SPSA,512,0.6385091145833334
G0002,C05,N2,1000,2,COBYLA,256,0.6376953125
G0002,C05,N2,1001,2,COBYLA,256,0.6201171875
G0002,C06,N2,1000,2,COBYLA,512,0.63330078125
G0002,C06,N2,1001,2,COBYLA,512,0.62255859375
G0002,C07,N2,1000,2,SPSA,256,0.646484375
G0002,C07,N2,1001,2,SPSA,256,0.6279296875
G0002,C08,N2,1000,2,SPSA,512,0.6399739583333334
G0002,C08,N2,1001,2,SPSA,512,0.6306966145833334
G0002,C09,N2,1000,3,COBYLA,256,0.6324869791666666
G0002,C09,N2,1001,3,COBYLA,256,0.6188151041666666
G0002,C10,N2,1000,3,COBYLA,512,0.6380208333333334
G0002,C10,N2,1001,3,COBYLA,512,0.6236979166666666
G0002,C11,N2,1000,3,SPSA,256,0.640625
G0002,C11,N2,1001,3,SPSA,256,0.6337890625
G0002,C12,N2,1000,3,SPSA,512,0.6494140625
G0002,C12,N2,1001,3,SPSA,512,0.6194661458333334
G0003,C01,N1,1000,1,COBYLA,256,0.6438802083333334
G0003,C01,N1,1001,1,COBYLA,256,0.6233723958333334
G0003,C02,N1,1000,1,COBYLA,512,0.71142578125
G0003,C02,N1,1001,1,COBYLA,512,0.72021484375
G0003,C03,N1,1000,1,SPSA,256,0.6653645833333334
G0003,C03,N1,1001,1,SPSA,256,0.7076822916666666
G0003,C04,N1,1000,1,SPSA,512,0.7102864583333334
G0003,C04,N1,1001,1,SPSA,512,0.71630859375
G0003,C05,N1,1000,2,COBYLA,256,0.669921875
G0003,C05,N1,1001,2,COBYLA,256,0.7177734375
G0003,C06,N1,1000,2,COBYLA,512,0.6805013020833334
G0003,C06,N1,1001,2,COBYLA,512,0.6863606770833334
G0003,C07,N1,1000,2,SPSA,256,0.6383463541666666
G0003,C07,N1,1001,2,SPSA,256,0.7330729166666666
G0003,C08,N1,1000,2,SPSA,512,0.6232096354166666
G0003,C08,N1,1001,2,SPSA,512,0.7109375
G0003,C09,N1,1000,3,COBYLA,256,0.6311848958333334
G0003,C09,N1,1001,3,COBYLA,256,0.7076822916666666
G0003,C10,N1,1000,3,COBYLA,512,0.6337890625
G0003,C10,N1,1001,3,COBYLA,512,0.7001953125
G0003,C11,N1,1000,3,SPSA,256,0.7141927083333334
G0003,C11,N1,1001,3,SPSA,256,0.70703125
G0003,C12,N1,1000,3,SPSA,512,0.71484375
G0003,C12,N1,1001,3,SPSA,512,0.7185872395833334
G0003,C01,N2,1000,1,COBYLA,256,0.6432291666666666
G0003,C01,N2,1001,1,COBYLA,256,0.6256510416666666
G0003,C02,N2,1000,1,COBYLA,512,0.6951497395833334
G0003,C02,N2,1001,1,COBYLA,512,0.7037760416666666
G0003,C03,N2,1000,1,SPSA,256,0.6572265625
G0003,C03,N2,1001,1,SPSA,256,0.6979166666666666
G0003,C04,N2,1000,1,SPSA,512,0.6949869791666666
G0003,C04,N2,1001,1,SPSA,512,0.6990559895833334
G0003,C05,N2,1000,2,COBYLA,256,0.658203125
G0003,C05,N2,1001,2,COBYLA,256,0.6725260416666666
G0003,C06,N2,1000,2,COBYLA,512,0.6487630208333334
G0003,C06,N2,1001,2,COBYLA,512,0.6609700520833334
G0003,C07,N2,1000,2,SPSA,256,0.6350911458333334
G0003,C07,N2,1001,2,SPSA,256,0.6936848958333334
G0003,C08,N2,1000,2,SPSA,512,0.62060546875
G0003,C08,N2,1001,2,SPSA,512,0.677734375
G0003,C09,N2,1000,3,COBYLA,256,0.625
G0003,C09,N2,1001,3,COBYLA,256,0.6682942708333334
G0003,C10,N2,1000,3,COBYLA,512,0.6324869791666666
G0003,C10,N2,1001,3,COBYLA,512,0.669921875
G0003,C11,N2,1000,3,SPSA,256,0.6728515625
G0003,C11,N2,1001,3,SPSA,256,0.6891276041666666
G0003,C12,N2,1000,3,SPSA,512,0.68212890625
G0003,C12,N2,1001,3,SPSA,512,0.6875
G0004,C01,N1,1000,1,COBYLA,256,0.7047991071428571
G0004,C01,N1,1001,1,COBYLA,256,0.59375
G0004,C02,N1,1000,1,COBYLA,512,0.5598493303571429
G0004,C02,N1,1001,1,COBYLA,512,0.5919363839285714
G0004,C03,N1,1000,1,SPSA,256,0.5814732142857143
G0004,C03,N1,1001,1,SPSA,256,0.5510602678571429
G0004,C04,N1,1000,1,SPSA,512,0.5691964285714286
G0004,C04,N1,1001,1,SPSA,512,0.5598493303571429
G0004,C05,N1,1000,2,COBYLA,256,0.576171875
G0004,C05,N1,1001,2,COBYLA,256,0.6001674107142857
G0004,C06,N1,1000,2,COBYLA,512,0.6071428571428571
G0004,C06,N1,1001,2,COBYLA,512,0.5880301339285714
G0004,C07,N1,1000,2,SPSA,256,0.5915178571428571
G0004,C07,N1,1001,2,SPSA,256,0.5842633928571429
G0004,C08,N1,1000,2,SPSA,512,0.5899832589285714
G0004,C08,N1,1001,2,SPSA,512,0.5943080357142857
G0004,C09,N1,1000,3,COBYLA,256,0.5934709821428571
G0004,C09,N1,1001,3,COBYLA,256,0.6171875
G0004,C10,N1,1000,3,COBYLA,512,0.6026785714285714
G0004,C10,N1,1001,3,COBYLA,512,0.607421875
G0004,C11,N1,1000,3,SPSA,256,0.6040736607142857
G0004,C11,N1,1001,3,SPSA,256,0.6124441964285714
G0004,C12,N1,1000,3,SPSA,512,0.6032366071428571
G0004,C12,N1,1001,3,SPSA,512,0.6072823660714286
G0004,C01,N2,1000,1,COBYLA,256,0.6813616071428571
G0004,C01,N2,1001,1,COBYLA,256,0.5943080357142857
G0004,C02,N2,1000,1,COBYLA,512,0.5671037946428571
G0004,C02,N2,1001,1,COBYLA,512,0.5905412946428571
G0004,C03,N2,1000,1,SPSA,256,0.5842633928571429
G0004,C03,N2,1001,1,SPSA,256,0.5613839285714286
G0004,C04,N2,1000,1,SPSA,512,0.5777064732142857
G0004,C04,N2,1001,1,SPSA,512,0.5666852678571429
G0004,C05,N2,1000,2,COBYLA,256,0.5678013392857143
G0004,C05,N2,1001,2,COBYLA,256,0.5926339285714286
G0004,C06,N2,1000,2,COBYLA,512,0.5961216517857143
G0004,C06,N2,1001,2,COBYLA,512,0.583984375
G0004,C07,N2,1000,2,SPSA,256,0.5929129464285714
G0004,C07,N2,1001,2,SPSA,256,0.5786830357142857
G0004,C08,N2,1000,2,SPSA,512,0.5880301339285714
G0004,C08,N2,1001,2,SPSA,512,0.5891462053571429
G0004,C09,N2,1000,3,COBYLA,256,0.5834263392857143
G0004,C09,N2,1001,3,COBYLA,256,0.5775669642857143
G0004,C10,N2,1000,3,COBYLA,512,0.5856584821428571
G0004,C10,N2,1001,3,COBYLA,512,0.5842633928571429
G0004,C11,N2,1000,3,SPSA,256,0.5890066964285714
G0004,C11,N2,1001,3,SPSA,256,0.5678013392857143
G0004,C12,N2,1000,3,SPSA,512,0.5791015625
G0004,C12,N2,1001,3,SPSA,512,0.5841238839285714
G0005,C01,N1,1000,1,COBYLA,256,0.646484375
G0005,C01,N1,1001,1,COBYLA,256,0.69296875
G0005,C02,N1,1000,1,COBYLA,512,0.6279296875
G0005,C02,N1,1001,1,COBYLA,512,0.6361328125
G0005,C03,N1,1000,1,SPSA,256,0.702734375
G0005,C03,N1,1001,1,SPSA,256,0.669921875
G0005,C04,N1,1000,1,SPSA,512,0.70703125
G0005,C04,N1,1001,1,SPSA,512,0.6607421875
G0005,C05,N1,1000,2,COBYLA,256,0.687890625
G0005,C05,N1,1001,2,COBYLA,256,0.6296875
G0005,C06,N1,1000,2,COBYLA,512,0.754296875
G0005,C06,N1,1001,2,COBYLA,512,0.6390625
G0005,C07,N1,1000,2,SPSA,256,0.69921875
G0005,C07,N1,1001,2,SPSA,256,0.6296875
G0005,C08,N1,1000,2,SPSA,512,0.7548828125
G0005,C08,N1,1001,2,SPSA,512,0.643359375
G0005,C09,N1,1000,3,COBYLA,256,0.687109375
G0005,C09,N1,1001,3,COBYLA,256,0.649609375
G0005,C10,N1,1000,3,COBYLA,512,0.622265625
G0005,C10,N1,1001,3,COBYLA,512,0.6705078125
G0005,C11,N1,1000,3,SPSA,256,0.786328125
G0005,C11,N1,1001,3,SPSA,256,0.7796875
G0005,C12,N1,1000,3,SPSA,512,0.7798828125
G0005,C12,N1,1001,3,SPSA,512,0.8103515625
G0005,C01,N2,1000,1,COBYLA,256,0.63828125
G0005,C01,N2,1001,1,COBYLA,256,0.670703125
G0005,C02,N2,1000,1,COBYLA,512,0.6236328125
G0005,C02,N2,1001,1,COBYLA,512,0.6275390625
G0005,C03,N2,1000,1,SPSA,256,0.68203125
G0005,C03,N2,1001,1,SPSA,256,0.6609375
G0005,C04,N2,1000,1,SPSA,512,0.68984375
G0005,C04,N2,1001,1,SPSA,512,0.65546875
G0005,C05,N2,1000,2,COBYLA,256,0.662890625
G0005,C05,N2,1001,2,COBYLA,256,0.63359375
G0005,C06,N2,1000,2,COBYLA,512,0.7107421875
G0005,C06,N2,1001,2,COBYLA,512,0.6369140625
G0005,C07,N2,1000,2,SPSA,256,0.6796875
G0005,C07,N2,1001,2,SPSA,256,0.621484375
G0005,C08,N2,1000,2,SPSA,512,0.7158203125
G0005,C08,N2,1001,2,SPSA,512,0.6365234375
G0005,C09,N2,1000,3,COBYLA,256,0.6484375
G0005,C09,N2,1001,3,COBYLA,256,0.628125
G0005,C10,N2,1000,3,COBYLA,512,0.6177734375
G0005,C10,N2,1001,3,COBYLA,512,0.63984375
G0005,C11,N2,1000,3,SPSA,256,0.72421875
G0005,C11,N2,1001,3,SPSA,256,0.71953125
G0005,C12,N2,1000,3,SPSA,512,0.7283203125
G0005,C12,N2,1001,3,SPSA,512,0.7435546875
G0006,C01,N1,1000,1,COBYLA,256,0.5973307291666666
G0006,C01,N1,1001,1,COBYLA,256,0.6087239583333334
G0006,C02,N1,1000,1,COBYLA,512,0.6155598958333334
G0006,C02,N1,1001,1,COBYLA,512,0.611328125
G0006,C03,N1,1000,1,SPSA,256,0.6201171875
G0006,C03,N1,1001,1,SPSA,256,0.6194661458333334
G0006,C04,N1,1000,1,SPSA,512,0.6256510416666666
G0006,C04,N1,1001,1,SPSA,512,0.6241861979166666
G0006,C05,N1,1000,2,COBYLA,256,0.65234375
G0006,C05,N1,1001,2,COBYLA,256,0.615234375
G0006,C06,N1,1000,2,COBYLA,512,0.65625
G0006,C06,N1,1001,2,COBYLA,512,0.6241861979166666
G0006,C07,N1,1000,2,SPSA,256,0.6497395833333334
G0006,C07,N1,1001,2,SPSA,256,0.6422526041666666
G0006,C08,N1,1000,2,SPSA,512,0.6466471354166666
G0006,C08,N1,1001,2,SPSA,512,0.64013671875
G0006,C09,N1,1000,3,COBYLA,256,0.6080729166666666
G0006,C09,N1,1001,3,COBYLA,256,0.5882161458333334
G0006,C10,N1,1000,3,COBYLA,512,0.642578125
G0006,C10,N1,1001,3,COBYLA,512,0.6171875
G0006,C11,N1,1000,3,SPSA,256,0.630859375
G0006,C11,N1,1001,3,SPSA,256,0.6357421875
G0006,C12,N1,1000,3,SPSA,512,0.6251627604166666
G0006,C12,N1,1001,3,SPSA,512,0.63134765625
G0006,C01,N2,1000,1,COBYLA,256,0.5914713541666666
G0006,C01,N2,1001,1,COBYLA,256,0.6119791666666666
G0006,C02,N2,1000,1,COBYLA,512,0.6140950520833334
G0006,C02,N2,1001,1,COBYLA,512,0.6048177083333334
G0006,C03,N2,1000,1,SPSA,256,0.6175130208333334
G0006,C03,N2,1001,1,SPSA,256,0.6178385416666666
G0006,C04,N2,1000,1,SPSA,512,0.61865234375
G0006,C04,N2,1001,1,SPSA,512,0.62109375
G0006,C05,N2,1000,2,COBYLA,256,0.640625
G0006,C05,N2,1001,2,COBYLA,256,0.6119791666666666
G0006,C06,N2,1000,2,COBYLA,512,0.6359049479166666
G0006,C06,N2,1001,2,COBYLA,512,0.6209309895833334
G0006,C07,N2,1000,2,SPSA,256,0.6279296875
G0006,C07,N2,1001,2,SPSA,256,0.6318359375
G0006,C08,N2,1000,2,SPSA,512,0.6380208333333334
G0006,C08,N2,1001,2,SPSA,512,0.62744140625
G0006,C09,N2,1000,3,COBYLA,256,0.5960286458333334
G0006,C09,N2,1001,3,COBYLA,256,0.5791015625
G0006,C10,N2,1000,3,COBYLA,512,0.6305338541666666
G0006,C10,N2,1001,3,COBYLA,512,0.6090494791666666
G0006,C11,N2,1000,3,SPSA,256,0.6243489583333334
G0006,C11,N2,1001,3,SPSA,256,0.6175130208333334
G0006,C12,N2,1000,3,SPSA,512,0.61328125
G0006,C12,N2,1001,3,SPSA,512,0.6145833333333334
G0007,C01,N1,1000,1,COBYLA,256,0.6075721153846154
G0007,C01,N1,1001,1,COBYLA,256,0.6418269230769231
G0007,C02,N1,1000,1,COBYLA,512,0.6179387019230769
G0007,C02,N1,1001,1,COBYLA,512,0.6634615384615384
G0007,C03,N1,1000,1,SPSA,256,0.6234975961538461
G0007,C03,N1,1001,1,SPSA,256,0.6189903846153846
G0007,C04,N1,1000,1,SPSA,512,0.623046875
G0007,C04,N1,1001,1,SPSA,512,0.6159855769230769
G0007,C05,N1,1000,2,COBYLA,256,0.6307091346153846
G0007,C05,N1,1001,2,COBYLA,256,0.6508413461538461
G0007,C06,N1,1000,2,COBYLA,512,0.6567007211538461
G0007,C06,N1,1001,2,COBYLA,512,0.6472355769230769
G0007,C07,N1,1000,2,SPSA,256,0.7442908653846154
G0007,C07,N1,1001,2,SPSA,256,0.6204927884615384
G0007,C08,N1,1000,2,SPSA,512,0.6756310096153846
G0007,C08,N1,1001,2,SPSA,512,0.6200420673076923
G0007,C09,N1,1000,3,COBYLA,256,0.6117788461538461
G0007,C09,N1,1001,3,COBYLA,256,0.6529447115384616
G0007,C10,N1,1000,3,COBYLA,512,0.6808894230769231
G0007,C10,N1,1001,3,COBYLA,512,0.6520432692307693
G0007,C11,N1,1000,3,SPSA,256,0.6120793269230769
G0007,C11,N1,1001,3,SPSA,256,0.6622596153846154
G0007,C12,N1,1000,3,SPSA,512,0.6240985576923077
G0007,C12,N1,1001,3,SPSA,512,0.6768329326923077
G0007,C01,N2,1000,1,COBYLA,256,0.6180889423076923
G0007,C01,N2,1001,1,COBYLA,256,0.6388221153846154
G0007,C02,N2,1000,1,COBYLA,512,0.6256009615384616
G0007,C02,N2,1001,1,COBYLA,512,0.6497896634615384
G0007,C03,N2,1000,1,SPSA,256,0.6310096153846154
G0007,C03,N2,1001,1,SPSA,256,0.6283052884615384
G0007,C04,N2,1000,1,SPSA,512,0.6203425480769231
G0007,C04,N2,1001,1,SPSA,512,0.6224459134615384
G0007,C05,N2,1000,2,COBYLA,256,0.6246995192307693
G0007,C05,N2,1001,2,COBYLA,256,0.6370192307692307
G0007,C06,N2,1000,2,COBYLA,512,0.6428786057692307
G0007,C06,N2,1001,2,COBYLA,512,0.6268028846153846
G0007,C07,N2,1000,2,SPSA,256,0.7037259615384616
G0007,C07,N2,1001,2,SPSA,256,0.6102764423076923
G0007,C08,N2,1000,2,SPSA,512,0.6526442307692307
G0007,C08,N2,1001,2,SPSA,512,0.6146334134615384
G0007,C09,N2,1000,3,COBYLA,256,0.6027644230769231
G0007,C09,N2,1001,3,COBYLA,256,0.6234975961538461
G0007,C10,N2,1000,3,COBYLA,512,0.6557992788461539
G0007,C10,N2,1001,3,COBYLA,512,0.6292067307692307
G0007,C11,N2,1000,3,SPSA,256,0.6171875
G0007,C11,N2,1001,3,SPSA,256,0.6292067307692307
G0007,C12,N2,1000,3,SPSA,512,0.6141826923076923
G0007,C12,N2,1001,3,SPSA,512,0.63671875
G0008,C01,N1,1000,1,COBYLA,256,0.6533203125
G0008,C01,N1,1001,1,COBYLA,256,0.6516927083333334
G0008,C02,N1,1000,1,COBYLA,512,0.6572265625
G0008,C02,N1,1001,1,COBYLA,512,0.66552734375
G0008,C03,N1,1000,1,SPSA,256,0.6315104166666666
G0008,C03,N1,1001,1,SPSA,256,0.640625
G0008,C04,N1,1000,1,SPSA,512,0.7042643229166666
G0008,C04,N1,1001,1,SPSA,512,0.6611328125
G0008,C05,N1,1000,2,COBYLA,256,0.6201171875
G0008,C05,N1,1001,2,COBYLA,256,0.6409505208333334
G0008,C06,N1,1000,2,COBYLA,512,0.6648763020833334
G0008,C06,N1,1001,2,COBYLA,512,0.6346028645833334
G0008,C07,N1,1000,2,SPSA,256,0.7174479166666666
G0008,C07,N1,1001,2,SPSA,256,0.6604817708333334
G0008,C08,N1,1000,2,SPSA,512,0.73779296875
G0008,C08,N1,1001,2,SPSA,512,0.6546223958333334
G0008,C09,N1,1000,3,COBYLA,256,0.6363932291666666
G0008,C09,N1,1001,3,COBYLA,256,0.6591796875
G0008,C10,N1,1000,3,COBYLA,512,0.6513671875
G0008,C10,N1,1001,3,COBYLA,512,0.6565755208333334
G0008,C11,N1,1000,3,SPSA,256,0.6608072916666666
G0008,C11,N1,1001,3,SPSA,256,0.66015625
G0008,C12,N1,1000,3,SPSA,512,0.6795247395833334
G0008,C12,N1,1001,3,SPSA,512,0.6632486979166666
G0008,C01,N2,1000,1,COBYLA,256,0.6487630208333334
G0008,C01,N2,1001,1,COBYLA,256,0.6510416666666666
G0008,C02,N2,1000,1,COBYLA,512,0.6482747395833334
G0008,C02,N2,1001,1,COBYLA,512,0.6612955729166666
G0008,C03,N2,1000,1,SPSA,256,0.63671875
G0008,C03,N2,1001,1,SPSA,256,0.6412760416666666
G0008,C04,N2,1000,1,SPSA,512,0.6896158854166666
G0008,C04,N2,1001,1,SPSA,512,0.6578776041666666
G0008,C05,N2,1000,2,COBYLA,256,0.6354166666666666
G0008,C05,N2,1001,2,COBYLA,256,0.6373697916666666
G0008,C06,N2,1000,2,COBYLA,512,0.6612955729166666
G0008,C06,N2,1001,2,COBYLA,512,0.6319986979166666
G0008,C07,N2,1000,2,SPSA,256,0.6995442708333334
G0008,C07,N2,1001,2,SPSA,256,0.6516927083333334
G0008,C08,N2,1000,2,SPSA,512,0.7029622395833334
G0008,C08,N2,1001,2,SPSA,512,0.6494140625
G0008,C09,N2,1000,3,COBYLA,256,0.6311848958333334
G0008,C09,N2,1001,3,COBYLA,256,0.6507161458333334
G0008,C10,N2,1000,3,COBYLA,512,0.6354166666666666
G0008,C10,N2,1001,3,COBYLA,512,0.6471354166666666
G0008,C11,N2,1000,3,SPSA,256,0.6461588541666666
G0008,C11,N2,1001,3,SPSA,256,0.6513671875
G0008,C12,N2,1000,3,SPSA,512,0.65625
G0008,C12,N2,1001,3,SPSA,512,0.65625
G0009,C01,N1,1000,1,COBYLA,256,0.6091145833333333
G0009,C01,N1,1001,1,COBYLA,256,0.565625
G0009,C02,N1,1000,1,COBYLA,512,0.71640625
G0009,C02,N1,1001,1,COBYLA,512,0.5661458333333333
G0009,C03,N1,1000,1,SPSA,256,0.58671875
G0009,C03,N1,1001,1,SPSA,256,0.5893229166666667
G0009,C04,N1,1000,1,SPSA,512,0.588671875
G0009,C04,N1,1001,1,SPSA,512,0.5932291666666667
G0009,C05,N1,1000,2,COBYLA,256,0.5817708333333333
G0009,C05,N1,1001,2,COBYLA,256,0.5783854166666667
G0009,C06,N1,1000,2,COBYLA,512,0.5822916666666667
G0009,C06,N1,1001,2,COBYLA,512,0.583984375
G0009,C07,N1,1000,2,SPSA,256,0.5877604166666667
G0009,C07,N1,1001,2,SPSA,256,0.6018229166666667
G0009,C08,N1,1000,2,SPSA,512,0.5811197916666667
G0009,C08,N1,1001,2,SPSA,512,0.5981770833333333
G0009,C09,N1,1000,3,COBYLA,256,0.5809895833333333
G0009,C09,N1,1001,3,COBYLA,256,0.5817708333333333
G0009,C10,N1,1000,3,COBYLA,512,0.584375
G0009,C10,N1,1001,3,COBYLA,512,0.591796875
G0009,C11,N1,1000,3,SPSA,256,0.575
G0009,C11,N1,1001,3,SPSA,256,0.58515625
G0009,C12,N1,1000,3,SPSA,512,0.5739583333333333
G0009,C12,N1,1001,3,SPSA,512,0.5756510416666667
G0009,C01,N2,1000,1,COBYLA,256,0.6013020833333333
G0009,C01,N2,1001,1,COBYLA,256,0.5705729166666667
G0009,C02,N2,1000,1,COBYLA,512,0.6828125
G0009,C02,N2,1001,1,COBYLA,512,0.5635416666666667
G0009,C03,N2,1000,1,SPSA,256,0.58671875
G0009,C03,N2,1001,1,SPSA,256,0.5856770833333333
G0009,C04,N2,1000,1,SPSA,512,0.5848958333333333
G0009,C04,N2,1001,1,SPSA,512,0.5859375
G0009,C05,N2,1000,2,COBYLA,256,0.5765625
G0009,C05,N2,1001,2,COBYLA,256,0.57734375
G0009,C06,N2,1000,2,COBYLA,512,0.5826822916666666
G0009,C06,N2,1001,2,COBYLA,512,0.584765625
G0009,C07,N2,1000,2,SPSA,256,0.5846354166666666
G0009,C07,N2,1001,2,SPSA,256,0.5973958333333333
G0009,C08,N2,1000,2,SPSA,512,0.5873697916666667
G0009,C08,N2,1001,2,SPSA,512,0.5983072916666666
G0009,C09,N2,1000,3,COBYLA,256,0.5802083333333333
G0009,C09,N2,1001,3,COBYLA,256,0.57890625
G0009,C10,N2,1000,3,COBYLA,512,0.577734375
G0009,C10,N2,1001,3,COBYLA,512,0.5790364583333333
G0009,C11,N2,1000,3,SPSA,256,0.5596354166666667
G0009,C11,N2,1001,3,SPSA,256,0.5807291666666666
G0009,C12,N2,1000,3,SPSA,512,0.5609375
G0009,C12,N2,1001,3,SPSA,512,0.5756510416666667
G0010,C01,N1,1000,1,COBYLA,256,0.525390625
G0010,C01,N1,1001,1,COBYLA,256,0.6749441964285714
G0010,C02,N1,1000,1,COBYLA,512,0.5562220982142857
G0010,C02,N1,1001,1,COBYLA,512,0.6763392857142857
G0010,C03,N1,1000,1,SPSA,256,0.6520647321428571
G0010,C03,N1,1001,1,SPSA,256,0.5597098214285714
G0010,C04,N1,1000,1,SPSA,512,0.6077008928571429
G0010,C04,N1,1001,1,SPSA,512,0.57421875
G0010,C05,N1,1000,2,COBYLA,256,0.58203125
G0010,C05,N1,1001,2,COBYLA,256,0.5851004464285714
G0010,C06,N1,1000,2,COBYLA,512,0.5795200892857143
G0010,C06,N1,1001,2,COBYLA,512,0.6015625
G0010,C07,N1,1000,2,SPSA,256,0.6090959821428571
G0010,C07,N1,1001,2,SPSA,256,0.6141183035714286
G0010,C08,N1,1000,2,SPSA,512,0.5997488839285714
G0010,C08,N1,1001,2,SPSA,512,0.5866350446428571
G0010,C09,N1,1000,3,COBYLA,256,0.5424107142857143
G0010,C09,N1,1001,3,COBYLA,256,0.5890066964285714
G0010,C10,N1,1000,3,COBYLA,512,0.5486886160714286
G0010,C10,N1,1001,3,COBYLA,512,0.5888671875
G0010,C11,N1,1000,3,SPSA,256,0.5689174107142857
G0010,C11,N1,1001,3,SPSA,256,0.6983816964285714
G0010,C12,N1,1000,3,SPSA,512,0.5777064732142857
G0010,C12,N1,1001,3,SPSA,512,0.7452566964285714
G0010,C01,N2,1000,1,COBYLA,256,0.5279017857142857
G0010,C01,N2,1001,1,COBYLA,256,0.6484375
G0010,C02,N2,1000,1,COBYLA,512,0.5546875
G0010,C02,N2,1001,1,COBYLA,512,0.6509486607142857
G0010,C03,N2,1000,1,SPSA,256,0.6305803571428571
G0010,C03,N2,1001,1,SPSA,256,0.560546875
G0010,C04,N2,1000,1,SPSA,512,0.5965401785714286
G0010,C04,N2,1001,1,SPSA,512,0.5731026785714286
G0010,C05,N2,1000,2,COBYLA,256,0.5778459821428571
G0010,C05,N2,1001,2,COBYLA,256,0.5647321428571429
G0010,C06,N2,1000,2,COBYLA,512,0.5765904017857143
G0010,C06,N2,1001,2,COBYLA,512,0.5765904017857143
G0010,C07,N2,1000,2,SPSA,256,0.5968191964285714
G0010,C07,N2,1001,2,SPSA,256,0.5970982142857143
G0010,C08,N2,1000,2,SPSA,512,0.5768694196428571
G0010,C08,N2,1001,2,SPSA,512,0.5665457589285714
G0010,C09,N2,1000,3,COBYLA,256,0.5373883928571429
G0010,C09,N2,1001,3,COBYLA,256,0.5619419642857143
G0010,C10,N2,1000,3,COBYLA,512,0.5458984375
G0010,C10,N2,1001,3,COBYLA,512,0.5682198660714286
G0010,C11,N2,1000,3,SPSA,256,0.5530133928571429
G0010,C11,N2,1001,3,SPSA,256,0.6344866071428571
G0010,C12,N2,1000,3,SPSA,512,0.5602678571428571
G0010,C12,N2,1001,3,SPSA,512,0.6654575892857143
G0011,C01,N1,1000,1,COBYLA,256,0.6431640625
G0011,C01,N1,1001,1,COBYLA,256,0.6439453125
G0011,C02,N1,1000,1,COBYLA,512,0.64443359375
G0011,C02,N1,1001,1,COBYLA,512,0.630859375
G0011,C03,N1,1000,1,SPSA,256,0.6388671875
G0011,C03,N1,1001,1,SPSA,256,0.62109375
G0011,C04,N1,1000,1,SPSA,512,0.64189453125
G0011,C04,N1,1001,1,SPSA,512,0.62890625
G0011,C05,N1,1000,2,COBYLA,256,0.6265625
G0011,C05,N1,1001,2,COBYLA,256,0.6314453125
G0011,C06,N1,1000,2,COBYLA,512,0.73115234375
G0011,C06,N1,1001,2,COBYLA,512,0.63154296875
G0011,C07,N1,1000,2,SPSA,256,0.680078125
G0011,C07,N1,1001,2,SPSA,256,0.643359375
G0011,C08,N1,1000,2,SPSA,512,0.66669921875
G0011,C08,N1,1001,2,SPSA,512,0.64453125
G0011,C09,N1,1000,3,COBYLA,256,0.6357421875
G0011,C09,N1,1001,3,COBYLA,256,0.6537109375
G0011,C10,N1,1000,3,COBYLA,512,0.65341796875
G0011,C10,N1,1001,3,COBYLA,512,0.6630859375
G0011,C11,N1,1000,3,SPSA,256,0.656640625
G0011,C11,N1,1001,3,SPSA,256,0.6501953125
G0011,C12,N1,1000,3,SPSA,512,0.7201171875
G0011,C12,N1,1001,3,SPSA,512,0.65234375
G0011,C01,N2,1000,1,COBYLA,256,0.640234375
G0011,C01,N2,1001,1,COBYLA,256,0.6423828125
G0011,C02,N2,1000,1,COBYLA,512,0.64267578125
G0011,C02,N2,1001,1,COBYLA,512,0.62822265625
G0011,C03,N2,1000,1,SPSA,256,0.63046875
G0011,C03,N2,1001,1,SPSA,256,0.628125
G0011,C04,N2,1000,1,SPSA,512,0.63291015625
G0011,C04,N2,1001,1,SPSA,512,0.63046875
G0011,C05,N2,1000,2,COBYLA,256,0.6134765625
G0011,C05,N2,1001,2,COBYLA,256,0.625390625
G0011,C06,N2,1000,2,COBYLA,512,0.69912109375
G0011,C06,N2,1001,2,COBYLA,512,0.631640625
G0011,C07,N2,1000,2,SPSA,256,0.656640625
G0011,C07,N2,1001,2,SPSA,256,0.628125
G0011,C08,N2,1000,2,SPSA,512,0.65224609375
G0011,C08,N2,1001,2,SPSA,512,0.64609375
G0011,C09,N2,1000,3,COBYLA,256,0.6396484375
G0011,C09,N2,1001,3,COBYLA,256,0.632421875
G0011,C10,N2,1000,3,COBYLA,512,0.6392578125
G0011,C10,N2,1001,3,COBYLA,512,0.6431640625
G0011,C11,N2,1000,3,SPSA,256,0.6408203125
G0011,C11,N2,1001,3,SPSA,256,0.641796875
G0011,C12,N2,1000,3,SPSA,512,0.67177734375
G0011,C12,N2,1001,3,SPSA,512,0.64287109375
G0012,C01,N1,1000,1,COBYLA,256,0.6167534722222222
G0012,C01,N1,1001,1,COBYLA,256,0.6106770833333334
G0012,C02,N1,1000,1,COBYLA,512,0.6161024305555556
G0012,C02,N1,1001,1,COBYLA,512,0.6253255208333334
G0012,C03,N1,1000,1,SPSA,256,0.6148003472222222
G0012,C03,N1,1001,1,SPSA,256,0.6163194444444444
G0012,C04,N1,1000,1,SPSA,512,0.6128472222222222
G0012,C04,N1,1001,1,SPSA,512,0.6049262152777778
G0012,C05,N1,1000,2,COBYLA,256,0.6215277777777778
G0012,C05,N1,1001,2,COBYLA,256,0.626953125
G0012,C06,N1,1000,2,COBYLA,512,0.7381727430555556
G0012,C06,N1,1001,2,COBYLA,512,0.6304253472222222
G0012,C07,N1,1000,2,SPSA,256,0.6514756944444444
G0012,C07,N1,1001,2,SPSA,256,0.6332465277777778
G0012,C08,N1,1000,2,SPSA,512,0.7331814236111112
G0012,C08,N1,1001,2,SPSA,512,0.626953125
G0012,C09,N1,1000,3,COBYLA,256,0.6213107638888888
G0012,C09,N1,1001,3,COBYLA,256,0.6137152777777778
G0012,C10,N1,1000,3,COBYLA,512,0.6704644097222222
G0012,C10,N1,1001,3,COBYLA,512,0.6373697916666666
G0012,C11,N1,1000,3,SPSA,256,0.6336805555555556
G0012,C11,N1,1001,3,SPSA,256,0.6286892361111112
G0012,C12,N1,1000,3,SPSA,512,0.6311848958333334
G0012,C12,N1,1001,3,SPSA,512,0.6218532986111112
G0012,C01,N2,1000,1,COBYLA,256,0.6189236111111112
G0012,C01,N2,1001,1,COBYLA,256,0.6134982638888888
G0012,C02,N2,1000,1,COBYLA,512,0.6167534722222222
G0012,C02,N2,1001,1,COBYLA,512,0.6223958333333334
G0012,C03,N2,1000,1,SPSA,256,0.6141493055555556
G0012,C03,N2,1001,1,SPSA,256,0.611328125
G0012,C04,N2,1000,1,SPSA,512,0.6140407986111112
G0012,C04,N2,1001,1,SPSA,512,0.6047092013888888
G0012,C05,N2,1000,2,COBYLA,256,0.6156684027777778
G0012,C05,N2,1001,2,COBYLA,256,0.6239149305555556
G0012,C06,N2,1000,2,COBYLA,512,0.6988932291666666
G0012,C06,N2,1001,2,COBYLA,512,0.6131727430555556
G0012,C07,N2,1000,2,SPSA,256,0.6440972222222222
G0012,C07,N2,1001,2,SPSA,256,0.6241319444444444
G0012,C08,N2,1000,2,SPSA,512,0.6970486111111112
G0012,C08,N2,1001,2,SPSA,512,0.6241319444444444
G0012,C09,N2,1000,3,COBYLA,256,0.6145833333333334
G0012,C09,N2,1001,3,COBYLA,256,0.6228298611111112
G0012,C10,N2,1000,3,COBYLA,512,0.6416015625
G0012,C10,N2,1001,3,COBYLA,512,0.6192491319444444
G0012,C11,N2,1000,3,SPSA,256,0.6165364583333334
G0012,C11,N2,1001,3,SPSA,256,0.6206597222222222
G0012,C12,N2,1000,3,SPSA,512,0.6265190972222222
G0012,C12,N2,1001,3,SPSA,512,0.6187065972222222
G0013,C01,N1,1000,1,COBYLA,256,0.6395089285714286
G0013,C01,N1,1001,1,COBYLA,256,0.6395089285714286
G0013,C02,N1,1000,1,COBYLA,512,0.6103050595238095
G0013,C02,N1,1001,1,COBYLA,512,0.6491815476190477
G0013,C03,N1,1000,1,SPSA,256,0.6374627976190477
G0013,C03,N1,1001,1,SPSA,256,0.6553199404761905
G0013,C04,N1,1000,1,SPSA,512,0.6435081845238095
G0013,C04,N1,1001,1,SPSA,512,0.6502046130952381
G0013,C05,N1,1000,2,COBYLA,256,0.6259300595238095
G0013,C05,N1,1001,2,COBYLA,256,0.6186755952380952
G0013,C06,N1,1000,2,COBYLA,512,0.6475074404761905
G0013,C06,N1,1001,2,COBYLA,512,0.6449032738095238
G0013,C07,N1,1000,2,SPSA,256,0.6458333333333334
G0013,C07,N1,1001,2,SPSA,256,0.6465773809523809
G0013,C08,N1,1000,2,SPSA,512,0.6515066964285714
G0013,C08,N1,1001,2,SPSA,512,0.6476934523809523
G0013,C09,N1,1000,3,COBYLA,256,0.6231398809523809
G0013,C09,N1,1001,3,COBYLA,256,0.625
G0013,C10,N1,1000,3,COBYLA,512,0.6226748511904762
G0013,C10,N1,1001,3,COBYLA,512,0.6465773809523809
G0013,C11,N1,1000,3,SPSA,256,0.6359747023809523
G0013,C11,N1,1001,3,SPSA,256,0.6421130952380952
G0013,C12,N1,1000,3,SPSA,512,0.6301153273809523
G0013,C12,N1,1001,3,SPSA,512,0.6397879464285714
G0013,C01,N2,1000,1,COBYLA,256,0.6290922619047619
G0013,C01,N2,1001,1,COBYLA,256,0.6335565476190477
G0013,C02,N2,1000,1,COBYLA,512,0.6149553571428571
G0013,C02,N2,1001,1,COBYLA,512,0.6429501488095238
G0013,C03,N2,1000,1,SPSA,256,0.6320684523809523
G0013,C03,N2,1001,1,SPSA,256,0.6443452380952381
G0013,C04,N2,1000,1,SPSA,512,0.6392299107142857
G0013,C04,N2,1001,1,SPSA,512,0.6509486607142857
G0013,C05,N2,1000,2,COBYLA,256,0.6218377976190477
G0013,C05,N2,1001,2,COBYLA,256,0.6075148809523809
G0013,C06,N2,1000,2,COBYLA,512,0.6358816964285714
G0013,C06,N2,1001,2,COBYLA,512,0.6301153273809523
G0013,C07,N2,1000,2,SPSA,256,0.6235119047619048
G0013,C07,N2,1001,2,SPSA,256,0.6315104166666666
G0013,C08,N2,1000,2,SPSA,512,0.6424851190476191
G0013,C08,N2,1001,2,SPSA,512,0.6391369047619048
G0013,C09,N2,1000,3,COBYLA,256,0.6233258928571429
G0013,C09,N2,1001,3,COBYLA,256,0.6181175595238095
G0013,C10,N2,1000,3,COBYLA,512,0.6246279761904762
G0013,C10,N2,1001,3,COBYLA,512,0.6300223214285714
G0013,C11,N2,1000,3,SPSA,256,0.6320684523809523
G0013,C11,N2,1001,3,SPSA,256,0.6281622023809523
G0013,C12,N2,1000,3,SPSA,512,0.6264880952380952
G0013,C12,N2,1001,3,SPSA,512,0.6353236607142857
G0014,C01,N1,1000,1,COBYLA,256,0.58203125
G0014,C01,N1,1001,1,COBYLA,256,0.5773026315789473
G0014,C02,N1,1000,1,COBYLA,512,0.583984375
G0014,C02,N1,1001,1,COBYLA,512,0.5767886513157895
G0014,C03,N1,1000,1,SPSA,256,0.5824424342105263
G0014,C03,N1,1001,1,SPSA,256,0.5914884868421053
G0014,C04,N1,1000,1,SPSA,512,0.5880962171052632
G0014,C04,N1,1001,1,SPSA,512,0.5880962171052632
G0014,C05,N1,1000,2,COBYLA,256,0.5814144736842105
G0014,C05,N1,1001,2,COBYLA,256,0.5787417763157895
G0014,C06,N1,1000,2,COBYLA,512,0.5887129934210527
G0014,C06,N1,1001,2,COBYLA,512,0.5856291118421053
G0014,C07,N1,1000,2,SPSA,256,0.579358552631579
G0014,C07,N1,1001,2,SPSA,256,0.5830592105263158
G0014,C08,N1,1000,2,SPSA,512,0.5831620065789473
G0014,C08,N1,1001,2,SPSA,512,0.5896381578947368
G0014,C09,N1,1000,3,COBYLA,256,0.5844983552631579
G0014,C09,N1,1001,3,COBYLA,256,0.5997121710526315
G0014,C10,N1,1000,3,COBYLA,512,0.5787417763157895
G0014,C10,N1,1001,3,COBYLA,512,0.5918996710526315
G0014,C11,N1,1000,3,SPSA,256,0.5951891447368421
G0014,C11,N1,1001,3,SPSA,256,0.5914884868421053
G0014,C12,N1,1000,3,SPSA,512,0.5854235197368421
G0014,C12,N1,1001,3,SPSA,512,0.5915912828947368
G0014,C01,N2,1000,1,COBYLA,256,0.5764802631578947
G0014,C01,N2,1001,1,COBYLA,256,0.571546052631579
G0014,C02,N2,1000,1,COBYLA,512,0.5826480263157895
G0014,C02,N2,1001,1,COBYLA,512,0.5746299342105263
G0014,C03,N2,1000,1,SPSA,256,0.5810032894736842
G0014,C03,N2,1001,1,SPSA,256,0.587171052631579
G0014,C04,N2,1000,1,SPSA,512,0.5836759868421053
G0014,C04,N2,1001,1,SPSA,512,0.582750822368421
G0014,C05,N2,1000,2,COBYLA,256,0.5826480263157895
G0014,C05,N2,1001,2,COBYLA,256,0.5674342105263158
G0014,C06,N2,1000,2,COBYLA,512,0.5864514802631579
G0014,C06,N2,1001,2,COBYLA,512,0.5752467105263158
G0014,C07,N2,1000,2,SPSA,256,0.5801809210526315
G0014,C07,N2,1001,2,SPSA,256,0.5842927631578947
G0014,C08,N2,1000,2,SPSA,512,0.5850123355263158
G0014,C08,N2,1001,2,SPSA,512,0.5837787828947368
G0014,C09,N2,1000,3,COBYLA,256,0.57421875
G0014,C09,N2,1001,3,COBYLA,256,0.5855263157894737
G0014,C10,N2,1000,3,COBYLA,512,0.572265625
G0014,C10,N2,1001,3,COBYLA,512,0.5776110197368421
G0014,C11,N2,1000,3,SPSA,256,0.5943667763157895
G0014,C11,N2,1001,3,SPSA,256,0.587171052631579
G0014,C12,N2,1000,3,SPSA,512,0.5748355263157895
G0014,C12,N2,1001,3,SPSA,512,0.5812088815789473
G0015,C01,N1,1000,1,COBYLA,256,0.6556332236842105
G0015,C01,N1,1001,1,COBYLA,256,0.6441200657894737
G0015,C02,N1,1000,1,COBYLA,512,0.608655427631579
G0015,C02,N1,1001,1,COBYLA,512,0.6600534539473685
G0015,C03,N1,1000,1,SPSA,256,0.6062911184210527
G0015,C03,N1,1001,1,SPSA,256,0.6282894736842105
G0015,C04,N1,1000,1,SPSA,512,0.6049547697368421
G0015,C04,N1,1001,1,SPSA,512,0.6018708881578947
G0015,C05,N1,1000,2,COBYLA,256,0.6206825657894737
G0015,C05,N1,1001,2,COBYLA,256,0.651110197368421
G0015,C06,N1,1000,2,COBYLA,512,0.664782072368421
G0015,C06,N1,1001,2,COBYLA,512,0.6482319078947368
G0015,C07,N1,1000,2,SPSA,256,0.65234375
G0015,C07,N1,1001,2,SPSA,256,0.671875
G0015,C08,N1,1000,2,SPSA,512,0.6358963815789473
G0015,C08,N1,1001,2,SPSA,512,0.6732113486842105
G0015,C09,N1,1000,3,COBYLA,256,0.610608552631579
G0015,C09,N1,1001,3,COBYLA,256,0.6558388157894737
G0015,C10,N1,1000,3,COBYLA,512,0.610608552631579
G0015,C10,N1,1001,3,COBYLA,512,0.6532689144736842
G0015,C11,N1,1000,3,SPSA,256,0.6494654605263158
G0015,C11,N1,1001,3,SPSA,256,0.6776315789473685
G0015,C12,N1,1000,3,SPSA,512,0.6581003289473685
G0015,C12,N1,1001,3,SPSA,512,0.6247944078947368
G0015,C01,N2,1000,1,COBYLA,256,0.6515213815789473
G0015,C01,N2,1001,1,COBYLA,256,0.6334292763157895
G0015,C02,N2,1000,1,COBYLA,512,0.6080386513157895
G0015,C02,N2,1001,1,COBYLA,512,0.6519325657894737
G0015,C03,N2,1000,1,SPSA,256,0.6007401315789473
G0015,C03,N2,1001,1,SPSA,256,0.6282894736842105
G0015,C04,N2,1000,1,SPSA,512,0.6002261513157895
G0015,C04,N2,1001,1,SPSA,512,0.5999177631578947
G0015,C05,N2,1000,2,COBYLA,256,0.6229440789473685
G0015,C05,N2,1001,2,COBYLA,256,0.6336348684210527
G0015,C06,N2,1000,2,COBYLA,512,0.6376439144736842
G0015,C06,N2,1001,2,COBYLA,512,0.629625822368421
G0015,C07,N2,1000,2,SPSA,256,0.6400082236842105
G0015,C07,N2,1001,2,SPSA,256,0.643297697368421
G0015,C08,N2,1000,2,SPSA,512,0.6306537828947368
G0015,C08,N2,1001,2,SPSA,512,0.645764802631579
G0015,C09,N2,1000,3,COBYLA,256,0.6155427631578947
G0015,C09,N2,1001,3,COBYLA,256,0.6328125
G0015,C10,N2,1000,3,COBYLA,512,0.6094777960526315
G0015,C10,N2,1001,3,COBYLA,512,0.6339432565789473
G0015,C11,N2,1000,3,SPSA,256,0.6317845394736842
G0015,C11,N2,1001,3,SPSA,256,0.6387746710526315
G0015,C12,N2,1000,3,SPSA,512,0.6267475328947368
G0015,C12,N2,1001,3,SPSA,512,0.6187294407894737
G0016,C01,N1,1000,1,COBYLA,256,0.61171875
G0016,C01,N1,1001,1,COBYLA,256,0.5890625
G0016,C02,N1,1000,1,COBYLA,512,0.6150390625
G0016,C02,N1,1001,1,COBYLA,512,0.60771484375
G0016,C03,N1,1000,1,SPSA,256,0.61484375
G0016,C03,N1,1001,1,SPSA,256,0.617578125
G0016,C04,N1,1000,1,SPSA,512,0.6103515625
G0016,C04,N1,1001,1,SPSA,512,0.61123046875
G0016,C05,N1,1000,2,COBYLA,256,0.705859375
G0016,C05,N1,1001,2,COBYLA,256,0.6009765625
G0016,C06,N1,1000,2,COBYLA,512,0.605078125
G0016,C06,N1,1001,2,COBYLA,512,0.60478515625
G0016,C07,N1,1000,2,SPSA,256,0.6146484375
G0016,C07,N1,1001,2,SPSA,256,0.6189453125
G0016,C08,N1,1000,2,SPSA,512,0.6232421875
G0016,C08,N1,1001,2,SPSA,512,0.61630859375
G0016,C09,N1,1000,3,COBYLA,256,0.6046875
G0016,C09,N1,1001,3,COBYLA,256,0.6201171875
G0016,C10,N1,1000,3,COBYLA,512,0.59833984375
G0016,C10,N1,1001,3,COBYLA,512,0.6107421875
G0016,C11,N1,1000,3,SPSA,256,0.6314453125
G0016,C11,N1,1001,3,SPSA,256,0.6240234375
G0016,C12,N1,1000,3,SPSA,512,0.597265625
G0016,C12,N1,1001,3,SPSA,512,0.6142578125
G0016,C01,N2,1000,1,COBYLA,256,0.612890625
G0016,C01,N2,1001,1,COBYLA,256,0.5927734375
G0016,C02,N2,1000,1,COBYLA,512,0.61435546875
G0016,C02,N2,1001,1,COBYLA,512,0.60322265625
G0016,C03,N2,1000,1,SPSA,256,0.6197265625
G0016,C03,N2,1001,1,SPSA,256,0.6146484375
G0016,C04,N2,1000,1,SPSA,512,0.60869140625
G0016,C04,N2,1001,1,SPSA,512,0.6072265625
G0016,C05,N2,1000,2,COBYLA,256,0.6708984375
G0016,C05,N2,1001,2,COBYLA,256,0.597265625
G0016,C06,N2,1000,2,COBYLA,512,0.60048828125
G0016,C06,N2,1001,2,COBYLA,512,0.5943359375
G0016,C07,N2,1000,2,SPSA,256,0.6076171875
G0016,C07,N2,1001,2,SPSA,256,0.6109375
G0016,C08,N2,1000,2,SPSA,512,0.61611328125
G0016,C08,N2,1001,2,SPSA,512,0.612890625
G0016,C09,N2,1000,3,COBYLA,256,0.6064453125
G0016,C09,N2,1001,3,COBYLA,256,0.61796875
G0016,C10,N2,1000,3,COBYLA,512,0.60859375
G0016,C10,N2,1001,3,COBYLA,512,0.61279296875
G0016,C11,N2,1000,3,SPSA,256,0.6091796875
G0016,C11,N2,1001,3,SPSA,256,0.6119140625
G0016,C12,N2,1000,3,SPSA,512,0.6017578125
G0016,C12,N2,1001,3,SPSA,512,0.61513671875
G0017,C01,N1,1000,1,COBYLA,256,0.6338404605263158
G0017,C01,N1,1001,1,COBYLA,256,0.6500822368421053
G0017,C02,N1,1000,1,COBYLA,512,0.6377467105263158
G0017,C02,N1,1001,1,COBYLA,512,0.6352796052631579
G0017,C03,N1,1000,1,SPSA,256,0.6447368421052632
G0017,C03,N1,1001,1,SPSA,256,0.6391858552631579
G0017,C04,N1,1000,1,SPSA,512,0.6332236842105263
G0017,C04,N1,1001,1,SPSA,512,0.6362047697368421
G0017,C05,N1,1000,2,COBYLA,256,0.6439144736842105
G0017,C05,N1,1001,2,COBYLA,256,0.6467927631578947
G0017,C06,N1,1000,2,COBYLA,512,0.642578125
G0017,C06,N1,1001,2,COBYLA,512,0.6429893092105263
G0017,C07,N1,1000,2,SPSA,256,0.6539884868421053
G0017,C07,N1,1001,2,SPSA,256,0.6377467105263158
G0017,C08,N1,1000,2,SPSA,512,0.6437088815789473
G0017,C08,N1,1001,2,SPSA,512,0.6447368421052632
G0017,C09,N1,1000,3,COBYLA,256,0.6385690789473685
G0017,C09,N1,1001,3,COBYLA,256,0.6474095394736842
G0017,C10,N1,1000,3,COBYLA,512,0.6318873355263158
G0017,C10,N1,1001,3,COBYLA,512,0.6451480263157895
G0017,C11,N1,1000,3,SPSA,256,0.649671052631579
G0017,C11,N1,1001,3,SPSA,256,0.64453125
G0017,C12,N1,1000,3,SPSA,512,0.647203947368421
G0017,C12,N1,1001,3,SPSA,512,0.645764802631579
G0017,C01,N2,1000,1,COBYLA,256,0.6332236842105263
G0017,C01,N2,1001,1,COBYLA,256,0.6373355263157895
G0017,C02,N2,1000,1,COBYLA,512,0.626953125
G0017,C02,N2,1001,1,COBYLA,512,0.6334292763157895
G0017,C03,N2,1000,1,SPSA,256,0.6381578947368421
G0017,C03,N2,1001,1,SPSA,256,0.6365131578947368
G0017,C04,N2,1000,1,SPSA,512,0.6307565789473685
G0017,C04,N2,1001,1,SPSA,512,0.6300370065789473
G0017,C05,N2,1000,2,COBYLA,256,0.6297286184210527
G0017,C05,N2,1001,2,COBYLA,256,0.6389802631578947
G0017,C06,N2,1000,2,COBYLA,512,0.6380550986842105
G0017,C06,N2,1001,2,COBYLA,512,0.637438322368421
G0017,C07,N2,1000,2,SPSA,256,0.6410361842105263
G0017,C07,N2,1001,2,SPSA,256,0.625
G0017,C08,N2,1000,2,SPSA,512,0.6361019736842105
G0017,C08,N2,1001,2,SPSA,512,0.6390830592105263
G0017,C09,N2,1000,3,COBYLA,256,0.6459703947368421
G0017,C09,N2,1001,3,COBYLA,256,0.6502878289473685
G0017,C10,N2,1000,3,COBYLA,512,0.6375411184210527
G0017,C10,N2,1001,3,COBYLA,512,0.6417557565789473
G0017,C11,N2,1000,3,SPSA,256,0.6539884868421053
G0017,C11,N2,1001,3,SPSA,256,0.6391858552631579
G0017,C12,N2,1000,3,SPSA,512,0.6411389802631579
G0017,C12,N2,1001,3,SPSA,512,0.6475123355263158
G0018,C01,N1,1000,1,COBYLA,256,0.58984375
G0018,C01,N1,1001,1,COBYLA,256,0.6454503676470589
G0018,C02,N1,1000,1,COBYLA,512,0.7379365808823529
G0018,C02,N1,1001,1,COBYLA,512,0.6384420955882353
G0018,C03,N1,1000,1,SPSA,256,0.5926011029411765
G0018,C03,N1,1001,1,SPSA,256,0.6415441176470589
G0018,C04,N1,1000,1,SPSA,512,0.5916819852941176
G0018,C04,N1,1001,1,SPSA,512,0.6387867647058824
G0018,C05,N1,1000,2,COBYLA,256,0.6252297794117647
G0018,C05,N1,1001,2,COBYLA,256,0.6417738970588235
G0018,C06,N1,1000,2,COBYLA,512,0.5900735294117647
G0018,C06,N1,1001,2,COBYLA,512,0.6434972426470589
G0018,C07,N1,1000,2,SPSA,256,0.6330422794117647
G0018,C07,N1,1001,2,SPSA,256,0.6408547794117647
G0018,C08,N1,1000,2,SPSA,512,0.5923713235294118
G0018,C08,N1,1001,2,SPSA,512,0.6451056985294118
G0018,C09,N1,1000,3,COBYLA,256,0.7116268382352942
G0018,C09,N1,1001,3,COBYLA,256,0.6360294117647058
G0018,C10,N1,1000,3,COBYLA,512,0.7358685661764706
G0018,C10,N1,1001,3,COBYLA,512,0.6349954044117647
G0018,C11,N1,1000,3,SPSA,256,0.6989889705882353
G0018,C11,N1,1001,3,SPSA,256,0.6282169117647058
G0018,C12,N1,1000,3,SPSA,512,0.7178308823529411
G0018,C12,N1,1001,3,SPSA,512,0.6332720588235294
G0018,C01,N2,1000,1,COBYLA,256,0.5827205882352942
G0018,C01,N2,1001,1,COBYLA,256,0.6314338235294118
G0018,C02,N2,1000,1,COBYLA,512,0.7028952205882353
G0018,C02,N2,1001,1,COBYLA,512,0.6225873161764706
G0018,C03,N2,1000,1,SPSA,256,0.5838694852941176
G0018,C03,N2,1001,1,SPSA,256,0.6252297794117647
G0018,C04,N2,1000,1,SPSA,512,0.5854779411764706
G0018,C04,N2,1001,1,SPSA,512,0.6225873161764706
G0018,C05,N2,1000,2,COBYLA,256,0.6215533088235294
G0018,C05,N2,1001,2,COBYLA,256,0.6240808823529411
G0018,C06,N2,1000,2,COBYLA,512,0.5936351102941176
G0018,C06,N2,1001,2,COBYLA,512,0.6256893382352942
G0018,C07,N2,1000,2,SPSA,256,0.625
G0018,C07,N2,1001,2,SPSA,256,0.6238511029411765
G0018,C08,N2,1000,2,SPSA,512,0.5980009191176471
G0018,C08,N2,1001,2,SPSA,512,0.6243106617647058
G0018,C09,N2,1000,3,COBYLA,256,0.6633731617647058
G0018,C09,N2,1001,3,COBYLA,256,0.6043198529411765
G0018,C10,N2,1000,3,COBYLA,512,0.6778492647058824
G0018,C10,N2,1001,3,COBYLA,512,0.6091452205882353
G0018,C11,N2,1000,3,SPSA,256,0.6511948529411765
G0018,C11,N2,1001,3,SPSA,256,0.5994944852941176
G0018,C12,N2,1000,3,SPSA,512,0.6585477941176471
G0018,C12,N2,1001,3,SPSA,512,0.609375
G0019,C01,N1,1000,1,COBYLA,256,0.6224609375
G0019,C01,N1,1001,1,COBYLA,256,0.694140625
G0019,C02,N1,1000,1,COBYLA,512,0.62529296875
G0019,C02,N1,1001,1,COBYLA,512,0.7185546875
G0019,C03,N1,1000,1,SPSA,256,0.61171875
G0019,C03,N1,1001,1,SPSA,256,0.72265625
G0019,C04,N1,1000,1,SPSA,512,0.620703125
G0019,C04,N1,1001,1,SPSA,512,0.7205078125
G0019,C05,N1,1000,2,COBYLA,256,0.6833984375
G0019,C05,N1,1001,2,COBYLA,256,0.728125
G0019,C06,N1,1000,2,COBYLA,512,0.633203125
G0019,C06,N1,1001,2,COBYLA,512,0.73291015625
G0019,C07,N1,1000,2,SPSA,256,0.633984375
G0019,C07,N1,1001,2,SPSA,256,0.715234375
G0019,C08,N1,1000,2,SPSA,512,0.63125
G0019,C08,N1,1001,2,SPSA,512,0.6916015625
G0019,C09,N1,1000,3,COBYLA,256,0.7455078125
G0019,C09,N1,1001,3,COBYLA,256,0.69375
G0019,C10,N1,1000,3,COBYLA,512,0.74052734375
G0019,C10,N1,1001,3,COBYLA,512,0.70078125
G0019,C11,N1,1000,3,SPSA,256,0.641796875
G0019,C11,N1,1001,3,SPSA,256,0.7376953125
G0019,C12,N1,1000,3,SPSA,512,0.6279296875
G0019,C12,N1,1001,3,SPSA,512,0.69736328125
G0019,C01,N2,1000,1,COBYLA,256,0.61796875
G0019,C01,N2,1001,1,COBYLA,256,0.676171875
G0019,C02,N2,1000,1,COBYLA,512,0.62138671875
G0019,C02,N2,1001,1,COBYLA,512,0.68984375
G0019,C03,N2,1000,1,SPSA,256,0.6109375
G0019,C03,N2,1001,1,SPSA,256,0.69765625
G0019,C04,N2,1000,1,SPSA,512,0.619140625
G0019,C04,N2,1001,1,SPSA,512,0.68857421875
G0019,C05,N2,1000,2,COBYLA,256,0.66015625
G0019,C05,N2,1001,2,COBYLA,256,0.691796875
G0019,C06,N2,1000,2,COBYLA,512,0.6310546875
G0019,C06,N2,1001,2,COBYLA,512,0.69765625
G0019,C07,N2,1000,2,SPSA,256,0.6263671875
G0019,C07,N2,1001,2,SPSA,256,0.6826171875
G0019,C08,N2,1000,2,SPSA,512,0.63359375
G0019,C08,N2,1001,2,SPSA,512,0.675
G0019,C09,N2,1000,3,COBYLA,256,0.6927734375
G0019,C09,N2,1001,3,COBYLA,256,0.653515625
G0019,C10,N2,1000,3,COBYLA,512,0.69228515625
G0019,C10,N2,1001,3,COBYLA,512,0.65029296875
G0019,C11,N2,1000,3,SPSA,256,0.630859375
G0019,C11,N2,1001,3,SPSA,256,0.671875
G0019,C12,N2,1000,3,SPSA,512,0.62724609375
G0019,C12,N2,1001,3,SPSA,512,0.65029296875
G0020,C01,N1,1000,1,COBYLA,256,0.77734375
G0020,C01,N1,1001,1,COBYLA,256,0.719983552631579
G0020,C02,N1,1000,1,COBYLA,512,0.7113486842105263
G0020,C02,N1,1001,1,COBYLA,512,0.717516447368421
G0020,C03,N1,1000,1,SPSA,256,0.7166940789473685
G0020,C03,N1,1001,1,SPSA,256,0.721422697368421
G0020,C04,N1,1000,1,SPSA,512,0.7130962171052632
G0020,C04,N1,1001,1,SPSA,512,0.7139185855263158
G0020,C05,N1,1000,2,COBYLA,256,0.7105263157894737
G0020,C05,N1,1001,2,COBYLA,256,0.7049753289473685
G0020,C06,N1,1000,2,COBYLA,512,0.7263569078947368
G0020,C06,N1,1001,2,COBYLA,512,0.7094983552631579
G0020,C07,N1,1000,2,SPSA,256,0.7078536184210527
G0020,C07,N1,1001,2,SPSA,256,0.7154605263157895
G0020,C08,N1,1000,2,SPSA,512,0.7245065789473685
G0020,C08,N1,1001,2,SPSA,512,0.715563322368421
G0020,C09,N1,1000,3,COBYLA,256,0.713610197368421
G0020,C09,N1,1001,3,COBYLA,256,0.7014802631578947
G0020,C10,N1,1000,3,COBYLA,512,0.7086759868421053
G0020,C10,N1,1001,3,COBYLA,512,0.7122738486842105
G0020,C11,N1,1000,3,SPSA,256,0.721422697368421
G0020,C11,N1,1001,3,SPSA,256,0.7051809210526315
G0020,C12,N1,1000,3,SPSA,512,0.7260485197368421
G0020,C12,N1,1001,3,SPSA,512,0.7085731907894737
G0020,C01,N2,1000,1,COBYLA,256,0.770764802631579
G0020,C01,N2,1001,1,COBYLA,256,0.7249177631578947
G0020,C02,N2,1000,1,COBYLA,512,0.7066200657894737
G0020,C02,N2,1001,1,COBYLA,512,0.716796875
G0020,C03,N2,1000,1,SPSA,256,0.7193667763157895
G0020,C03,N2,1001,1,SPSA,256,0.7140213815789473
G0020,C04,N2,1000,1,SPSA,512,0.7129934210526315
G0020,C04,N2,1001,1,SPSA,512,0.7139185855263158
G0020,C05,N2,1000,2,COBYLA,256,0.7025082236842105
G0020,C05,N2,1001,2,COBYLA,256,0.6934621710526315
G0020,C06,N2,1000,2,COBYLA,512,0.71875
G0020,C06,N2,1001,2,COBYLA,512,0.7072368421052632
G0020,C07,N2,1000,2,SPSA,256,0.7074424342105263
G0020,C07,N2,1001,2,SPSA,256,0.7060032894736842
G0020,C08,N2,1000,2,SPSA,512,0.7189555921052632
G0020,C08,N2,1001,2,SPSA,512,0.7137129934210527
G0020,C09,N2,1000,3,COBYLA,256,0.7080592105263158
G0020,C09,N2,1001,3,COBYLA,256,0.7035361842105263
G0020,C10,N2,1000,3,COBYLA,512,0.7065172697368421
G0020,C10,N2,1001,3,COBYLA,512,0.7105263157894737
G0020,C11,N2,1000,3,SPSA,256,0.7234786184210527
G0020,C11,N2,1001,3,SPSA,256,0.7138157894736842
G0020,C12,N2,1000,3,SPSA,512,0.7159745065789473
G0020,C12,N2,1001,3,SPSA,512,0.7015830592105263
G0021,C01,N1,1000,1,COBYLA,256,0.7110770089285714
G0021,C01,N1,1001,1,COBYLA,256,0.7632533482142857
G0021,C02,N1,1000,1,COBYLA,512,0.7190987723214286
G0021,C02,N1,1001,1,COBYLA,512,0.7594168526785714
G0021,C03,N1,1000,1,SPSA,256,0.7024274553571429
G0021,C03,N1,1001,1,SPSA,256,0.7626953125
G0021,C04,N1,1000,1,SPSA,512,0.7005440848214286
G0021,C04,N1,1001,1,SPSA,512,0.7599051339285714
G0021,C05,N1,1000,2,COBYLA,256,0.7172154017857143
G0021,C05,N1,1001,2,COBYLA,256,0.7446986607142857
G0021,C06,N1,1000,2,COBYLA,512,0.7059151785714286
G0021,C06,N1,1001,2,COBYLA,512,0.7405831473214286
G0021,C07,N1,1000,2,SPSA,256,0.6904296875
G0021,C07,N1,1001,2,SPSA,256,0.7497209821428571
G0021,C08,N1,1000,2,SPSA,512,0.7370954241071429
G0021,C08,N1,1001,2,SPSA,512,0.7443498883928571
G0021,C09,N1,1000,3,COBYLA,256,0.7015904017857143
G0021,C09,N1,1001,3,COBYLA,256,0.7604631696428571
G0021,C10,N1,1000,3,COBYLA,512,0.7027064732142857
G0021,C10,N1,1001,3,COBYLA,512,0.7614397321428571
G0021,C11,N1,1000,3,SPSA,256,0.7564174107142857
G0021,C11,N1,1001,3,SPSA,256,0.748046875
G0021,C12,N1,1000,3,SPSA,512,0.73779296875
G0021,C12,N1,1001,3,SPSA,512,0.7496512276785714
G0021,C01,N2,1000,1,COBYLA,256,0.7052176339285714
G0021,C01,N2,1001,1,COBYLA,256,0.7449776785714286
G0021,C02,N2,1000,1,COBYLA,512,0.7138671875
G0021,C02,N2,1001,1,COBYLA,512,0.7423270089285714
G0021,C03,N2,1000,1,SPSA,256,0.7073102678571429
G0021,C03,N2,1001,1,SPSA,256,0.7445591517857143
G0021,C04,N2,1000,1,SPSA,512,0.7020786830357143
G0021,C04,N2,1001,1,SPSA,512,0.7422572544642857
G0021,C05,N2,1000,2,COBYLA,256,0.7046595982142857
G0021,C05,N2,1001,2,COBYLA,256,0.7127511160714286
G0021,C06,N2,1000,2,COBYLA,512,0.7048688616071429
G0021,C06,N2,1001,2,COBYLA,512,0.7200055803571429
G0021,C07,N2,1000,2,SPSA,256,0.6925223214285714
G0021,C07,N2,1001,2,SPSA,256,0.7250279017857143
G0021,C08,N2,1000,2,SPSA,512,0.7171456473214286
G0021,C08,N2,1001,2,SPSA,512,0.7196568080357143
G0021,C09,N2,1000,3,COBYLA,256,0.7099609375
G0021,C09,N2,1001,3,COBYLA,256,0.7327008928571429
G0021,C10,N2,1000,3,COBYLA,512,0.7095424107142857
G0021,C10,N2,1001,3,COBYLA,512,0.7349330357142857
G0021,C11,N2,1000,3,SPSA,256,0.7296316964285714
G0021,C11,N2,1001,3,SPSA,256,0.7313058035714286
G0021,C12,N2,1000,3,SPSA,512,0.7160295758928571
G0021,C12,N2,1001,3,SPSA,512,0.7249581473214286
G0022,C01,N1,1000,1,COBYLA,256,0.623046875
G0022,C01,N1,1001,1,COBYLA,256,0.630859375
G0022,C02,N1,1000,1,COBYLA,512,0.6202674278846154
G0022,C02,N1,1001,1,COBYLA,512,0.6159855769230769
G0022,C03,N1,1000,1,SPSA,256,0.6215444711538461
G0022,C03,N1,1001,1,SPSA,256,0.6266526442307693
G0022,C04,N1,1000,1,SPSA,512,0.6159104567307693
G0022,C04,N1,1001,1,SPSA,512,0.6195162259615384
G0022,C05,N1,1000,2,COBYLA,256,0.6246995192307693
G0022,C05,N1,1001,2,COBYLA,256,0.6200420673076923
G0022,C06,N1,1000,2,COBYLA,512,0.6175631009615384
G0022,C06,N1,1001,2,COBYLA,512,0.6202674278846154
G0022,C07,N1,1000,2,SPSA,256,0.6140324519230769
G0022,C07,N1,1001,2,SPSA,256,0.6246995192307693
G0022,C08,N1,1000,2,SPSA,512,0.6149338942307693
G0022,C08,N1,1001,2,SPSA,512,0.6138070913461539
G0022,C09,N1,1000,3,COBYLA,256,0.6171875
G0022,C09,N1,1001,3,COBYLA,256,0.6301081730769231
G0022,C10,N1,1000,3,COBYLA,512,0.6149338942307693
G0022,C10,N1,1001,3,COBYLA,512,0.6206430288461539
G0022,C11,N1,1000,3,SPSA,256,0.6215444711538461
G0022,C11,N1,1001,3,SPSA,256,0.623046875
G0022,C12,N1,1000,3,SPSA,512,0.6136568509615384
G0022,C12,N1,1001,3,SPSA,512,0.6243239182692307
G0022,C01,N2,1000,1,COBYLA,256,0.6265024038461539
G0022,C01,N2,1001,1,COBYLA,256,0.6265024038461539
G0022,C02,N2,1000,1,COBYLA,512,0.6231971153846154
G0022,C02,N2,1001,1,COBYLA,512,0.6204927884615384
G0022,C03,N2,1000,1,SPSA,256,0.6213942307692307
G0022,C03,N2,1001,1,SPSA,256,0.6233473557692307
G0022,C04,N2,1000,1,SPSA,512,0.6212439903846154
G0022,C04,N2,1001,1,SPSA,512,0.6178635817307693
G0022,C05,N2,1000,2,COBYLA,256,0.6206430288461539
G0022,C05,N2,1001,2,COBYLA,256,0.6179387019230769
G0022,C06,N2,1000,2,COBYLA,512,0.6192157451923077
G0022,C06,N2,1001,2,COBYLA,512,0.6159104567307693
G0022,C07,N2,1000,2,SPSA,256,0.6083233173076923
G0022,C07,N2,1001,2,SPSA,256,0.6215444711538461
G0022,C08,N2,1000,2,SPSA,512,0.6140324519230769
G0022,C08,N2,1001,2,SPSA,512,0.615234375
G0022,C09,N2,1000,3,COBYLA,256,0.6087740384615384
G0022,C09,N2,1001,3,COBYLA,256,0.6080228365384616
G0022,C10,N2,1000,3,COBYLA,512,0.6134314903846154
G0022,C10,N2,1001,3,COBYLA,512,0.6120793269230769
G0022,C11,N2,1000,3,SPSA,256,0.6137319711538461
G0022,C11,N2,1001,3,SPSA,256,0.6150841346153846
G0022,C12,N2,1000,3,SPSA,512,0.6198918269230769
G0022,C12,N2,1001,3,SPSA,512,0.6156850961538461
G0023,C01,N1,1000,1,COBYLA,256,0.60875
G0023,C01,N1,1001,1,COBYLA,256,0.59890625
G0023,C02,N1,1000,1,COBYLA,512,0.607890625
G0023,C02,N1,1001,1,COBYLA,512,0.597890625
G0023,C03,N1,1000,1,SPSA,256,0.59140625
G0023,C03,N1,1001,1,SPSA,256,0.59890625
G0023,C04,N1,1000,1,SPSA,512,0.60265625
G0023,C04,N1,1001,1,SPSA,512,0.59796875
G0023,C05,N1,1000,2,COBYLA,256,0.7259375
G0023,C05,N1,1001,2,COBYLA,256,0.59875
G0023,C06,N1,1000,2,COBYLA,512,0.600859375
G0023,C06,N1,1001,2,COBYLA,512,0.60015625
G0023,C07,N1,1000,2,SPSA,256,0.64578125
G0023,C07,N1,1001,2,SPSA,256,0.59875
G0023,C08,N1,1000,2,SPSA,512,0.5965625
G0023,C08,N1,1001,2,SPSA,512,0.602421875
G0023,C09,N1,1000,3,COBYLA,256,0.60578125
G0023,C09,N1,1001,3,COBYLA,256,0.61578125
G0023,C10,N1,1000,3,COBYLA,512,0.60015625
G0023,C10,N1,1001,3,COBYLA,512,0.611015625
G0023,C11,N1,1000,3,SPSA,256,0.60453125
G0023,C11,N1,1001,3,SPSA,256,0.61046875
G0023,C12,N1,1000,3,SPSA,512,0.601484375
G0023,C12,N1,1001,3,SPSA,512,0.614765625
G0023,C01,N2,1000,1,COBYLA,256,0.61234375
G0023,C01,N2,1001,1,COBYLA,256,0.59921875
G0023,C02,N2,1000,1,COBYLA,512,0.608828125
G0023,C02,N2,1001,1,COBYLA,512,0.59875
G0023,C03,N2,1000,1,SPSA,256,0.6015625
G0023,C03,N2,1001,1,SPSA,256,0.59921875
G0023,C04,N2,1000,1,SPSA,512,0.60125
G0023,C04,N2,1001,1,SPSA,512,0.597421875
G0023,C05,N2,1000,2,COBYLA,256,0.6928125
G0023,C05,N2,1001,2,COBYLA,256,0.5915625
G0023,C06,N2,1000,2,COBYLA,512,0.60078125
G0023,C06,N2,1001,2,COBYLA,512,0.602109375
G0023,C07,N2,1000,2,SPSA,256,0.63125
G0023,C07,N2,1001,2,SPSA,256,0.5915625
G0023,C08,N2,1000,2,SPSA,512,0.59734375
G0023,C08,N2,1001,2,SPSA,512,0.606328125
G0023,C09,N2,1000,3,COBYLA,256,0.59625
G0023,C09,N2,1001,3,COBYLA,256,0.6025
G0023,C10,N2,1000,3,COBYLA,512,0.594609375
G0023,C10,N2,1001,3,COBYLA,512,0.602421875
G0023,C11,N2,1000,3,SPSA,256,0.6009375
G0023,C11,N2,1001,3,SPSA,256,0.60484375
G0023,C12,N2,1000,3,SPSA,512,0.60265625
G0023,C12,N2,1001,3,SPSA,512,0.607421875
G0024,C01,N1,1000,1,COBYLA,256,0.6908052884615384
G0024,C01,N1,1001,1,COBYLA,256,0.7498497596153846
G0024,C02,N1,1000,1,COBYLA,512,0.7789212740384616
G0024,C02,N1,1001,1,COBYLA,512,0.7836538461538461
G0024,C03,N1,1000,1,SPSA,256,0.6852463942307693
G0024,C03,N1,1001,1,SPSA,256,0.7765925480769231
G0024,C04,N1,1000,1,SPSA,512,0.6876502403846154
G0024,C04,N1,1001,1,SPSA,512,0.7825270432692307
G0024,C05,N1,1000,2,COBYLA,256,0.7596153846153846
G0024,C05,N1,1001,2,COBYLA,256,0.7238581730769231
G0024,C06,N1,1000,2,COBYLA,512,0.7520282451923077
G0024,C06,N1,1001,2,COBYLA,512,0.7578125
G0024,C07,N1,1000,2,SPSA,256,0.7560096153846154
G0024,C07,N1,1001,2,SPSA,256,0.75
G0024,C08,N1,1000,2,SPSA,512,0.7376051682692307
G0024,C08,N1,1001,2,SPSA,512,0.7504507211538461
G0024,C09,N1,1000,3,COBYLA,256,0.6769831730769231
G0024,C09,N1,1001,3,COBYLA,256,0.7777944711538461
G0024,C10,N1,1000,3,COBYLA,512,0.7147686298076923
G0024,C10,N1,1001,3,COBYLA,512,0.7870342548076923
G0024,C11,N1,1000,3,SPSA,256,0.7201021634615384
G0024,C11,N1,1001,3,SPSA,256,0.7496995192307693
G0024,C12,N1,1000,3,SPSA,512,0.7269381009615384
G0024,C12,N1,1001,3,SPSA,512,0.7276893028846154
G0024,C01,N2,1000,1,COBYLA,256,0.6859975961538461
G0024,C01,N2,1001,1,COBYLA,256,0.7327223557692307
G0024,C02,N2,1000,1,COBYLA,512,0.7447415865384616
G0024,C02,N2,1001,1,COBYLA,512,0.7485727163461539
G0024,C03,N2,1000,1,SPSA,256,0.6822415865384616
G0024,C03,N2,1001,1,SPSA,256,0.7457932692307693
G0024,C04,N2,1000,1,SPSA,512,0.6805138221153846
G0024,C04,N2,1001,1,SPSA,512,0.7486478365384616
G0024,C05,N2,1000,2,COBYLA,256,0.7122896634615384
G0024,C05,N2,1001,2,COBYLA,256,0.6977163461538461
G0024,C06,N2,1000,2,COBYLA,512,0.7151442307692307
G0024,C06,N2,1001,2,COBYLA,512,0.7174729567307693
G0024,C07,N2,1000,2,SPSA,256,0.7118389423076923
G0024,C07,N2,1001,2,SPSA,256,0.7149939903846154
G0024,C08,N2,1000,2,SPSA,512,0.7092848557692307
G0024,C08,N2,1001,2,SPSA,512,0.7130408653846154
G0024,C09,N2,1000,3,COBYLA,256,0.666015625
G0024,C09,N2,1001,3,COBYLA,256,0.7319711538461539
G0024,C10,N2,1000,3,COBYLA,512,0.6916316105769231
G0024,C10,N2,1001,3,COBYLA,512,0.7341496394230769
G0024,C11,N2,1000,3,SPSA,256,0.6912560096153846
G0024,C11,N2,1001,3,SPSA,256,0.7094350961538461
G0024,C12,N2,1000,3,SPSA,512,0.6960637019230769
G0024,C12,N2,1001,3,SPSA,512,0.689453125
G0025,C01,N1,1000,1,COBYLA,256,0.6400462962962963
G0025,C01,N1,1001,1,COBYLA,256,0.6361400462962963
G0025,C02,N1,1000,1,COBYLA,512,0.6362123842592593
G0025,C02,N1,1001,1,COBYLA,512,0.6372251157407407
G0025,C03,N1,1000,1,SPSA,256,0.6446759259259259
G0025,C03,N1,1001,1,SPSA,256,0.6336805555555556
G0025,C04,N1,1000,1,SPSA,512,0.6410590277777778
G0025,C04,N1,1001,1,SPSA,512,0.6375868055555556
G0025,C05,N1,1000,2,COBYLA,256,0.6328125
G0025,C05,N1,1001,2,COBYLA,256,0.6164641203703703
G0025,C06,N1,1000,2,COBYLA,512,0.6414207175925926
G0025,C06,N1,1001,2,COBYLA,512,0.6222511574074074
G0025,C07,N1,1000,2,SPSA,256,0.6682581018518519
G0025,C07,N1,1001,2,SPSA,256,0.6206597222222222
G0025,C08,N1,1000,2,SPSA,512,0.6253616898148148
G0025,C08,N1,1001,2,SPSA,512,0.6219618055555556
G0025,C09,N1,1000,3,COBYLA,256,0.6235532407407407
G0025,C09,N1,1001,3,COBYLA,256,0.6261574074074074
G0025,C10,N1,1000,3,COBYLA,512,0.6242042824074074
G0025,C10,N1,1001,3,COBYLA,512,0.6294849537037037
G0025,C11,N1,1000,3,SPSA,256,0.6177662037037037
G0025,C11,N1,1001,3,SPSA,256,0.6317997685185185
G0025,C12,N1,1000,3,SPSA,512,0.6207320601851852
G0025,C12,N1,1001,3,SPSA,512,0.6320167824074074
G0025,C01,N2,1000,1,COBYLA,256,0.6426504629629629
G0025,C01,N2,1001,1,COBYLA,256,0.6385995370370371
G0025,C02,N2,1000,1,COBYLA,512,0.6409866898148148
G0025,C02,N2,1001,1,COBYLA,512,0.6379484953703703
G0025,C03,N2,1000,1,SPSA,256,0.6417824074074074
G0025,C03,N2,1001,1,SPSA,256,0.6354166666666666
G0025,C04,N2,1000,1,SPSA,512,0.6396846064814815
G0025,C04,N2,1001,1,SPSA,512,0.6385995370370371
G0025,C05,N2,1000,2,COBYLA,256,0.6251446759259259
G0025,C05,N2,1001,2,COBYLA,256,0.6203703703703703
G0025,C06,N2,1000,2,COBYLA,512,0.6349103009259259
G0025,C06,N2,1001,2,COBYLA,512,0.6231192129629629
G0025,C07,N2,1000,2,SPSA,256,0.6546585648148148
G0025,C07,N2,1001,2,SPSA,256,0.6154513888888888
G0025,C08,N2,1000,2,SPSA,512,0.6228298611111112
G0025,C08,N2,1001,2,SPSA,512,0.6244212962962963
G0025,C09,N2,1000,3,COBYLA,256,0.6258680555555556
G0025,C09,N2,1001,3,COBYLA,256,0.6226851851851852
G0025,C10,N2,1000,3,COBYLA,512,0.6244936342592593
G0025,C10,N2,1001,3,COBYLA,512,0.6291232638888888
G0025,C11,N2,1000,3,SPSA,256,0.6265914351851852
G0025,C11,N2,1001,3,SPSA,256,0.6277488425925926
G0025,C12,N2,1000,3,SPSA,512,0.6234809027777778
G0025,C12,N2,1001,3,SPSA,512,0.6268807870370371
G0026,C01,N1,1000,1,COBYLA,256,0.6809895833333334
G0026,C01,N1,1001,1,COBYLA,256,0.6782407407407407
G0026,C02,N1,1000,1,COBYLA,512,0.6863425925925926
G0026,C02,N1,1001,1,COBYLA,512,0.6834490740740741
G0026,C03,N1,1000,1,SPSA,256,0.6870659722222222
G0026,C03,N1,1001,1,SPSA,256,0.6763599537037037
G0026,C04,N1,1000,1,SPSA,512,0.6852575231481481
G0026,C04,N1,1001,1,SPSA,512,0.6846064814814815
G0026,C05,N1,1000,2,COBYLA,256,0.6844618055555556
G0026,C05,N1,1001,2,COBYLA,256,0.6804108796296297
G0026,C06,N1,1000,2,COBYLA,512,0.6833767361111112
G0026,C06,N1,1001,2,COBYLA,512,0.6827256944444444
G0026,C07,N1,1000,2,SPSA,256,0.6873553240740741
G0026,C07,N1,1001,2,SPSA,256,0.6848958333333334
G0026,C08,N1,1000,2,SPSA,512,0.6838831018518519
G0026,C08,N1,1001,2,SPSA,512,0.6833767361111112
G0026,C09,N1,1000,3,COBYLA,256,0.68359375
G0026,C09,N1,1001,3,COBYLA,256,0.6850405092592593
G0026,C10,N1,1000,3,COBYLA,512,0.6848958333333334
G0026,C10,N1,1001,3,COBYLA,512,0.6814236111111112
G0026,C11,N1,1000,3,SPSA,256,0.6925636574074074
G0026,C11,N1,1001,3,SPSA,256,0.6873553240740741
G0026,C12,N1,1000,3,SPSA,512,0.6920572916666666
G0026,C12,N1,1001,3,SPSA,512,0.6906828703703703
G0026,C01,N2,1000,1,COBYLA,256,0.6821469907407407
G0026,C01,N2,1001,1,COBYLA,256,0.6766493055555556
G0026,C02,N2,1000,1,COBYLA,512,0.6788194444444444
G0026,C02,N2,1001,1,COBYLA,512,0.6788194444444444
G0026,C03,N2,1000,1,SPSA,256,0.6830150462962963
G0026,C03,N2,1001,1,SPSA,256,0.6760706018518519
G0026,C04,N2,1000,1,SPSA,512,0.6806278935185185
G0026,C04,N2,1001,1,SPSA,512,0.6792534722222222
G0026,C05,N2,1000,2,COBYLA,256,0.6872106481481481
G0026,C05,N2,1001,2,COBYLA,256,0.6809895833333334
G0026,C06,N2,1000,2,COBYLA,512,0.6861255787037037
G0026,C06,N2,1001,2,COBYLA,512,0.6807002314814815
G0026,C07,N2,1000,2,SPSA,256,0.6785300925925926
G0026,C07,N2,1001,2,SPSA,256,0.6773726851851852
G0026,C08,N2,1000,2,SPSA,512,0.6828703703703703
G0026,C08,N2,1001,2,SPSA,512,0.6806278935185185
G0026,C09,N2,1000,3,COBYLA,256,0.68359375
G0026,C09,N2,1001,3,COBYLA,256,0.6859085648148148
G0026,C10,N2,1000,3,COBYLA,512,0.6883680555555556
G0026,C10,N2,1001,3,COBYLA,512,0.6804108796296297
G0026,C11,N2,1000,3,SPSA,256,0.6892361111111112
G0026,C11,N2,1001,3,SPSA,256,0.6850405092592593
G0026,C12,N2,1000,3,SPSA,512,0.6935040509259259
G0026,C12,N2,1001,3,SPSA,512,0.6884403935185185
G0027,C01,N1,1000,1,COBYLA,256,0.6279296875
G0027,C01,N1,1001,1,COBYLA,256,0.6595982142857143
G0027,C02,N1,1000,1,COBYLA,512,0.6345563616071429
G0027,C02,N1,1001,1,COBYLA,512,0.6802455357142857
G0027,C03,N1,1000,1,SPSA,256,0.6311383928571429
G0027,C03,N1,1001,1,SPSA,256,0.6241629464285714
G0027,C04,N1,1000,1,SPSA,512,0.6336495535714286
G0027,C04,N1,1001,1,SPSA,512,0.6785016741071429
G0027,C05,N1,1000,2,COBYLA,256,0.6826171875
G0027,C05,N1,1001,2,COBYLA,256,0.6724330357142857
G0027,C06,N1,1000,2,COBYLA,512,0.6741071428571429
G0027,C06,N1,1001,2,COBYLA,512,0.6703404017857143
G0027,C07,N1,1000,2,SPSA,256,0.6291852678571429
G0027,C07,N1,1001,2,SPSA,256,0.6824776785714286
G0027,C08,N1,1000,2,SPSA,512,0.6279296875
G0027,C08,N1,1001,2,SPSA,512,0.6796177455357143
G0027,C09,N1,1000,3,COBYLA,256,0.6319754464285714
G0027,C09,N1,1001,3,COBYLA,256,0.66015625
G0027,C10,N1,1000,3,COBYLA,512,0.6339285714285714
G0027,C10,N1,1001,3,COBYLA,512,0.65966796875
G0027,C11,N1,1000,3,SPSA,256,0.6667131696428571
G0027,C11,N1,1001,3,SPSA,256,0.6607142857142857
G0027,C12,N1,1000,3,SPSA,512,0.7096121651785714
G0027,C12,N1,1001,3,SPSA,512,0.6582728794642857
G0027,C01,N2,1000,1,COBYLA,256,0.6280691964285714
G0027,C01,N2,1001,1,COBYLA,256,0.6489955357142857
G0027,C02,N2,1000,1,COBYLA,512,0.6284877232142857
G0027,C02,N2,1001,1,COBYLA,512,0.6672712053571429
G0027,C03,N2,1000,1,SPSA,256,0.626953125
G0027,C03,N2,1001,1,SPSA,256,0.6206752232142857
G0027,C04,N2,1000,1,SPSA,512,0.6291155133928571
G0027,C04,N2,1001,1,SPSA,512,0.6670619419642857
G0027,C05,N2,1000,2,COBYLA,256,0.6590401785714286
G0027,C05,N2,1001,2,COBYLA,256,0.6579241071428571
G0027,C06,N2,1000,2,COBYLA,512,0.6469029017857143
G0027,C06,N2,1001,2,COBYLA,512,0.6524832589285714
G0027,C07,N2,1000,2,SPSA,256,0.6279296875
G0027,C07,N2,1001,2,SPSA,256,0.6597377232142857
G0027,C08,N2,1000,2,SPSA,512,0.6231166294642857
G0027,C08,N2,1001,2,SPSA,512,0.6578543526785714
G0027,C09,N2,1000,3,COBYLA,256,0.6311383928571429
G0027,C09,N2,1001,3,COBYLA,256,0.6300223214285714
G0027,C10,N2,1000,3,COBYLA,512,0.6301618303571429
G0027,C10,N2,1001,3,COBYLA,512,0.6286969866071429
G0027,C11,N2,1000,3,SPSA,256,0.6361607142857143
G0027,C11,N2,1001,3,SPSA,256,0.6300223214285714
G0027,C12,N2,1000,3,SPSA,512,0.6535993303571429
G0027,C12,N2,1001,3,SPSA,512,0.6296037946428571
G0028,C01,N1,1000,1,COBYLA,256,0.7546622983870968
G0028,C01,N1,1001,1,COBYLA,256,0.7249243951612904
G0028,C02,N1,1000,1,COBYLA,512,0.6473034274193549
G0028,C02,N1,1001,1,COBYLA,512,0.7272555443548387
G0028,C03,N1,1000,1,SPSA,256,0.6471774193548387
G0028,C03,N1,1001,1,SPSA,256,0.7307207661290323
G0028,C04,N1,1000,1,SPSA,512,0.647492439516129
G0028,C04,N1,1001,1,SPSA,512,0.7270035282258065
G0028,C05,N1,1000,2,COBYLA,256,0.6920362903225806
G0028,C05,N1,1001,2,COBYLA,256,0.6490675403225806
G0028,C06,N1,1000,2,COBYLA,512,0.6468623991935484
G0028,C06,N1,1001,2,COBYLA,512,0.6805695564516129
G0028,C07,N1,1000,2,SPSA,256,0.7012348790322581
G0028,C07,N1,1001,2,SPSA,256,0.7040070564516129
G0028,C08,N1,1000,2,SPSA,512,0.6418220766129032
G0028,C08,N1,1001,2,SPSA,512,0.7351940524193549
G0028,C09,N1,1000,3,COBYLA,256,0.63671875
G0028,C09,N1,1001,3,COBYLA,256,0.6811995967741935
G0028,C10,N1,1000,3,COBYLA,512,0.6382938508064516
G0028,C10,N1,1001,3,COBYLA,512,0.6840977822580645
G0028,C11,N1,1000,3,SPSA,256,0.6891381048387096
G0028,C11,N1,1001,3,SPSA,256,0.6842237903225806
G0028,C12,N1,1000,3,SPSA,512,0.7235383064516129
G0028,C12,N1,1001,3,SPSA,512,0.6853578629032258
G0028,C01,N2,1000,1,COBYLA,256,0.7193800403225806
G0028,C01,N2,1001,1,COBYLA,256,0.6965725806451613
G0028,C02,N2,1000,1,COBYLA,512,0.6456653225806451
G0028,C02,N2,1001,1,COBYLA,512,0.7012348790322581
G0028,C03,N2,1000,1,SPSA,256,0.645539314516129
G0028,C03,N2,1001,1,SPSA,256,0.7016129032258065
G0028,C04,N2,1000,1,SPSA,512,0.6465473790322581
G0028,C04,N2,1001,1,SPSA,512,0.7037550403225806
G0028,C05,N2,1000,2,COBYLA,256,0.6688508064516129
G0028,C05,N2,1001,2,COBYLA,256,0.6467993951612904
G0028,C06,N2,1000,2,COBYLA,512,0.6437121975806451
G0028,C06,N2,1001,2,COBYLA,512,0.6595262096774194
G0028,C07,N2,1000,2,SPSA,256,0.6760332661290323
G0028,C07,N2,1001,2,SPSA,256,0.6762852822580645
G0028,C08,N2,1000,2,SPSA,512,0.6465473790322581
G0028,C08,N2,1001,2,SPSA,512,0.6953755040322581
G0028,C09,N2,1000,3,COBYLA,256,0.6470514112903226
G0028,C09,N2,1001,3,COBYLA,256,0.6473034274193549
G0028,C10,N2,1000,3,COBYLA,512,0.650390625
G0028,C10,N2,1001,3,COBYLA,512,0.6549269153225806
G0028,C11,N2,1000,3,SPSA,256,0.6490675403225806
G0028,C11,N2,1001,3,SPSA,256,0.6585181451612904
G0028,C12,N2,1000,3,SPSA,512,0.6769153225806451
G0028,C12,N2,1001,3,SPSA,512,0.6576360887096774
G0029,C01,N1,1000,1,COBYLA,256,0.6953125
G0029,C01,N1,1001,1,COBYLA,256,0.6927532327586207
G0029,C02,N1,1000,1,COBYLA,512,0.6883755387931034
G0029,C02,N1,1001,1,COBYLA,512,0.6981411637931034
G0029,C03,N1,1000,1,SPSA,256,0.6907327586206896
G0029,C03,N1,1001,1,SPSA,256,0.6916756465517241
G0029,C04,N1,1000,1,SPSA,512,0.6901939655172413
G0029,C04,N1,1001,1,SPSA,512,0.6918776939655172
G0029,C05,N1,1000,2,COBYLA,256,0.6788793103448276
G0029,C05,N1,1001,2,COBYLA,256,0.6741648706896551
G0029,C06,N1,1000,2,COBYLA,512,0.6843345905172413
G0029,C06,N1,1001,2,COBYLA,512,0.6819100215517241
G0029,C07,N1,1000,2,SPSA,256,0.6922144396551724
G0029,C07,N1,1001,2,SPSA,256,0.6810344827586207
G0029,C08,N1,1000,2,SPSA,512,0.6860183189655172
G0029,C08,N1,1001,2,SPSA,512,0.6846713362068966
G0029,C09,N1,1000,3,COBYLA,256,0.68359375
G0029,C09,N1,1001,3,COBYLA,256,0.6910021551724138
G0029,C10,N1,1000,3,COBYLA,512,0.6912715517241379
G0029,C10,N1,1001,3,COBYLA,512,0.6984779094827587
G0029,C11,N1,1000,3,SPSA,256,0.6888469827586207
G0029,C11,N1,1001,3,SPSA,256,0.6910021551724138
G0029,C12,N1,1000,3,SPSA,512,0.6879714439655172
G0029,C12,N1,1001,3,SPSA,512,0.7007004310344828
G0029,C01,N2,1000,1,COBYLA,256,0.6877693965517241
G0029,C01,N2,1001,1,COBYLA,256,0.6926185344827587
G0029,C02,N2,1000,1,COBYLA,512,0.6889816810344828
G0029,C02,N2,1001,1,COBYLA,512,0.7013739224137931
G0029,C03,N2,1000,1,SPSA,256,0.6916756465517241
G0029,C03,N2,1001,1,SPSA,256,0.6880387931034483
G0029,C04,N2,1000,1,SPSA,512,0.6919450431034483
G0029,C04,N2,1001,1,SPSA,512,0.6873653017241379
G0029,C05,N2,1000,2,COBYLA,256,0.6857489224137931
G0029,C05,N2,1001,2,COBYLA,256,0.6761853448275862
G0029,C06,N2,1000,2,COBYLA,512,0.6792160560344828
G0029,C06,N2,1001,2,COBYLA,512,0.6806303879310345
G0029,C07,N2,1000,2,SPSA,256,0.6980064655172413
G0029,C07,N2,1001,2,SPSA,256,0.6813038793103449
G0029,C08,N2,1000,2,SPSA,512,0.6852774784482759
G0029,C08,N2,1001,2,SPSA,512,0.6848733836206896
G0029,C09,N2,1000,3,COBYLA,256,0.6887122844827587
G0029,C09,N2,1001,3,COBYLA,256,0.6980064655172413
G0029,C10,N2,1000,3,COBYLA,512,0.6938981681034483
G0029,C10,N2,1001,3,COBYLA,512,0.6953125
G0029,C11,N2,1000,3,SPSA,256,0.6810344827586207
G0029,C11,N2,1001,3,SPSA,256,0.6980064655172413
G0029,C12,N2,1000,3,SPSA,512,0.6877693965517241
G0029,C12,N2,1001,3,SPSA,512,0.693359375
G0030,C01,N1,1000,1,COBYLA,256,0.6661551339285714
G0030,C01,N1,1001,1,COBYLA,256,0.6872209821428571
G0030,C02,N1,1000,1,COBYLA,512,0.6692243303571429
G0030,C02,N1,1001,1,COBYLA,512,0.6866629464285714
G0030,C03,N1,1000,1,SPSA,256,0.6665736607142857
G0030,C03,N1,1001,1,SPSA,256,0.6678292410714286
G0030,C04,N1,1000,1,SPSA,512,0.6662248883928571
G0030,C04,N1,1001,1,SPSA,512,0.6730608258928571
G0030,C05,N1,1000,2,COBYLA,256,0.6749441964285714
G0030,C05,N1,1001,2,COBYLA,256,0.666015625
G0030,C06,N1,1000,2,COBYLA,512,0.6654575892857143
G0030,C06,N1,1001,2,COBYLA,512,0.6644810267857143
G0030,C07,N1,1000,2,SPSA,256,0.6755022321428571
G0030,C07,N1,1001,2,SPSA,256,0.6806640625
G0030,C08,N1,1000,2,SPSA,512,0.6741071428571429
G0030,C08,N1,1001,2,SPSA,512,0.6798967633928571
G0030,C09,N1,1000,3,COBYLA,256,0.6589006696428571
G0030,C09,N1,1001,3,COBYLA,256,0.6755022321428571
G0030,C10,N1,1000,3,COBYLA,512,0.6547154017857143
G0030,C10,N1,1001,3,COBYLA,512,0.6798270089285714
G0030,C11,N1,1000,3,SPSA,256,0.6614118303571429
G0030,C11,N1,1001,3,SPSA,256,0.6852678571428571
G0030,C12,N1,1000,3,SPSA,512,0.6798270089285714
G0030,C12,N1,1001,3,SPSA,512,0.6826171875
G0030,C01,N2,1000,1,COBYLA,256,0.6654575892857143
G0030,C01,N2,1001,1,COBYLA,256,0.6854073660714286
G0030,C02,N2,1000,1,COBYLA,512,0.66650390625
G0030,C02,N2,1001,1,COBYLA,512,0.6826171875
G0030,C03,N2,1000,1,SPSA,256,0.6662946428571429
G0030,C03,N2,1001,1,SPSA,256,0.6636439732142857
G0030,C04,N2,1000,1,SPSA,512,0.6612025669642857
G0030,C04,N2,1001,1,SPSA,512,0.66943359375
G0030,C05,N2,1000,2,COBYLA,256,0.6593191964285714
G0030,C05,N2,1001,2,COBYLA,256,0.6614118303571429
G0030,C06,N2,1000,2,COBYLA,512,0.6636439732142857
G0030,C06,N2,1001,2,COBYLA,512,0.6564592633928571
G0030,C07,N2,1000,2,SPSA,256,0.6623883928571429
G0030,C07,N2,1001,2,SPSA,256,0.6706194196428571
G0030,C08,N2,1000,2,SPSA,512,0.6696428571428571
G0030,C08,N2,1001,2,SPSA,512,0.6696428571428571
G0030,C09,N2,1000,3,COBYLA,256,0.658203125
G0030,C09,N2,1001,3,COBYLA,256,0.6720145089285714
G0030,C10,N2,1000,3,COBYLA,512,0.6533900669642857
G0030,C10,N2,1001,3,COBYLA,512,0.6667829241071429
G0030,C11,N2,1000,3,SPSA,256,0.6540178571428571
G0030,C11,N2,1001,3,SPSA,256,0.6622488839285714
G0030,C12,N2,1000,3,SPSA,512,0.6649693080357143
G0030,C12,N2,1001,3,SPSA,512,0.6625279017857143
G0031,C01,N1,1000,1,COBYLA,256,0.6984747023809523
G0031,C01,N1,1001,1,COBYLA,256,0.7380022321428571
G0031,C02,N1,1000,1,COBYLA,512,0.7021019345238095
G0031,C02,N1,1001,1,COBYLA,512,0.7366071428571429
G0031,C03,N1,1000,1,SPSA,256,0.6995907738095238
G0031,C03,N1,1001,1,SPSA,256,0.7367001488095238
G0031,C04,N1,1000,1,SPSA,512,0.6978236607142857
G0031,C04,N1,1001,1,SPSA,512,0.7362351190476191
G0031,C05,N1,1000,2,COBYLA,256,0.6994047619047619
G0031,C05,N1,1001,2,COBYLA,256,0.6995907738095238
G0031,C06,N1,1000,2,COBYLA,512,0.7942243303571429
G0031,C06,N1,1001,2,COBYLA,512,0.7340959821428571
G0031,C07,N1,1000,2,SPSA,256,0.7002418154761905
G0031,C07,N1,1001,2,SPSA,256,0.7370721726190477
G0031,C08,N1,1000,2,SPSA,512,0.7478143601190477
G0031,C08,N1,1001,2,SPSA,512,0.7476748511904762
G0031,C09,N1,1000,3,COBYLA,256,0.7297247023809523
G0031,C09,N1,1001,3,COBYLA,256,0.7266555059523809
G0031,C10,N1,1000,3,COBYLA,512,0.6994047619047619
G0031,C10,N1,1001,3,COBYLA,512,0.7213541666666666
G0031,C11,N1,1000,3,SPSA,256,0.7379092261904762
G0031,C11,N1,1001,3,SPSA,256,0.7503720238095238
G0031,C12,N1,1000,3,SPSA,512,0.7382347470238095
G0031,C12,N1,1001,3,SPSA,512,0.7380952380952381
G0031,C01,N2,1000,1,COBYLA,256,0.6990327380952381
G0031,C01,N2,1001,1,COBYLA,256,0.7277715773809523
G0031,C02,N2,1000,1,COBYLA,512,0.7026599702380952
G0031,C02,N2,1001,1,COBYLA,512,0.7261439732142857
G0031,C03,N2,1000,1,SPSA,256,0.7021949404761905
G0031,C03,N2,1001,1,SPSA,256,0.7287946428571429
G0031,C04,N2,1000,1,SPSA,512,0.7017299107142857
G0031,C04,N2,1001,1,SPSA,512,0.7256324404761905
G0031,C05,N2,1000,2,COBYLA,256,0.7009858630952381
G0031,C05,N2,1001,2,COBYLA,256,0.7029389880952381
G0031,C06,N2,1000,2,COBYLA,512,0.7561383928571429
G0031,C06,N2,1001,2,COBYLA,512,0.7199590773809523
G0031,C07,N2,1000,2,SPSA,256,0.7072172619047619
G0031,C07,N2,1001,2,SPSA,256,0.7260044642857143
G0031,C08,N2,1000,2,SPSA,512,0.7303292410714286
G0031,C08,N2,1001,2,SPSA,512,0.7367001488095238
G0031,C09,N2,1000,3,COBYLA,256,0.7144717261904762
G0031,C09,N2,1001,3,COBYLA,256,0.71484375
G0031,C10,N2,1000,3,COBYLA,512,0.7007998511904762
G0031,C10,N2,1001,3,COBYLA,512,0.7074497767857143
G0031,C11,N2,1000,3,SPSA,256,0.7236793154761905
G0031,C11,N2,1001,3,SPSA,256,0.7319568452380952
G0031,C12,N2,1000,3,SPSA,512,0.7148902529761905
G0031,C12,N2,1001,3,SPSA,512,0.7167503720238095
G0032,C01,N1,1000,1,COBYLA,256,0.6936773255813954
G0032,C01,N1,1001,1,COBYLA,256,0.7074854651162791
G0032,C02,N1,1000,1,COBYLA,512,0.7022619912790697
G0032,C02,N1,1001,1,COBYLA,512,0.702125726744186
G0032,C03,N1,1000,1,SPSA,256,0.7009447674418605
G0032,C03,N1,1001,1,SPSA,256,0.7081213662790697
G0032,C04,N1,1000,1,SPSA,512,0.6970385174418605
G0032,C04,N1,1001,1,SPSA,512,0.6942223837209303
G0032,C05,N1,1000,2,COBYLA,256,0.701671511627907
G0032,C05,N1,1001,2,COBYLA,256,0.7013081395348837
G0032,C06,N1,1000,2,COBYLA,512,0.6986736918604651
G0032,C06,N1,1001,2,COBYLA,512,0.6990370639534884
G0032,C07,N1,1000,2,SPSA,256,0.7030341569767442
G0032,C07,N1,1001,2,SPSA,256,0.7035792151162791
G0032,C08,N1,1000,2,SPSA,512,0.6964934593023255
G0032,C08,N1,1001,2,SPSA,512,0.6947220203488372
G0032,C09,N1,1000,3,COBYLA,256,0.6945857558139535
G0032,C09,N1,1001,3,COBYLA,256,0.697765261627907
G0032,C10,N1,1000,3,COBYLA,512,0.6992641715116279
G0032,C10,N1,1001,3,COBYLA,512,0.7018531976744186
G0032,C11,N1,1000,3,SPSA,256,0.6881359011627907
G0032,C11,N1,1001,3,SPSA,256,0.7022165697674418
G0032,C12,N1,1000,3,SPSA,512,0.6994912790697675
G0032,C12,N1,1001,3,SPSA,512,0.7028070494186046
G0032,C01,N2,1000,1,COBYLA,256,0.6892260174418605
G0032,C01,N2,1001,1,COBYLA,256,0.7005813953488372
G0032,C02,N2,1000,1,COBYLA,512,0.6971293604651163
G0032,C02,N2,1001,1,COBYLA,512,0.6976289970930233
G0032,C03,N2,1000,1,SPSA,256,0.6953125
G0032,C03,N2,1001,1,SPSA,256,0.7023982558139535
G0032,C04,N2,1000,1,SPSA,512,0.6916787790697675
G0032,C04,N2,1001,1,SPSA,512,0.6919513081395349
G0032,C05,N2,1000,2,COBYLA,256,0.69921875
G0032,C05,N2,1001,2,COBYLA,256,0.700672238372093
G0032,C06,N2,1000,2,COBYLA,512,0.6983557412790697
G0032,C06,N2,1001,2,COBYLA,512,0.6974018895348837
G0032,C07,N2,1000,2,SPSA,256,0.7053960755813954
G0032,C07,N2,1001,2,SPSA,256,0.7053052325581395
G0032,C08,N2,1000,2,SPSA,512,0.6980832122093024
G0032,C08,N2,1001,2,SPSA,512,0.6974018895348837
G0032,C09,N2,1000,3,COBYLA,256,0.69921875
G0032,C09,N2,1001,3,COBYLA,256,0.6949491279069767
G0032,C10,N2,1000,3,COBYLA,512,0.6959484011627907
G0032,C10,N2,1001,3,COBYLA,512,0.6991733284883721
G0032,C11,N2,1000,3,SPSA,256,0.6954941860465116
G0032,C11,N2,1001,3,SPSA,256,0.6931322674418605
G0032,C12,N2,1000,3,SPSA,512,0.693359375
G0032,C12,N2,1001,3,SPSA,512,0.6952670784883721
G0033,C01,N1,1000,1,COBYLA,256,0.6832932692307693
G0033,C01,N1,1001,1,COBYLA,256,0.6855969551282052
G0033,C02,N1,1000,1,COBYLA,512,0.6918569711538461
G0033,C02,N1,1001,1,COBYLA,512,0.6935096153846154
G0033,C03,N1,1000,1,SPSA,256,0.6963141025641025
G0033,C03,N1,1001,1,SPSA,256,0.7259615384615384
G0033,C04,N1,1000,1,SPSA,512,0.6984675480769231
G0033,C04,N1,1001,1,SPSA,512,0.7342748397435898
G0033,C05,N1,1000,2,COBYLA,256,0.6921073717948718
G0033,C05,N1,1001,2,COBYLA,256,0.7068309294871795
G0033,C06,N1,1000,2,COBYLA,512,0.692558092948718
G0033,C06,N1,1001,2,COBYLA,512,0.7217548076923077
G0033,C07,N1,1000,2,SPSA,256,0.6956129807692307
G0033,C07,N1,1001,2,SPSA,256,0.7300681089743589
G0033,C08,N1,1000,2,SPSA,512,0.6970152243589743
G0033,C08,N1,1001,2,SPSA,512,0.7310196314102564
G0033,C09,N1,1000,3,COBYLA,256,0.6977163461538461
G0033,C09,N1,1001,3,COBYLA,256,0.7170472756410257
G0033,C10,N1,1000,3,COBYLA,512,0.7744391025641025
G0033,C10,N1,1001,3,COBYLA,512,0.7164963942307693
G0033,C11,N1,1000,3,SPSA,256,0.7192508012820513
G0033,C11,N1,1001,3,SPSA,256,0.7125400641025641
G0033,C12,N1,1000,3,SPSA,512,0.7093850160256411
G0033,C12,N1,1001,3,SPSA,512,0.7155949519230769
G0033,C01,N2,1000,1,COBYLA,256,0.6910056089743589
G0033,C01,N2,1001,1,COBYLA,256,0.6889022435897436
G0033,C02,N2,1000,1,COBYLA,512,0.6915064102564102
G0033,C02,N2,1001,1,COBYLA,512,0.6928585737179487
G0033,C03,N2,1000,1,SPSA,256,0.6962139423076923
G0033,C03,N2,1001,1,SPSA,256,0.7158453525641025
G0033,C04,N2,1000,1,SPSA,512,0.6986678685897436
G0033,C04,N2,1001,1,SPSA,512,0.7245592948717948
G0033,C05,N2,1000,2,COBYLA,256,0.6947115384615384
G0033,C05,N2,1001,2,COBYLA,256,0.7015224358974359
G0033,C06,N2,1000,2,COBYLA,512,0.6919571314102564
G0033,C06,N2,1001,2,COBYLA,512,0.7107872596153846
G0033,C07,N2,1000,2,SPSA,256,0.6898036858974359
G0033,C07,N2,1001,2,SPSA,256,0.7164463141025641
G0033,C08,N2,1000,2,SPSA,512,0.6952624198717948
G0033,C08,N2,1001,2,SPSA,512,0.7155448717948718
G0033,C09,N2,1000,3,COBYLA,256,0.6956129807692307
G0033,C09,N2,1001,3,COBYLA,256,0.7014222756410257
G0033,C10,N2,1000,3,COBYLA,512,0.7171474358974359
G0033,C10,N2,1001,3,COBYLA,512,0.6991185897435898
G0033,C11,N2,1000,3,SPSA,256,0.7043269230769231
G0033,C11,N2,1001,3,SPSA,256,0.7005208333333334
G0033,C12,N2,1000,3,SPSA,512,0.7004707532051282
G0033,C12,N2,1001,3,SPSA,512,0.701973157051282
G0034,C01,N1,1000,1,COBYLA,256,0.6565755208333334
G0034,C01,N1,1001,1,COBYLA,256,0.6535373263888888
G0034,C02,N1,1000,1,COBYLA,512,0.6498480902777778
G0034,C02,N1,1001,1,COBYLA,512,0.6492513020833334
G0034,C03,N1,1000,1,SPSA,256,0.6569010416666666
G0034,C03,N1,1001,1,SPSA,256,0.6521267361111112
G0034,C04,N1,1000,1,SPSA,512,0.6506076388888888
G0034,C04,N1,1001,1,SPSA,512,0.6510959201388888
G0034,C05,N1,1000,2,COBYLA,256,0.6469184027777778
G0034,C05,N1,1001,2,COBYLA,256,0.6359592013888888
G0034,C06,N1,1000,2,COBYLA,512,0.6463758680555556
G0034,C06,N1,1001,2,COBYLA,512,0.7325846354166666
G0034,C07,N1,1000,2,SPSA,256,0.6357421875
G0034,C07,N1,1001,2,SPSA,256,0.6483289930555556
G0034,C08,N1,1000,2,SPSA,512,0.6501736111111112
G0034,C08,N1,1001,2,SPSA,512,0.6506076388888888
G0034,C09,N1,1000,3,COBYLA,256,0.6382378472222222
G0034,C09,N1,1001,3,COBYLA,256,0.654296875
G0034,C10,N1,1000,3,COBYLA,512,0.6416558159722222
G0034,C10,N1,1001,3,COBYLA,512,0.6544053819444444
G0034,C11,N1,1000,3,SPSA,256,0.6501736111111112
G0034,C11,N1,1001,3,SPSA,256,0.6560329861111112
G0034,C12,N1,1000,3,SPSA,512,0.6469184027777778
G0034,C12,N1,1001,3,SPSA,512,0.6498480902777778
G0034,C01,N2,1000,1,COBYLA,256,0.6481119791666666
G0034,C01,N2,1001,1,COBYLA,256,0.6438802083333334
G0034,C02,N2,1000,1,COBYLA,512,0.6458875868055556
G0034,C02,N2,1001,1,COBYLA,512,0.64599609375
G0034,C03,N2,1000,1,SPSA,256,0.6481119791666666
G0034,C03,N2,1001,1,SPSA,256,0.6455078125
G0034,C04,N2,1000,1,SPSA,512,0.6477322048611112
G0034,C04,N2,1001,1,SPSA,512,0.6481119791666666
G0034,C05,N2,1000,2,COBYLA,256,0.6461588541666666
G0034,C05,N2,1001,2,COBYLA,256,0.6393229166666666
G0034,C06,N2,1000,2,COBYLA,512,0.646484375
G0034,C06,N2,1001,2,COBYLA,512,0.6948784722222222
G0034,C07,N2,1000,2,SPSA,256,0.6359592013888888
G0034,C07,N2,1001,2,SPSA,256,0.6394314236111112
G0034,C08,N2,1000,2,SPSA,512,0.6480577256944444
G0034,C08,N2,1001,2,SPSA,512,0.6467013888888888
G0034,C09,N2,1000,3,COBYLA,256,0.6510416666666666
G0034,C09,N2,1001,3,COBYLA,256,0.6456163194444444
G0034,C10,N2,1000,3,COBYLA,512,0.6457248263888888
G0034,C10,N2,1001,3,COBYLA,512,0.6532660590277778
G0034,C11,N2,1000,3,SPSA,256,0.6550564236111112
G0034,C11,N2,1001,3,SPSA,256,0.6547309027777778
G0034,C12,N2,1000,3,SPSA,512,0.6451280381944444
G0034,C12,N2,1001,3,SPSA,512,0.6514756944444444
G0035,C01,N1,1000,1,COBYLA,256,0.6714527027027027
G0035,C01,N1,1001,1,COBYLA,256,0.6751478040540541
G0035,C02,N1,1000,1,COBYLA,512,0.6768369932432432
G0035,C02,N1,1001,1,COBYLA,512,0.6751478040540541
G0035,C03,N1,1000,1,SPSA,256,0.6727195945945946
G0035,C03,N1,1001,1,SPSA,256,0.6811655405405406
G0035,C04,N1,1000,1,SPSA,512,0.6731946790540541
G0035,C04,N1,1001,1,SPSA,512,0.6812183277027027
G0035,C05,N1,1000,2,COBYLA,256,0.668918918918919
G0035,C05,N1,1001,2,COBYLA,256,0.6658572635135135
G0035,C06,N1,1000,2,COBYLA,512,0.678051097972973
G0035,C06,N1,1001,2,COBYLA,512,0.6666490709459459
G0035,C07,N1,1000,2,SPSA,256,0.6690244932432432
G0035,C07,N1,1001,2,SPSA,256,0.6863386824324325
G0035,C08,N1,1000,2,SPSA,512,0.6693412162162162
G0035,C08,N1,1001,2,SPSA,512,0.6860747466216216
G0035,C09,N1,1000,3,COBYLA,256,0.6930954391891891
G0035,C09,N1,1001,3,COBYLA,256,0.6985853040540541
G0035,C10,N1,1000,3,COBYLA,512,0.6846494932432432
G0035,C10,N1,1001,3,COBYLA,512,0.690456081081081
G0035,C11,N1,1000,3,SPSA,256,0.6857052364864865
G0035,C11,N1,1001,3,SPSA,256,0.6929898648648649
G0035,C12,N1,1000,3,SPSA,512,0.6805320945945946
G0035,C12,N1,1001,3,SPSA,512,0.690403293918919
G0035,C01,N2,1000,1,COBYLA,256,0.6707136824324325
G0035,C01,N2,1001,1,COBYLA,256,0.6691300675675675
G0035,C02,N2,1000,1,COBYLA,512,0.6762035472972973
G0035,C02,N2,1001,1,COBYLA,512,0.6738809121621622
G0035,C03,N2,1000,1,SPSA,256,0.6737753378378378
G0035,C03,N2,1001,1,SPSA,256,0.6775760135135135
G0035,C04,N2,1000,1,SPSA,512,0.6745671452702703
G0035,C04,N2,1001,1,SPSA,512,0.679370777027027
G0035,C05,N2,1000,2,COBYLA,256,0.6698690878378378
G0035,C05,N2,1001,2,COBYLA,256,0.6705025337837838
G0035,C06,N2,1000,2,COBYLA,512,0.6769953547297297
G0035,C06,N2,1001,2,COBYLA,512,0.668971706081081
G0035,C07,N2,1000,2,SPSA,256,0.6712415540540541
G0035,C07,N2,1001,2,SPSA,256,0.6844383445945946
G0035,C08,N2,1000,2,SPSA,512,0.6716638513513513
G0035,C08,N2,1001,2,SPSA,512,0.6798458614864865
G0035,C09,N2,1000,3,COBYLA,256,0.6805320945945946
G0035,C09,N2,1001,3,COBYLA,256,0.6881334459459459
G0035,C10,N2,1000,3,COBYLA,512,0.6774704391891891
G0035,C10,N2,1001,3,COBYLA,512,0.6820101351351351
G0035,C11,N2,1000,3,SPSA,256,0.6841216216216216
G0035,C11,N2,1001,3,SPSA,256,0.6825380067567568
G0035,C12,N2,1000,3,SPSA,512,0.6770481418918919
G0035,C12,N2,1001,3,SPSA,512,0.6824324324324325
G0036,C01,N1,1000,1,COBYLA,256,0.6717013888888889
G0036,C01,N1,1001,1,COBYLA,256,0.6877604166666667
G0036,C02,N1,1000,1,COBYLA,512,0.669921875
G0036,C02,N1,1001,1,COBYLA,512,0.6839409722222223
G0036,C03,N1,1000,1,SPSA,256,0.6888888888888889
G0036,C03,N1,1001,1,SPSA,256,0.6672743055555556
G0036,C04,N1,1000,1,SPSA,512,0.6696614583333333
G0036,C04,N1,1001,1,SPSA,512,0.6850694444444444
G0036,C05,N1,1000,2,COBYLA,256,0.6675347222222222
G0036,C05,N1,1001,2,COBYLA,256,0.6837673611111111
G0036,C06,N1,1000,2,COBYLA,512,0.6760850694444445
G0036,C06,N1,1001,2,COBYLA,512,0.6811197916666667
G0036,C07,N1,1000,2,SPSA,256,0.66953125
G0036,C07,N1,1001,2,SPSA,256,0.6806423611111111
G0036,C08,N1,1000,2,SPSA,512,0.6812065972222222
G0036,C08,N1,1001,2,SPSA,512,0.6817708333333333
G0036,C09,N1,1000,3,COBYLA,256,0.6729166666666667
G0036,C09,N1,1001,3,COBYLA,256,0.6880208333333333
G0036,C10,N1,1000,3,COBYLA,512,0.671875
G0036,C10,N1,1001,3,COBYLA,512,0.6864149305555556
G0036,C11,N1,1000,3,SPSA,256,0.6714409722222222
G0036,C11,N1,1001,3,SPSA,256,0.6824652777777778
G0036,C12,N1,1000,3,SPSA,512,0.6843315972222223
G0036,C12,N1,1001,3,SPSA,512,0.6866753472222222
G0036,C01,N2,1000,1,COBYLA,256,0.6667534722222223
G0036,C01,N2,1001,1,COBYLA,256,0.6796875
G0036,C02,N2,1000,1,COBYLA,512,0.6665798611111111
G0036,C02,N2,1001,1,COBYLA,512,0.6776041666666667
G0036,C03,N2,1000,1,SPSA,256,0.6776041666666667
G0036,C03,N2,1001,1,SPSA,256,0.6643229166666667
G0036,C04,N2,1000,1,SPSA,512,0.66328125
G0036,C04,N2,1001,1,SPSA,512,0.6794270833333333
G0036,C05,N2,1000,2,COBYLA,256,0.6708333333333333
G0036,C05,N2,1001,2,COBYLA,256,0.6727430555555556
G0036,C06,N2,1000,2,COBYLA,512,0.6754340277777777
G0036,C06,N2,1001,2,COBYLA,512,0.6746961805555556
G0036,C07,N2,1000,2,SPSA,256,0.6714409722222222
G0036,C07,N2,1001,2,SPSA,256,0.6782986111111111
G0036,C08,N2,1000,2,SPSA,512,0.6763888888888889
G0036,C08,N2,1001,2,SPSA,512,0.6801649305555556
G0036,C09,N2,1000,3,COBYLA,256,0.6716145833333333
G0036,C09,N2,1001,3,COBYLA,256,0.6816840277777778
G0036,C10,N2,1000,3,COBYLA,512,0.6687065972222223
G0036,C10,N2,1001,3,COBYLA,512,0.678125
G0036,C11,N2,1000,3,SPSA,256,0.6666666666666666
G0036,C11,N2,1001,3,SPSA,256,0.6791666666666667
G0036,C12,N2,1000,3,SPSA,512,0.6740017361111111
G0036,C12,N2,1001,3,SPSA,512,0.6773871527777777
G0037,C01,N1,1000,1,COBYLA,256,0.7271050347222222
G0037,C01,N1,1001,1,COBYLA,256,0.7251519097222222
G0037,C02,N1,1000,1,COBYLA,512,0.6809895833333334
G0037,C02,N1,1001,1,COBYLA,512,0.72705078125
G0037,C03,N1,1000,1,SPSA,256,0.6826171875
G0037,C03,N1,1001,1,SPSA,256,0.7260199652777778
G0037,C04,N1,1000,1,SPSA,512,0.6809353298611112
G0037,C04,N1,1001,1,SPSA,512,0.73046875
G0037,C05,N1,1000,2,COBYLA,256,0.6819661458333334
G0037,C05,N1,1001,2,COBYLA,256,0.7235243055555556
G0037,C06,N1,1000,2,COBYLA,512,0.7872178819444444
G0037,C06,N1,1001,2,COBYLA,512,0.7150065104166666
G0037,C07,N1,1000,2,SPSA,256,0.7718098958333334
G0037,C07,N1,1001,2,SPSA,256,0.7435980902777778
G0037,C08,N1,1000,2,SPSA,512,0.6777886284722222
G0037,C08,N1,1001,2,SPSA,512,0.7386610243055556
G0037,C09,N1,1000,3,COBYLA,256,0.6931423611111112
G0037,C09,N1,1001,3,COBYLA,256,0.71484375
G0037,C10,N1,1000,3,COBYLA,512,0.7023111979166666
G0037,C10,N1,1001,3,COBYLA,512,0.7159830729166666
G0037,C11,N1,1000,3,SPSA,256,0.7124565972222222
G0037,C11,N1,1001,3,SPSA,256,0.7085503472222222
G0037,C12,N1,1000,3,SPSA,512,0.72998046875
G0037,C12,N1,1001,3,SPSA,512,0.7226019965277778
G0037,C01,N2,1000,1,COBYLA,256,0.7213541666666666
G0037,C01,N2,1001,1,COBYLA,256,0.7194010416666666
G0037,C02,N2,1000,1,COBYLA,512,0.68212890625
G0037,C02,N2,1001,1,COBYLA,512,0.7180447048611112
G0037,C03,N2,1000,1,SPSA,256,0.6839192708333334
G0037,C03,N2,1001,1,SPSA,256,0.7197265625
G0037,C04,N2,1000,1,SPSA,512,0.6834852430555556
G0037,C04,N2,1001,1,SPSA,512,0.7233072916666666
G0037,C05,N2,1000,2,COBYLA,256,0.6802300347222222
G0037,C05,N2,1001,2,COBYLA,256,0.7024739583333334
G0037,C06,N2,1000,2,COBYLA,512,0.7561306423611112
G0037,C06,N2,1001,2,COBYLA,512,0.6980794270833334
G0037,C07,N2,1000,2,SPSA,256,0.7291666666666666
G0037,C07,N2,1001,2,SPSA,256,0.7159288194444444
G0037,C08,N2,1000,2,SPSA,512,0.6779513888888888
G0037,C08,N2,1001,2,SPSA,512,0.7201605902777778
G0037,C09,N2,1000,3,COBYLA,256,0.6858723958333334
G0037,C09,N2,1001,3,COBYLA,256,0.69921875
G0037,C10,N2,1000,3,COBYLA,512,0.6846245659722222
G0037,C10,N2,1001,3,COBYLA,512,0.6955295138888888
G0037,C11,N2,1000,3,SPSA,256,0.7029079861111112
G0037,C11,N2,1001,3,SPSA,256,0.6971571180555556
G0037,C12,N2,1000,3,SPSA,512,0.7018771701388888
G0037,C12,N2,1001,3,SPSA,512,0.7033420138888888
G0038,C01,N1,1000,1,COBYLA,256,0.65673828125
G0038,C01,N1,1001,1,COBYLA,256,0.67587890625
G0038,C02,N1,1000,1,COBYLA,512,0.657666015625
G0038,C02,N1,1001,1,COBYLA,512,0.652392578125
G0038,C03,N1,1000,1,SPSA,256,0.666015625
G0038,C03,N1,1001,1,SPSA,256,0.6640625
G0038,C04,N1,1000,1,SPSA,512,0.6556640625
G0038,C04,N1,1001,1,SPSA,512,0.65556640625
G0038,C05,N1,1000,2,COBYLA,256,0.66357421875
G0038,C05,N1,1001,2,COBYLA,256,0.66357421875
G0038,C06,N1,1000,2,COBYLA,512,0.67041015625
G0038,C06,N1,1001,2,COBYLA,512,0.66875
G0038,C07,N1,1000,2,SPSA,256,0.67373046875
G0038,C07,N1,1001,2,SPSA,256,0.66513671875
G0038,C08,N1,1000,2,SPSA,512,0.660009765625
G0038,C08,N1,1001,2,SPSA,512,0.669189453125
G0038,C09,N1,1000,3,COBYLA,256,0.6751953125
G0038,C09,N1,1001,3,COBYLA,256,0.6767578125
G0038,C10,N1,1000,3,COBYLA,512,0.655908203125
G0038,C10,N1,1001,3,COBYLA,512,0.68095703125
G0038,C11,N1,1000,3,SPSA,256,0.66298828125
G0038,C11,N1,1001,3,SPSA,256,0.68017578125
G0038,C12,N1,1000,3,SPSA,512,0.676220703125
G0038,C12,N1,1001,3,SPSA,512,0.676416015625
G0038,C01,N2,1000,1,COBYLA,256,0.6626953125
G0038,C01,N2,1001,1,COBYLA,256,0.673046875
G0038,C02,N2,1000,1,COBYLA,512,0.658447265625
G0038,C02,N2,1001,1,COBYLA,512,0.65380859375
G0038,C03,N2,1000,1,SPSA,256,0.6654296875
G0038,C03,N2,1001,1,SPSA,256,0.66171875
G0038,C04,N2,1000,1,SPSA,512,0.656982421875
G0038,C04,N2,1001,1,SPSA,512,0.655615234375
G0038,C05,N2,1000,2,COBYLA,256,0.6603515625
G0038,C05,N2,1001,2,COBYLA,256,0.65966796875
G0038,C06,N2,1000,2,COBYLA,512,0.661328125
G0038,C06,N2,1001,2,COBYLA,512,0.658642578125
G0038,C07,N2,1000,2,SPSA,256,0.66767578125
G0038,C07,N2,1001,2,SPSA,256,0.66201171875
G0038,C08,N2,1000,2,SPSA,512,0.6591796875
G0038,C08,N2,1001,2,SPSA,512,0.662548828125
G0038,C09,N2,1000,3,COBYLA,256,0.6603515625
G0038,C09,N2,1001,3,COBYLA,256,0.666796875
G0038,C10,N2,1000,3,COBYLA,512,0.66025390625
G0038,C10,N2,1001,3,COBYLA,512,0.6705078125
G0038,C11,N2,1000,3,SPSA,256,0.66484375
G0038,C11,N2,1001,3,SPSA,256,0.675
G0038,C12,N2,1000,3,SPSA,512,0.66396484375
G0038,C12,N2,1001,3,SPSA,512,0.6685546875
G0039,C01,N1,1000,1,COBYLA,256,0.7602163461538461
G0039,C01,N1,1001,1,COBYLA,256,0.6839943910256411
G0039,C02,N1,1000,1,COBYLA,512,0.7783453525641025
G0039,C02,N1,1001,1,COBYLA,512,0.6832932692307693
G0039,C03,N1,1000,1,SPSA,256,0.6753806089743589
G0039,C03,N1,1001,1,SPSA,256,0.6725761217948718
G0039,C04,N1,1000,1,SPSA,512,0.6715745192307693
G0039,C04,N1,1001,1,SPSA,512,0.6822415865384616
G0039,C05,N1,1000,2,COBYLA,256,0.6829927884615384
G0039,C05,N1,1001,2,COBYLA,256,0.6791866987179487
G0039,C06,N1,1000,2,COBYLA,512,0.6840945512820513
G0039,C06,N1,1001,2,COBYLA,512,0.6742788461538461
G0039,C07,N1,1000,2,SPSA,256,0.667167467948718
G0039,C07,N1,1001,2,SPSA,256,0.6885016025641025
G0039,C08,N1,1000,2,SPSA,512,0.6643629807692307
G0039,C08,N1,1001,2,SPSA,512,0.6791366185897436
G0039,C09,N1,1000,3,COBYLA,256,0.6711738782051282
G0039,C09,N1,1001,3,COBYLA,256,0.6738782051282052
G0039,C10,N1,1000,3,COBYLA,512,0.6767327724358975
G0039,C10,N1,1001,3,COBYLA,512,0.6794370993589743
G0039,C11,N1,1000,3,SPSA,256,0.7013221153846154
G0039,C11,N1,1001,3,SPSA,256,0.6864983974358975
G0039,C12,N1,1000,3,SPSA,512,0.682441907051282
G0039,C12,N1,1001,3,SPSA,512,0.6830929487179487
G0039,C01,N2,1000,1,COBYLA,256,0.7412860576923077
G0039,C01,N2,1001,1,COBYLA,256,0.6831931089743589
G0039,C02,N2,1000,1,COBYLA,512,0.7520532852564102
G0039,C02,N2,1001,1,COBYLA,512,0.6794871794871795
G0039,C03,N2,1000,1,SPSA,256,0.6753806089743589
G0039,C03,N2,1001,1,SPSA,256,0.6688701923076923
G0039,C04,N2,1000,1,SPSA,512,0.669921875
G0039,C04,N2,1001,1,SPSA,512,0.6763822115384616
G0039,C05,N2,1000,2,COBYLA,256,0.6762820512820513
G0039,C05,N2,1001,2,COBYLA,256,0.674979967948718
G0039,C06,N2,1000,2,COBYLA,512,0.6807892628205128
G0039,C06,N2,1001,2,COBYLA,512,0.6713241185897436
G0039,C07,N2,1000,2,SPSA,256,0.6664663461538461
G0039,C07,N2,1001,2,SPSA,256,0.6773838141025641
G0039,C08,N2,1000,2,SPSA,512,0.6667668269230769
G0039,C08,N2,1001,2,SPSA,512,0.6753305288461539
G0039,C09,N2,1000,3,COBYLA,256,0.6741786858974359
G0039,C09,N2,1001,3,COBYLA,256,0.6743790064102564
G0039,C10,N2,1000,3,COBYLA,512,0.6725761217948718
G0039,C10,N2,1001,3,COBYLA,512,0.6719751602564102
G0039,C11,N2,1000,3,SPSA,256,0.6850961538461539
G0039,C11,N2,1001,3,SPSA,256,0.6809895833333334
G0039,C12,N2,1000,3,SPSA,512,0.676582532051282
G0039,C12,N2,1001,3,SPSA,512,0.6717247596153846
G0040,C01,N1,1000,1,COBYLA,256,0.6732584635416666
G0040,C01,N1,1001,1,COBYLA,256,0.67822265625
G0040,C02,N1,1000,1,COBYLA,512,0.6938883463541666
G0040,C02,N1,1001,1,COBYLA,512,0.6885172526041666
G0040,C03,N1,1000,1,SPSA,256,0.6787109375
G0040,C03,N1,1001,1,SPSA,256,0.6744791666666666
G0040,C04,N1,1000,1,SPSA,512,0.6775309244791666
G0040,C04,N1,1001,1,SPSA,512,0.6789143880208334
G0040,C05,N1,1000,2,COBYLA,256,0.6808268229166666
G0040,C05,N1,1001,2,COBYLA,256,0.6893717447916666
G0040,C06,N1,1000,2,COBYLA,512,0.6822916666666666
G0040,C06,N1,1001,2,COBYLA,512,0.6879069010416666
G0040,C07,N1,1000,2,SPSA,256,0.6822102864583334
G0040,C07,N1,1001,2,SPSA,256,0.678466796875
G0040,C08,N1,1000,2,SPSA,512,0.6790771484375
G0040,C08,N1,1001,2,SPSA,512,0.6767578125
G0040,C09,N1,1000,3,COBYLA,256,0.6753743489583334
G0040,C09,N1,1001,3,COBYLA,256,0.679931640625
G0040,C10,N1,1000,3,COBYLA,512,0.6790364583333334
G0040,C10,N1,1001,3,COBYLA,512,0.6795247395833334
G0040,C11,N1,1000,3,SPSA,256,0.677490234375
G0040,C11,N1,1001,3,SPSA,256,0.6901041666666666
G0040,C12,N1,1000,3,SPSA,512,0.6774088541666666
G0040,C12,N1,1001,3,SPSA,512,0.6790771484375
G0040,C01,N2,1000,1,COBYLA,256,0.6748860677083334
G0040,C01,N2,1001,1,COBYLA,256,0.677001953125
G0040,C02,N2,1000,1,COBYLA,512,0.6905924479166666
G0040,C02,N2,1001,1,COBYLA,512,0.6848958333333334
G0040,C03,N2,1000,1,SPSA,256,0.6758626302083334
G0040,C03,N2,1001,1,SPSA,256,0.6705729166666666
G0040,C04,N2,1000,1,SPSA,512,0.6772867838541666
G0040,C04,N2,1001,1,SPSA,512,0.6801350911458334
G0040,C05,N2,1000,2,COBYLA,256,0.6802571614583334
G0040,C05,N2,1001,2,COBYLA,256,0.6829427083333334
G0040,C06,N2,1000,2,COBYLA,512,0.6790364583333334
G0040,C06,N2,1001,2,COBYLA,512,0.6808675130208334
G0040,C07,N2,1000,2,SPSA,256,0.6778971354166666
G0040,C07,N2,1001,2,SPSA,256,0.682861328125
G0040,C08,N2,1000,2,SPSA,512,0.6786295572916666
G0040,C08,N2,1001,2,SPSA,512,0.6833089192708334
G0040,C09,N2,1000,3,COBYLA,256,0.6773274739583334
G0040,C09,N2,1001,3,COBYLA,256,0.6798502604166666
G0040,C10,N2,1000,3,COBYLA,512,0.6794026692708334
G0040,C10,N2,1001,3,COBYLA,512,0.6806233723958334
G0040,C11,N2,1000,3,SPSA,256,0.6770833333333334
G0040,C11,N2,1001,3,SPSA,256,0.6818033854166666
G0040,C12,N2,1000,3,SPSA,512,0.6820475260416666
G0040,C12,N2,1001,3,SPSA,512,0.6787109375
G0041,C01,N1,1000,1,COBYLA,256,0.7067123724489796
G0041,C01,N1,1001,1,COBYLA,256,0.7055165816326531
G0041,C02,N1,1000,1,COBYLA,512,0.6988201530612245
G0041,C02,N1,1001,1,COBYLA,512,0.6996572066326531
G0041,C03,N1,1000,1,SPSA,256,0.7043207908163265
G0041,C03,N1,1001,1,SPSA,256,0.7058354591836735
G0041,C04,N1,1000,1,SPSA,512,0.7022879464285714
G0041,C04,N1,1001,1,SPSA,512,0.7032047193877551
G0041,C05,N1,1000,2,COBYLA,256,0.6981823979591837
G0041,C05,N1,1001,2,COBYLA,256,0.7004942602040817
G0041,C06,N1,1000,2,COBYLA,512,0.6958306760204082
G0041,C06,N1,1001,2,COBYLA,512,0.6976642219387755
G0041,C07,N1,1000,2,SPSA,256,0.6962691326530612
G0041,C07,N1,1001,2,SPSA,256,0.6944355867346939
G0041,C08,N1,1000,2,SPSA,512,0.6959502551020408
G0041,C08,N1,1001,2,SPSA,512,0.7025271045918368
G0041,C09,N1,1000,3,COBYLA,256,0.7350127551020408
G0041,C09,N1,1001,3,COBYLA,256,0.6979432397959183
G0041,C10,N1,1000,3,COBYLA,512,0.6937579719387755
G0041,C10,N1,1001,3,COBYLA,512,0.6954320790816326
G0041,C11,N1,1000,3,SPSA,256,0.7059948979591837
G0041,C11,N1,1001,3,SPSA,256,0.7033641581632653
G0041,C12,N1,1000,3,SPSA,512,0.6949936224489796
G0041,C12,N1,1001,3,SPSA,512,0.7000558035714286
G0041,C01,N2,1000,1,COBYLA,256,0.7028858418367347
G0041,C01,N2,1001,1,COBYLA,256,0.7036033163265306
G0041,C02,N2,1000,1,COBYLA,512,0.6964285714285714
G0041,C02,N2,1001,1,COBYLA,512,0.7003348214285714
G0041,C03,N2,1000,1,SPSA,256,0.7033641581632653
G0041,C03,N2,1001,1,SPSA,256,0.7027264030612245
G0041,C04,N2,1000,1,SPSA,512,0.6983816964285714
G0041,C04,N2,1001,1,SPSA,512,0.6994579081632653
G0041,C05,N2,1000,2,COBYLA,256,0.6909279336734694
G0041,C05,N2,1001,2,COBYLA,256,0.6924426020408163
G0041,C06,N2,1000,2,COBYLA,512,0.6962292729591837
G0041,C06,N2,1001,2,COBYLA,512,0.6988201530612245
G0041,C07,N2,1000,2,SPSA,256,0.6957908163265306
G0041,C07,N2,1001,2,SPSA,256,0.6936383928571429
G0041,C08,N2,1000,2,SPSA,512,0.6984614158163265
G0041,C08,N2,1001,2,SPSA,512,0.7027264030612245
G0041,C09,N2,1000,3,COBYLA,256,0.7012117346938775
G0041,C09,N2,1001,3,COBYLA,256,0.6973054846938775
G0041,C10,N2,1000,3,COBYLA,512,0.694953762755102
G0041,C10,N2,1001,3,COBYLA,512,0.693718112244898
G0041,C11,N2,1000,3,SPSA,256,0.6942761479591837
G0041,C11,N2,1001,3,SPSA,256,0.6933195153061225
G0041,C12,N2,1000,3,SPSA,512,0.695671237244898
G0041,C12,N2,1001,3,SPSA,512,0.6945950255102041
G0042,C01,N1,1000,1,COBYLA,256,0.6646321614583334
G0042,C01,N1,1001,1,COBYLA,256,0.6737467447916666
G0042,C02,N1,1000,1,COBYLA,512,0.6689453125
G0042,C02,N1,1001,1,COBYLA,512,0.6693522135416666
G0042,C03,N1,1000,1,SPSA,256,0.6650390625
G0042,C03,N1,1001,1,SPSA,256,0.669189453125
G0042,C04,N1,1000,1,SPSA,512,0.6672770182291666
G0042,C04,N1,1001,1,SPSA,512,0.6695556640625
G0042,C05,N1,1000,2,COBYLA,256,0.6609700520833334
G0042,C05,N1,1001,2,COBYLA,256,0.6703287760416666
G0042,C06,N1,1000,2,COBYLA,512,0.6732584635416666
G0042,C06,N1,1001,2,COBYLA,512,0.6654459635416666
G0042,C07,N1,1000,2,SPSA,256,0.665283203125
G0042,C07,N1,1001,2,SPSA,256,0.6676432291666666
G0042,C08,N1,1000,2,SPSA,512,0.685791015625
G0042,C08,N1,1001,2,SPSA,512,0.6673177083333334
G0042,C09,N1,1000,3,COBYLA,256,0.6687825520833334
G0042,C09,N1,1001,3,COBYLA,256,0.6599934895833334
G0042,C10,N1,1000,3,COBYLA,512,0.6587727864583334
G0042,C10,N1,1001,3,COBYLA,512,0.6603597005208334
G0042,C11,N1,1000,3,SPSA,256,0.6717122395833334
G0042,C11,N1,1001,3,SPSA,256,0.6680501302083334
G0042,C12,N1,1000,3,SPSA,512,0.6665852864583334
G0042,C12,N1,1001,3,SPSA,512,0.6610514322916666
G0042,C01,N2,1000,1,COBYLA,256,0.6612955729166666
G0042,C01,N2,1001,1,COBYLA,256,0.66650390625
G0042,C02,N2,1000,1,COBYLA,512,0.6696370442708334
G0042,C02,N2,1001,1,COBYLA,512,0.6709391276041666
G0042,C03,N2,1000,1,SPSA,256,0.6664225260416666
G0042,C03,N2,1001,1,SPSA,256,0.6675618489583334
G0042,C04,N2,1000,1,SPSA,512,0.6694742838541666
G0042,C04,N2,1001,1,SPSA,512,0.6707356770833334
G0042,C05,N2,1000,2,COBYLA,256,0.663330078125
G0042,C05,N2,1001,2,COBYLA,256,0.6678873697916666
G0042,C06,N2,1000,2,COBYLA,512,0.670166015625
G0042,C06,N2,1001,2,COBYLA,512,0.6689453125
G0042,C07,N2,1000,2,SPSA,256,0.6617024739583334
G0042,C07,N2,1001,2,SPSA,256,0.6659342447916666
G0042,C08,N2,1000,2,SPSA,512,0.6824544270833334
G0042,C08,N2,1001,2,SPSA,512,0.6665445963541666
G0042,C09,N2,1000,3,COBYLA,256,0.6599934895833334
G0042,C09,N2,1001,3,COBYLA,256,0.657470703125
G0042,C10,N2,1000,3,COBYLA,512,0.6592610677083334
G0042,C10,N2,1001,3,COBYLA,512,0.6610107421875
G0042,C11,N2,1000,3,SPSA,256,0.6644694010416666
G0042,C11,N2,1001,3,SPSA,256,0.6637369791666666
G0042,C12,N2,1000,3,SPSA,512,0.6576334635416666
G0042,C12,N2,1001,3,SPSA,512,0.6632893880208334
G0043,C01,N1,1000,1,COBYLA,256,0.6907986111111111
G0043,C01,N1,1001,1,COBYLA,256,0.6904513888888889
G0043,C02,N1,1000,1,COBYLA,512,0.6947048611111111
G0043,C02,N1,1001,1,COBYLA,512,0.6842447916666666
G0043,C03,N1,1000,1,SPSA,256,0.7112847222222223
G0043,C03,N1,1001,1,SPSA,256,0.72421875
G0043,C04,N1,1000,1,SPSA,512,0.7373263888888889
G0043,C04,N1,1001,1,SPSA,512,0.7349392361111111
G0043,C05,N1,1000,2,COBYLA,256,0.6870659722222222
G0043,C05,N1,1001,2,COBYLA,256,0.7307291666666667
G0043,C06,N1,1000,2,COBYLA,512,0.6867621527777777
G0043,C06,N1,1001,2,COBYLA,512,0.7040798611111111
G0043,C07,N1,1000,2,SPSA,256,0.6878472222222223
G0043,C07,N1,1001,2,SPSA,256,0.7131076388888888
G0043,C08,N1,1000,2,SPSA,512,0.6930989583333333
G0043,C08,N1,1001,2,SPSA,512,0.7217881944444444
G0043,C09,N1,1000,3,COBYLA,256,0.7080729166666667
G0043,C09,N1,1001,3,COBYLA,256,0.7143229166666667
G0043,C10,N1,1000,3,COBYLA,512,0.6924479166666667
G0043,C10,N1,1001,3,COBYLA,512,0.7260416666666667
G0043,C11,N1,1000,3,SPSA,256,0.7129340277777778
G0043,C11,N1,1001,3,SPSA,256,0.6825520833333333
G0043,C12,N1,1000,3,SPSA,512,0.7030381944444445
G0043,C12,N1,1001,3,SPSA,512,0.6827690972222222
G0043,C01,N2,1000,1,COBYLA,256,0.6881944444444444
G0043,C01,N2,1001,1,COBYLA,256,0.690625
G0043,C02,N2,1000,1,COBYLA,512,0.6906684027777777
G0043,C02,N2,1001,1,COBYLA,512,0.6864583333333333
G0043,C03,N2,1000,1,SPSA,256,0.7029513888888889
G0043,C03,N2,1001,1,SPSA,256,0.7155381944444444
G0043,C04,N2,1000,1,SPSA,512,0.7220052083333334
G0043,C04,N2,1001,1,SPSA,512,0.7224826388888889
G0043,C05,N2,1000,2,COBYLA,256,0.6893229166666667
G0043,C05,N2,1001,2,COBYLA,256,0.7105034722222222
G0043,C06,N2,1000,2,COBYLA,512,0.6900607638888889
G0043,C06,N2,1001,2,COBYLA,512,0.7026909722222222
G0043,C07,N2,1000,2,SPSA,256,0.6890625
G0043,C07,N2,1001,2,SPSA,256,0.7025173611111111
G0043,C08,N2,1000,2,SPSA,512,0.6914930555555555
G0043,C08,N2,1001,2,SPSA,512,0.7009548611111112
G0043,C09,N2,1000,3,COBYLA,256,0.6927951388888889
G0043,C09,N2,1001,3,COBYLA,256,0.70390625
G0043,C10,N2,1000,3,COBYLA,512,0.6861979166666666
G0043,C10,N2,1001,3,COBYLA,512,0.7056857638888889
G0043,C11,N2,1000,3,SPSA,256,0.7017361111111111
G0043,C11,N2,1001,3,SPSA,256,0.6801215277777778
G0043,C12,N2,1000,3,SPSA,512,0.6918836805555556
G0043,C12,N2,1001,3,SPSA,512,0.6844618055555556
G0044,C01,N1,1000,1,COBYLA,256,0.7442434210526315
G0044,C01,N1,1001,1,COBYLA,256,0.7435581140350878
G0044,C02,N1,1000,1,COBYLA,512,0.7496916118421053
G0044,C02,N1,1001,1,COBYLA,512,0.7566132127192983
G0044,C03,N1,1000,1,SPSA,256,0.7462993421052632
G0044,C03,N1,1001,1,SPSA,256,0.7477384868421053
G0044,C04,N1,1000,1,SPSA,512,0.7477384868421053
G0044,C04,N1,1001,1,SPSA,512,0.7495545504385965
G0044,C05,N1,1000,2,COBYLA,256,0.7514391447368421
G0044,C05,N1,1001,2,COBYLA,256,0.7506853070175439
G0044,C06,N1,1000,2,COBYLA,512,0.7483895285087719
G0044,C06,N1,1001,2,COBYLA,512,0.7491776315789473
G0044,C07,N1,1000,2,SPSA,256,0.7517817982456141
G0044,C07,N1,1001,2,SPSA,256,0.7469161184210527
G0044,C08,N1,1000,2,SPSA,512,0.745202850877193
G0044,C08,N1,1001,2,SPSA,512,0.7489720394736842
G0044,C09,N1,1000,3,COBYLA,256,0.7447231359649122
G0044,C09,N1,1001,3,COBYLA,256,0.7493146929824561
G0044,C10,N1,1000,3,COBYLA,512,0.7471902412280702
G0044,C10,N1,1001,3,COBYLA,512,0.7537006578947368
G0044,C11,N1,1000,3,SPSA,256,0.7506167763157895
G0044,C11,N1,1001,3,SPSA,256,0.752672697368421
G0044,C12,N1,1000,3,SPSA,512,0.7530496162280702
G0044,C12,N1,1001,3,SPSA,512,0.7541461074561403
G0044,C01,N2,1000,1,COBYLA,256,0.74609375
G0044,C01,N2,1001,1,COBYLA,256,0.7442434210526315
G0044,C02,N2,1000,1,COBYLA,512,0.7490748355263158
G0044,C02,N2,1001,1,COBYLA,512,0.7574698464912281
G0044,C03,N2,1000,1,SPSA,256,0.7465734649122807
G0044,C03,N2,1001,1,SPSA,256,0.7428728070175439
G0044,C04,N2,1000,1,SPSA,512,0.7496230811403509
G0044,C04,N2,1001,1,SPSA,512,0.7502398574561403
G0044,C05,N2,1000,2,COBYLA,256,0.7534950657894737
G0044,C05,N2,1001,2,COBYLA,256,0.7475328947368421
G0044,C06,N2,1000,2,COBYLA,512,0.7478070175438597
G0044,C06,N2,1001,2,COBYLA,512,0.7465734649122807
G0044,C07,N2,1000,2,SPSA,256,0.7527412280701754
G0044,C07,N2,1001,2,SPSA,256,0.7569901315789473
G0044,C08,N2,1000,2,SPSA,512,0.7472245065789473
G0044,C08,N2,1001,2,SPSA,512,0.7496916118421053
G0044,C09,N2,1000,3,COBYLA,256,0.746984649122807
G0044,C09,N2,1001,3,COBYLA,256,0.7454769736842105
G0044,C10,N2,1000,3,COBYLA,512,0.7458538925438597
G0044,C10,N2,1001,3,COBYLA,512,0.749109100877193
G0044,C11,N2,1000,3,SPSA,256,0.752672697368421
G0044,C11,N2,1001,3,SPSA,256,0.7445860745614035
G0044,C12,N2,1000,3,SPSA,512,0.7442434210526315
G0044,C12,N2,1001,3,SPSA,512,0.748937774122807
G0045,C01,N1,1000,1,COBYLA,256,0.7751116071428571
G0045,C01,N1,1001,1,COBYLA,256,0.66796875
G0045,C02,N1,1000,1,COBYLA,512,0.7015438988095238
G0045,C02,N1,1001,1,COBYLA,512,0.6658761160714286
G0045,C03,N1,1000,1,SPSA,256,0.6633184523809523
G0045,C03,N1,1001,1,SPSA,256,0.69921875
G0045,C04,N1,1000,1,SPSA,512,0.6671316964285714
G0045,C04,N1,1001,1,SPSA,512,0.6664806547619048
G0045,C05,N1,1000,2,COBYLA,256,0.6626674107142857
G0045,C05,N1,1001,2,COBYLA,256,0.6862909226190477
G0045,C06,N1,1000,2,COBYLA,512,0.6624813988095238
G0045,C06,N1,1001,2,COBYLA,512,0.6815011160714286
G0045,C07,N1,1000,2,SPSA,256,0.6913132440476191
G0045,C07,N1,1001,2,SPSA,256,0.6714099702380952
G0045,C08,N1,1000,2,SPSA,512,0.6708984375
G0045,C08,N1,1001,2,SPSA,512,0.6915457589285714
G0045,C09,N1,1000,3,COBYLA,256,0.6737351190476191
G0045,C09,N1,1001,3,COBYLA,256,0.6927083333333334
G0045,C10,N1,1000,3,COBYLA,512,0.6699683779761905
G0045,C10,N1,1001,3,COBYLA,512,0.6940104166666666
G0045,C11,N1,1000,3,SPSA,256,0.6696428571428571
G0045,C11,N1,1001,3,SPSA,256,0.6641555059523809
G0045,C12,N1,1000,3,SPSA,512,0.6870349702380952
G0045,C12,N1,1001,3,SPSA,512,0.6840587797619048
G0045,C01,N2,1000,1,COBYLA,256,0.7508370535714286
G0045,C01,N2,1001,1,COBYLA,256,0.6595982142857143
G0045,C02,N2,1000,1,COBYLA,512,0.6934058779761905
G0045,C02,N2,1001,1,COBYLA,512,0.6638299851190477
G0045,C03,N2,1000,1,SPSA,256,0.6610863095238095
G0045,C03,N2,1001,1,SPSA,256,0.6878720238095238
G0045,C04,N2,1000,1,SPSA,512,0.6628999255952381
G0045,C04,N2,1001,1,SPSA,512,0.6638299851190477
G0045,C05,N2,1000,2,COBYLA,256,0.6663876488095238
G0045,C05,N2,1001,2,COBYLA,256,0.6782924107142857
G0045,C06,N2,1000,2,COBYLA,512,0.6627139136904762
G0045,C06,N2,1001,2,COBYLA,512,0.6711309523809523
G0045,C07,N2,1000,2,SPSA,256,0.6783854166666666
G0045,C07,N2,1001,2,SPSA,256,0.6730840773809523
G0045,C08,N2,1000,2,SPSA,512,0.6664806547619048
G0045,C08,N2,1001,2,SPSA,512,0.6790364583333334
G0045,C09,N2,1000,3,COBYLA,256,0.673828125
G0045,C09,N2,1001,3,COBYLA,256,0.6772693452380952
G0045,C10,N2,1000,3,COBYLA,512,0.6714564732142857
G0045,C10,N2,1001,3,COBYLA,512,0.6816871279761905
G0045,C11,N2,1000,3,SPSA,256,0.6725260416666666
G0045,C11,N2,1001,3,SPSA,256,0.6740141369047619
G0045,C12,N2,1000,3,SPSA,512,0.6700613839285714
G0045,C12,N2,1001,3,SPSA,512,0.6703404017857143
G0046,C01,N1,1000,1,COBYLA,256,0.7159978693181818
G0046,C01,N1,1001,1,COBYLA,256,0.7077414772727273
G0046,C02,N1,1000,1,COBYLA,512,0.69287109375
G0046,C02,N1,1001,1,COBYLA,512,0.7230113636363636
G0046,C03,N1,1000,1,SPSA,256,0.6961115056818182
G0046,C03,N1,1001,1,SPSA,256,0.7272727272727273
G0046,C04,N1,1000,1,SPSA,512,0.6946910511363636
G0046,C04,N1,1001,1,SPSA,512,0.6940252130681818
G0046,C05,N1,1000,2,COBYLA,256,0.7136896306818182
G0046,C05,N1,1001,2,COBYLA,256,0.6974431818181818
G0046,C06,N1,1000,2,COBYLA,512,0.7163973721590909
G0046,C06,N1,1001,2,COBYLA,512,0.7000621448863636
G0046,C07,N1,1000,2,SPSA,256,0.6967329545454546
G0046,C07,N1,1001,2,SPSA,256,0.7124467329545454
G0046,C08,N1,1000,2,SPSA,512,0.6936700994318182
G0046,C08,N1,1001,2,SPSA,512,0.71826171875
G0046,C09,N1,1000,3,COBYLA,256,0.693359375
G0046,C09,N1,1001,3,COBYLA,256,0.7005504261363636
G0046,C10,N1,1000,3,COBYLA,512,0.6878107244318182
G0046,C10,N1,1001,3,COBYLA,512,0.6931374289772727
G0046,C11,N1,1000,3,SPSA,256,0.7064985795454546
G0046,C11,N1,1001,3,SPSA,256,0.6928267045454546
G0046,C12,N1,1000,3,SPSA,512,0.7256303267045454
G0046,C12,N1,1001,3,SPSA,512,0.7007279829545454
G0046,C01,N2,1000,1,COBYLA,256,0.7063210227272727
G0046,C01,N2,1001,1,COBYLA,256,0.7078302556818182
G0046,C02,N2,1000,1,COBYLA,512,0.6902077414772727
G0046,C02,N2,1001,1,COBYLA,512,0.7086292613636364
G0046,C03,N2,1000,1,SPSA,256,0.6866122159090909
G0046,C03,N2,1001,1,SPSA,256,0.7162642045454546
G0046,C04,N2,1000,1,SPSA,512,0.6950461647727273
G0046,C04,N2,1001,1,SPSA,512,0.6947354403409091
G0046,C05,N2,1000,2,COBYLA,256,0.705078125
G0046,C05,N2,1001,2,COBYLA,256,0.6937144886363636
G0046,C06,N2,1000,2,COBYLA,512,0.7067649147727273
G0046,C06,N2,1001,2,COBYLA,512,0.6991743607954546
G0046,C07,N2,1000,2,SPSA,256,0.6956676136363636
G0046,C07,N2,1001,2,SPSA,256,0.7030362215909091
G0046,C08,N2,1000,2,SPSA,512,0.6954456676136364
G0046,C08,N2,1001,2,SPSA,512,0.70751953125
G0046,C09,N2,1000,3,COBYLA,256,0.6942471590909091
G0046,C09,N2,1001,3,COBYLA,256,0.6883877840909091
G0046,C10,N2,1000,3,COBYLA,512,0.6878995028409091
G0046,C10,N2,1001,3,COBYLA,512,0.6868341619318182
G0046,C11,N2,1000,3,SPSA,256,0.6969992897727273
G0046,C11,N2,1001,3,SPSA,256,0.6872336647727273
G0046,C12,N2,1000,3,SPSA,512,0.6981534090909091
G0046,C12,N2,1001,3,SPSA,512,0.68994140625
G0047,C01,N1,1000,1,COBYLA,256,0.680859375
G0047,C01,N1,1001,1,COBYLA,256,0.7040625
G0047,C02,N1,1000,1,COBYLA,512,0.677578125
G0047,C02,N1,1001,1,COBYLA,512,0.699765625
G0047,C03,N1,1000,1,SPSA,256,0.676171875
G0047,C03,N1,1001,1,SPSA,256,0.713359375
G0047,C04,N1,1000,1,SPSA,512,0.6794140625
G0047,C04,N1,1001,1,SPSA,512,0.7057421875
G0047,C05,N1,1000,2,COBYLA,256,0.70234375
G0047,C05,N1,1001,2,COBYLA,256,0.699375
G0047,C06,N1,1000,2,COBYLA,512,0.780703125
G0047,C06,N1,1001,2,COBYLA,512,0.7054296875
G0047,C07,N1,1000,2,SPSA,256,0.760703125
G0047,C07,N1,1001,2,SPSA,256,0.708828125
G0047,C08,N1,1000,2,SPSA,512,0.6889453125
G0047,C08,N1,1001,2,SPSA,512,0.7103515625
G0047,C09,N1,1000,3,COBYLA,256,0.682421875
G0047,C09,N1,1001,3,COBYLA,256,0.68359375
G0047,C10,N1,1000,3,COBYLA,512,0.6776171875
G0047,C10,N1,1001,3,COBYLA,512,0.686875
G0047,C11,N1,1000,3,SPSA,256,0.69375
G0047,C11,N1,1001,3,SPSA,256,0.693671875
G0047,C12,N1,1000,3,SPSA,512,0.693046875
G0047,C12,N1,1001,3,SPSA,512,0.6984765625
G0047,C01,N2,1000,1,COBYLA,256,0.67828125
G0047,C01,N2,1001,1,COBYLA,256,0.70171875
G0047,C02,N2,1000,1,COBYLA,512,0.6778125
G0047,C02,N2,1001,1,COBYLA,512,0.6957421875
G0047,C03,N2,1000,1,SPSA,256,0.677265625
G0047,C03,N2,1001,1,SPSA,256,0.708828125
G0047,C04,N2,1000,1,SPSA,512,0.6796875
G0047,C04,N2,1001,1,SPSA,512,0.700859375
G0047,C05,N2,1000,2,COBYLA,256,0.682578125
G0047,C05,N2,1001,2,COBYLA,256,0.6896875
G0047,C06,N2,1000,2,COBYLA,512,0.741015625
G0047,C06,N2,1001,2,COBYLA,512,0.691953125
G0047,C07,N2,1000,2,SPSA,256,0.725078125
G0047,C07,N2,1001,2,SPSA,256,0.69359375
G0047,C08,N2,1000,2,SPSA,512,0.6855078125
G0047,C08,N2,1001,2,SPSA,512,0.6982421875
G0047,C09,N2,1000,3,COBYLA,256,0.68125
G0047,C09,N2,1001,3,COBYLA,256,0.675546875
G0047,C10,N2,1000,3,COBYLA,512,0.6740625
G0047,C10,N2,1001,3,COBYLA,512,0.679921875
G0047,C11,N2,1000,3,SPSA,256,0.682578125
G0047,C11,N2,1001,3,SPSA,256,0.677578125
G0047,C12,N2,1000,3,SPSA,512,0.6808203125
G0047,C12,N2,1001,3,SPSA,512,0.682734375
G0048,C01,N1,1000,1,COBYLA,256,0.677734375
G0048,C01,N1,1001,1,COBYLA,256,0.6825086805555556
G0048,C02,N1,1000,1,COBYLA,512,0.6782407407407407
G0048,C02,N1,1001,1,COBYLA,512,0.6856192129629629
G0048,C03,N1,1000,1,SPSA,256,0.6802662037037037
G0048,C03,N1,1001,1,SPSA,256,0.68359375
G0048,C04,N1,1000,1,SPSA,512,0.6780960648148148
G0048,C04,N1,1001,1,SPSA,512,0.6835214120370371
G0048,C05,N1,1000,2,COBYLA,256,0.6825086805555556
G0048,C05,N1,1001,2,COBYLA,256,0.6848234953703703
G0048,C06,N1,1000,2,COBYLA,512,0.6785300925925926
G0048,C06,N1,1001,2,COBYLA,512,0.6850766782407407
G0048,C07,N1,1000,2,SPSA,256,0.6843894675925926
G0048,C07,N1,1001,2,SPSA,256,0.6835214120370371
G0048,C08,N1,1000,2,SPSA,512,0.6813151041666666
G0048,C08,N1,1001,2,SPSA,512,0.6796151620370371
G0048,C09,N1,1000,3,COBYLA,256,0.7092737268518519
G0048,C09,N1,1001,3,COBYLA,256,0.6872829861111112
G0048,C10,N1,1000,3,COBYLA,512,0.7221860532407407
G0048,C10,N1,1001,3,COBYLA,512,0.6848234953703703
G0048,C11,N1,1000,3,SPSA,256,0.7058738425925926
G0048,C11,N1,1001,3,SPSA,256,0.6829427083333334
G0048,C12,N1,1000,3,SPSA,512,0.6841001157407407
G0048,C12,N1,1001,3,SPSA,512,0.6838107638888888
G0048,C01,N2,1000,1,COBYLA,256,0.6751302083333334
G0048,C01,N2,1001,1,COBYLA,256,0.6747685185185185
G0048,C02,N2,1000,1,COBYLA,512,0.6740451388888888
G0048,C02,N2,1001,1,COBYLA,512,0.6792534722222222
G0048,C03,N2,1000,1,SPSA,256,0.6749855324074074
G0048,C03,N2,1001,1,SPSA,256,0.6822193287037037
G0048,C04,N2,1000,1,SPSA,512,0.6776258680555556
G0048,C04,N2,1001,1,SPSA,512,0.6829427083333334
G0048,C05,N2,1000,2,COBYLA,256,0.6766493055555556
G0048,C05,N2,1001,2,COBYLA,256,0.6823640046296297
G0048,C06,N2,1000,2,COBYLA,512,0.677734375
G0048,C06,N2,1001,2,COBYLA,512,0.6856192129629629
G0048,C07,N2,1000,2,SPSA,256,0.6825086805555556
G0048,C07,N2,1001,2,SPSA,256,0.6785300925925926
G0048,C08,N2,1000,2,SPSA,512,0.6803385416666666
G0048,C08,N2,1001,2,SPSA,512,0.6834129050925926
G0048,C09,N2,1000,3,COBYLA,256,0.6826533564814815
G0048,C09,N2,1001,3,COBYLA,256,0.6807725694444444
G0048,C10,N2,1000,3,COBYLA,512,0.6862702546296297
G0048,C10,N2,1001,3,COBYLA,512,0.6806640625
G0048,C11,N2,1000,3,SPSA,256,0.6797598379629629
G0048,C11,N2,1001,3,SPSA,256,0.6820023148148148
G0048,C12,N2,1000,3,SPSA,512,0.6807364004629629
G0048,C12,N2,1001,3,SPSA,512,0.6808449074074074
G0049,C01,N1,1000,1,COBYLA,256,0.6651909722222222
G0049,C01,N1,1001,1,COBYLA,256,0.6874131944444445
G0049,C02,N1,1000,1,COBYLA,512,0.6711371527777777
G0049,C02,N1,1001,1,COBYLA,512,0.7032986111111111
G0049,C03,N1,1000,1,SPSA,256,0.6653645833333334
G0049,C03,N1,1001,1,SPSA,256,0.6694444444444444
G0049,C04,N1,1000,1,SPSA,512,0.6715277777777777
G0049,C04,N1,1001,1,SPSA,512,0.6746527777777778
G0049,C05,N1,1000,2,COBYLA,256,0.6761284722222223
G0049,C05,N1,1001,2,COBYLA,256,0.6832465277777777
G0049,C06,N1,1000,2,COBYLA,512,0.6921875
G0049,C06,N1,1001,2,COBYLA,512,0.6828125
G0049,C07,N1,1000,2,SPSA,256,0.6903645833333333
G0049,C07,N1,1001,2,SPSA,256,0.6801215277777778
G0049,C08,N1,1000,2,SPSA,512,0.68203125
G0049,C08,N1,1001,2,SPSA,512,0.6842881944444444
G0049,C09,N1,1000,3,COBYLA,256,0.6844618055555556
G0049,C09,N1,1001,3,COBYLA,256,0.6786458333333333
G0049,C10,N1,1000,3,COBYLA,512,0.6797309027777778
G0049,C10,N1,1001,3,COBYLA,512,0.6811631944444444
G0049,C11,N1,1000,3,SPSA,256,0.6809027777777777
G0049,C11,N1,1001,3,SPSA,256,0.6901909722222223
G0049,C12,N1,1000,3,SPSA,512,0.7206597222222222
G0049,C12,N1,1001,3,SPSA,512,0.6881944444444444
G0049,C01,N2,1000,1,COBYLA,256,0.6780381944444445
G0049,C01,N2,1001,1,COBYLA,256,0.6829861111111111
G0049,C02,N2,1000,1,COBYLA,512,0.6770399305555556
G0049,C02,N2,1001,1,COBYLA,512,0.6940104166666666
G0049,C03,N2,1000,1,SPSA,256,0.6699652777777778
G0049,C03,N2,1001,1,SPSA,256,0.6717013888888889
G0049,C04,N2,1000,1,SPSA,512,0.6728298611111111
G0049,C04,N2,1001,1,SPSA,512,0.6748697916666667
G0049,C05,N2,1000,2,COBYLA,256,0.6831597222222222
G0049,C05,N2,1001,2,COBYLA,256,0.6889756944444444
G0049,C06,N2,1000,2,COBYLA,512,0.6870659722222222
G0049,C06,N2,1001,2,COBYLA,512,0.6857204861111111
G0049,C07,N2,1000,2,SPSA,256,0.6900173611111111
G0049,C07,N2,1001,2,SPSA,256,0.6792534722222222
G0049,C08,N2,1000,2,SPSA,512,0.6845486111111111
G0049,C08,N2,1001,2,SPSA,512,0.6836371527777778
G0049,C09,N2,1000,3,COBYLA,256,0.6834201388888889
G0049,C09,N2,1001,3,COBYLA,256,0.6845486111111111
G0049,C10,N2,1000,3,COBYLA,512,0.6803385416666666
G0049,C10,N2,1001,3,COBYLA,512,0.6810763888888889
G0049,C11,N2,1000,3,SPSA,256,0.6849826388888889
G0049,C11,N2,1001,3,SPSA,256,0.68125
G0049,C12,N2,1000,3,SPSA,512,0.6915364583333333
G0049,C12,N2,1001,3,SPSA,512,0.6785590277777778
G0050,C01,N1,1000,1,COBYLA,256,0.6824504573170732
G0050,C01,N1,1001,1,COBYLA,256,0.6681592987804879
G0050,C02,N1,1000,1,COBYLA,512,0.684498856707317
G0050,C02,N1,1001,1,COBYLA,512,0.6706840701219512
G0050,C03,N1,1000,1,SPSA,256,0.6687309451219512
G0050,C03,N1,1001,1,SPSA,256,0.6692073170731707
G0050,C04,N1,1000,1,SPSA,512,0.6759241615853658
G0050,C04,N1,1001,1,SPSA,512,0.6701600609756098
G0050,C05,N1,1000,2,COBYLA,256,0.6733993902439024
G0050,C05,N1,1001,2,COBYLA,256,0.6781631097560976
G0050,C06,N1,1000,2,COBYLA,512,0.670922256097561
G0050,C06,N1,1001,2,COBYLA,512,0.6760670731707317
G0050,C07,N1,1000,2,SPSA,256,0.6713033536585366
G0050,C07,N1,1001,2,SPSA,256,0.6677782012195121
G0050,C08,N1,1000,2,SPSA,512,0.6662061737804879
G0050,C08,N1,1001,2,SPSA,512,0.66796875
G0050,C09,N1,1000,3,COBYLA,256,0.6592987804878049
G0050,C09,N1,1001,3,COBYLA,256,0.6759717987804879
G0050,C10,N1,1000,3,COBYLA,512,0.6699695121951219
G0050,C10,N1,1001,3,COBYLA,512,0.6761623475609756
G0050,C11,N1,1000,3,SPSA,256,0.6860708841463414
G0050,C11,N1,1001,3,SPSA,256,0.6668254573170732
G0050,C12,N1,1000,3,SPSA,512,0.6811642530487805
G0050,C12,N1,1001,3,SPSA,512,0.6782107469512195
G0050,C01,N2,1000,1,COBYLA,256,0.678734756097561
G0050,C01,N2,1001,1,COBYLA,256,0.669016768292683
G0050,C02,N2,1000,1,COBYLA,512,0.6804496951219512
G0050,C02,N2,1001,1,COBYLA,512,0.6720655487804879
G0050,C03,N2,1000,1,SPSA,256,0.6674923780487805
G0050,C03,N2,1001,1,SPSA,256,0.6753048780487805
G0050,C04,N2,1000,1,SPSA,512,0.6734946646341463
G0050,C04,N2,1001,1,SPSA,512,0.6736852134146342
G0050,C05,N2,1000,2,COBYLA,256,0.669016768292683
G0050,C05,N2,1001,2,COBYLA,256,0.6705411585365854
G0050,C06,N2,1000,2,COBYLA,512,0.6726848323170732
G0050,C06,N2,1001,2,COBYLA,512,0.6755430640243902
G0050,C07,N2,1000,2,SPSA,256,0.6702553353658537
G0050,C07,N2,1001,2,SPSA,256,0.6654916158536586
G0050,C08,N2,1000,2,SPSA,512,0.6721608231707317
G0050,C08,N2,1001,2,SPSA,512,0.6727324695121951
G0050,C09,N2,1000,3,COBYLA,256,0.6692073170731707
G0050,C09,N2,1001,3,COBYLA,256,0.6699695121951219
G0050,C10,N2,1000,3,COBYLA,512,0.6673018292682927
G0050,C10,N2,1001,3,COBYLA,512,0.6738757621951219
G0050,C11,N2,1000,3,SPSA,256,0.6717797256097561
G0050,C11,N2,1001,3,SPSA,256,0.6662538109756098
G0050,C12,N2,1000,3,SPSA,512,0.6773532774390244
G0050,C12,N2,1001,3,SPSA,512,0.6710651676829268
G0051,C01,N1,1000,1,COBYLA,256,0.8761160714285714
G0051,C01,N1,1001,1,COBYLA,256,0.7081473214285714
G0051,C02,N1,1000,1,COBYLA,512,0.845703125
G0051,C02,N1,1001,1,COBYLA,512,0.7229352678571429
G0051,C03,N1,1000,1,SPSA,256,0.7271205357142857
G0051,C03,N1,1001,1,SPSA,256,0.8777901785714286
G0051,C04,N1,1000,1,SPSA,512,0.71484375
G0051,C04,N1,1001,1,SPSA,512,0.8797433035714286
G0051,C05,N1,1000,2,COBYLA,256,0.796875
G0051,C05,N1,1001,2,COBYLA,256,0.8577008928571429
G0051,C06,N1,1000,2,COBYLA,512,0.8518415178571429
G0051,C06,N1,1001,2,COBYLA,512,0.8258928571428571
G0051,C07,N1,1000,2,SPSA,256,0.7885044642857143
G0051,C07,N1,1001,2,SPSA,256,0.8046875
G0051,C08,N1,1000,2,SPSA,512,0.7179129464285714
G0051,C08,N1,1001,2,SPSA,512,0.8577008928571429
G0051,C09,N1,1000,3,COBYLA,256,0.7047991071428571
G0051,C09,N1,1001,3,COBYLA,256,0.8275669642857143
G0051,C10,N1,1000,3,COBYLA,512,0.7098214285714286
G0051,C10,N1,1001,3,COBYLA,512,0.8401227678571429
G0051,C11,N1,1000,3,SPSA,256,0.71875
G0051,C11,N1,1001,3,SPSA,256,0.86328125
G0051,C12,N1,1000,3,SPSA,512,0.7181919642857143
G0051,C12,N1,1001,3,SPSA,512,0.8451450892857143
G0051,C01,N2,1000,1,COBYLA,256,0.8353794642857143
G0051,C01,N2,1001,1,COBYLA,256,0.7109375
G0051,C02,N2,1000,1,COBYLA,512,0.810546875
G0051,C02,N2,1001,1,COBYLA,512,0.7212611607142857
G0051,C03,N2,1000,1,SPSA,256,0.7232142857142857
G0051,C03,N2,1001,1,SPSA,256,0.8376116071428571
G0051,C04,N2,1000,1,SPSA,512,0.7142857142857143
G0051,C04,N2,1001,1,SPSA,512,0.8404017857142857
G0051,C05,N2,1000,2,COBYLA,256,0.7578125
G0051,C05,N2,1001,2,COBYLA,256,0.7873883928571429
G0051,C06,N2,1000,2,COBYLA,512,0.7901785714285714
G0051,C06,N2,1001,2,COBYLA,512,0.7809709821428571
G0051,C07,N2,1000,2,SPSA,256,0.7544642857142857
G0051,C07,N2,1001,2,SPSA,256,0.7667410714285714
G0051,C08,N2,1000,2,SPSA,512,0.7081473214285714
G0051,C08,N2,1001,2,SPSA,512,0.7985491071428571
G0051,C09,N2,1000,3,COBYLA,256,0.71484375
G0051,C09,N2,1001,3,COBYLA,256,0.7857142857142857
G0051,C10,N2,1000,3,COBYLA,512,0.7078683035714286
G0051,C10,N2,1001,3,COBYLA,512,0.7845982142857143
G0051,C11,N2,1000,3,SPSA,256,0.7154017857142857
G0051,C11,N2,1001,3,SPSA,256,0.8097098214285714
G0051,C12,N2,1000,3,SPSA,512,0.7179129464285714
G0051,C12,N2,1001,3,SPSA,512,0.7971540178571429
G0052,C01,N1,1000,1,COBYLA,256,0.6572265625
G0052,C01,N1,1001,1,COBYLA,256,0.619140625
G0052,C02,N1,1000,1,COBYLA,512,0.667724609375
G0052,C02,N1,1001,1,COBYLA,512,0.625244140625
G0052,C03,N1,1000,1,SPSA,256,0.7509765625
G0052,C03,N1,1001,1,SPSA,256,0.76123046875
G0052,C04,N1,1000,1,SPSA,512,0.76318359375
G0052,C04,N1,1001,1,SPSA,512,0.7626953125
G0052,C05,N1,1000,2,COBYLA,256,0.74560546875
G0052,C05,N1,1001,2,COBYLA,256,0.75048828125
G0052,C06,N1,1000,2,COBYLA,512,0.72900390625
G0052,C06,N1,1001,2,COBYLA,512,0.767333984375
G0052,C07,N1,1000,2,SPSA,256,0.7373046875
G0052,C07,N1,1001,2,SPSA,256,0.728515625
G0052,C08,N1,1000,2,SPSA,512,0.738525390625
G0052,C08,N1,1001,2,SPSA,512,0.762939453125
G0052,C09,N1,1000,3,COBYLA,256,0.59423828125
G0052,C09,N1,1001,3,COBYLA,256,0.7734375
G0052,C10,N1,1000,3,COBYLA,512,0.732421875
G0052,C10,N1,1001,3,COBYLA,512,0.778564453125
G0052,C11,N1,1000,3,SPSA,256,0.64990234375
G0052,C11,N1,1001,3,SPSA,256,0.75146484375
G0052,C12,N1,1000,3,SPSA,512,0.63330078125
G0052,C12,N1,1001,3,SPSA,512,0.77783203125
G0052,C01,N2,1000,1,COBYLA,256,0.64697265625
G0052,C01,N2,1001,1,COBYLA,256,0.615234375
G0052,C02,N2,1000,1,COBYLA,512,0.657958984375
G0052,C02,N2,1001,1,COBYLA,512,0.62548828125
G0052,C03,N2,1000,1,SPSA,256,0.720703125
G0052,C03,N2,1001,1,SPSA,256,0.72509765625
G0052,C04,N2,1000,1,SPSA,512,0.732177734375
G0052,C04,N2,1001,1,SPSA,512,0.7333984375
G0052,C05,N2,1000,2,COBYLA,256,0.68798828125
G0052,C05,N2,1001,2,COBYLA,256,0.70166015625
G0052,C06,N2,1000,2,COBYLA,512,0.68994140625
G0052,C06,N2,1001,2,COBYLA,512,0.71435546875
G0052,C07,N2,1000,2,SPSA,256,0.6845703125
G0052,C07,N2,1001,2,SPSA,256,0.67626953125
G0052,C08,N2,1000,2,SPSA,512,0.7021484375
G0052,C08,N2,1001,2,SPSA,512,0.71630859375
G0052,C09,N2,1000,3,COBYLA,256,0.61279296875
G0052,C09,N2,1001,3,COBYLA,256,0.71044921875
G0052,C10,N2,1000,3,COBYLA,512,0.678955078125
G0052,C10,N2,1001,3,COBYLA,512,0.71240234375
G0052,C11,N2,1000,3,SPSA,256,0.63134765625
G0052,C11,N2,1001,3,SPSA,256,0.68505859375
G0052,C12,N2,1000,3,SPSA,512,0.635009765625
G0052,C12,N2,1001,3,SPSA,512,0.715576171875
G0053,C01,N1,1000,1,COBYLA,256,0.67431640625
G0053,C01,N1,1001,1,COBYLA,256,0.77587890625
G0053,C02,N1,1000,1,COBYLA,512,0.771240234375
G0053,C02,N1,1001,1,COBYLA,512,0.771728515625
G0053,C03,N1,1000,1,SPSA,256,0.7744140625
G0053,C03,N1,1001,1,SPSA,256,0.77734375
G0053,C04,N1,1000,1,SPSA,512,0.774169921875
G0053,C04,N1,1001,1,SPSA,512,0.77392578125
G0053,C05,N1,1000,2,COBYLA,256,0.74853515625
G0053,C05,N1,1001,2,COBYLA,256,0.77734375
G0053,C06,N1,1000,2,COBYLA,512,0.757568359375
G0053,C06,N1,1001,2,COBYLA,512,0.74462890625
G0053,C07,N1,1000,2,SPSA,256,0.7294921875
G0053,C07,N1,1001,2,SPSA,256,0.8251953125
G0053,C08,N1,1000,2,SPSA,512,0.71875
G0053,C08,N1,1001,2,SPSA,512,0.74609375
G0053,C09,N1,1000,3,COBYLA,256,0.6630859375
G0053,C09,N1,1001,3,COBYLA,256,0.7802734375
G0053,C10,N1,1000,3,COBYLA,512,0.637451171875
G0053,C10,N1,1001,3,COBYLA,512,0.7919921875
G0053,C11,N1,1000,3,SPSA,256,0.642578125
G0053,C11,N1,1001,3,SPSA,256,0.759765625
G0053,C12,N1,1000,3,SPSA,512,0.675537109375
G0053,C12,N1,1001,3,SPSA,512,0.75830078125
G0053,C01,N2,1000,1,COBYLA,256,0.66650390625
G0053,C01,N2,1001,1,COBYLA,256,0.74853515625
G0053,C02,N2,1000,1,COBYLA,512,0.737548828125
G0053,C02,N2,1001,1,COBYLA,512,0.740478515625
G0053,C03,N2,1000,1,SPSA,256,0.74755859375
G0053,C03,N2,1001,1,SPSA,256,0.74853515625
G0053,C04,N2,1000,1,SPSA,512,0.741943359375
G0053,C04,N2,1001,1,SPSA,512,0.7392578125
G0053,C05,N2,1000,2,COBYLA,256,0.7080078125
G0053,C05,N2,1001,2,COBYLA,256,0.72412109375
G0053,C06,N2,1000,2,COBYLA,512,0.707275390625
G0053,C06,N2,1001,2,COBYLA,512,0.70361328125
G0053,C07,N2,1000,2,SPSA,256,0.6962890625
G0053,C07,N2,1001,2,SPSA,256,0.76123046875
G0053,C08,N2,1000,2,SPSA,512,0.6865234375
G0053,C08,N2,1001,2,SPSA,512,0.701904296875
G0053,C09,N2,1000,3,COBYLA,256,0.64453125
G0053,C09,N2,1001,3,COBYLA,256,0.7177734375
G0053,C10,N2,1000,3,COBYLA,512,0.626708984375
G0053,C10,N2,1001,3,COBYLA,512,0.7197265625
G0053,C11,N2,1000,3,SPSA,256,0.62060546875
G0053,C11,N2,1001,3,SPSA,256,0.69775390625
G0053,C12,N2,1000,3,SPSA,512,0.656494140625
G0053,C12,N2,1001,3,SPSA,512,0.697021484375
G0054,C01,N1,1000,1,COBYLA,256,0.75341796875
G0054,C01,N1,1001,1,COBYLA,256,0.6171875
G0054,C02,N1,1000,1,COBYLA,512,0.720947265625
G0054,C02,N1,1001,1,COBYLA,512,0.74609375
G0054,C03,N1,1000,1,SPSA,256,0.61669921875
G0054,C03,N1,1001,1,SPSA,256,0.759765625
G0054,C04,N1,1000,1,SPSA,512,0.6572265625
G0054,C04,N1,1001,1,SPSA,512,0.7607421875
G0054,C05,N1,1000,2,COBYLA,256,0.7412109375
G0054,C05,N1,1001,2,COBYLA,256,0.7041015625
G0054,C06,N1,1000,2,COBYLA,512,0.75830078125
G0054,C06,N1,1001,2,COBYLA,512,0.7646484375
G0054,C07,N1,1000,2,SPSA,256,0.76220703125
G0054,C07,N1,1001,2,SPSA,256,0.81103515625
G0054,C08,N1,1000,2,SPSA,512,0.629150390625
G0054,C08,N1,1001,2,SPSA,512,0.75390625
G0054,C09,N1,1000,3,COBYLA,256,0.63330078125
G0054,C09,N1,1001,3,COBYLA,256,0.763671875
G0054,C10,N1,1000,3,COBYLA,512,0.636474609375
G0054,C10,N1,1001,3,COBYLA,512,0.803466796875
G0054,C11,N1,1000,3,SPSA,256,0.6220703125
G0054,C11,N1,1001,3,SPSA,256,0.75439453125
G0054,C12,N1,1000,3,SPSA,512,0.6435546875
G0054,C12,N1,1001,3,SPSA,512,0.744140625
G0054,C01,N2,1000,1,COBYLA,256,0.73486328125
G0054,C01,N2,1001,1,COBYLA,256,0.61474609375
G0054,C02,N2,1000,1,COBYLA,512,0.706298828125
G0054,C02,N2,1001,1,COBYLA,512,0.7265625
G0054,C03,N2,1000,1,SPSA,256,0.6220703125
G0054,C03,N2,1001,1,SPSA,256,0.73779296875
G0054,C04,N2,1000,1,SPSA,512,0.647705078125
G0054,C04,N2,1001,1,SPSA,512,0.741455078125
G0054,C05,N2,1000,2,COBYLA,256,0.69384765625
G0054,C05,N2,1001,2,COBYLA,256,0.6669921875
G0054,C06,N2,1000,2,COBYLA,512,0.697265625
G0054,C06,N2,1001,2,COBYLA,512,0.709228515625
G0054,C07,N2,1000,2,SPSA,256,0.6982421875
G0054,C07,N2,1001,2,SPSA,256,0.75439453125
G0054,C08,N2,1000,2,SPSA,512,0.6328125
G0054,C08,N2,1001,2,SPSA,512,0.699951171875
G0054,C09,N2,1000,3,COBYLA,256,0.62353515625
G0054,C09,N2,1001,3,COBYLA,256,0.7021484375
G0054,C10,N2,1000,3,COBYLA,512,0.620361328125
G0054,C10,N2,1001,3,COBYLA,512,0.7255859375
G0054,C11,N2,1000,3,SPSA,256,0.63037109375
G0054,C11,N2,1001,3,SPSA,256,0.6865234375
G0054,C12,N2,1000,3,SPSA,512,0.629150390625
G0054,C12,N2,1001,3,SPSA,512,0.682373046875
G0055,C01,N1,1000,1,COBYLA,256,0.6822916666666666
G0055,C01,N1,1001,1,COBYLA,256,0.6905381944444444
G0055,C02,N1,1000,1,COBYLA,512,0.6343315972222222
G0055,C02,N1,1001,1,COBYLA,512,0.5603298611111112
G0055,C03,N1,1000,1,SPSA,256,0.6905381944444444
G0055,C03,N1,1001,1,SPSA,256,0.6927083333333334
G0055,C04,N1,1000,1,SPSA,512,0.6909722222222222
G0055,C04,N1,1001,1,SPSA,512,0.6944444444444444
G0055,C05,N1,1000,2,COBYLA,256,0.67578125
G0055,C05,N1,1001,2,COBYLA,256,0.6809895833333334
G0055,C06,N1,1000,2,COBYLA,512,0.6864149305555556
G0055,C06,N1,1001,2,COBYLA,512,0.6786024305555556
G0055,C07,N1,1000,2,SPSA,256,0.5724826388888888
G0055,C07,N1,1001,2,SPSA,256,0.7074652777777778
G0055,C08,N1,1000,2,SPSA,512,0.5679253472222222
G0055,C08,N1,1001,2,SPSA,512,0.6469184027777778
G0055,C09,N1,1000,3,COBYLA,256,0.5590277777777778
G0055,C09,N1,1001,3,COBYLA,256,0.7235243055555556
G0055,C10,N1,1000,3,COBYLA,512,0.6145833333333334
G0055,C10,N1,1001,3,COBYLA,512,0.7228732638888888
G0055,C11,N1,1000,3,SPSA,256,0.5572916666666666
G0055,C11,N1,1001,3,SPSA,256,0.66796875
G0055,C12,N1,1000,3,SPSA,512,0.5709635416666666
G0055,C12,N1,1001,3,SPSA,512,0.6888020833333334
G0055,C01,N2,1000,1,COBYLA,256,0.6458333333333334
G0055,C01,N2,1001,1,COBYLA,256,0.6558159722222222
G0055,C02,N2,1000,1,COBYLA,512,0.6150173611111112
G0055,C02,N2,1001,1,COBYLA,512,0.560546875
G0055,C03,N2,1000,1,SPSA,256,0.6558159722222222
G0055,C03,N2,1001,1,SPSA,256,0.6566840277777778
G0055,C04,N2,1000,1,SPSA,512,0.6566840277777778
G0055,C04,N2,1001,1,SPSA,512,0.66015625
G0055,C05,N2,1000,2,COBYLA,256,0.6310763888888888
G0055,C05,N2,1001,2,COBYLA,256,0.6336805555555556
G0055,C06,N2,1000,2,COBYLA,512,0.6360677083333334
G0055,C06,N2,1001,2,COBYLA,512,0.62890625
G0055,C07,N2,1000,2,SPSA,256,0.5729166666666666
G0055,C07,N2,1001,2,SPSA,256,0.66796875
G0055,C08,N2,1000,2,SPSA,512,0.5696614583333334
G0055,C08,N2,1001,2,SPSA,512,0.6161024305555556
G0055,C09,N2,1000,3,COBYLA,256,0.5520833333333334
G0055,C09,N2,1001,3,COBYLA,256,0.6571180555555556
G0055,C10,N2,1000,3,COBYLA,512,0.5870225694444444
G0055,C10,N2,1001,3,COBYLA,512,0.6631944444444444
G0055,C11,N2,1000,3,SPSA,256,0.5464409722222222
G0055,C11,N2,1001,3,SPSA,256,0.62109375
G0055,C12,N2,1000,3,SPSA,512,0.5590277777777778
G0055,C12,N2,1001,3,SPSA,512,0.6419270833333334
G0056,C01,N1,1000,1,COBYLA,256,0.6474609375
G0056,C01,N1,1001,1,COBYLA,256,0.75634765625
G0056,C02,N1,1000,1,COBYLA,512,0.67431640625
G0056,C02,N1,1001,1,COBYLA,512,0.743408203125
G0056,C03,N1,1000,1,SPSA,256,0.71630859375
G0056,C03,N1,1001,1,SPSA,256,0.7607421875
G0056,C04,N1,1000,1,SPSA,512,0.640625
G0056,C04,N1,1001,1,SPSA,512,0.76123046875
G0056,C05,N1,1000,2,COBYLA,256,0.73681640625
G0056,C05,N1,1001,2,COBYLA,256,0.7431640625
G0056,C06,N1,1000,2,COBYLA,512,0.752685546875
G0056,C06,N1,1001,2,COBYLA,512,0.751953125
G0056,C07,N1,1000,2,SPSA,256,0.72021484375
G0056,C07,N1,1001,2,SPSA,256,0.74462890625
G0056,C08,N1,1000,2,SPSA,512,0.64111328125
G0056,C08,N1,1001,2,SPSA,512,0.745849609375
G0056,C09,N1,1000,3,COBYLA,256,0.6162109375
G0056,C09,N1,1001,3,COBYLA,256,0.76171875
G0056,C10,N1,1000,3,COBYLA,512,0.61962890625
G0056,C10,N1,1001,3,COBYLA,512,0.756103515625
G0056,C11,N1,1000,3,SPSA,256,0.61767578125
G0056,C11,N1,1001,3,SPSA,256,0.72802734375
G0056,C12,N1,1000,3,SPSA,512,0.6328125
G0056,C12,N1,1001,3,SPSA,512,0.76416015625
G0056,C01,N2,1000,1,COBYLA,256,0.63623046875
G0056,C01,N2,1001,1,COBYLA,256,0.7275390625
G0056,C02,N2,1000,1,COBYLA,512,0.65771484375
G0056,C02,N2,1001,1,COBYLA,512,0.71533203125
G0056,C03,N2,1000,1,SPSA,256,0.70068359375
G0056,C03,N2,1001,1,SPSA,256,0.72900390625
G0056,C04,N2,1000,1,SPSA,512,0.635986328125
G0056,C04,N2,1001,1,SPSA,512,0.730712890625
G0056,C05,N2,1000,2,COBYLA,256,0.6923828125
G0056,C05,N2,1001,2,COBYLA,256,0.68994140625
G0056,C06,N2,1000,2,COBYLA,512,0.696044921875
G0056,C06,N2,1001,2,COBYLA,512,0.702392578125
G0056,C07,N2,1000,2,SPSA,256,0.68310546875
G0056,C07,N2,1001,2,SPSA,256,0.693359375
G0056,C08,N2,1000,2,SPSA,512,0.62841796875
G0056,C08,N2,1001,2,SPSA,512,0.6962890625
G0056,C09,N2,1000,3,COBYLA,256,0.62451171875
G0056,C09,N2,1001,3,COBYLA,256,0.70556640625
G0056,C10,N2,1000,3,COBYLA,512,0.62255859375
G0056,C10,N2,1001,3,COBYLA,512,0.702880859375
G0056,C11,N2,1000,3,SPSA,256,0.62353515625
G0056,C11,N2,1001,3,SPSA,256,0.6875
G0056,C12,N2,1000,3,SPSA,512,0.62451171875
G0056,C12,N2,1001,3,SPSA,512,0.705078125
G0057,C01,N1,1000,1,COBYLA,256,0.7373046875
G0057,C01,N1,1001,1,COBYLA,256,0.62109375
G0057,C02,N1,1000,1,COBYLA,512,0.762451171875
G0057,C02,N1,1001,1,COBYLA,512,0.634765625
G0057,C03,N1,1000,1,SPSA,256,0.62255859375
G0057,C03,N1,1001,1,SPSA,256,0.759765625
G0057,C04,N1,1000,1,SPSA,512,0.628662109375
G0057,C04,N1,1001,1,SPSA,512,0.76171875
G0057,C05,N1,1000,2,COBYLA,256,0.7724609375
G0057,C05,N1,1001,2,COBYLA,256,0.76611328125
G0057,C06,N1,1000,2,COBYLA,512,0.759765625
G0057,C06,N1,1001,2,COBYLA,512,0.71533203125
G0057,C07,N1,1000,2,SPSA,256,0.625
G0057,C07,N1,1001,2,SPSA,256,0.765625
G0057,C08,N1,1000,2,SPSA,512,0.6298828125
G0057,C08,N1,1001,2,SPSA,512,0.7470703125
G0057,C09,N1,1000,3,COBYLA,256,0.63671875
G0057,C09,N1,1001,3,COBYLA,256,0.77099609375
G0057,C10,N1,1000,3,COBYLA,512,0.802978515625
G0057,C10,N1,1001,3,COBYLA,512,0.7763671875
G0057,C11,N1,1000,3,SPSA,256,0.62548828125
G0057,C11,N1,1001,3,SPSA,256,0.78857421875
G0057,C12,N1,1000,3,SPSA,512,0.637451171875
G0057,C12,N1,1001,3,SPSA,512,0.7275390625
G0057,C01,N2,1000,1,COBYLA,256,0.7236328125
G0057,C01,N2,1001,1,COBYLA,256,0.62109375
G0057,C02,N2,1000,1,COBYLA,512,0.74365234375
G0057,C02,N2,1001,1,COBYLA,512,0.634521484375
G0057,C03,N2,1000,1,SPSA,256,0.6220703125
G0057,C03,N2,1001,1,SPSA,256,0.73974609375
G0057,C04,N2,1000,1,SPSA,512,0.630126953125
G0057,C04,N2,1001,1,SPSA,512,0.741943359375
G0057,C05,N2,1000,2,COBYLA,256,0.70556640625
G0057,C05,N2,1001,2,COBYLA,256,0.70263671875
G0057,C06,N2,1000,2,COBYLA,512,0.6962890625
G0057,C06,N2,1001,2,COBYLA,512,0.675537109375
G0057,C07,N2,1000,2,SPSA,256,0.6259765625
G0057,C07,N2,1001,2,SPSA,256,0.69775390625
G0057,C08,N2,1000,2,SPSA,512,0.62060546875
G0057,C08,N2,1001,2,SPSA,512,0.69189453125
G0057,C09,N2,1000,3,COBYLA,256,0.62255859375
G0057,C09,N2,1001,3,COBYLA,256,0.70947265625
G0057,C10,N2,1000,3,COBYLA,512,0.737060546875
G0057,C10,N2,1001,3,COBYLA,512,0.7158203125
G0057,C11,N2,1000,3,SPSA,256,0.61572265625
G0057,C11,N2,1001,3,SPSA,256,0.71142578125
G0057,C12,N2,1000,3,SPSA,512,0.639404296875
G0057,C12,N2,1001,3,SPSA,512,0.679443359375
G0058,C01,N1,1000,1,COBYLA,256,0.77099609375
G0058,C01,N1,1001,1,COBYLA,256,0.74951171875
G0058,C02,N1,1000,1,COBYLA,512,0.765625
G0058,C02,N1,1001,1,COBYLA,512,0.75146484375
G0058,C03,N1,1000,1,SPSA,256,0.77099609375
G0058,C03,N1,1001,1,SPSA,256,0.76513671875
G0058,C04,N1,1000,1,SPSA,512,0.739990234375
G0058,C04,N1,1001,1,SPSA,512,0.779541015625
G0058,C05,N1,1000,2,COBYLA,256,0.69189453125
G0058,C05,N1,1001,2,COBYLA,256,0.70166015625
G0058,C06,N1,1000,2,COBYLA,512,0.741455078125
G0058,C06,N1,1001,2,COBYLA,512,0.739013671875
G0058,C07,N1,1000,2,SPSA,256,0.75
G0058,C07,N1,1001,2,SPSA,256,0.76171875
G0058,C08,N1,1000,2,SPSA,512,0.762451171875
G0058,C08,N1,1001,2,SPSA,512,0.79345703125
G0058,C09,N1,1000,3,COBYLA,256,0.59765625
G0058,C09,N1,1001,3,COBYLA,256,0.8095703125
G0058,C10,N1,1000,3,COBYLA,512,0.777587890625
G0058,C10,N1,1001,3,COBYLA,512,0.812744140625
G0058,C11,N1,1000,3,SPSA,256,0.64208984375
G0058,C11,N1,1001,3,SPSA,256,0.7333984375
G0058,C12,N1,1000,3,SPSA,512,0.6376953125
G0058,C12,N1,1001,3,SPSA,512,0.7626953125
G0058,C01,N2,1000,1,COBYLA,256,0.73876953125
G0058,C01,N2,1001,1,COBYLA,256,0.72119140625
G0058,C02,N2,1000,1,COBYLA,512,0.73583984375
G0058,C02,N2,1001,1,COBYLA,512,0.722900390625
G0058,C03,N2,1000,1,SPSA,256,0.73974609375
G0058,C03,N2,1001,1,SPSA,256,0.7333984375
G0058,C04,N2,1000,1,SPSA,512,0.714111328125
G0058,C04,N2,1001,1,SPSA,512,0.74462890625
G0058,C05,N2,1000,2,COBYLA,256,0.669921875
G0058,C05,N2,1001,2,COBYLA,256,0.68310546875
G0058,C06,N2,1000,2,COBYLA,512,0.692626953125
G0058,C06,N2,1001,2,COBYLA,512,0.695068359375
G0058,C07,N2,1000,2,SPSA,256,0.7041015625
G0058,C07,N2,1001,2,SPSA,256,0.71728515625
G0058,C08,N2,1000,2,SPSA,512,0.708251953125
G0058,C08,N2,1001,2,SPSA,512,0.732177734375
G0058,C09,N2,1000,3,COBYLA,256,0.6083984375
G0058,C09,N2,1001,3,COBYLA,256,0.7353515625
G0058,C10,N2,1000,3,COBYLA,512,0.708251953125
G0058,C10,N2,1001,3,COBYLA,512,0.737060546875
G0058,C11,N2,1000,3,SPSA,256,0.63671875
G0058,C11,N2,1001,3,SPSA,256,0.6943359375
G0058,C12,N2,1000,3,SPSA,512,0.62939453125
G0058,C12,N2,1001,3,SPSA,512,0.6953125
G0059,C01,N1,1000,1,COBYLA,256,0.671875
G0059,C01,N1,1001,1,COBYLA,256,0.5629340277777778
G0059,C02,N1,1000,1,COBYLA,512,0.6955295138888888
G0059,C02,N1,1001,1,COBYLA,512,0.6944444444444444
G0059,C03,N1,1000,1,SPSA,256,0.5729166666666666
G0059,C03,N1,1001,1,SPSA,256,0.7009548611111112
G0059,C04,N1,1000,1,SPSA,512,0.5631510416666666
G0059,C04,N1,1001,1,SPSA,512,0.6979166666666666
G0059,C05,N1,1000,2,COBYLA,256,0.7170138888888888
G0059,C05,N1,1001,2,COBYLA,256,0.6840277777777778
G0059,C06,N1,1000,2,COBYLA,512,0.6009114583333334
G0059,C06,N1,1001,2,COBYLA,512,0.708984375
G0059,C07,N1,1000,2,SPSA,256,0.578125
G0059,C07,N1,1001,2,SPSA,256,0.7482638888888888
G0059,C08,N1,1000,2,SPSA,512,0.5648871527777778
G0059,C08,N1,1001,2,SPSA,512,0.7209201388888888
G0059,C09,N1,1000,3,COBYLA,256,0.6497395833333334
G0059,C09,N1,1001,3,COBYLA,256,0.7204861111111112
G0059,C10,N1,1000,3,COBYLA,512,0.7654079861111112
G0059,C10,N1,1001,3,COBYLA,512,0.7393663194444444
G0059,C11,N1,1000,3,SPSA,256,0.5594618055555556
G0059,C11,N1,1001,3,SPSA,256,0.7105034722222222
G0059,C12,N1,1000,3,SPSA,512,0.5720486111111112
G0059,C12,N1,1001,3,SPSA,512,0.7102864583333334
G0059,C01,N2,1000,1,COBYLA,256,0.6440972222222222
G0059,C01,N2,1001,1,COBYLA,256,0.5625
G0059,C02,N2,1000,1,COBYLA,512,0.6618923611111112
G0059,C02,N2,1001,1,COBYLA,512,0.662109375
G0059,C03,N2,1000,1,SPSA,256,0.5716145833333334
G0059,C03,N2,1001,1,SPSA,256,0.6649305555555556
G0059,C04,N2,1000,1,SPSA,512,0.5659722222222222
G0059,C04,N2,1001,1,SPSA,512,0.6653645833333334
G0059,C05,N2,1000,2,COBYLA,256,0.6657986111111112
G0059,C05,N2,1001,2,COBYLA,256,0.6354166666666666
G0059,C06,N2,1000,2,COBYLA,512,0.5922309027777778
G0059,C06,N2,1001,2,COBYLA,512,0.6501736111111112
G0059,C07,N2,1000,2,SPSA,256,0.5729166666666666
G0059,C07,N2,1001,2,SPSA,256,0.6844618055555556
G0059,C08,N2,1000,2,SPSA,512,0.5672743055555556
G0059,C08,N2,1001,2,SPSA,512,0.6649305555555556
G0059,C09,N2,1000,3,COBYLA,256,0.6046006944444444
G0059,C09,N2,1001,3,COBYLA,256,0.64453125
G0059,C10,N2,1000,3,COBYLA,512,0.6796875
G0059,C10,N2,1001,3,COBYLA,512,0.6538628472222222
G0059,C11,N2,1000,3,SPSA,256,0.5499131944444444
G0059,C11,N2,1001,3,SPSA,256,0.6458333333333334
G0059,C12,N2,1000,3,SPSA,512,0.5533854166666666
G0059,C12,N2,1001,3,SPSA,512,0.6427951388888888
G0060,C01,N1,1000,1,COBYLA,256,0.7568359375
G0060,C01,N1,1001,1,COBYLA,256,0.61328125
G0060,C02,N1,1000,1,COBYLA,512,0.742919921875
G0060,C02,N1,1001,1,COBYLA,512,0.613037109375
G0060,C03,N1,1000,1,SPSA,256,0.62646484375
G0060,C03,N1,1001,1,SPSA,256,0.76416015625
G0060,C04,N1,1000,1,SPSA,512,0.63720703125
G0060,C04,N1,1001,1,SPSA,512,0.75537109375
G0060,C05,N1,1000,2,COBYLA,256,0.75634765625
G0060,C05,N1,1001,2,COBYLA,256,0.70361328125
G0060,C06,N1,1000,2,COBYLA,512,0.74072265625
G0060,C06,N1,1001,2,COBYLA,512,0.724609375
G0060,C07,N1,1000,2,SPSA,256,0.63134765625
G0060,C07,N1,1001,2,SPSA,256,0.74365234375
G0060,C08,N1,1000,2,SPSA,512,0.6376953125
G0060,C08,N1,1001,2,SPSA,512,0.792724609375
G0060,C09,N1,1000,3,COBYLA,256,0.677734375
G0060,C09,N1,1001,3,COBYLA,256,0.77587890625
G0060,C10,N1,1000,3,COBYLA,512,0.65576171875
G0060,C10,N1,1001,3,COBYLA,512,0.776611328125
G0060,C11,N1,1000,3,SPSA,256,0.640625
G0060,C11,N1,1001,3,SPSA,256,0.7314453125
G0060,C12,N1,1000,3,SPSA,512,0.698974609375
G0060,C12,N1,1001,3,SPSA,512,0.762939453125
G0060,C01,N2,1000,1,COBYLA,256,0.72998046875
G0060,C01,N2,1001,1,COBYLA,256,0.60693359375
G0060,C02,N2,1000,1,COBYLA,512,0.71533203125
G0060,C02,N2,1001,1,COBYLA,512,0.612548828125
G0060,C03,N2,1000,1,SPSA,256,0.60986328125
G0060,C03,N2,1001,1,SPSA,256,0.734375
G0060,C04,N2,1000,1,SPSA,512,0.63525390625
G0060,C04,N2,1001,1,SPSA,512,0.727783203125
G0060,C05,N2,1000,2,COBYLA,256,0.70556640625
G0060,C05,N2,1001,2,COBYLA,256,0.6630859375
G0060,C06,N2,1000,2,COBYLA,512,0.6953125
G0060,C06,N2,1001,2,COBYLA,512,0.680908203125
G0060,C07,N2,1000,2,SPSA,256,0.640625
G0060,C07,N2,1001,2,SPSA,256,0.69384765625
G0060,C08,N2,1000,2,SPSA,512,0.630615234375
G0060,C08,N2,1001,2,SPSA,512,0.7353515625
G0060,C09,N2,1000,3,COBYLA,256,0.6533203125
G0060,C09,N2,1001,3,COBYLA,256,0.73046875
G0060,C10,N2,1000,3,COBYLA,512,0.6376953125
G0060,C10,N2,1001,3,COBYLA,512,0.72607421875
G0060,C11,N2,1000,3,SPSA,256,0.62451171875
G0060,C11,N2,1001,3,SPSA,256,0.68994140625
G0060,C12,N2,1000,3,SPSA,512,0.66748046875
G0060,C12,N2,1001,3,SPSA,512,0.712158203125
G0061,C01,N1,1000,1,COBYLA,256,0.8107638888888888
G0061,C01,N1,1001,1,COBYLA,256,0.6636284722222222
G0061,C02,N1,1000,1,COBYLA,512,0.8166232638888888
G0061,C02,N1,1001,1,COBYLA,512,0.6655815972222222
G0061,C03,N1,1000,1,SPSA,256,0.6662326388888888
G0061,C03,N1,1001,1,SPSA,256,0.8168402777777778
G0061,C04,N1,1000,1,SPSA,512,0.8198784722222222
G0061,C04,N1,1001,1,SPSA,512,0.8205295138888888
G0061,C05,N1,1000,2,COBYLA,256,0.7647569444444444
G0061,C05,N1,1001,2,COBYLA,256,0.8051215277777778
G0061,C06,N1,1000,2,COBYLA,512,0.7964409722222222
G0061,C06,N1,1001,2,COBYLA,512,0.7960069444444444
G0061,C07,N1,1000,2,SPSA,256,0.6809895833333334
G0061,C07,N1,1001,2,SPSA,256,0.81640625
G0061,C08,N1,1000,2,SPSA,512,0.693359375
G0061,C08,N1,1001,2,SPSA,512,0.7873263888888888
G0061,C09,N1,1000,3,COBYLA,256,0.6653645833333334
G0061,C09,N1,1001,3,COBYLA,256,0.8268229166666666
G0061,C10,N1,1000,3,COBYLA,512,0.7903645833333334
G0061,C10,N1,1001,3,COBYLA,512,0.796875
G0061,C11,N1,1000,3,SPSA,256,0.7078993055555556
G0061,C11,N1,1001,3,SPSA,256,0.7113715277777778
G0061,C12,N1,1000,3,SPSA,512,0.6996527777777778
G0061,C12,N1,1001,3,SPSA,512,0.7829861111111112
G0061,C01,N2,1000,1,COBYLA,256,0.7860243055555556
G0061,C01,N2,1001,1,COBYLA,256,0.6636284722222222
G0061,C02,N2,1000,1,COBYLA,512,0.7868923611111112
G0061,C02,N2,1001,1,COBYLA,512,0.6651475694444444
G0061,C03,N2,1000,1,SPSA,256,0.6701388888888888
G0061,C03,N2,1001,1,SPSA,256,0.7907986111111112
G0061,C04,N2,1000,1,SPSA,512,0.7890625
G0061,C04,N2,1001,1,SPSA,512,0.7886284722222222
G0061,C05,N2,1000,2,COBYLA,256,0.7330729166666666
G0061,C05,N2,1001,2,COBYLA,256,0.7578125
G0061,C06,N2,1000,2,COBYLA,512,0.748046875
G0061,C06,N2,1001,2,COBYLA,512,0.7447916666666666
G0061,C07,N2,1000,2,SPSA,256,0.6779513888888888
G0061,C07,N2,1001,2,SPSA,256,0.7838541666666666
G0061,C08,N2,1000,2,SPSA,512,0.6896701388888888
G0061,C08,N2,1001,2,SPSA,512,0.7424045138888888
G0061,C09,N2,1000,3,COBYLA,256,0.6727430555555556
G0061,C09,N2,1001,3,COBYLA,256,0.7625868055555556
G0061,C10,N2,1000,3,COBYLA,512,0.7239583333333334
G0061,C10,N2,1001,3,COBYLA,512,0.7350260416666666
G0061,C11,N2,1000,3,SPSA,256,0.6940104166666666
G0061,C11,N2,1001,3,SPSA,256,0.6940104166666666
G0061,C12,N2,1000,3,SPSA,512,0.6866319444444444
G0061,C12,N2,1001,3,SPSA,512,0.7289496527777778
G0062,C01,N1,1000,1,COBYLA,256,0.7484375
G0062,C01,N1,1001,1,COBYLA,256,0.59765625
G0062,C02,N1,1000,1,COBYLA,512,0.7388671875
G0062,C02,N1,1001,1,COBYLA,512,0.7462890625
G0062,C03,N1,1000,1,SPSA,256,0.739453125
G0062,C03,N1,1001,1,SPSA,256,0.74375
G0062,C04,N1,1000,1,SPSA,512,0.749609375
G0062,C04,N1,1001,1,SPSA,512,0.7455078125
G0062,C05,N1,1000,2,COBYLA,256,0.72890625
G0062,C05,N1,1001,2,COBYLA,256,0.740625
G0062,C06,N1,1000,2,COBYLA,512,0.7517578125
G0062,C06,N1,1001,2,COBYLA,512,0.7234375
G0062,C07,N1,1000,2,SPSA,256,0.623046875
G0062,C07,N1,1001,2,SPSA,256,0.758984375
G0062,C08,N1,1000,2,SPSA,512,0.6162109375
G0062,C08,N1,1001,2,SPSA,512,0.778125
G0062,C09,N1,1000,3,COBYLA,256,0.598046875
G0062,C09,N1,1001,3,COBYLA,256,0.7859375
G0062,C10,N1,1000,3,COBYLA,512,0.609765625
G0062,C10,N1,1001,3,COBYLA,512,0.773828125
G0062,C11,N1,1000,3,SPSA,256,0.686328125
G0062,C11,N1,1001,3,SPSA,256,0.706640625
G0062,C12,N1,1000,3,SPSA,512,0.62265625
G0062,C12,N1,1001,3,SPSA,512,0.7072265625
G0062,C01,N2,1000,1,COBYLA,256,0.7203125
G0062,C01,N2,1001,1,COBYLA,256,0.596875
G0062,C02,N2,1000,1,COBYLA,512,0.71484375
G0062,C02,N2,1001,1,COBYLA,512,0.7208984375
G0062,C03,N2,1000,1,SPSA,256,0.715625
G0062,C03,N2,1001,1,SPSA,256,0.71796875
G0062,C04,N2,1000,1,SPSA,512,0.7244140625
G0062,C04,N2,1001,1,SPSA,512,0.7212890625
G0062,C05,N2,1000,2,COBYLA,256,0.67109375
G0062,C05,N2,1001,2,COBYLA,256,0.678125
G0062,C06,N2,1000,2,COBYLA,512,0.6892578125
G0062,C06,N2,1001,2,COBYLA,512,0.6712890625
G0062,C07,N2,1000,2,SPSA,256,0.604296875
G0062,C07,N2,1001,2,SPSA,256,0.710546875
G0062,C08,N2,1000,2,SPSA,512,0.6076171875
G0062,C08,N2,1001,2,SPSA,512,0.725390625
G0062,C09,N2,1000,3,COBYLA,256,0.595703125
G0062,C09,N2,1001,3,COBYLA,256,0.715625
G0062,C10,N2,1000,3,COBYLA,512,0.60625
G0062,C10,N2,1001,3,COBYLA,512,0.707421875
G0062,C11,N2,1000,3,SPSA,256,0.65390625
G0062,C11,N2,1001,3,SPSA,256,0.657421875
G0062,C12,N2,1000,3,SPSA,512,0.6140625
G0062,C12,N2,1001,3,SPSA,512,0.668359375
G0063,C01,N1,1000,1,COBYLA,256,0.73359375
G0063,C01,N1,1001,1,COBYLA,256,0.619921875
G0063,C02,N1,1000,1,COBYLA,512,0.725390625
G0063,C02,N1,1001,1,COBYLA,512,0.7517578125
G0063,C03,N1,1000,1,SPSA,256,0.587109375
G0063,C03,N1,1001,1,SPSA,256,0.75
G0063,C04,N1,1000,1,SPSA,512,0.7296875
G0063,C04,N1,1001,1,SPSA,512,0.7494140625
G0063,C05,N1,1000,2,COBYLA,256,0.652734375
G0063,C05,N1,1001,2,COBYLA,256,0.710546875
G0063,C06,N1,1000,2,COBYLA,512,0.7169921875
G0063,C06,N1,1001,2,COBYLA,512,0.7478515625
G0063,C07,N1,1000,2,SPSA,256,0.61484375
G0063,C07,N1,1001,2,SPSA,256,0.718359375
G0063,C08,N1,1000,2,SPSA,512,0.6240234375
G0063,C08,N1,1001,2,SPSA,512,0.6998046875
G0063,C09,N1,1000,3,COBYLA,256,0.7796875
G0063,C09,N1,1001,3,COBYLA,256,0.765234375
G0063,C10,N1,1000,3,COBYLA,512,0.804296875
G0063,C10,N1,1001,3,COBYLA,512,0.7587890625
G0063,C11,N1,1000,3,SPSA,256,0.611328125
G0063,C11,N1,1001,3,SPSA,256,0.74609375
G0063,C12,N1,1000,3,SPSA,512,0.769140625
G0063,C12,N1,1001,3,SPSA,512,0.73203125
G0063,C01,N2,1000,1,COBYLA,256,0.704296875
G0063,C01,N2,1001,1,COBYLA,256,0.6234375
G0063,C02,N2,1000,1,COBYLA,512,0.6935546875
G0063,C02,N2,1001,1,COBYLA,512,0.7115234375
G0063,C03,N2,1000,1,SPSA,256,0.58671875
G0063,C03,N2,1001,1,SPSA,256,0.718359375
G0063,C04,N2,1000,1,SPSA,512,0.6953125
G0063,C04,N2,1001,1,SPSA,512,0.71015625
G0063,C05,N2,1000,2,COBYLA,256,0.6296875
G0063,C05,N2,1001,2,COBYLA,256,0.66640625
G0063,C06,N2,1000,2,COBYLA,512,0.6666015625
G0063,C06,N2,1001,2,COBYLA,512,0.6908203125
G0063,C07,N2,1000,2,SPSA,256,0.609375
G0063,C07,N2,1001,2,SPSA,256,0.679296875
G0063,C08,N2,1000,2,SPSA,512,0.616015625
G0063,C08,N2,1001,2,SPSA,512,0.6630859375
G0063,C09,N2,1000,3,COBYLA,256,0.702734375
G0063,C09,N2,1001,3,COBYLA,256,0.694921875
G0063,C10,N2,1000,3,COBYLA,512,0.7205078125
G0063,C10,N2,1001,3,COBYLA,512,0.6865234375
G0063,C11,N2,1000,3,SPSA,256,0.609765625
G0063,C11,N2,1001,3,SPSA,256,0.670703125
G0063,C12,N2,1000,3,SPSA,512,0.6986328125
G0063,C12,N2,1001,3,SPSA,512,0.6681640625
G0064,C01,N1,1000,1,COBYLA,256,0.6296875
G0064,C01,N1,1001,1,COBYLA,256,0.751171875
G0064,C02,N1,1000,1,COBYLA,512,0.757421875
G0064,C02,N1,1001,1,COBYLA,512,0.5990234375
G0064,C03,N1,1000,1,SPSA,256,0.5984375
G0064,C03,N1,1001,1,SPSA,256,0.749609375
G0064,C04,N1,1000,1,SPSA,512,0.7537109375
G0064,C04,N1,1001,1,SPSA,512,0.7583984375
G0064,C05,N1,1000,2,COBYLA,256,0.760546875
G0064,C05,N1,1001,2,COBYLA,256,0.755859375
G0064,C06,N1,1000,2,COBYLA,512,0.7419921875
G0064,C06,N1,1001,2,COBYLA,512,0.7572265625
G0064,C07,N1,1000,2,SPSA,256,0.619921875
G0064,C07,N1,1001,2,SPSA,256,0.733984375
G0064,C08,N1,1000,2,SPSA,512,0.701953125
G0064,C08,N1,1001,2,SPSA,512,0.789453125
G0064,C09,N1,1000,3,COBYLA,256,0.765625
G0064,C09,N1,1001,3,COBYLA,256,0.77734375
G0064,C10,N1,1000,3,COBYLA,512,0.809375
G0064,C10,N1,1001,3,COBYLA,512,0.775
G0064,C11,N1,1000,3,SPSA,256,0.63828125
G0064,C11,N1,1001,3,SPSA,256,0.733203125
G0064,C12,N1,1000,3,SPSA,512,0.671875
G0064,C12,N1,1001,3,SPSA,512,0.6646484375
G0064,C01,N2,1000,1,COBYLA,256,0.625
G0064,C01,N2,1001,1,COBYLA,256,0.71640625
G0064,C02,N2,1000,1,COBYLA,512,0.720703125
G0064,C02,N2,1001,1,COBYLA,512,0.6001953125
G0064,C03,N2,1000,1,SPSA,256,0.59609375
G0064,C03,N2,1001,1,SPSA,256,0.71484375
G0064,C04,N2,1000,1,SPSA,512,0.7169921875
G0064,C04,N2,1001,1,SPSA,512,0.7208984375
G0064,C05,N2,1000,2,COBYLA,256,0.69140625
G0064,C05,N2,1001,2,COBYLA,256,0.696484375
G0064,C06,N2,1000,2,COBYLA,512,0.6841796875
G0064,C06,N2,1001,2,COBYLA,512,0.6947265625
G0064,C07,N2,1000,2,SPSA,256,0.61640625
G0064,C07,N2,1001,2,SPSA,256,0.67734375
G0064,C08,N2,1000,2,SPSA,512,0.6576171875
G0064,C08,N2,1001,2,SPSA,512,0.73203125
G0064,C09,N2,1000,3,COBYLA,256,0.69375
G0064,C09,N2,1001,3,COBYLA,256,0.709375
G0064,C10,N2,1000,3,COBYLA,512,0.7271484375
G0064,C10,N2,1001,3,COBYLA,512,0.7111328125
G0064,C11,N2,1000,3,SPSA,256,0.619140625
G0064,C11,N2,1001,3,SPSA,256,0.659375
G0064,C12,N2,1000,3,SPSA,512,0.6572265625
G0064,C12,N2,1001,3,SPSA,512,0.6259765625
G0065,C01,N1,1000,1,COBYLA,256,0.8142361111111112
G0065,C01,N1,1001,1,COBYLA,256,0.6605902777777778
G0065,C02,N1,1000,1,COBYLA,512,0.6935763888888888
G0065,C02,N1,1001,1,COBYLA,512,0.6644965277777778
G0065,C03,N1,1000,1,SPSA,256,0.8190104166666666
G0065,C03,N1,1001,1,SPSA,256,0.8181423611111112
G0065,C04,N1,1000,1,SPSA,512,0.8211805555555556
G0065,C04,N1,1001,1,SPSA,512,0.8229166666666666
G0065,C05,N1,1000,2,COBYLA,256,0.7977430555555556
G0065,C05,N1,1001,2,COBYLA,256,0.765625
G0065,C06,N1,1000,2,COBYLA,512,0.8031684027777778
G0065,C06,N1,1001,2,COBYLA,512,0.7825520833333334
G0065,C07,N1,1000,2,SPSA,256,0.6762152777777778
G0065,C07,N1,1001,2,SPSA,256,0.81640625
G0065,C08,N1,1000,2,SPSA,512,0.6736111111111112
G0065,C08,N1,1001,2,SPSA,512,0.7849392361111112
G0065,C09,N1,1000,3,COBYLA,256,0.671875
G0065,C09,N1,1001,3,COBYLA,256,0.8493923611111112
G0065,C10,N1,1000,3,COBYLA,512,0.6716579861111112
G0065,C10,N1,1001,3,COBYLA,512,0.8439670138888888
G0065,C11,N1,1000,3,SPSA,256,0.6749131944444444
G0065,C11,N1,1001,3,SPSA,256,0.8207465277777778
G0065,C12,N1,1000,3,SPSA,512,0.6647135416666666
G0065,C12,N1,1001,3,SPSA,512,0.7682291666666666
G0065,C01,N2,1000,1,COBYLA,256,0.7838541666666666
G0065,C01,N2,1001,1,COBYLA,256,0.6671006944444444
G0065,C02,N2,1000,1,COBYLA,512,0.6864149305555556
G0065,C02,N2,1001,1,COBYLA,512,0.6647135416666666
G0065,C03,N2,1000,1,SPSA,256,0.7860243055555556
G0065,C03,N2,1001,1,SPSA,256,0.7938368055555556
G0065,C04,N2,1000,1,SPSA,512,0.787109375
G0065,C04,N2,1001,1,SPSA,512,0.7836371527777778
G0065,C05,N2,1000,2,COBYLA,256,0.7417534722222222
G0065,C05,N2,1001,2,COBYLA,256,0.7191840277777778
G0065,C06,N2,1000,2,COBYLA,512,0.7484809027777778
G0065,C06,N2,1001,2,COBYLA,512,0.7315538194444444
G0065,C07,N2,1000,2,SPSA,256,0.6731770833333334
G0065,C07,N2,1001,2,SPSA,256,0.7534722222222222
G0065,C08,N2,1000,2,SPSA,512,0.6766493055555556
G0065,C08,N2,1001,2,SPSA,512,0.7350260416666666
G0065,C09,N2,1000,3,COBYLA,256,0.6753472222222222
G0065,C09,N2,1001,3,COBYLA,256,0.7756076388888888
G0065,C10,N2,1000,3,COBYLA,512,0.6723090277777778
G0065,C10,N2,1001,3,COBYLA,512,0.7730034722222222
G0065,C11,N2,1000,3,SPSA,256,0.67578125
G0065,C11,N2,1001,3,SPSA,256,0.7582465277777778
G0065,C12,N2,1000,3,SPSA,512,0.6657986111111112
G0065,C12,N2,1001,3,SPSA,512,0.7241753472222222
G0066,C01,N1,1000,1,COBYLA,256,0.8263888888888888
G0066,C01,N1,1001,1,COBYLA,256,0.6675347222222222
G0066,C02,N1,1000,1,COBYLA,512,0.8276909722222222
G0066,C02,N1,1001,1,COBYLA,512,0.6653645833333334
G0066,C03,N1,1000,1,SPSA,256,0.8255208333333334
G0066,C03,N1,1001,1,SPSA,256,0.8246527777777778
G0066,C04,N1,1000,1,SPSA,512,0.8194444444444444
G0066,C04,N1,1001,1,SPSA,512,0.8272569444444444
G0066,C05,N1,1000,2,COBYLA,256,0.8051215277777778
G0066,C05,N1,1001,2,COBYLA,256,0.7808159722222222
G0066,C06,N1,1000,2,COBYLA,512,0.8025173611111112
G0066,C06,N1,1001,2,COBYLA,512,0.7745225694444444
G0066,C07,N1,1000,2,SPSA,256,0.6701388888888888
G0066,C07,N1,1001,2,SPSA,256,0.7751736111111112
G0066,C08,N1,1000,2,SPSA,512,0.6703559027777778
G0066,C08,N1,1001,2,SPSA,512,0.7541232638888888
G0066,C09,N1,1000,3,COBYLA,256,0.6519097222222222
G0066,C09,N1,1001,3,COBYLA,256,0.8311631944444444
G0066,C10,N1,1000,3,COBYLA,512,0.6551649305555556
G0066,C10,N1,1001,3,COBYLA,512,0.8352864583333334
G0066,C11,N1,1000,3,SPSA,256,0.7018229166666666
G0066,C11,N1,1001,3,SPSA,256,0.7860243055555556
G0066,C12,N1,1000,3,SPSA,512,0.7779947916666666
G0066,C12,N1,1001,3,SPSA,512,0.8326822916666666
G0066,C01,N2,1000,1,COBYLA,256,0.7951388888888888
G0066,C01,N2,1001,1,COBYLA,256,0.671875
G0066,C02,N2,1000,1,COBYLA,512,0.7916666666666666
G0066,C02,N2,1001,1,COBYLA,512,0.6675347222222222
G0066,C03,N2,1000,1,SPSA,256,0.7934027777777778
G0066,C03,N2,1001,1,SPSA,256,0.7903645833333334
G0066,C04,N2,1000,1,SPSA,512,0.7858072916666666
G0066,C04,N2,1001,1,SPSA,512,0.7923177083333334
G0066,C05,N2,1000,2,COBYLA,256,0.75
G0066,C05,N2,1001,2,COBYLA,256,0.7287326388888888
G0066,C06,N2,1000,2,COBYLA,512,0.74609375
G0066,C06,N2,1001,2,COBYLA,512,0.7326388888888888
G0066,C07,N2,1000,2,SPSA,256,0.6627604166666666
G0066,C07,N2,1001,2,SPSA,256,0.7413194444444444
G0066,C08,N2,1000,2,SPSA,512,0.66796875
G0066,C08,N2,1001,2,SPSA,512,0.7228732638888888
G0066,C09,N2,1000,3,COBYLA,256,0.6684027777777778
G0066,C09,N2,1001,3,COBYLA,256,0.78125
G0066,C10,N2,1000,3,COBYLA,512,0.6647135416666666
G0066,C10,N2,1001,3,COBYLA,512,0.7719184027777778
G0066,C11,N2,1000,3,SPSA,256,0.6857638888888888
G0066,C11,N2,1001,3,SPSA,256,0.7530381944444444
G0066,C12,N2,1000,3,SPSA,512,0.736328125
G0066,C12,N2,1001,3,SPSA,512,0.7747395833333334
G0067,C01,N1,1000,1,COBYLA,256,0.70859375
G0067,C01,N1,1001,1,COBYLA,256,0.60703125
G0067,C02,N1,1000,1,COBYLA,512,0.7427734375
G0067,C02,N1,1001,1,COBYLA,512,0.6076171875
G0067,C03,N1,1000,1,SPSA,256,0.738671875
G0067,C03,N1,1001,1,SPSA,256,0.741796875
G0067,C04,N1,1000,1,SPSA,512,0.738671875
G0067,C04,N1,1001,1,SPSA,512,0.7443359375
G0067,C05,N1,1000,2,COBYLA,256,0.72109375
G0067,C05,N1,1001,2,COBYLA,256,0.73671875
G0067,C06,N1,1000,2,COBYLA,512,0.7064453125
G0067,C06,N1,1001,2,COBYLA,512,0.7361328125
G0067,C07,N1,1000,2,SPSA,256,0.595703125
G0067,C07,N1,1001,2,SPSA,256,0.710546875
G0067,C08,N1,1000,2,SPSA,512,0.59765625
G0067,C08,N1,1001,2,SPSA,512,0.7126953125
G0067,C09,N1,1000,3,COBYLA,256,0.59375
G0067,C09,N1,1001,3,COBYLA,256,0.765625
G0067,C10,N1,1000,3,COBYLA,512,0.5935546875
G0067,C10,N1,1001,3,COBYLA,512,0.754296875
G0067,C11,N1,1000,3,SPSA,256,0.6375
G0067,C11,N1,1001,3,SPSA,256,0.6296875
G0067,C12,N1,1000,3,SPSA,512,0.6931640625
G0067,C12,N1,1001,3,SPSA,512,0.76953125
G0067,C01,N2,1000,1,COBYLA,256,0.683203125
G0067,C01,N2,1001,1,COBYLA,256,0.60703125
G0067,C02,N2,1000,1,COBYLA,512,0.7078125
G0067,C02,N2,1001,1,COBYLA,512,0.60546875
G0067,C03,N2,1000,1,SPSA,256,0.71171875
G0067,C03,N2,1001,1,SPSA,256,0.7125
G0067,C04,N2,1000,1,SPSA,512,0.7041015625
G0067,C04,N2,1001,1,SPSA,512,0.709765625
G0067,C05,N2,1000,2,COBYLA,256,0.68125
G0067,C05,N2,1001,2,COBYLA,256,0.691796875
G0067,C06,N2,1000,2,COBYLA,512,0.6701171875
G0067,C06,N2,1001,2,COBYLA,512,0.6865234375
G0067,C07,N2,1000,2,SPSA,256,0.58984375
G0067,C07,N2,1001,2,SPSA,256,0.680078125
G0067,C08,N2,1000,2,SPSA,512,0.594140625
G0067,C08,N2,1001,2,SPSA,512,0.6779296875
G0067,C09,N2,1000,3,COBYLA,256,0.59140625
G0067,C09,N2,1001,3,COBYLA,256,0.706640625
G0067,C10,N2,1000,3,COBYLA,512,0.598046875
G0067,C10,N2,1001,3,COBYLA,512,0.69453125
G0067,C11,N2,1000,3,SPSA,256,0.625390625
G0067,C11,N2,1001,3,SPSA,256,0.618359375
G0067,C12,N2,1000,3,SPSA,512,0.6544921875
G0067,C12,N2,1001,3,SPSA,512,0.69453125
G0068,C01,N1,1000,1,COBYLA,256,0.74140625
G0068,C01,N1,1001,1,COBYLA,256,0.590234375
G0068,C02,N1,1000,1,COBYLA,512,0.736328125
G0068,C02,N1,1001,1,COBYLA,512,0.5990234375
G0068,C03,N1,1000,1,SPSA,256,0.5953125
G0068,C03,N1,1001,1,SPSA,256,0.738671875
G0068,C04,N1,1000,1,SPSA,512,0.7017578125
G0068,C04,N1,1001,1,SPSA,512,0.74453125
G0068,C05,N1,1000,2,COBYLA,256,0.725
G0068,C05,N1,1001,2,COBYLA,256,0.720703125
G0068,C06,N1,1000,2,COBYLA,512,0.7318359375
G0068,C06,N1,1001,2,COBYLA,512,0.728515625
G0068,C07,N1,1000,2,SPSA,256,0.6859375
G0068,C07,N1,1001,2,SPSA,256,0.67890625
G0068,C08,N1,1000,2,SPSA,512,0.60703125
G0068,C08,N1,1001,2,SPSA,512,0.717578125
G0068,C09,N1,1000,3,COBYLA,256,0.597265625
G0068,C09,N1,1001,3,COBYLA,256,0.76015625
G0068,C10,N1,1000,3,COBYLA,512,0.7916015625
G0068,C10,N1,1001,3,COBYLA,512,0.759765625
G0068,C11,N1,1000,3,SPSA,256,0.62734375
G0068,C11,N1,1001,3,SPSA,256,0.689453125
G0068,C12,N1,1000,3,SPSA,512,0.6345703125
G0068,C12,N1,1001,3,SPSA,512,0.7154296875
G0068,C01,N2,1000,1,COBYLA,256,0.7078125
G0068,C01,N2,1001,1,COBYLA,256,0.5875
G0068,C02,N2,1000,1,COBYLA,512,0.7017578125
G0068,C02,N2,1001,1,COBYLA,512,0.5994140625
G0068,C03,N2,1000,1,SPSA,256,0.5890625
G0068,C03,N2,1001,1,SPSA,256,0.705859375
G0068,C04,N2,1000,1,SPSA,512,0.6763671875
G0068,C04,N2,1001,1,SPSA,512,0.71015625
G0068,C05,N2,1000,2,COBYLA,256,0.6703125
G0068,C05,N2,1001,2,COBYLA,256,0.6703125
G0068,C06,N2,1000,2,COBYLA,512,0.678125
G0068,C06,N2,1001,2,COBYLA,512,0.6755859375
G0068,C07,N2,1000,2,SPSA,256,0.64609375
G0068,C07,N2,1001,2,SPSA,256,0.644140625
G0068,C08,N2,1000,2,SPSA,512,0.604296875
G0068,C08,N2,1001,2,SPSA,512,0.66640625
G0068,C09,N2,1000,3,COBYLA,256,0.591015625
G0068,C09,N2,1001,3,COBYLA,256,0.695703125
G0068,C10,N2,1000,3,COBYLA,512,0.712109375
G0068,C10,N2,1001,3,COBYLA,512,0.69453125
G0068,C11,N2,1000,3,SPSA,256,0.61484375
G0068,C11,N2,1001,3,SPSA,256,0.6453125
G0068,C12,N2,1000,3,SPSA,512,0.6193359375
G0068,C12,N2,1001,3,SPSA,512,0.6759765625
G0069,C01,N1,1000,1,COBYLA,256,0.8020833333333334
G0069,C01,N1,1001,1,COBYLA,256,0.6736111111111112
G0069,C02,N1,1000,1,COBYLA,512,0.8233506944444444
G0069,C02,N1,1001,1,COBYLA,512,0.8088107638888888
G0069,C03,N1,1000,1,SPSA,256,0.6753472222222222
G0069,C03,N1,1001,1,SPSA,256,0.8168402777777778
G0069,C04,N1,1000,1,SPSA,512,0.6848958333333334
G0069,C04,N1,1001,1,SPSA,512,0.8185763888888888
G0069,C05,N1,1000,2,COBYLA,256,0.80078125
G0069,C05,N1,1001,2,COBYLA,256,0.8424479166666666
G0069,C06,N1,1000,2,COBYLA,512,0.8040364583333334
G0069,C06,N1,1001,2,COBYLA,512,0.8216145833333334
G0069,C07,N1,1000,2,SPSA,256,0.6688368055555556
G0069,C07,N1,1001,2,SPSA,256,0.7677951388888888
G0069,C08,N1,1000,2,SPSA,512,0.6686197916666666
G0069,C08,N1,1001,2,SPSA,512,0.7549913194444444
G0069,C09,N1,1000,3,COBYLA,256,0.8537326388888888
G0069,C09,N1,1001,3,COBYLA,256,0.8068576388888888
G0069,C10,N1,1000,3,COBYLA,512,0.8083767361111112
G0069,C10,N1,1001,3,COBYLA,512,0.8363715277777778
G0069,C11,N1,1000,3,SPSA,256,0.7934027777777778
G0069,C11,N1,1001,3,SPSA,256,0.8138020833333334
G0069,C12,N1,1000,3,SPSA,512,0.80859375
G0069,C12,N1,1001,3,SPSA,512,0.7934027777777778
G0069,C01,N2,1000,1,COBYLA,256,0.7686631944444444
G0069,C01,N2,1001,1,COBYLA,256,0.671875
G0069,C02,N2,1000,1,COBYLA,512,0.7853732638888888
G0069,C02,N2,1001,1,COBYLA,512,0.7758246527777778
G0069,C03,N2,1000,1,SPSA,256,0.6714409722222222
G0069,C03,N2,1001,1,SPSA,256,0.7864583333333334
G0069,C04,N2,1000,1,SPSA,512,0.6770833333333334
G0069,C04,N2,1001,1,SPSA,512,0.7823350694444444
G0069,C05,N2,1000,2,COBYLA,256,0.7421875
G0069,C05,N2,1001,2,COBYLA,256,0.7751736111111112
G0069,C06,N2,1000,2,COBYLA,512,0.7463107638888888
G0069,C06,N2,1001,2,COBYLA,512,0.7623697916666666
G0069,C07,N2,1000,2,SPSA,256,0.6705729166666666
G0069,C07,N2,1001,2,SPSA,256,0.7161458333333334
G0069,C08,N2,1000,2,SPSA,512,0.6710069444444444
G0069,C08,N2,1001,2,SPSA,512,0.7239583333333334
G0069,C09,N2,1000,3,COBYLA,256,0.7751736111111112
G0069,C09,N2,1001,3,COBYLA,256,0.7530381944444444
G0069,C10,N2,1000,3,COBYLA,512,0.7384982638888888
G0069,C10,N2,1001,3,COBYLA,512,0.7658420138888888
G0069,C11,N2,1000,3,SPSA,256,0.7439236111111112
G0069,C11,N2,1001,3,SPSA,256,0.7473958333333334
G0069,C12,N2,1000,3,SPSA,512,0.7545572916666666
G0069,C12,N2,1001,3,SPSA,512,0.7445746527777778
G0070,C01,N1,1000,1,COBYLA,256,0.72890625
G0070,C01,N1,1001,1,COBYLA,256,0.601171875
G0070,C02,N1,1000,1,COBYLA,512,0.74921875
G0070,C02,N1,1001,1,COBYLA,512,0.7478515625
G0070,C03,N1,1000,1,SPSA,256,0.594140625
G0070,C03,N1,1001,1,SPSA,256,0.74921875
G0070,C04,N1,1000,1,SPSA,512,0.7240234375
G0070,C04,N1,1001,1,SPSA,512,0.753125
G0070,C05,N1,1000,2,COBYLA,256,0.733203125
G0070,C05,N1,1001,2,COBYLA,256,0.73359375
G0070,C06,N1,1000,2,COBYLA,512,0.6994140625
G0070,C06,N1,1001,2,COBYLA,512,0.7244140625
G0070,C07,N1,1000,2,SPSA,256,0.612109375
G0070,C07,N1,1001,2,SPSA,256,0.72578125
G0070,C08,N1,1000,2,SPSA,512,0.6087890625
G0070,C08,N1,1001,2,SPSA,512,0.71875
G0070,C09,N1,1000,3,COBYLA,256,0.76171875
G0070,C09,N1,1001,3,COBYLA,256,0.77578125
G0070,C10,N1,1000,3,COBYLA,512,0.7720703125
G0070,C10,N1,1001,3,COBYLA,512,0.78046875
G0070,C11,N1,1000,3,SPSA,256,0.7140625
G0070,C11,N1,1001,3,SPSA,256,0.709375
G0070,C12,N1,1000,3,SPSA,512,0.633984375
G0070,C12,N1,1001,3,SPSA,512,0.6630859375
G0070,C01,N2,1000,1,COBYLA,256,0.699609375
G0070,C01,N2,1001,1,COBYLA,256,0.60390625
G0070,C02,N2,1000,1,COBYLA,512,0.716796875
G0070,C02,N2,1001,1,COBYLA,512,0.714453125
G0070,C03,N2,1000,1,SPSA,256,0.601171875
G0070,C03,N2,1001,1,SPSA,256,0.724609375
G0070,C04,N2,1000,1,SPSA,512,0.6923828125
G0070,C04,N2,1001,1,SPSA,512,0.7189453125
G0070,C05,N2,1000,2,COBYLA,256,0.675390625
G0070,C05,N2,1001,2,COBYLA,256,0.675
G0070,C06,N2,1000,2,COBYLA,512,0.6595703125
G0070,C06,N2,1001,2,COBYLA,512,0.672265625
G0070,C07,N2,1000,2,SPSA,256,0.614453125
G0070,C07,N2,1001,2,SPSA,256,0.675390625
G0070,C08,N2,1000,2,SPSA,512,0.6056640625
G0070,C08,N2,1001,2,SPSA,512,0.6681640625
G0070,C09,N2,1000,3,COBYLA,256,0.689453125
G0070,C09,N2,1001,3,COBYLA,256,0.703515625
G0070,C10,N2,1000,3,COBYLA,512,0.6984375
G0070,C10,N2,1001,3,COBYLA,512,0.705078125
G0070,C11,N2,1000,3,SPSA,256,0.66796875
G0070,C11,N2,1001,3,SPSA,256,0.667578125
G0070,C12,N2,1000,3,SPSA,512,0.61953125
G0070,C12,N2,1001,3,SPSA,512,0.62734375
G0071,C01,N1,1000,1,COBYLA,256,0.7172475961538461
G0071,C01,N1,1001,1,COBYLA,256,0.5928485576923077
G0071,C02,N1,1000,1,COBYLA,512,0.7193509615384616
G0071,C02,N1,1001,1,COBYLA,512,0.7208533653846154
G0071,C03,N1,1000,1,SPSA,256,0.7181490384615384
G0071,C03,N1,1001,1,SPSA,256,0.71875
G0071,C04,N1,1000,1,SPSA,512,0.7133413461538461
G0071,C04,N1,1001,1,SPSA,512,0.7092848557692307
G0071,C05,N1,1000,2,COBYLA,256,0.6983173076923077
G0071,C05,N1,1001,2,COBYLA,256,0.6881009615384616
G0071,C06,N1,1000,2,COBYLA,512,0.6959134615384616
G0071,C06,N1,1001,2,COBYLA,512,0.6890024038461539
G0071,C07,N1,1000,2,SPSA,256,0.7229567307692307
G0071,C07,N1,1001,2,SPSA,256,0.70703125
G0071,C08,N1,1000,2,SPSA,512,0.7295673076923077
G0071,C08,N1,1001,2,SPSA,512,0.6906550480769231
G0071,C09,N1,1000,3,COBYLA,256,0.5991586538461539
G0071,C09,N1,1001,3,COBYLA,256,0.7223557692307693
G0071,C10,N1,1000,3,COBYLA,512,0.701171875
G0071,C10,N1,1001,3,COBYLA,512,0.7420372596153846
G0071,C11,N1,1000,3,SPSA,256,0.6646634615384616
G0071,C11,N1,1001,3,SPSA,256,0.71484375
G0071,C12,N1,1000,3,SPSA,512,0.6195913461538461
G0071,C12,N1,1001,3,SPSA,512,0.6697716346153846
G0071,C01,N2,1000,1,COBYLA,256,0.6823918269230769
G0071,C01,N2,1001,1,COBYLA,256,0.5880408653846154
G0071,C02,N2,1000,1,COBYLA,512,0.6847956730769231
G0071,C02,N2,1001,1,COBYLA,512,0.6856971153846154
G0071,C03,N2,1000,1,SPSA,256,0.68359375
G0071,C03,N2,1001,1,SPSA,256,0.6817908653846154
G0071,C04,N2,1000,1,SPSA,512,0.681640625
G0071,C04,N2,1001,1,SPSA,512,0.6796875
G0071,C05,N2,1000,2,COBYLA,256,0.6370192307692307
G0071,C05,N2,1001,2,COBYLA,256,0.6292067307692307
G0071,C06,N2,1000,2,COBYLA,512,0.6364182692307693
G0071,C06,N2,1001,2,COBYLA,512,0.6361177884615384
G0071,C07,N2,1000,2,SPSA,256,0.6730769230769231
G0071,C07,N2,1001,2,SPSA,256,0.6565504807692307
G0071,C08,N2,1000,2,SPSA,512,0.6801382211538461
G0071,C08,N2,1001,2,SPSA,512,0.6466346153846154
G0071,C09,N2,1000,3,COBYLA,256,0.5769230769230769
G0071,C09,N2,1001,3,COBYLA,256,0.6583533653846154
G0071,C10,N2,1000,3,COBYLA,512,0.6427283653846154
G0071,C10,N2,1001,3,COBYLA,512,0.6729266826923077
G0071,C11,N2,1000,3,SPSA,256,0.6147836538461539
G0071,C11,N2,1001,3,SPSA,256,0.66015625
G0071,C12,N2,1000,3,SPSA,512,0.5899939903846154
G0071,C12,N2,1001,3,SPSA,512,0.609375
G0072,C01,N1,1000,1,COBYLA,256,0.6171875
G0072,C01,N1,1001,1,COBYLA,256,0.7310697115384616
G0072,C02,N1,1000,1,COBYLA,512,0.7291165865384616
G0072,C02,N1,1001,1,COBYLA,512,0.7270132211538461
G0072,C03,N1,1000,1,SPSA,256,0.7307692307692307
G0072,C03,N1,1001,1,SPSA,256,0.7286658653846154
G0072,C04,N1,1000,1,SPSA,512,0.7196514423076923
G0072,C04,N1,1001,1,SPSA,512,0.7234074519230769
G0072,C05,N1,1000,2,COBYLA,256,0.6676682692307693
G0072,C05,N1,1001,2,COBYLA,256,0.6998197115384616
G0072,C06,N1,1000,2,COBYLA,512,0.7121394230769231
G0072,C06,N1,1001,2,COBYLA,512,0.6951622596153846
G0072,C07,N1,1000,2,SPSA,256,0.5703125
G0072,C07,N1,1001,2,SPSA,256,0.7770432692307693
G0072,C08,N1,1000,2,SPSA,512,0.5764723557692307
G0072,C08,N1,1001,2,SPSA,512,0.6748798076923077
G0072,C09,N1,1000,3,COBYLA,256,0.6944110576923077
G0072,C09,N1,1001,3,COBYLA,256,0.7524038461538461
G0072,C10,N1,1000,3,COBYLA,512,0.7064302884615384
G0072,C10,N1,1001,3,COBYLA,512,0.7563100961538461
G0072,C11,N1,1000,3,SPSA,256,0.6078725961538461
G0072,C11,N1,1001,3,SPSA,256,0.6730769230769231
G0072,C12,N1,1000,3,SPSA,512,0.6968149038461539
G0072,C12,N1,1001,3,SPSA,512,0.6760817307692307
G0072,C01,N2,1000,1,COBYLA,256,0.6045673076923077
G0072,C01,N2,1001,1,COBYLA,256,0.6968149038461539
G0072,C02,N2,1000,1,COBYLA,512,0.6968149038461539
G0072,C02,N2,1001,1,COBYLA,512,0.6977163461538461
G0072,C03,N2,1000,1,SPSA,256,0.6971153846153846
G0072,C03,N2,1001,1,SPSA,256,0.6962139423076923
G0072,C04,N2,1000,1,SPSA,512,0.6899038461538461
G0072,C04,N2,1001,1,SPSA,512,0.6968149038461539
G0072,C05,N2,1000,2,COBYLA,256,0.6292067307692307
G0072,C05,N2,1001,2,COBYLA,256,0.6466346153846154
G0072,C06,N2,1000,2,COBYLA,512,0.6594050480769231
G0072,C06,N2,1001,2,COBYLA,512,0.6482872596153846
G0072,C07,N2,1000,2,SPSA,256,0.56640625
G0072,C07,N2,1001,2,SPSA,256,0.7217548076923077
G0072,C08,N2,1000,2,SPSA,512,0.5728665865384616
G0072,C08,N2,1001,2,SPSA,512,0.6463341346153846
G0072,C09,N2,1000,3,COBYLA,256,0.6490384615384616
G0072,C09,N2,1001,3,COBYLA,256,0.6733774038461539
G0072,C10,N2,1000,3,COBYLA,512,0.6472355769230769
G0072,C10,N2,1001,3,COBYLA,512,0.6896033653846154
G0072,C11,N2,1000,3,SPSA,256,0.5946514423076923
G0072,C11,N2,1001,3,SPSA,256,0.6246995192307693
G0072,C12,N2,1000,3,SPSA,512,0.6473858173076923
G0072,C12,N2,1001,3,SPSA,512,0.6284555288461539
G0073,C01,N1,1000,1,COBYLA,256,0.7496744791666666
G0073,C01,N1,1001,1,COBYLA,256,0.634765625
G0073,C02,N1,1000,1,COBYLA,512,0.7776692708333334
G0073,C02,N1,1001,1,COBYLA,512,0.7802734375
G0073,C03,N1,1000,1,SPSA,256,0.7786458333333334
G0073,C03,N1,1001,1,SPSA,256,0.7750651041666666
G0073,C04,N1,1000,1,SPSA,512,0.7810872395833334
G0073,C04,N1,1001,1,SPSA,512,0.7755533854166666
G0073,C05,N1,1000,2,COBYLA,256,0.7438151041666666
G0073,C05,N1,1001,2,COBYLA,256,0.7386067708333334
G0073,C06,N1,1000,2,COBYLA,512,0.7433268229166666
G0073,C06,N1,1001,2,COBYLA,512,0.7688802083333334
G0073,C07,N1,1000,2,SPSA,256,0.7197265625
G0073,C07,N1,1001,2,SPSA,256,0.6712239583333334
G0073,C08,N1,1000,2,SPSA,512,0.7418619791666666
G0073,C08,N1,1001,2,SPSA,512,0.6858723958333334
G0073,C09,N1,1000,3,COBYLA,256,0.7760416666666666
G0073,C09,N1,1001,3,COBYLA,256,0.8076171875
G0073,C10,N1,1000,3,COBYLA,512,0.7568359375
G0073,C10,N1,1001,3,COBYLA,512,0.79931640625
G0073,C11,N1,1000,3,SPSA,256,0.6708984375
G0073,C11,N1,1001,3,SPSA,256,0.7822265625
G0073,C12,N1,1000,3,SPSA,512,0.6687825520833334
G0073,C12,N1,1001,3,SPSA,512,0.6834309895833334
G0073,C01,N2,1000,1,COBYLA,256,0.7233072916666666
G0073,C01,N2,1001,1,COBYLA,256,0.6409505208333334
G0073,C02,N2,1000,1,COBYLA,512,0.74658203125
G0073,C02,N2,1001,1,COBYLA,512,0.75
G0073,C03,N2,1000,1,SPSA,256,0.7467447916666666
G0073,C03,N2,1001,1,SPSA,256,0.7425130208333334
G0073,C04,N2,1000,1,SPSA,512,0.7503255208333334
G0073,C04,N2,1001,1,SPSA,512,0.7457682291666666
G0073,C05,N2,1000,2,COBYLA,256,0.6953125
G0073,C05,N2,1001,2,COBYLA,256,0.6907552083333334
G0073,C06,N2,1000,2,COBYLA,512,0.7024739583333334
G0073,C06,N2,1001,2,COBYLA,512,0.7141927083333334
G0073,C07,N2,1000,2,SPSA,256,0.6813151041666666
G0073,C07,N2,1001,2,SPSA,256,0.6481119791666666
G0073,C08,N2,1000,2,SPSA,512,0.6990559895833334
G0073,C08,N2,1001,2,SPSA,512,0.6595052083333334
G0073,C09,N2,1000,3,COBYLA,256,0.7177734375
G0073,C09,N2,1001,3,COBYLA,256,0.7177734375
G0073,C10,N2,1000,3,COBYLA,512,0.7032877604166666
G0073,C10,N2,1001,3,COBYLA,512,0.7278645833333334
G0073,C11,N2,1000,3,SPSA,256,0.6438802083333334
G0073,C11,N2,1001,3,SPSA,256,0.7180989583333334
G0073,C12,N2,1000,3,SPSA,512,0.6422526041666666
G0073,C12,N2,1001,3,SPSA,512,0.6429036458333334
G0074,C01,N1,1000,1,COBYLA,256,0.6427283653846154
G0074,C01,N1,1001,1,COBYLA,256,0.5892427884615384
G0074,C02,N1,1000,1,COBYLA,512,0.7220552884615384
G0074,C02,N1,1001,1,COBYLA,512,0.7201021634615384
G0074,C03,N1,1000,1,SPSA,256,0.7232572115384616
G0074,C03,N1,1001,1,SPSA,256,0.7190504807692307
G0074,C04,N1,1000,1,SPSA,512,0.716796875
G0074,C04,N1,1001,1,SPSA,512,0.7179987980769231
G0074,C05,N1,1000,2,COBYLA,256,0.6802884615384616
G0074,C05,N1,1001,2,COBYLA,256,0.7088341346153846
G0074,C06,N1,1000,2,COBYLA,512,0.7219050480769231
G0074,C06,N1,1001,2,COBYLA,512,0.7124399038461539
G0074,C07,N1,1000,2,SPSA,256,0.6117788461538461
G0074,C07,N1,1001,2,SPSA,256,0.70703125
G0074,C08,N1,1000,2,SPSA,512,0.5778245192307693
G0074,C08,N1,1001,2,SPSA,512,0.6463341346153846
G0074,C09,N1,1000,3,COBYLA,256,0.75
G0074,C09,N1,1001,3,COBYLA,256,0.7436899038461539
G0074,C10,N1,1000,3,COBYLA,512,0.7217548076923077
G0074,C10,N1,1001,3,COBYLA,512,0.7291165865384616
G0074,C11,N1,1000,3,SPSA,256,0.6742788461538461
G0074,C11,N1,1001,3,SPSA,256,0.6018629807692307
G0074,C12,N1,1000,3,SPSA,512,0.6048677884615384
G0074,C12,N1,1001,3,SPSA,512,0.6338641826923077
G0074,C01,N2,1000,1,COBYLA,256,0.6283052884615384
G0074,C01,N2,1001,1,COBYLA,256,0.5910456730769231
G0074,C02,N2,1000,1,COBYLA,512,0.6915564903846154
G0074,C02,N2,1001,1,COBYLA,512,0.6909555288461539
G0074,C03,N2,1000,1,SPSA,256,0.6896033653846154
G0074,C03,N2,1001,1,SPSA,256,0.6911057692307693
G0074,C04,N2,1000,1,SPSA,512,0.6893028846153846
G0074,C04,N2,1001,1,SPSA,512,0.6924579326923077
G0074,C05,N2,1000,2,COBYLA,256,0.6310096153846154
G0074,C05,N2,1001,2,COBYLA,256,0.6496394230769231
G0074,C06,N2,1000,2,COBYLA,512,0.6598557692307693
G0074,C06,N2,1001,2,COBYLA,512,0.6560997596153846
G0074,C07,N2,1000,2,SPSA,256,0.5883413461538461
G0074,C07,N2,1001,2,SPSA,256,0.6472355769230769
G0074,C08,N2,1000,2,SPSA,512,0.5796274038461539
G0074,C08,N2,1001,2,SPSA,512,0.6162860576923077
G0074,C09,N2,1000,3,COBYLA,256,0.6622596153846154
G0074,C09,N2,1001,3,COBYLA,256,0.6721754807692307
G0074,C10,N2,1000,3,COBYLA,512,0.6362680288461539
G0074,C10,N2,1001,3,COBYLA,512,0.6703725961538461
G0074,C11,N2,1000,3,SPSA,256,0.6331129807692307
G0074,C11,N2,1001,3,SPSA,256,0.5952524038461539
G0074,C12,N2,1000,3,SPSA,512,0.5979567307692307
G0074,C12,N2,1001,3,SPSA,512,0.6038161057692307
G0075,C01,N1,1000,1,COBYLA,256,0.8348721590909091
G0075,C01,N1,1001,1,COBYLA,256,0.6899857954545454
G0075,C02,N1,1000,1,COBYLA,512,0.8412642045454546
G0075,C02,N1,1001,1,COBYLA,512,0.6903409090909091
G0075,C03,N1,1000,1,SPSA,256,0.6896306818181818
G0075,C03,N1,1001,1,SPSA,256,0.8515625
G0075,C04,N1,1000,1,SPSA,512,0.849609375
G0075,C04,N1,1001,1,SPSA,512,0.8432173295454546
G0075,C05,N1,1000,2,COBYLA,256,0.8210227272727273
G0075,C05,N1,1001,2,COBYLA,256,0.7446732954545454
G0075,C06,N1,1000,2,COBYLA,512,0.8130326704545454
G0075,C06,N1,1001,2,COBYLA,512,0.8153409090909091
G0075,C07,N1,1000,2,SPSA,256,0.7869318181818182
G0075,C07,N1,1001,2,SPSA,256,0.8462357954545454
G0075,C08,N1,1000,2,SPSA,512,0.806640625
G0075,C08,N1,1001,2,SPSA,512,0.7633167613636364
G0075,C09,N1,1000,3,COBYLA,256,0.6818181818181818
G0075,C09,N1,1001,3,COBYLA,256,0.8529829545454546
G0075,C10,N1,1000,3,COBYLA,512,0.7191051136363636
G0075,C10,N1,1001,3,COBYLA,512,0.8309659090909091
G0075,C11,N1,1000,3,SPSA,256,0.796875
G0075,C11,N1,1001,3,SPSA,256,0.8235085227272727
G0075,C12,N1,1000,3,SPSA,512,0.8084161931818182
G0075,C12,N1,1001,3,SPSA,512,0.8547585227272727
G0075,C01,N2,1000,1,COBYLA,256,0.8029119318181818
G0075,C01,N2,1001,1,COBYLA,256,0.6946022727272727
G0075,C02,N2,1000,1,COBYLA,512,0.8093039772727273
G0075,C02,N2,1001,1,COBYLA,512,0.6970880681818182
G0075,C03,N2,1000,1,SPSA,256,0.6910511363636364
G0075,C03,N2,1001,1,SPSA,256,0.8160511363636364
G0075,C04,N2,1000,1,SPSA,512,0.8165838068181818
G0075,C04,N2,1001,1,SPSA,512,0.810546875
G0075,C05,N2,1000,2,COBYLA,256,0.7592329545454546
G0075,C05,N2,1001,2,COBYLA,256,0.7212357954545454
G0075,C06,N2,1000,2,COBYLA,512,0.7606534090909091
G0075,C06,N2,1001,2,COBYLA,512,0.7672230113636364
G0075,C07,N2,1000,2,SPSA,256,0.7535511363636364
G0075,C07,N2,1001,2,SPSA,256,0.7940340909090909
G0075,C08,N2,1000,2,SPSA,512,0.7555042613636364
G0075,C08,N2,1001,2,SPSA,512,0.7379261363636364
G0075,C09,N2,1000,3,COBYLA,256,0.6839488636363636
G0075,C09,N2,1001,3,COBYLA,256,0.7805397727272727
G0075,C10,N2,1000,3,COBYLA,512,0.7015269886363636
G0075,C10,N2,1001,3,COBYLA,512,0.7702414772727273
G0075,C11,N2,1000,3,SPSA,256,0.7521306818181818
G0075,C11,N2,1001,3,SPSA,256,0.7627840909090909
G0075,C12,N2,1000,3,SPSA,512,0.7613636363636364
G0075,C12,N2,1001,3,SPSA,512,0.7904829545454546
G0076,C01,N1,1000,1,COBYLA,256,0.6150841346153846
G0076,C01,N1,1001,1,COBYLA,256,0.58203125
G0076,C02,N1,1000,1,COBYLA,512,0.7142427884615384
G0076,C02,N1,1001,1,COBYLA,512,0.7109375
G0076,C03,N1,1000,1,SPSA,256,0.5778245192307693
G0076,C03,N1,1001,1,SPSA,256,0.7127403846153846
G0076,C04,N1,1000,1,SPSA,512,0.7158954326923077
G0076,C04,N1,1001,1,SPSA,512,0.7139423076923077
G0076,C05,N1,1000,2,COBYLA,256,0.6917067307692307
G0076,C05,N1,1001,2,COBYLA,256,0.7103365384615384
G0076,C06,N1,1000,2,COBYLA,512,0.6915564903846154
G0076,C06,N1,1001,2,COBYLA,512,0.6945612980769231
G0076,C07,N1,1000,2,SPSA,256,0.5691105769230769
G0076,C07,N1,1001,2,SPSA,256,0.65625
G0076,C08,N1,1000,2,SPSA,512,0.5677584134615384
G0076,C08,N1,1001,2,SPSA,512,0.7327223557692307
G0076,C09,N1,1000,3,COBYLA,256,0.5706129807692307
G0076,C09,N1,1001,3,COBYLA,256,0.7406850961538461
G0076,C10,N1,1000,3,COBYLA,512,0.5790264423076923
G0076,C10,N1,1001,3,COBYLA,512,0.7405348557692307
G0076,C11,N1,1000,3,SPSA,256,0.6228966346153846
G0076,C11,N1,1001,3,SPSA,256,0.7079326923076923
G0076,C12,N1,1000,3,SPSA,512,0.6473858173076923
G0076,C12,N1,1001,3,SPSA,512,0.6515925480769231
G0076,C01,N2,1000,1,COBYLA,256,0.6102764423076923
G0076,C01,N2,1001,1,COBYLA,256,0.5868389423076923
G0076,C02,N2,1000,1,COBYLA,512,0.6852463942307693
G0076,C02,N2,1001,1,COBYLA,512,0.681640625
G0076,C03,N2,1000,1,SPSA,256,0.5844350961538461
G0076,C03,N2,1001,1,SPSA,256,0.6784855769230769
G0076,C04,N2,1000,1,SPSA,512,0.685546875
G0076,C04,N2,1001,1,SPSA,512,0.6834435096153846
G0076,C05,N2,1000,2,COBYLA,256,0.6400240384615384
G0076,C05,N2,1001,2,COBYLA,256,0.6556490384615384
G0076,C06,N2,1000,2,COBYLA,512,0.6412259615384616
G0076,C06,N2,1001,2,COBYLA,512,0.6485877403846154
G0076,C07,N2,1000,2,SPSA,256,0.57421875
G0076,C07,N2,1001,2,SPSA,256,0.6286057692307693
G0076,C08,N2,1000,2,SPSA,512,0.5709134615384616
G0076,C08,N2,1001,2,SPSA,512,0.6841947115384616
G0076,C09,N2,1000,3,COBYLA,256,0.5712139423076923
G0076,C09,N2,1001,3,COBYLA,256,0.6700721153846154
G0076,C10,N2,1000,3,COBYLA,512,0.572265625
G0076,C10,N2,1001,3,COBYLA,512,0.6712740384615384
G0076,C11,N2,1000,3,SPSA,256,0.5829326923076923
G0076,C11,N2,1001,3,SPSA,256,0.62890625
G0076,C12,N2,1000,3,SPSA,512,0.6108774038461539
G0076,C12,N2,1001,3,SPSA,512,0.6023137019230769
G0077,C01,N1,1000,1,COBYLA,256,0.7815755208333334
G0077,C01,N1,1001,1,COBYLA,256,0.6350911458333334
G0077,C02,N1,1000,1,COBYLA,512,0.705078125
G0077,C02,N1,1001,1,COBYLA,512,0.7766927083333334
G0077,C03,N1,1000,1,SPSA,256,0.6334635416666666
G0077,C03,N1,1001,1,SPSA,256,0.771484375
G0077,C04,N1,1000,1,SPSA,512,0.7752278645833334
G0077,C04,N1,1001,1,SPSA,512,0.7750651041666666
G0077,C05,N1,1000,2,COBYLA,256,0.7457682291666666
G0077,C05,N1,1001,2,COBYLA,256,0.7063802083333334
G0077,C06,N1,1000,2,COBYLA,512,0.7389322916666666
G0077,C06,N1,1001,2,COBYLA,512,0.7327473958333334
G0077,C07,N1,1000,2,SPSA,256,0.6168619791666666
G0077,C07,N1,1001,2,SPSA,256,0.7135416666666666
G0077,C08,N1,1000,2,SPSA,512,0.6466471354166666
G0077,C08,N1,1001,2,SPSA,512,0.75732421875
G0077,C09,N1,1000,3,COBYLA,256,0.623046875
G0077,C09,N1,1001,3,COBYLA,256,0.7760416666666666
G0077,C10,N1,1000,3,COBYLA,512,0.7374674479166666
G0077,C10,N1,1001,3,COBYLA,512,0.7843424479166666
G0077,C11,N1,1000,3,SPSA,256,0.6630859375
G0077,C11,N1,1001,3,SPSA,256,0.6529947916666666
G0077,C12,N1,1000,3,SPSA,512,0.6546223958333334
G0077,C12,N1,1001,3,SPSA,512,0.6360677083333334
G0077,C01,N2,1000,1,COBYLA,256,0.7506510416666666
G0077,C01,N2,1001,1,COBYLA,256,0.6396484375
G0077,C02,N2,1000,1,COBYLA,512,0.69287109375
G0077,C02,N2,1001,1,COBYLA,512,0.7482096354166666
G0077,C03,N2,1000,1,SPSA,256,0.6416015625
G0077,C03,N2,1001,1,SPSA,256,0.7438151041666666
G0077,C04,N2,1000,1,SPSA,512,0.7449544270833334
G0077,C04,N2,1001,1,SPSA,512,0.74853515625
G0077,C05,N2,1000,2,COBYLA,256,0.6881510416666666
G0077,C05,N2,1001,2,COBYLA,256,0.66796875
G0077,C06,N2,1000,2,COBYLA,512,0.68701171875
G0077,C06,N2,1001,2,COBYLA,512,0.6884765625
G0077,C07,N2,1000,2,SPSA,256,0.6142578125
G0077,C07,N2,1001,2,SPSA,256,0.6875
G0077,C08,N2,1000,2,SPSA,512,0.64013671875
G0077,C08,N2,1001,2,SPSA,512,0.7127278645833334
G0077,C09,N2,1000,3,COBYLA,256,0.6171875
G0077,C09,N2,1001,3,COBYLA,256,0.7161458333333334
G0077,C10,N2,1000,3,COBYLA,512,0.67529296875
G0077,C10,N2,1001,3,COBYLA,512,0.7234700520833334
G0077,C11,N2,1000,3,SPSA,256,0.6416015625
G0077,C11,N2,1001,3,SPSA,256,0.6448567708333334
G0077,C12,N2,1000,3,SPSA,512,0.6414388020833334
G0077,C12,N2,1001,3,SPSA,512,0.6256510416666666
G0078,C01,N1,1000,1,COBYLA,256,0.794921875
G0078,C01,N1,1001,1,COBYLA,256,0.7939453125
G0078,C02,N1,1000,1,COBYLA,512,0.78466796875
G0078,C02,N1,1001,1,COBYLA,512,0.7838541666666666
G0078,C03,N1,1000,1,SPSA,256,0.7952473958333334
G0078,C03,N1,1001,1,SPSA,256,0.7845052083333334
G0078,C04,N1,1000,1,SPSA,512,0.7916666666666666
G0078,C04,N1,1001,1,SPSA,512,0.7840169270833334
G0078,C05,N1,1000,2,COBYLA,256,0.7490234375
G0078,C05,N1,1001,2,COBYLA,256,0.7522786458333334
G0078,C06,N1,1000,2,COBYLA,512,0.75927734375
G0078,C06,N1,1001,2,COBYLA,512,0.7438151041666666
G0078,C07,N1,1000,2,SPSA,256,0.7177734375
G0078,C07,N1,1001,2,SPSA,256,0.6920572916666666
G0078,C08,N1,1000,2,SPSA,512,0.6808268229166666
G0078,C08,N1,1001,2,SPSA,512,0.7439778645833334
G0078,C09,N1,1000,3,COBYLA,256,0.6184895833333334
G0078,C09,N1,1001,3,COBYLA,256,0.8125
G0078,C10,N1,1000,3,COBYLA,512,0.7364908854166666
G0078,C10,N1,1001,3,COBYLA,512,0.7892252604166666
G0078,C11,N1,1000,3,SPSA,256,0.7418619791666666
G0078,C11,N1,1001,3,SPSA,256,0.701171875
G0078,C12,N1,1000,3,SPSA,512,0.6720377604166666
G0078,C12,N1,1001,3,SPSA,512,0.65283203125
G0078,C01,N2,1000,1,COBYLA,256,0.7516276041666666
G0078,C01,N2,1001,1,COBYLA,256,0.7526041666666666
G0078,C02,N2,1000,1,COBYLA,512,0.7467447916666666
G0078,C02,N2,1001,1,COBYLA,512,0.7478841145833334
G0078,C03,N2,1000,1,SPSA,256,0.7506510416666666
G0078,C03,N2,1001,1,SPSA,256,0.7431640625
G0078,C04,N2,1000,1,SPSA,512,0.7530924479166666
G0078,C04,N2,1001,1,SPSA,512,0.7501627604166666
G0078,C05,N2,1000,2,COBYLA,256,0.6962890625
G0078,C05,N2,1001,2,COBYLA,256,0.7001953125
G0078,C06,N2,1000,2,COBYLA,512,0.7054036458333334
G0078,C06,N2,1001,2,COBYLA,512,0.6944986979166666
G0078,C07,N2,1000,2,SPSA,256,0.6787109375
G0078,C07,N2,1001,2,SPSA,256,0.6705729166666666
G0078,C08,N2,1000,2,SPSA,512,0.65869140625
G0078,C08,N2,1001,2,SPSA,512,0.71484375
G0078,C09,N2,1000,3,COBYLA,256,0.6246744791666666
G0078,C09,N2,1001,3,COBYLA,256,0.7350260416666666
G0078,C10,N2,1000,3,COBYLA,512,0.68505859375
G0078,C10,N2,1001,3,COBYLA,512,0.7275390625
G0078,C11,N2,1000,3,SPSA,256,0.6858723958333334
G0078,C11,N2,1001,3,SPSA,256,0.65625
G0078,C12,N2,1000,3,SPSA,512,0.6355794270833334
G0078,C12,N2,1001,3,SPSA,512,0.6217447916666666
G0079,C01,N1,1000,1,COBYLA,256,0.7779947916666666
G0079,C01,N1,1001,1,COBYLA,256,0.787109375
G0079,C02,N1,1000,1,COBYLA,512,0.79443359375
G0079,C02,N1,1001,1,COBYLA,512,0.7921549479166666
G0079,C03,N1,1000,1,SPSA,256,0.79296875
G0079,C03,N1,1001,1,SPSA,256,0.7945963541666666
G0079,C04,N1,1000,1,SPSA,512,0.7928059895833334
G0079,C04,N1,1001,1,SPSA,512,0.7849934895833334
G0079,C05,N1,1000,2,COBYLA,256,0.7685546875
G0079,C05,N1,1001,2,COBYLA,256,0.7555338541666666
G0079,C06,N1,1000,2,COBYLA,512,0.7521158854166666
G0079,C06,N1,1001,2,COBYLA,512,0.7591145833333334
G0079,C07,N1,1000,2,SPSA,256,0.6946614583333334
G0079,C07,N1,1001,2,SPSA,256,0.689453125
G0079,C08,N1,1000,2,SPSA,512,0.72998046875
G0079,C08,N1,1001,2,SPSA,512,0.6904296875
G0079,C09,N1,1000,3,COBYLA,256,0.8076171875
G0079,C09,N1,1001,3,COBYLA,256,0.8011067708333334
G0079,C10,N1,1000,3,COBYLA,512,0.7799479166666666
G0079,C10,N1,1001,3,COBYLA,512,0.80517578125
G0079,C11,N1,1000,3,SPSA,256,0.7194010416666666
G0079,C11,N1,1001,3,SPSA,256,0.6852213541666666
G0079,C12,N1,1000,3,SPSA,512,0.66552734375
G0079,C12,N1,1001,3,SPSA,512,0.7311197916666666
G0079,C01,N2,1000,1,COBYLA,256,0.7493489583333334
G0079,C01,N2,1001,1,COBYLA,256,0.7552083333333334
G0079,C02,N2,1000,1,COBYLA,512,0.7581380208333334
G0079,C02,N2,1001,1,COBYLA,512,0.7569986979166666
G0079,C03,N2,1000,1,SPSA,256,0.7561848958333334
G0079,C03,N2,1001,1,SPSA,256,0.7587890625
G0079,C04,N2,1000,1,SPSA,512,0.7587890625
G0079,C04,N2,1001,1,SPSA,512,0.7506510416666666
G0079,C05,N2,1000,2,COBYLA,256,0.7093098958333334
G0079,C05,N2,1001,2,COBYLA,256,0.6969401041666666
G0079,C06,N2,1000,2,COBYLA,512,0.7039388020833334
G0079,C06,N2,1001,2,COBYLA,512,0.7018229166666666
G0079,C07,N2,1000,2,SPSA,256,0.6650390625
G0079,C07,N2,1001,2,SPSA,256,0.66015625
G0079,C08,N2,1000,2,SPSA,512,0.6827799479166666
G0079,C08,N2,1001,2,SPSA,512,0.6692708333333334
G0079,C09,N2,1000,3,COBYLA,256,0.728515625
G0079,C09,N2,1001,3,COBYLA,256,0.7272135416666666
G0079,C10,N2,1000,3,COBYLA,512,0.71435546875
G0079,C10,N2,1001,3,COBYLA,512,0.7257486979166666
G0079,C11,N2,1000,3,SPSA,256,0.6666666666666666
G0079,C11,N2,1001,3,SPSA,256,0.65625
G0079,C12,N2,1000,3,SPSA,512,0.6396484375
G0079,C12,N2,1001,3,SPSA,512,0.6787109375
G0080,C01,N1,1000,1,COBYLA,256,0.7310697115384616
G0080,C01,N1,1001,1,COBYLA,256,0.7286658653846154
G0080,C02,N1,1000,1,COBYLA,512,0.6500901442307693
G0080,C02,N1,1001,1,COBYLA,512,0.5785757211538461
G0080,C03,N1,1000,1,SPSA,256,0.7292668269230769
G0080,C03,N1,1001,1,SPSA,256,0.7313701923076923
G0080,C04,N1,1000,1,SPSA,512,0.7322716346153846
G0080,C04,N1,1001,1,SPSA,512,0.7295673076923077
G0080,C05,N1,1000,2,COBYLA,256,0.6358173076923077
G0080,C05,N1,1001,2,COBYLA,256,0.7046274038461539
G0080,C06,N1,1000,2,COBYLA,512,0.7228064903846154
G0080,C06,N1,1001,2,COBYLA,512,0.7210036057692307
G0080,C07,N1,1000,2,SPSA,256,0.5811298076923077
G0080,C07,N1,1001,2,SPSA,256,0.7764423076923077
G0080,C08,N1,1000,2,SPSA,512,0.5806790865384616
G0080,C08,N1,1001,2,SPSA,512,0.7007211538461539
G0080,C09,N1,1000,3,COBYLA,256,0.7346754807692307
G0080,C09,N1,1001,3,COBYLA,256,0.74609375
G0080,C10,N1,1000,3,COBYLA,512,0.7059795673076923
G0080,C10,N1,1001,3,COBYLA,512,0.7632211538461539
G0080,C11,N1,1000,3,SPSA,256,0.7298677884615384
G0080,C11,N1,1001,3,SPSA,256,0.6956129807692307
G0080,C12,N1,1000,3,SPSA,512,0.6227463942307693
G0080,C12,N1,1001,3,SPSA,512,0.6929086538461539
G0080,C01,N2,1000,1,COBYLA,256,0.7016225961538461
G0080,C01,N2,1001,1,COBYLA,256,0.7001201923076923
G0080,C02,N2,1000,1,COBYLA,512,0.6352163461538461
G0080,C02,N2,1001,1,COBYLA,512,0.5817307692307693
G0080,C03,N2,1000,1,SPSA,256,0.7016225961538461
G0080,C03,N2,1001,1,SPSA,256,0.703125
G0080,C04,N2,1000,1,SPSA,512,0.6999699519230769
G0080,C04,N2,1001,1,SPSA,512,0.6963641826923077
G0080,C05,N2,1000,2,COBYLA,256,0.6030649038461539
G0080,C05,N2,1001,2,COBYLA,256,0.6556490384615384
G0080,C06,N2,1000,2,COBYLA,512,0.6634615384615384
G0080,C06,N2,1001,2,COBYLA,512,0.6655649038461539
G0080,C07,N2,1000,2,SPSA,256,0.5775240384615384
G0080,C07,N2,1001,2,SPSA,256,0.7112379807692307
G0080,C08,N2,1000,2,SPSA,512,0.5778245192307693
G0080,C08,N2,1001,2,SPSA,512,0.650390625
G0080,C09,N2,1000,3,COBYLA,256,0.6640625
G0080,C09,N2,1001,3,COBYLA,256,0.6769831730769231
G0080,C10,N2,1000,3,COBYLA,512,0.6517427884615384
G0080,C10,N2,1001,3,COBYLA,512,0.6846454326923077
G0080,C11,N2,1000,3,SPSA,256,0.6631610576923077
G0080,C11,N2,1001,3,SPSA,256,0.6397235576923077
G0080,C12,N2,1000,3,SPSA,512,0.6068209134615384
G0080,C12,N2,1001,3,SPSA,512,0.630859375
G0081,C01,N1,1000,1,COBYLA,256,0.7963169642857143
G0081,C01,N1,1001,1,COBYLA,256,0.6526227678571429
G0081,C02,N1,1000,1,COBYLA,512,0.7954799107142857
G0081,C02,N1,1001,1,COBYLA,512,0.8002232142857143
G0081,C03,N1,1000,1,SPSA,256,0.6395089285714286
G0081,C03,N1,1001,1,SPSA,256,0.7935267857142857
G0081,C04,N1,1000,1,SPSA,512,0.7950613839285714
G0081,C04,N1,1001,1,SPSA,512,0.79296875
G0081,C05,N1,1000,2,COBYLA,256,0.7684151785714286
G0081,C05,N1,1001,2,COBYLA,256,0.7717633928571429
G0081,C06,N1,1000,2,COBYLA,512,0.7744140625
G0081,C06,N1,1001,2,COBYLA,512,0.7823660714285714
G0081,C07,N1,1000,2,SPSA,256,0.6397879464285714
G0081,C07,N1,1001,2,SPSA,256,0.7882254464285714
G0081,C08,N1,1000,2,SPSA,512,0.64453125
G0081,C08,N1,1001,2,SPSA,512,0.7547433035714286
G0081,C09,N1,1000,3,COBYLA,256,0.6381138392857143
G0081,C09,N1,1001,3,COBYLA,256,0.7854352678571429
G0081,C10,N1,1000,3,COBYLA,512,0.8306361607142857
G0081,C10,N1,1001,3,COBYLA,512,0.8113839285714286
G0081,C11,N1,1000,3,SPSA,256,0.6838727678571429
G0081,C11,N1,1001,3,SPSA,256,0.6869419642857143
G0081,C12,N1,1000,3,SPSA,512,0.6895926339285714
G0081,C12,N1,1001,3,SPSA,512,0.7525111607142857
G0081,C01,N2,1000,1,COBYLA,256,0.7664620535714286
G0081,C01,N2,1001,1,COBYLA,256,0.6484375
G0081,C02,N2,1000,1,COBYLA,512,0.7654854910714286
G0081,C02,N2,1001,1,COBYLA,512,0.7667410714285714
G0081,C03,N2,1000,1,SPSA,256,0.6358816964285714
G0081,C03,N2,1001,1,SPSA,256,0.7678571428571429
G0081,C04,N2,1000,1,SPSA,512,0.7661830357142857
G0081,C04,N2,1001,1,SPSA,512,0.7632533482142857
G0081,C05,N2,1000,2,COBYLA,256,0.7087053571428571
G0081,C05,N2,1001,2,COBYLA,256,0.7162388392857143
G0081,C06,N2,1000,2,COBYLA,512,0.7188895089285714
G0081,C06,N2,1001,2,COBYLA,512,0.7208426339285714
G0081,C07,N2,1000,2,SPSA,256,0.6473214285714286
G0081,C07,N2,1001,2,SPSA,256,0.7452566964285714
G0081,C08,N2,1000,2,SPSA,512,0.6478794642857143
G0081,C08,N2,1001,2,SPSA,512,0.72265625
G0081,C09,N2,1000,3,COBYLA,256,0.6378348214285714
G0081,C09,N2,1001,3,COBYLA,256,0.7248883928571429
G0081,C10,N2,1000,3,COBYLA,512,0.7571149553571429
G0081,C10,N2,1001,3,COBYLA,512,0.7437220982142857
G0081,C11,N2,1000,3,SPSA,256,0.66015625
G0081,C11,N2,1001,3,SPSA,256,0.6696428571428571
G0081,C12,N2,1000,3,SPSA,512,0.6534598214285714
G0081,C12,N2,1001,3,SPSA,512,0.7052176339285714
G0082,C01,N1,1000,1,COBYLA,256,0.6841517857142857
G0082,C01,N1,1001,1,COBYLA,256,0.6565290178571429
G0082,C02,N1,1000,1,COBYLA,512,0.7917131696428571
G0082,C02,N1,1001,1,COBYLA,512,0.6593191964285714
G0082,C03,N1,1000,1,SPSA,256,0.7960379464285714
G0082,C03,N1,1001,1,SPSA,256,0.7946428571428571
G0082,C04,N1,1000,1,SPSA,512,0.7905970982142857
G0082,C04,N1,1001,1,SPSA,512,0.7921316964285714
G0082,C05,N1,1000,2,COBYLA,256,0.7739955357142857
G0082,C05,N1,1001,2,COBYLA,256,0.7893415178571429
G0082,C06,N1,1000,2,COBYLA,512,0.7862723214285714
G0082,C06,N1,1001,2,COBYLA,512,0.7808314732142857
G0082,C07,N1,1000,2,SPSA,256,0.6520647321428571
G0082,C07,N1,1001,2,SPSA,256,0.748046875
G0082,C08,N1,1000,2,SPSA,512,0.7183314732142857
G0082,C08,N1,1001,2,SPSA,512,0.7293526785714286
G0082,C09,N1,1000,3,COBYLA,256,0.6389508928571429
G0082,C09,N1,1001,3,COBYLA,256,0.7912946428571429
G0082,C10,N1,1000,3,COBYLA,512,0.7805524553571429
G0082,C10,N1,1001,3,COBYLA,512,0.8137555803571429
G0082,C11,N1,1000,3,SPSA,256,0.6967075892857143
G0082,C11,N1,1001,3,SPSA,256,0.7703683035714286
G0082,C12,N1,1000,3,SPSA,512,0.6950334821428571
G0082,C12,N1,1001,3,SPSA,512,0.7306082589285714
G0082,C01,N2,1000,1,COBYLA,256,0.6763392857142857
G0082,C01,N2,1001,1,COBYLA,256,0.6537388392857143
G0082,C02,N2,1000,1,COBYLA,512,0.7573939732142857
G0082,C02,N2,1001,1,COBYLA,512,0.6593191964285714
G0082,C03,N2,1000,1,SPSA,256,0.7592075892857143
G0082,C03,N2,1001,1,SPSA,256,0.7561383928571429
G0082,C04,N2,1000,1,SPSA,512,0.7555803571428571
G0082,C04,N2,1001,1,SPSA,512,0.7565569196428571
G0082,C05,N2,1000,2,COBYLA,256,0.7162388392857143
G0082,C05,N2,1001,2,COBYLA,256,0.7321428571428571
G0082,C06,N2,1000,2,COBYLA,512,0.7268415178571429
G0082,C06,N2,1001,2,COBYLA,512,0.7268415178571429
G0082,C07,N2,1000,2,SPSA,256,0.6509486607142857
G0082,C07,N2,1001,2,SPSA,256,0.7134486607142857
G0082,C08,N2,1000,2,SPSA,512,0.6870814732142857
G0082,C08,N2,1001,2,SPSA,512,0.7001953125
G0082,C09,N2,1000,3,COBYLA,256,0.634765625
G0082,C09,N2,1001,3,COBYLA,256,0.7327008928571429
G0082,C10,N2,1000,3,COBYLA,512,0.7054966517857143
G0082,C10,N2,1001,3,COBYLA,512,0.7515345982142857
G0082,C11,N2,1000,3,SPSA,256,0.671875
G0082,C11,N2,1001,3,SPSA,256,0.7117745535714286
G0082,C12,N2,1000,3,SPSA,512,0.6725725446428571
G0082,C12,N2,1001,3,SPSA,512,0.6993582589285714
G0083,C01,N1,1000,1,COBYLA,256,0.7580729166666667
G0083,C01,N1,1001,1,COBYLA,256,0.7614583333333333
G0083,C02,N1,1000,1,COBYLA,512,0.7630208333333334
G0083,C02,N1,1001,1,COBYLA,512,0.6009114583333334
G0083,C03,N1,1000,1,SPSA,256,0.75234375
G0083,C03,N1,1001,1,SPSA,256,0.7486979166666666
G0083,C04,N1,1000,1,SPSA,512,0.7623697916666666
G0083,C04,N1,1001,1,SPSA,512,0.7618489583333333
G0083,C05,N1,1000,2,COBYLA,256,0.7419270833333333
G0083,C05,N1,1001,2,COBYLA,256,0.73515625
G0083,C06,N1,1000,2,COBYLA,512,0.7385416666666667
G0083,C06,N1,1001,2,COBYLA,512,0.7436197916666667
G0083,C07,N1,1000,2,SPSA,256,0.696875
G0083,C07,N1,1001,2,SPSA,256,0.7393229166666667
G0083,C08,N1,1000,2,SPSA,512,0.6196614583333333
G0083,C08,N1,1001,2,SPSA,512,0.7375
G0083,C09,N1,1000,3,COBYLA,256,0.7747395833333334
G0083,C09,N1,1001,3,COBYLA,256,0.7763020833333333
G0083,C10,N1,1000,3,COBYLA,512,0.6971354166666667
G0083,C10,N1,1001,3,COBYLA,512,0.775390625
G0083,C11,N1,1000,3,SPSA,256,0.7341145833333333
G0083,C11,N1,1001,3,SPSA,256,0.734375
G0083,C12,N1,1000,3,SPSA,512,0.6342447916666667
G0083,C12,N1,1001,3,SPSA,512,0.7563802083333333
G0083,C01,N2,1000,1,COBYLA,256,0.7153645833333333
G0083,C01,N2,1001,1,COBYLA,256,0.72421875
G0083,C02,N2,1000,1,COBYLA,512,0.7229166666666667
G0083,C02,N2,1001,1,COBYLA,512,0.6028645833333334
G0083,C03,N2,1000,1,SPSA,256,0.7166666666666667
G0083,C03,N2,1001,1,SPSA,256,0.7096354166666666
G0083,C04,N2,1000,1,SPSA,512,0.7213541666666666
G0083,C04,N2,1001,1,SPSA,512,0.7188802083333333
G0083,C05,N2,1000,2,COBYLA,256,0.6854166666666667
G0083,C05,N2,1001,2,COBYLA,256,0.6833333333333333
G0083,C06,N2,1000,2,COBYLA,512,0.6786458333333333
G0083,C06,N2,1001,2,COBYLA,512,0.6821614583333333
G0083,C07,N2,1000,2,SPSA,256,0.6622395833333333
G0083,C07,N2,1001,2,SPSA,256,0.69765625
G0083,C08,N2,1000,2,SPSA,512,0.6139322916666666
G0083,C08,N2,1001,2,SPSA,512,0.675
G0083,C09,N2,1000,3,COBYLA,256,0.7015625
G0083,C09,N2,1001,3,COBYLA,256,0.70625
G0083,C10,N2,1000,3,COBYLA,512,0.658203125
G0083,C10,N2,1001,3,COBYLA,512,0.7010416666666667
G0083,C11,N2,1000,3,SPSA,256,0.67421875
G0083,C11,N2,1001,3,SPSA,256,0.6776041666666667
G0083,C12,N2,1000,3,SPSA,512,0.612109375
G0083,C12,N2,1001,3,SPSA,512,0.69375
G0084,C01,N1,1000,1,COBYLA,256,0.753125
G0084,C01,N1,1001,1,COBYLA,256,0.6078125
G0084,C02,N1,1000,1,COBYLA,512,0.761328125
G0084,C02,N1,1001,1,COBYLA,512,0.60625
G0084,C03,N1,1000,1,SPSA,256,0.6065104166666667
G0084,C03,N1,1001,1,SPSA,256,0.7510416666666667
G0084,C04,N1,1000,1,SPSA,512,0.7489583333333333
G0084,C04,N1,1001,1,SPSA,512,0.7563802083333333
G0084,C05,N1,1000,2,COBYLA,256,0.7268229166666667
G0084,C05,N1,1001,2,COBYLA,256,0.7533854166666667
G0084,C06,N1,1000,2,COBYLA,512,0.7389322916666666
G0084,C06,N1,1001,2,COBYLA,512,0.7513020833333334
G0084,C07,N1,1000,2,SPSA,256,0.64765625
G0084,C07,N1,1001,2,SPSA,256,0.6916666666666667
G0084,C08,N1,1000,2,SPSA,512,0.602734375
G0084,C08,N1,1001,2,SPSA,512,0.7026041666666667
G0084,C09,N1,1000,3,COBYLA,256,0.5822916666666667
G0084,C09,N1,1001,3,COBYLA,256,0.7833333333333333
G0084,C10,N1,1000,3,COBYLA,512,0.5983072916666666
G0084,C10,N1,1001,3,COBYLA,512,0.7864583333333334
G0084,C11,N1,1000,3,SPSA,256,0.68828125
G0084,C11,N1,1001,3,SPSA,256,0.7481770833333333
G0084,C12,N1,1000,3,SPSA,512,0.7067708333333333
G0084,C12,N1,1001,3,SPSA,512,0.738671875
G0084,C01,N2,1000,1,COBYLA,256,0.71875
G0084,C01,N2,1001,1,COBYLA,256,0.6015625
G0084,C02,N2,1000,1,COBYLA,512,0.7251302083333333
G0084,C02,N2,1001,1,COBYLA,512,0.6006510416666667
G0084,C03,N2,1000,1,SPSA,256,0.6028645833333334
G0084,C03,N2,1001,1,SPSA,256,0.71328125
G0084,C04,N2,1000,1,SPSA,512,0.7149739583333333
G0084,C04,N2,1001,1,SPSA,512,0.7236979166666667
G0084,C05,N2,1000,2,COBYLA,256,0.67421875
G0084,C05,N2,1001,2,COBYLA,256,0.6838541666666667
G0084,C06,N2,1000,2,COBYLA,512,0.6813802083333333
G0084,C06,N2,1001,2,COBYLA,512,0.68671875
G0084,C07,N2,1000,2,SPSA,256,0.62734375
G0084,C07,N2,1001,2,SPSA,256,0.6580729166666667
G0084,C08,N2,1000,2,SPSA,512,0.6029947916666667
G0084,C08,N2,1001,2,SPSA,512,0.6717447916666667
G0084,C09,N2,1000,3,COBYLA,256,0.5911458333333334
G0084,C09,N2,1001,3,COBYLA,256,0.7026041666666667
G0084,C10,N2,1000,3,COBYLA,512,0.5994791666666667
G0084,C10,N2,1001,3,COBYLA,512,0.709375
G0084,C11,N2,1000,3,SPSA,256,0.6497395833333334
G0084,C11,N2,1001,3,SPSA,256,0.6838541666666667
G0084,C12,N2,1000,3,SPSA,512,0.65234375
G0084,C12,N2,1001,3,SPSA,512,0.6782552083333333
G0085,C01,N1,1000,1,COBYLA,256,0.8041294642857143
G0085,C01,N1,1001,1,COBYLA,256,0.6607142857142857
G0085,C02,N1,1000,1,COBYLA,512,0.7986886160714286
G0085,C02,N1,1001,1,COBYLA,512,0.6602957589285714
G0085,C03,N1,1000,1,SPSA,256,0.8044084821428571
G0085,C03,N1,1001,1,SPSA,256,0.8052455357142857
G0085,C04,N1,1000,1,SPSA,512,0.7991071428571429
G0085,C04,N1,1001,1,SPSA,512,0.8005022321428571
G0085,C05,N1,1000,2,COBYLA,256,0.771484375
G0085,C05,N1,1001,2,COBYLA,256,0.7921316964285714
G0085,C06,N1,1000,2,COBYLA,512,0.7805524553571429
G0085,C06,N1,1001,2,COBYLA,512,0.7798549107142857
G0085,C07,N1,1000,2,SPSA,256,0.7301897321428571
G0085,C07,N1,1001,2,SPSA,256,0.7357700892857143
G0085,C08,N1,1000,2,SPSA,512,0.7289341517857143
G0085,C08,N1,1001,2,SPSA,512,0.7692522321428571
G0085,C09,N1,1000,3,COBYLA,256,0.8005022321428571
G0085,C09,N1,1001,3,COBYLA,256,0.818359375
G0085,C10,N1,1000,3,COBYLA,512,0.7688337053571429
G0085,C10,N1,1001,3,COBYLA,512,0.8193359375
G0085,C11,N1,1000,3,SPSA,256,0.7419084821428571
G0085,C11,N1,1001,3,SPSA,256,0.7578125
G0085,C12,N1,1000,3,SPSA,512,0.6925223214285714
G0085,C12,N1,1001,3,SPSA,512,0.8045479910714286
G0085,C01,N2,1000,1,COBYLA,256,0.7670200892857143
G0085,C01,N2,1001,1,COBYLA,256,0.6509486607142857
G0085,C02,N2,1000,1,COBYLA,512,0.7684151785714286
G0085,C02,N2,1001,1,COBYLA,512,0.6541573660714286
G0085,C03,N2,1000,1,SPSA,256,0.7672991071428571
G0085,C03,N2,1001,1,SPSA,256,0.7689732142857143
G0085,C04,N2,1000,1,SPSA,512,0.7667410714285714
G0085,C04,N2,1001,1,SPSA,512,0.7679966517857143
G0085,C05,N2,1000,2,COBYLA,256,0.7181919642857143
G0085,C05,N2,1001,2,COBYLA,256,0.7296316964285714
G0085,C06,N2,1000,2,COBYLA,512,0.720703125
G0085,C06,N2,1001,2,COBYLA,512,0.7214006696428571
G0085,C07,N2,1000,2,SPSA,256,0.6961495535714286
G0085,C07,N2,1001,2,SPSA,256,0.7081473214285714
G0085,C08,N2,1000,2,SPSA,512,0.69140625
G0085,C08,N2,1001,2,SPSA,512,0.7310267857142857
G0085,C09,N2,1000,3,COBYLA,256,0.7279575892857143
G0085,C09,N2,1001,3,COBYLA,256,0.7516741071428571
G0085,C10,N2,1000,3,COBYLA,512,0.7218191964285714
G0085,C10,N2,1001,3,COBYLA,512,0.7543247767857143
G0085,C11,N2,1000,3,SPSA,256,0.6891741071428571
G0085,C11,N2,1001,3,SPSA,256,0.7061941964285714
G0085,C12,N2,1000,3,SPSA,512,0.6755022321428571
G0085,C12,N2,1001,3,SPSA,512,0.7327008928571429
G0086,C01,N1,1000,1,COBYLA,256,0.74296875
G0086,C01,N1,1001,1,COBYLA,256,0.7421875
G0086,C02,N1,1000,1,COBYLA,512,0.7385416666666667
G0086,C02,N1,1001,1,COBYLA,512,0.6153645833333333
G0086,C03,N1,1000,1,SPSA,256,0.7471354166666667
G0086,C03,N1,1001,1,SPSA,256,0.7325520833333333
G0086,C04,N1,1000,1,SPSA,512,0.7486979166666666
G0086,C04,N1,1001,1,SPSA,512,0.7354166666666667
G0086,C05,N1,1000,2,COBYLA,256,0.7177083333333333
G0086,C05,N1,1001,2,COBYLA,256,0.703125
G0086,C06,N1,1000,2,COBYLA,512,0.7295572916666667
G0086,C06,N1,1001,2,COBYLA,512,0.74140625
G0086,C07,N1,1000,2,SPSA,256,0.6864583333333333
G0086,C07,N1,1001,2,SPSA,256,0.6911458333333333
G0086,C08,N1,1000,2,SPSA,512,0.6044270833333333
G0086,C08,N1,1001,2,SPSA,512,0.6811197916666667
G0086,C09,N1,1000,3,COBYLA,256,0.64453125
G0086,C09,N1,1001,3,COBYLA,256,0.77578125
G0086,C10,N1,1000,3,COBYLA,512,0.6096354166666667
G0086,C10,N1,1001,3,COBYLA,512,0.77578125
G0086,C11,N1,1000,3,SPSA,256,0.6697916666666667
G0086,C11,N1,1001,3,SPSA,256,0.64375
G0086,C12,N1,1000,3,SPSA,512,0.676171875
G0086,C12,N1,1001,3,SPSA,512,0.74140625
G0086,C01,N2,1000,1,COBYLA,256,0.7135416666666666
G0086,C01,N2,1001,1,COBYLA,256,0.7119791666666667
G0086,C02,N2,1000,1,COBYLA,512,0.7110677083333333
G0086,C02,N2,1001,1,COBYLA,512,0.6178385416666666
G0086,C03,N2,1000,1,SPSA,256,0.7114583333333333
G0086,C03,N2,1001,1,SPSA,256,0.7057291666666666
G0086,C04,N2,1000,1,SPSA,512,0.7186197916666667
G0086,C04,N2,1001,1,SPSA,512,0.7110677083333333
G0086,C05,N2,1000,2,COBYLA,256,0.6588541666666666
G0086,C05,N2,1001,2,COBYLA,256,0.6578125
G0086,C06,N2,1000,2,COBYLA,512,0.6759114583333333
G0086,C06,N2,1001,2,COBYLA,512,0.683203125
G0086,C07,N2,1000,2,SPSA,256,0.6455729166666667
G0086,C07,N2,1001,2,SPSA,256,0.6497395833333334
G0086,C08,N2,1000,2,SPSA,512,0.5997395833333333
G0086,C08,N2,1001,2,SPSA,512,0.653125
G0086,C09,N2,1000,3,COBYLA,256,0.6231770833333333
G0086,C09,N2,1001,3,COBYLA,256,0.6942708333333333
G0086,C10,N2,1000,3,COBYLA,512,0.6083333333333333
G0086,C10,N2,1001,3,COBYLA,512,0.7037760416666666
G0086,C11,N2,1000,3,SPSA,256,0.6481770833333333
G0086,C11,N2,1001,3,SPSA,256,0.6302083333333334
G0086,C12,N2,1000,3,SPSA,512,0.6497395833333334
G0086,C12,N2,1001,3,SPSA,512,0.6817708333333333
G0087,C01,N1,1000,1,COBYLA,256,0.7143229166666667
G0087,C01,N1,1001,1,COBYLA,256,0.5994791666666667
G0087,C02,N1,1000,1,COBYLA,512,0.755078125
G0087,C02,N1,1001,1,COBYLA,512,0.7321614583333333
G0087,C03,N1,1000,1,SPSA,256,0.7463541666666667
G0087,C03,N1,1001,1,SPSA,256,0.7526041666666666
G0087,C04,N1,1000,1,SPSA,512,0.602734375
G0087,C04,N1,1001,1,SPSA,512,0.74921875
G0087,C05,N1,1000,2,COBYLA,256,0.7268229166666667
G0087,C05,N1,1001,2,COBYLA,256,0.740625
G0087,C06,N1,1000,2,COBYLA,512,0.7302083333333333
G0087,C06,N1,1001,2,COBYLA,512,0.742578125
G0087,C07,N1,1000,2,SPSA,256,0.6346354166666667
G0087,C07,N1,1001,2,SPSA,256,0.7447916666666666
G0087,C08,N1,1000,2,SPSA,512,0.6138020833333333
G0087,C08,N1,1001,2,SPSA,512,0.687890625
G0087,C09,N1,1000,3,COBYLA,256,0.6020833333333333
G0087,C09,N1,1001,3,COBYLA,256,0.7671875
G0087,C10,N1,1000,3,COBYLA,512,0.59765625
G0087,C10,N1,1001,3,COBYLA,512,0.7622395833333333
G0087,C11,N1,1000,3,SPSA,256,0.7416666666666667
G0087,C11,N1,1001,3,SPSA,256,0.7106770833333333
G0087,C12,N1,1000,3,SPSA,512,0.68515625
G0087,C12,N1,1001,3,SPSA,512,0.7036458333333333
G0087,C01,N2,1000,1,COBYLA,256,0.6869791666666667
G0087,C01,N2,1001,1,COBYLA,256,0.5966145833333333
G0087,C02,N2,1000,1,COBYLA,512,0.7188802083333333
G0087,C02,N2,1001,1,COBYLA,512,0.7010416666666667
G0087,C03,N2,1000,1,SPSA,256,0.70703125
G0087,C03,N2,1001,1,SPSA,256,0.7114583333333333
G0087,C04,N2,1000,1,SPSA,512,0.6016927083333333
G0087,C04,N2,1001,1,SPSA,512,0.7139322916666667
G0087,C05,N2,1000,2,COBYLA,256,0.6684895833333333
G0087,C05,N2,1001,2,COBYLA,256,0.67734375
G0087,C06,N2,1000,2,COBYLA,512,0.6733072916666667
G0087,C06,N2,1001,2,COBYLA,512,0.68203125
G0087,C07,N2,1000,2,SPSA,256,0.6247395833333333
G0087,C07,N2,1001,2,SPSA,256,0.6963541666666667
G0087,C08,N2,1000,2,SPSA,512,0.6140625
G0087,C08,N2,1001,2,SPSA,512,0.6546875
G0087,C09,N2,1000,3,COBYLA,256,0.6075520833333333
G0087,C09,N2,1001,3,COBYLA,256,0.7052083333333333
G0087,C10,N2,1000,3,COBYLA,512,0.6026041666666667
G0087,C10,N2,1001,3,COBYLA,512,0.7024739583333334
G0087,C11,N2,1000,3,SPSA,256,0.690625
G0087,C11,N2,1001,3,SPSA,256,0.6671875
G0087,C12,N2,1000,3,SPSA,512,0.6484375
G0087,C12,N2,1001,3,SPSA,512,0.6576822916666667
G0088,C01,N1,1000,1,COBYLA,256,0.6897321428571429
G0088,C01,N1,1001,1,COBYLA,256,0.77734375
G0088,C02,N1,1000,1,COBYLA,512,0.7945033482142857
G0088,C02,N1,1001,1,COBYLA,512,0.7894810267857143
G0088,C03,N1,1000,1,SPSA,256,0.7890625
G0088,C03,N1,1001,1,SPSA,256,0.7268415178571429
G0088,C04,N1,1000,1,SPSA,512,0.7932477678571429
G0088,C04,N1,1001,1,SPSA,512,0.7780412946428571
G0088,C05,N1,1000,2,COBYLA,256,0.7014508928571429
G0088,C05,N1,1001,2,COBYLA,256,0.7703683035714286
G0088,C06,N1,1000,2,COBYLA,512,0.7727399553571429
G0088,C06,N1,1001,2,COBYLA,512,0.7905970982142857
G0088,C07,N1,1000,2,SPSA,256,0.7064732142857143
G0088,C07,N1,1001,2,SPSA,256,0.7751116071428571
G0088,C08,N1,1000,2,SPSA,512,0.6407645089285714
G0088,C08,N1,1001,2,SPSA,512,0.8039899553571429
G0088,C09,N1,1000,3,COBYLA,256,0.6316964285714286
G0088,C09,N1,1001,3,COBYLA,256,0.814453125
G0088,C10,N1,1000,3,COBYLA,512,0.6326729910714286
G0088,C10,N1,1001,3,COBYLA,512,0.7922712053571429
G0088,C11,N1,1000,3,SPSA,256,0.7745535714285714
G0088,C11,N1,1001,3,SPSA,256,0.7377232142857143
G0088,C12,N1,1000,3,SPSA,512,0.7841796875
G0088,C12,N1,1001,3,SPSA,512,0.70703125
G0088,C01,N2,1000,1,COBYLA,256,0.6821986607142857
G0088,C01,N2,1001,1,COBYLA,256,0.7555803571428571
G0088,C02,N2,1000,1,COBYLA,512,0.7677176339285714
G0088,C02,N2,1001,1,COBYLA,512,0.7643694196428571
G0088,C03,N2,1000,1,SPSA,256,0.7619977678571429
G0088,C03,N2,1001,1,SPSA,256,0.7114955357142857
G0088,C04,N2,1000,1,SPSA,512,0.7653459821428571
G0088,C04,N2,1001,1,SPSA,512,0.7555803571428571
G0088,C05,N2,1000,2,COBYLA,256,0.6782924107142857
G0088,C05,N2,1001,2,COBYLA,256,0.7190290178571429
G0088,C06,N2,1000,2,COBYLA,512,0.7236328125
G0088,C06,N2,1001,2,COBYLA,512,0.7364676339285714
G0088,C07,N2,1000,2,SPSA,256,0.6819196428571429
G0088,C07,N2,1001,2,SPSA,256,0.7427455357142857
G0088,C08,N2,1000,2,SPSA,512,0.638671875
G0088,C08,N2,1001,2,SPSA,512,0.7624162946428571
G0088,C09,N2,1000,3,COBYLA,256,0.6409040178571429
G0088,C09,N2,1001,3,COBYLA,256,0.7488839285714286
G0088,C10,N2,1000,3,COBYLA,512,0.6449497767857143
G0088,C10,N2,1001,3,COBYLA,512,0.7392578125
G0088,C11,N2,1000,3,SPSA,256,0.7123325892857143
G0088,C11,N2,1001,3,SPSA,256,0.7028459821428571
G0088,C12,N2,1000,3,SPSA,512,0.7289341517857143
G0088,C12,N2,1001,3,SPSA,512,0.6856863839285714
G0089,C01,N1,1000,1,COBYLA,256,0.7473958333333334
G0089,C01,N1,1001,1,COBYLA,256,0.7565104166666666
G0089,C02,N1,1000,1,COBYLA,512,0.7497395833333333
G0089,C02,N1,1001,1,COBYLA,512,0.6036458333333333
G0089,C03,N1,1000,1,SPSA,256,0.7466145833333333
G0089,C03,N1,1001,1,SPSA,256,0.7544270833333333
G0089,C04,N1,1000,1,SPSA,512,0.7486979166666666
G0089,C04,N1,1001,1,SPSA,512,0.7404947916666667
G0089,C05,N1,1000,2,COBYLA,256,0.6361979166666667
G0089,C05,N1,1001,2,COBYLA,256,0.7447916666666666
G0089,C06,N1,1000,2,COBYLA,512,0.7203125
G0089,C06,N1,1001,2,COBYLA,512,0.7459635416666667
G0089,C07,N1,1000,2,SPSA,256,0.71640625
G0089,C07,N1,1001,2,SPSA,256,0.6794270833333333
G0089,C08,N1,1000,2,SPSA,512,0.7341145833333333
G0089,C08,N1,1001,2,SPSA,512,0.7817708333333333
G0089,C09,N1,1000,3,COBYLA,256,0.7263020833333333
G0089,C09,N1,1001,3,COBYLA,256,0.7731770833333333
G0089,C10,N1,1000,3,COBYLA,512,0.7944010416666667
G0089,C10,N1,1001,3,COBYLA,512,0.7545572916666666
G0089,C11,N1,1000,3,SPSA,256,0.6666666666666666
G0089,C11,N1,1001,3,SPSA,256,0.6877604166666667
G0089,C12,N1,1000,3,SPSA,512,0.68359375
G0089,C12,N1,1001,3,SPSA,512,0.71484375
G0089,C01,N2,1000,1,COBYLA,256,0.70859375
G0089,C01,N2,1001,1,COBYLA,256,0.71328125
G0089,C02,N2,1000,1,COBYLA,512,0.712109375
G0089,C02,N2,1001,1,COBYLA,512,0.604296875
G0089,C03,N2,1000,1,SPSA,256,0.7080729166666667
G0089,C03,N2,1001,1,SPSA,256,0.7106770833333333
G0089,C04,N2,1000,1,SPSA,512,0.7125
G0089,C04,N2,1001,1,SPSA,512,0.7069010416666667
G0089,C05,N2,1000,2,COBYLA,256,0.6145833333333334
G0089,C05,N2,1001,2,COBYLA,256,0.6848958333333334
G0089,C06,N2,1000,2,COBYLA,512,0.67109375
G0089,C06,N2,1001,2,COBYLA,512,0.6860677083333333
G0089,C07,N2,1000,2,SPSA,256,0.6658854166666667
G0089,C07,N2,1001,2,SPSA,256,0.65078125
G0089,C08,N2,1000,2,SPSA,512,0.6772135416666667
G0089,C08,N2,1001,2,SPSA,512,0.7234375
G0089,C09,N2,1000,3,COBYLA,256,0.6588541666666666
G0089,C09,N2,1001,3,COBYLA,256,0.7036458333333333
G0089,C10,N2,1000,3,COBYLA,512,0.7080729166666667
G0089,C10,N2,1001,3,COBYLA,512,0.6904947916666667
G0089,C11,N2,1000,3,SPSA,256,0.640625
G0089,C11,N2,1001,3,SPSA,256,0.65546875
G0089,C12,N2,1000,3,SPSA,512,0.6415364583333333
G0089,C12,N2,1001,3,SPSA,512,0.6684895833333333
