graph_id,config_id,noise_condition,depth,optimizer,shots,mean_expected_approximation_ratio,std_expected_approximation_ratio,n_seeds,num_nodes,num_edges,graph_family,graph_seed,density,optimizer_code,noise_code,family_code,split
G0001,C01,N0,1,COBYLA,256,0.6294921875,0.0146393200792527,2,10,12,erdos_renyi,10000,0.2666666666666666,0,0,0,train
G0001,C02,N0,1,COBYLA,512,0.64853515625,0.0158822812180572,2,10,12,erdos_renyi,10000,0.2666666666666666,0,0,0,train
G0001,C03,N0,1,SPSA,256,0.6363281249999999,0.0093912619376338,2,10,12,erdos_renyi,10000,0.2666666666666666,1,0,0,train
G0001,C04,N0,1,SPSA,512,0.6375,0.0071815532464258,2,10,12,erdos_renyi,10000,0.2666666666666666,1,0,0,train
G0001,C05,N0,2,COBYLA,256,0.67421875,0.0193349510480696,2,10,12,erdos_renyi,10000,0.2666666666666666,0,0,0,train
G0001,C06,N0,2,COBYLA,512,0.6357421875,0.0110485434560398,2,10,12,erdos_renyi,10000,0.2666666666666666,0,0,0,train
G0001,C07,N0,2,SPSA,256,0.704296875,0.1016465997955662,2,10,12,erdos_renyi,10000,0.2666666666666666,1,0,0,train
G0001,C08,N0,2,SPSA,512,0.6673828125000001,0.0375650477505353,2,10,12,erdos_renyi,10000,0.2666666666666666,1,0,0,train
G0001,C09,N0,3,COBYLA,256,0.646875,0.0392223292689412,2,10,12,erdos_renyi,10000,0.2666666666666666,0,0,0,train
G0001,C10,N0,3,COBYLA,512,0.63056640625,0.0125677181812452,2,10,12,erdos_renyi,10000,0.2666666666666666,0,0,0,train
G0001,C11,N0,3,SPSA,256,0.7181640625000001,0.0991606775179573,2,10,12,erdos_renyi,10000,0.2666666666666666,1,0,0,train
G0001,C12,N0,3,SPSA,512,0.726171875,0.0947412601355413,2,10,12,erdos_renyi,10000,0.2666666666666666,1,0,0,train
G0002,C01,N0,1,COBYLA,256,0.6357421875,0.0013810679320049,2,10,14,erdos_renyi,10001,0.3111111111111111,0,0,0,train
G0002,C02,N0,1,COBYLA,512,0.6433919270833333,0.0043733817846824,2,10,14,erdos_renyi,10001,0.3111111111111111,0,0,0,train
G0002,C03,N0,1,SPSA,256,0.6554361979166667,0.0085165855806974,2,10,14,erdos_renyi,10001,0.3111111111111111,1,0,0,train
G0002,C04,N0,1,SPSA,512,0.658203125,0.00184142390934,2,10,14,erdos_renyi,10001,0.3111111111111111,1,0,0,train
G0002,C05,N0,2,COBYLA,256,0.6490885416666667,0.0257799347307596,2,10,14,erdos_renyi,10001,0.3111111111111111,0,0,0,train
G0002,C06,N0,2,COBYLA,512,0.662353515625,0.0194500400424034,2,10,14,erdos_renyi,10001,0.3111111111111111,0,0,0,train
G0002,C07,N0,2,SPSA,256,0.6697591145833334,0.0214065529460771,2,10,14,erdos_renyi,10001,0.3111111111111111,1,0,0,train
G0002,C08,N0,2,SPSA,512,0.6682942708333334,0.0207160189800746,2,10,14,erdos_renyi,10001,0.3111111111111111,1,0,0,train
G0002,C09,N0,3,COBYLA,256,0.6590169270833333,0.0195651290367371,2,10,14,erdos_renyi,10001,0.3111111111111111,0,0,0,train
G0002,C10,N0,3,COBYLA,512,0.6708984375,0.0230177988667495,2,10,14,erdos_renyi,10001,0.3111111111111111,0,0,0,train
G0002,C11,N0,3,SPSA,256,0.6695963541666667,0.0115088994333748,2,10,14,erdos_renyi,10001,0.3111111111111111,1,0,0,train
G0002,C12,N0,3,SPSA,512,0.6774088541666667,0.0329154523794519,2,10,14,erdos_renyi,10001,0.3111111111111111,1,0,0,train
G0003,C01,N0,1,COBYLA,256,0.6326497395833333,0.0195651290367371,2,10,15,erdos_renyi,10002,0.3333333333333333,0,0,0,validation
G0003,C02,N0,1,COBYLA,512,0.728759765625,0.0010358009490037,2,10,15,erdos_renyi,10002,0.3333333333333333,0,0,0,validation
G0003,C03,N0,1,SPSA,256,0.6935221354166667,0.0402811480168117,2,10,15,erdos_renyi,10002,0.3333333333333333,1,0,0,validation
G0003,C04,N0,1,SPSA,512,0.7255045572916666,0.0044884707790161,2,10,15,erdos_renyi,10002,0.3333333333333333,1,0,0,validation
G0003,C05,N0,2,COBYLA,256,0.6959635416666666,0.0124296113880447,2,10,15,erdos_renyi,10002,0.3333333333333333,0,0,0,validation
G0003,C06,N0,2,COBYLA,512,0.701416015625,0.0010358009490037,2,10,15,erdos_renyi,10002,0.3333333333333333,0,0,0,validation
G0003,C07,N0,2,SPSA,256,0.6803385416666667,0.0782605161469486,2,10,15,erdos_renyi,10002,0.3333333333333333,1,0,0,validation
G0003,C08,N0,2,SPSA,512,0.68212890625,0.0692835745889162,2,10,15,erdos_renyi,10002,0.3333333333333333,1,0,0,validation
G0003,C09,N0,3,COBYLA,256,0.6904296875,0.0718155324642587,2,10,15,erdos_renyi,10002,0.3333333333333333,0,0,0,validation
G0003,C10,N0,3,COBYLA,512,0.67919921875,0.0550125392915315,2,10,15,erdos_renyi,10002,0.3333333333333333,0,0,0,validation
G0003,C11,N0,3,SPSA,256,0.7433268229166667,0.0191047730594021,2,10,15,erdos_renyi,10002,0.3333333333333333,1,0,0,validation
G0003,C12,N0,3,SPSA,512,0.7411295572916667,0.0040281148016812,2,10,15,erdos_renyi,10002,0.3333333333333333,1,0,0,validation
G0004,C01,N0,1,COBYLA,256,0.6703404017857143,0.0897694155803234,2,10,16,erdos_renyi,10003,0.3555555555555555,0,0,0,train
G0004,C02,N0,1,COBYLA,512,0.5867047991071429,0.0324550964021169,2,10,16,erdos_renyi,10003,0.3555555555555555,0,0,0,train
G0004,C03,N0,1,SPSA,256,0.5717075892857142,0.0272267678023837,2,10,16,erdos_renyi,10003,0.3555555555555555,1,0,0,train
G0004,C04,N0,1,SPSA,512,0.5744977678571428,0.021505200655506,2,10,16,erdos_renyi,10003,0.3555555555555555,1,0,0,train
G0004,C05,N0,2,COBYLA,256,0.5799386160714286,0.0061161579845934,2,10,16,erdos_renyi,10003,0.3555555555555555,0,0,0,train
G0004,C06,N0,2,COBYLA,512,0.5992606026785714,0.0277200063495284,2,10,16,erdos_renyi,10003,0.3555555555555555,0,0,0,train
G0004,C07,N0,2,SPSA,256,0.6037946428571428,0.0157836335086281,2,10,16,erdos_renyi,10003,0.3555555555555555,1,0,0,train
G0004,C08,N0,2,SPSA,512,0.5980747767857143,0.0033540221205835,2,10,16,erdos_renyi,10003,0.3555555555555555,1,0,0,train
G0004,C09,N0,3,COBYLA,256,0.6007254464285714,0.0011837725131471,2,10,16,erdos_renyi,10003,0.3555555555555555,0,0,0,train
G0004,C10,N0,3,COBYLA,512,0.6003069196428572,0.0061161579845933,2,10,16,erdos_renyi,10003,0.3555555555555555,0,0,0,train
G0004,C11,N0,3,SPSA,256,0.5998883928571429,0.0,2,10,16,erdos_renyi,10003,0.3555555555555555,1,0,0,train
G0004,C12,N0,3,SPSA,512,0.6109793526785714,0.0034526698300124,2,10,16,erdos_renyi,10003,0.3555555555555555,1,0,0,train
G0005,C01,N0,1,COBYLA,256,0.6626953124999999,0.0301072809177085,2,10,12,erdos_renyi,10004,0.2666666666666666,0,0,0,train
G0005,C02,N0,1,COBYLA,512,0.630859375,0.0058004853144209,2,10,12,erdos_renyi,10004,0.2666666666666666,0,0,0,train
G0005,C03,N0,1,SPSA,256,0.673046875,0.0060766989008219,2,10,12,erdos_renyi,10004,0.2666666666666666,1,0,0,train
G0005,C04,N0,1,SPSA,512,0.6854492187500001,0.0335599507477209,2,10,12,erdos_renyi,10004,0.2666666666666666,1,0,0,train
G0005,C05,N0,2,COBYLA,256,0.677734375,0.0359077662321293,2,10,12,erdos_renyi,10004,0.2666666666666666,0,0,0,train
G0005,C06,N0,2,COBYLA,512,0.7176757812500001,0.1122808228720045,2,10,12,erdos_renyi,10004,0.2666666666666666,0,0,0,train
G0005,C07,N0,2,SPSA,256,0.688671875,0.0392223292689414,2,10,12,erdos_renyi,10004,0.2666666666666666,1,0,0,train
G0005,C08,N0,2,SPSA,512,0.7232421875,0.0999893182771602,2,10,12,erdos_renyi,10004,0.2666666666666666,1,0,0,train
G0005,C09,N0,3,COBYLA,256,0.6677734375,0.0389461156825402,2,10,12,erdos_renyi,10004,0.2666666666666666,0,0,0,train
G0005,C10,N0,3,COBYLA,512,0.642578125,0.0220970869120796,2,10,12,erdos_renyi,10004,0.2666666666666666,0,0,0,train
G0005,C11,N0,3,SPSA,256,0.80625,0.0077339804192278,2,10,12,erdos_renyi,10004,0.2666666666666666,1,0,0,train
G0005,C12,N0,3,SPSA,512,0.834375,0.0276213586400995,2,10,12,erdos_renyi,10004,0.2666666666666666,1,0,0,train
G0006,C01,N0,1,COBYLA,256,0.6121419270833333,0.0126597893767123,2,10,14,erdos_renyi,10005,0.3111111111111111,0,0,0,train
G0006,C02,N0,1,COBYLA,512,0.62353515625,0.0071355176486923,2,10,14,erdos_renyi,10005,0.3111111111111111,0,0,0,train
G0006,C03,N0,1,SPSA,256,0.62548828125,0.0121994333993773,2,10,14,erdos_renyi,10005,0.3111111111111111,1,0,0,train
G0006,C04,N0,1,SPSA,512,0.628662109375,0.0017263349150062,2,10,14,erdos_renyi,10005,0.3111111111111111,1,0,0,train
G0006,C05,N0,2,COBYLA,256,0.6240234375,0.0395906140508092,2,10,14,erdos_renyi,10005,0.3111111111111111,0,0,0,train
G0006,C06,N0,2,COBYLA,512,0.637939453125,0.0275062696457657,2,10,14,erdos_renyi,10005,0.3111111111111111,0,0,0,train
G0006,C07,N0,2,SPSA,256,0.6399739583333333,0.0105881874787048,2,10,14,erdos_renyi,10005,0.3111111111111111,1,0,0,train
G0006,C08,N0,2,SPSA,512,0.6402994791666667,0.0119692554107098,2,10,14,erdos_renyi,10005,0.3111111111111111,1,0,0,train
G0006,C09,N0,3,COBYLA,256,0.5856119791666667,0.0064449836826899,2,10,14,erdos_renyi,10005,0.3111111111111111,0,0,0,train
G0006,C10,N0,3,COBYLA,512,0.625244140625,0.0155370142350559,2,10,14,erdos_renyi,10005,0.3111111111111111,0,0,0,train
G0006,C11,N0,3,SPSA,256,0.638671875,0.0023017798866749,2,10,14,erdos_renyi,10005,0.3111111111111111,1,0,0,train
G0006,C12,N0,3,SPSA,512,0.642578125,0.0034526698300124,2,10,14,erdos_renyi,10005,0.3111111111111111,1,0,0,train
G0007,C01,N0,1,COBYLA,256,0.6185396634615384,0.0316583264413448,2,10,16,erdos_renyi,10006,0.3555555555555555,0,0,0,train
G0007,C02,N0,1,COBYLA,512,0.6440054086538463,0.0362264742164381,2,10,16,erdos_renyi,10006,0.3555555555555555,0,0,0,train
G0007,C03,N0,1,SPSA,256,0.6236478365384615,0.0274088866505602,2,10,16,erdos_renyi,10006,0.3555555555555555,1,0,0,train
G0007,C04,N0,1,SPSA,512,0.6026141826923077,0.0076489916234121,2,10,16,erdos_renyi,10006,0.3555555555555555,1,0,0,train
G0007,C05,N0,2,COBYLA,256,0.6431790865384616,0.0282587746087171,2,10,16,erdos_renyi,10006,0.3555555555555555,0,0,0,train
G0007,C06,N0,2,COBYLA,512,0.6617337740384616,0.0179538831160646,2,10,16,erdos_renyi,10006,0.3555555555555555,0,0,0,train
G0007,C07,N0,2,SPSA,256,0.701171875,0.1043237468637604,2,10,16,erdos_renyi,10006,0.3555555555555555,1,0,0,train
G0007,C08,N0,2,SPSA,512,0.6561748798076923,0.0493997375678702,2,10,16,erdos_renyi,10006,0.3555555555555555,1,0,0,train
G0007,C09,N0,3,COBYLA,256,0.6292067307692308,0.0382449581170608,2,10,16,erdos_renyi,10006,0.3555555555555555,0,0,0,train
G0007,C10,N0,3,COBYLA,512,0.6781850961538461,0.0146605672782067,2,10,16,erdos_renyi,10006,0.3555555555555555,0,0,0,train
G0007,C11,N0,3,SPSA,256,0.6482872596153846,0.0384574301066001,2,10,16,erdos_renyi,10006,0.3555555555555555,1,0,0,train
G0007,C12,N0,3,SPSA,512,0.6622596153846154,0.0569424931965127,2,10,16,erdos_renyi,10006,0.3555555555555555,1,0,0,train
G0008,C01,N0,1,COBYLA,256,0.67333984375,0.0052940937393524,2,10,15,erdos_renyi,10007,0.3333333333333333,0,0,0,train
G0008,C02,N0,1,COBYLA,512,0.67919921875,0.00184142390934,2,10,15,erdos_renyi,10007,0.3333333333333333,0,0,0,train
G0008,C03,N0,1,SPSA,256,0.6466471354166666,0.0034526698300124,2,10,15,erdos_renyi,10007,0.3333333333333333,1,0,0,train
G0008,C04,N0,1,SPSA,512,0.6869303385416666,0.0355624992491281,2,10,15,erdos_renyi,10007,0.3333333333333333,1,0,0,train
G0008,C05,N0,2,COBYLA,256,0.638671875,0.0119692554107097,2,10,15,erdos_renyi,10007,0.3333333333333333,0,0,0,train
G0008,C06,N0,2,COBYLA,512,0.6669108072916667,0.0330305413737857,2,10,15,erdos_renyi,10007,0.3333333333333333,0,0,0,train
G0008,C07,N0,2,SPSA,256,0.7081705729166667,0.0591557430875464,2,10,15,erdos_renyi,10007,0.3333333333333333,1,0,0,train
G0008,C08,N0,2,SPSA,512,0.7146809895833333,0.0695137525775837,2,10,15,erdos_renyi,10007,0.3333333333333333,1,0,0,train
G0008,C09,N0,3,COBYLA,256,0.6599934895833333,0.0223272649007471,2,10,15,erdos_renyi,10007,0.3333333333333333,0,0,0,train
G0008,C10,N0,3,COBYLA,512,0.6522623697916666,0.0148464802690534,2,10,15,erdos_renyi,10007,0.3333333333333333,0,0,0,train
G0008,C11,N0,3,SPSA,256,0.685546875,0.0032224918413449,2,10,15,erdos_renyi,10007,0.3333333333333333,1,0,0,train
G0008,C12,N0,3,SPSA,512,0.6925455729166667,0.0204858409914071,2,10,15,erdos_renyi,10007,0.3333333333333333,1,0,0,train
G0009,C01,N0,1,COBYLA,256,0.578515625,0.0189666662662016,2,10,17,erdos_renyi,10008,0.3777777777777777,0,0,0,train
G0009,C02,N0,1,COBYLA,512,0.6534505208333333,0.1155493503110829,2,10,17,erdos_renyi,10008,0.3777777777777777,0,0,0,train
G0009,C03,N0,1,SPSA,256,0.5838541666666667,0.0165728151840597,2,10,17,erdos_renyi,10008,0.3777777777777777,1,0,0,train
G0009,C04,N0,1,SPSA,512,0.5825520833333333,0.0156521032293897,2,10,17,erdos_renyi,10008,0.3777777777777777,1,0,0,train
G0009,C05,N0,2,COBYLA,256,0.58125,0.0088388347648319,2,10,17,erdos_renyi,10008,0.3777777777777777,0,0,0,train
G0009,C06,N0,2,COBYLA,512,0.5856770833333333,0.0005524271728019,2,10,17,erdos_renyi,10008,0.3777777777777777,0,0,0,train
G0009,C07,N0,2,SPSA,256,0.5872395833333334,0.0003682847818679,2,10,17,erdos_renyi,10008,0.3777777777777777,1,0,0,train
G0009,C08,N0,2,SPSA,512,0.5858723958333334,0.0002762135864009,2,10,17,erdos_renyi,10008,0.3777777777777777,1,0,0,train
G0009,C09,N0,3,COBYLA,256,0.5934895833333333,0.0169410999659276,2,10,17,erdos_renyi,10008,0.3777777777777777,0,0,0,train
G0009,C10,N0,3,COBYLA,512,0.5915364583333333,0.0130741097563138,2,10,17,erdos_renyi,10008,0.3777777777777777,0,0,0,train
G0009,C11,N0,3,SPSA,256,0.570703125,0.0193349510480696,2,10,17,erdos_renyi,10008,0.3777777777777777,1,0,0,train
G0009,C12,N0,3,SPSA,512,0.5786458333333333,0.0099436891104358,2,10,17,erdos_renyi,10008,0.3777777777777777,1,0,0,train
G0010,C01,N0,1,COBYLA,256,0.6282087053571428,0.1020017315495103,2,10,15,erdos_renyi,10009,0.3333333333333333,0,0,0,test
G0010,C02,N0,1,COBYLA,512,0.6200474330357143,0.1022976746777971,2,10,15,erdos_renyi,10009,0.3333333333333333,0,0,0,test
G0010,C03,N0,1,SPSA,256,0.6040736607142857,0.0816803034071513,2,10,15,erdos_renyi,10009,0.3333333333333333,1,0,0,test
G0010,C04,N0,1,SPSA,512,0.5851702008928572,0.0300875513758227,2,10,15,erdos_renyi,10009,0.3333333333333333,1,0,0,test
G0010,C05,N0,2,COBYLA,256,0.5844029017857143,0.0171647014406332,2,10,15,erdos_renyi,10009,0.3333333333333333,0,0,0,test
G0010,C06,N0,2,COBYLA,512,0.595703125,0.0260429952892367,2,10,15,erdos_renyi,10009,0.3333333333333333,0,0,0,test
G0010,C07,N0,2,SPSA,256,0.6139787946428572,0.0112458388748977,2,10,15,erdos_renyi,10009,0.3333333333333333,1,0,0,test
G0010,C08,N0,2,SPSA,512,0.6024693080357143,0.0077931690448851,2,10,15,erdos_renyi,10009,0.3333333333333333,1,0,0,test
G0010,C09,N0,3,COBYLA,256,0.5732421875,0.0428131058921542,2,10,15,erdos_renyi,10009,0.3333333333333333,0,0,0,test
G0010,C10,N0,3,COBYLA,512,0.5749162946428572,0.044391469243017,2,10,15,erdos_renyi,10009,0.3333333333333333,0,0,0,test
G0010,C11,N0,3,SPSA,256,0.6668526785714286,0.1093016620472509,2,10,15,erdos_renyi,10009,0.3333333333333333,1,0,0,test
G0010,C12,N0,3,SPSA,512,0.6906389508928572,0.1476756210151033,2,10,15,erdos_renyi,10009,0.3333333333333333,1,0,0,test
G0011,C01,N0,1,COBYLA,256,0.63759765625,0.0020716018980074,2,12,25,erdos_renyi,10010,0.3787878787878788,0,0,0,train
G0011,C02,N0,1,COBYLA,512,0.636083984375,0.0094603153342341,2,12,25,erdos_renyi,10010,0.3787878787878788,0,0,0,train
G0011,C03,N0,1,SPSA,256,0.6337890625,0.0118771842152428,2,12,25,erdos_renyi,10010,0.3787878787878788,1,0,0,train
G0011,C04,N0,1,SPSA,512,0.639599609375,0.0046265775722166,2,12,25,erdos_renyi,10010,0.3787878787878788,1,0,0,train
G0011,C05,N0,2,COBYLA,256,0.63232421875,0.0095293687308343,2,12,25,erdos_renyi,10010,0.3787878787878788,0,0,0,train
G0011,C06,N0,2,COBYLA,512,0.6932617187500001,0.0853499981979075,2,12,25,erdos_renyi,10010,0.3787878787878788,0,0,0,train
G0011,C07,N0,2,SPSA,256,0.66884765625,0.0656007267702363,2,12,25,erdos_renyi,10010,0.3787878787878788,1,0,0,train
G0011,C08,N0,2,SPSA,512,0.65849609375,0.0407415039941467,2,12,25,erdos_renyi,10010,0.3787878787878788,1,0,0,train
G0011,C09,N0,3,COBYLA,256,0.62578125,0.0022097086912078,2,12,25,erdos_renyi,10010,0.3787878787878788,0,0,0,train
G0011,C10,N0,3,COBYLA,512,0.6498046875000001,0.0038669902096139,2,12,25,erdos_renyi,10010,0.3787878787878788,0,0,0,train
G0011,C11,N0,3,SPSA,256,0.65107421875,0.0023478154844084,2,12,25,erdos_renyi,10010,0.3787878787878788,1,0,0,train
G0011,C12,N0,3,SPSA,512,0.703515625,0.0723679596370606,2,12,25,erdos_renyi,10010,0.3787878787878788,1,0,0,train
G0012,C01,N0,1,COBYLA,256,0.6027560763888888,0.0041432037960149,2,12,22,erdos_renyi,10011,0.3333333333333333,0,0,0,train
G0012,C02,N0,1,COBYLA,512,0.6254340277777778,0.0021483278942299,2,12,22,erdos_renyi,10011,0.3333333333333333,0,0,0,train
G0012,C03,N0,1,SPSA,256,0.6130642361111112,0.0199487590178496,2,12,22,erdos_renyi,10011,0.3333333333333333,1,0,0,train
G0012,C04,N0,1,SPSA,512,0.6152886284722222,0.0095907495278123,2,12,22,erdos_renyi,10011,0.3333333333333333,1,0,0,train
G0012,C05,N0,2,COBYLA,256,0.6030815972222222,0.00184142390934,2,12,22,erdos_renyi,10011,0.3333333333333333,0,0,0,train
G0012,C06,N0,2,COBYLA,512,0.6939019097222222,0.0957540432856783,2,12,22,erdos_renyi,10011,0.3333333333333333,0,0,0,train
G0012,C07,N0,2,SPSA,256,0.6259765625,0.0201022110102946,2,12,22,erdos_renyi,10011,0.3333333333333333,1,0,0,train
G0012,C08,N0,2,SPSA,512,0.6868489583333334,0.0952936873083433,2,12,22,erdos_renyi,10011,0.3333333333333333,1,0,0,train
G0012,C09,N0,3,COBYLA,256,0.6144748263888888,0.0219436349196345,2,12,22,erdos_renyi,10011,0.3333333333333333,0,0,0,train
G0012,C10,N0,3,COBYLA,512,0.6630316840277778,0.0392069840696968,2,12,22,erdos_renyi,10011,0.3333333333333333,0,0,0,train
G0012,C11,N0,3,SPSA,256,0.6296657986111112,0.0127365153729348,2,12,22,erdos_renyi,10011,0.3333333333333333,1,0,0,train
G0012,C12,N0,3,SPSA,512,0.6347113715277778,0.0029923138526773,2,12,22,erdos_renyi,10011,0.3333333333333333,1,0,0,train
G0013,C01,N0,1,COBYLA,256,0.6480654761904763,0.0036828478186799,2,12,26,erdos_renyi,10012,0.3939393939393939,0,0,0,train
G0013,C02,N0,1,COBYLA,512,0.6267206101190477,0.0343951680208857,2,12,26,erdos_renyi,10012,0.3939393939393939,0,0,0,train
G0013,C03,N0,1,SPSA,256,0.6420200892857143,0.0001315302792385,2,12,26,erdos_renyi,10012,0.3939393939393939,1,0,0,train
G0013,C04,N0,1,SPSA,512,0.6448102678571428,0.003945908377157,2,12,26,erdos_renyi,10012,0.3939393939393939,1,0,0,train
G0013,C05,N0,2,COBYLA,256,0.6267671130952381,0.0003945908377157,2,12,26,erdos_renyi,10012,0.3939393939393939,0,0,0,train
G0013,C06,N0,2,COBYLA,512,0.6477864583333334,0.0089440589882227,2,12,26,erdos_renyi,10012,0.3939393939393939,0,0,0,train
G0013,C07,N0,2,SPSA,256,0.6447172619047619,0.0007891816754315,2,12,26,erdos_renyi,10012,0.3939393939393939,1,0,0,train
G0013,C08,N0,2,SPSA,512,0.6502511160714286,0.0133503233427148,2,12,26,erdos_renyi,10012,0.3939393939393939,1,0,0,train
G0013,C09,N0,3,COBYLA,256,0.6275111607142858,0.010653952618324,2,12,26,erdos_renyi,10012,0.3939393939393939,0,0,0,train
G0013,C10,N0,3,COBYLA,512,0.6421130952380952,0.0324879789719265,2,12,26,erdos_renyi,10012,0.3939393939393939,0,0,0,train
G0013,C11,N0,3,SPSA,256,0.6434151785714286,0.0005261211169541,2,12,26,erdos_renyi,10012,0.3939393939393939,1,0,0,train
G0013,C12,N0,3,SPSA,512,0.6395554315476191,0.0141395050181461,2,12,26,erdos_renyi,10012,0.3939393939393939,1,0,0,train
G0014,C01,N0,1,COBYLA,256,0.574938322368421,0.0027621358640099,2,12,22,erdos_renyi,10013,0.3333333333333333,0,0,0,train
G0014,C02,N0,1,COBYLA,512,0.5847553453947368,0.0032709503652749,2,12,22,erdos_renyi,10013,0.3333333333333333,0,0,0,train
G0014,C03,N0,1,SPSA,256,0.587890625,0.0138106793200497,2,12,22,erdos_renyi,10013,0.3333333333333333,1,0,0,train
G0014,C04,N0,1,SPSA,512,0.590306332236842,0.0025440725063248,2,12,22,erdos_renyi,10013,0.3333333333333333,1,0,0,train
G0014,C05,N0,2,COBYLA,256,0.579358552631579,0.0014537557178999,2,12,22,erdos_renyi,10013,0.3333333333333333,0,0,0,train
G0014,C06,N0,2,COBYLA,512,0.5914370888157895,0.0031255747934849,2,12,22,erdos_renyi,10013,0.3333333333333333,0,0,0,train
G0014,C07,N0,2,SPSA,256,0.5779194078947368,0.0043612671536998,2,12,22,erdos_renyi,10013,0.3333333333333333,1,0,0,train
G0014,C08,N0,2,SPSA,512,0.5877878289473684,0.00494276944086,2,12,22,erdos_renyi,10013,0.3333333333333333,1,0,0,train
G0014,C09,N0,3,COBYLA,256,0.5806949013157895,0.0065419007305498,2,12,22,erdos_renyi,10013,0.3333333333333333,0,0,0,train
G0014,C10,N0,3,COBYLA,512,0.5841899671052632,0.0062511495869698,2,12,22,erdos_renyi,10013,0.3333333333333333,0,0,0,train
G0014,C11,N0,3,SPSA,256,0.581517269736842,0.0036343892947499,2,12,22,erdos_renyi,10013,0.3333333333333333,1,0,0,train
G0014,C12,N0,3,SPSA,512,0.585731907894737,0.0026167602922199,2,12,22,erdos_renyi,10013,0.3333333333333333,1,0,0,train
G0015,C01,N0,1,COBYLA,256,0.6618009868421053,0.0063965251587598,2,12,23,erdos_renyi,10014,0.3484848484848485,0,0,0,train
G0015,C02,N0,1,COBYLA,512,0.643040707236842,0.0448483638972142,2,12,23,erdos_renyi,10014,0.3484848484848485,0,0,0,train
G0015,C03,N0,1,SPSA,256,0.6053659539473684,0.0332910059399094,2,12,23,erdos_renyi,10014,0.3484848484848485,1,0,0,train
G0015,C04,N0,1,SPSA,512,0.6087582236842106,0.0034890137229599,2,12,23,erdos_renyi,10014,0.3484848484848485,1,0,0,train
G0015,C05,N0,2,COBYLA,256,0.6288034539473684,0.0210794579095496,2,12,23,erdos_renyi,10014,0.3484848484848485,0,0,0,train
G0015,C06,N0,2,COBYLA,512,0.6682771381578947,0.0174450686147996,2,12,23,erdos_renyi,10014,0.3484848484848485,0,0,0,train
G0015,C07,N0,2,SPSA,256,0.6588199013157895,0.0263129784939895,2,12,23,erdos_renyi,10014,0.3484848484848485,1,0,0,train
G0015,C08,N0,2,SPSA,512,0.6582545230263157,0.0362712051616043,2,12,23,erdos_renyi,10014,0.3484848484848485,1,0,0,train
G0015,C09,N0,3,COBYLA,256,0.6400082236842105,0.0601854867210589,2,12,23,erdos_renyi,10014,0.3484848484848485,0,0,0,train
G0015,C10,N0,3,COBYLA,512,0.637438322368421,0.0444849249677392,2,12,23,erdos_renyi,10014,0.3484848484848485,0,0,0,train
G0015,C11,N0,3,SPSA,256,0.6822574013157895,0.0260222273504095,2,12,23,erdos_renyi,10014,0.3484848484848485,1,0,0,train
G0015,C12,N0,3,SPSA,512,0.657689144736842,0.0366346440910793,2,12,23,erdos_renyi,10014,0.3484848484848485,1,0,0,train
G0016,C01,N0,1,COBYLA,256,0.5943359374999999,0.0127058249744457,2,12,24,erdos_renyi,10015,0.3636363636363636,0,0,0,validation
G0016,C02,N0,1,COBYLA,512,0.611328125,0.0075958736260273,2,12,24,erdos_renyi,10015,0.3636363636363636,0,0,0,validation
G0016,C03,N0,1,SPSA,256,0.6207031249999999,0.0011048543456039,2,12,24,erdos_renyi,10015,0.3636363636363636,1,0,0,validation
G0016,C04,N0,1,SPSA,512,0.618310546875,0.0017263349150062,2,12,24,erdos_renyi,10015,0.3636363636363636,1,0,0,validation
G0016,C05,N0,2,COBYLA,256,0.66357421875,0.0981939299655538,2,12,24,erdos_renyi,10015,0.3636363636363636,0,0,0,validation
G0016,C06,N0,2,COBYLA,512,0.59736328125,0.0033145630368119,2,12,24,erdos_renyi,10015,0.3636363636363636,0,0,0,validation
G0016,C07,N0,2,SPSA,256,0.619921875,0.0033145630368119,2,12,24,erdos_renyi,10015,0.3636363636363636,1,0,0,validation
G0016,C08,N0,2,SPSA,512,0.62373046875,0.0006905339660024,2,12,24,erdos_renyi,10015,0.3636363636363636,1,0,0,validation
G0016,C09,N0,3,COBYLA,256,0.5978515625,0.0140868929064506,2,12,24,erdos_renyi,10015,0.3636363636363636,0,0,0,validation
G0016,C10,N0,3,COBYLA,512,0.6046875,0.0160203880112576,2,12,24,erdos_renyi,10015,0.3636363636363636,0,0,0,validation
G0016,C11,N0,3,SPSA,256,0.61796875,0.0024859222776089,2,12,24,erdos_renyi,10015,0.3636363636363636,1,0,0,validation
G0016,C12,N0,3,SPSA,512,0.60771484375,0.0085626211784308,2,12,24,erdos_renyi,10015,0.3636363636363636,1,0,0,validation
G0017,C01,N0,1,COBYLA,256,0.6298314144736843,0.0062511495869699,2,12,24,erdos_renyi,10016,0.3636363636363636,0,0,0,train
G0017,C02,N0,1,COBYLA,512,0.6397512335526316,0.0045793305113849,2,12,24,erdos_renyi,10016,0.3636363636363636,0,0,0,train
G0017,C03,N0,1,SPSA,256,0.6404194078947368,0.0101762900252997,2,12,24,erdos_renyi,10016,0.3636363636363636,1,0,0,train
G0017,C04,N0,1,SPSA,512,0.6462787828947368,0.0058150228715999,2,12,24,erdos_renyi,10016,0.3636363636363636,1,0,0,train
G0017,C05,N0,2,COBYLA,256,0.6543996710526316,0.00494276944086,2,12,24,erdos_renyi,10016,0.3636363636363636,0,0,0,train
G0017,C06,N0,2,COBYLA,512,0.6576891447368421,0.0107577923124598,2,12,24,erdos_renyi,10016,0.3636363636363636,0,0,0,train
G0017,C07,N0,2,SPSA,256,0.6618009868421053,0.0072687785894998,2,12,24,erdos_renyi,10016,0.3636363636363636,1,0,0,train
G0017,C08,N0,2,SPSA,512,0.6458675986842106,0.0004361267153699,2,12,24,erdos_renyi,10016,0.3636363636363636,1,0,0,train
G0017,C09,N0,3,COBYLA,256,0.6261307565789473,0.0239869693453495,2,12,24,erdos_renyi,10016,0.3636363636363636,0,0,0,train
G0017,C10,N0,3,COBYLA,512,0.6366159539473684,0.0177358197583796,2,12,24,erdos_renyi,10016,0.3636363636363636,0,0,0,train
G0017,C11,N0,3,SPSA,256,0.6519325657894737,0.0066872763023399,2,12,24,erdos_renyi,10016,0.3636363636363636,1,0,0,train
G0017,C12,N0,3,SPSA,512,0.646021792763158,0.000508814501265,2,12,24,erdos_renyi,10016,0.3636363636363636,1,0,0,train
G0018,C01,N0,1,COBYLA,256,0.6147748161764706,0.0541053672185479,2,12,20,erdos_renyi,10017,0.303030303030303,0,0,0,train
G0018,C02,N0,1,COBYLA,512,0.7054227941176471,0.0831890330807703,2,12,20,erdos_renyi,10017,0.303030303030303,0,0,0,train
G0018,C03,N0,1,SPSA,256,0.6263786764705883,0.0425693880218003,2,12,20,erdos_renyi,10017,0.303030303030303,1,0,0,train
G0018,C04,N0,1,SPSA,512,0.6291360294117647,0.043056823762508,2,12,20,erdos_renyi,10017,0.303030303030303,1,0,0,train
G0018,C05,N0,2,COBYLA,256,0.6379825367647058,0.0030870930244817,2,12,20,erdos_renyi,10017,0.303030303030303,0,0,0,train
G0018,C06,N0,2,COBYLA,512,0.6224724264705882,0.0307084516645812,2,12,20,erdos_renyi,10017,0.303030303030303,0,0,0,train
G0018,C07,N0,2,SPSA,256,0.6357996323529411,0.0100736719746245,2,12,20,erdos_renyi,10017,0.303030303030303,1,0,0,train
G0018,C08,N0,2,SPSA,512,0.6241957720588236,0.0401322093182621,2,12,20,erdos_renyi,10017,0.303030303030303,1,0,0,train
G0018,C09,N0,3,COBYLA,256,0.7061121323529411,0.0796145043155809,2,12,20,erdos_renyi,10017,0.303030303030303,0,0,0,train
G0018,C10,N0,3,COBYLA,512,0.7093864889705883,0.0857074510744264,2,12,20,erdos_renyi,10017,0.303030303030303,0,0,0,train
G0018,C11,N0,3,SPSA,256,0.693014705882353,0.0672661322176541,2,12,20,erdos_renyi,10017,0.303030303030303,1,0,0,train
G0018,C12,N0,3,SPSA,512,0.7022633272058822,0.0827828366301805,2,12,20,erdos_renyi,10017,0.303030303030303,1,0,0,train
G0019,C01,N0,1,COBYLA,256,0.65576171875,0.0611813093878203,2,12,25,erdos_renyi,10018,0.3787878787878788,0,0,0,train
G0019,C02,N0,1,COBYLA,512,0.6773925781250001,0.0642887122348316,2,12,25,erdos_renyi,10018,0.3787878787878788,0,0,0,train
G0019,C03,N0,1,SPSA,256,0.6794921875,0.0817592215746945,2,12,25,erdos_renyi,10018,0.3787878787878788,1,0,0,train
G0019,C04,N0,1,SPSA,512,0.674365234375,0.0750610421044704,2,12,25,erdos_renyi,10018,0.3787878787878788,1,0,0,train
G0019,C05,N0,2,COBYLA,256,0.7322265625,0.0334218439545204,2,12,25,erdos_renyi,10018,0.3787878787878788,0,0,0,train
G0019,C06,N0,2,COBYLA,512,0.694140625,0.0948793669287418,2,12,25,erdos_renyi,10018,0.3787878787878788,0,0,0,train
G0019,C07,N0,2,SPSA,256,0.6763671875,0.0765111634330756,2,12,25,erdos_renyi,10018,0.3787878787878788,1,0,0,train
G0019,C08,N0,2,SPSA,512,0.659619140625,0.0529639551923907,2,12,25,erdos_renyi,10018,0.3787878787878788,1,0,0,train
G0019,C09,N0,3,COBYLA,256,0.76044921875,0.0548283969005975,2,12,25,erdos_renyi,10018,0.3787878787878788,0,0,0,train
G0019,C10,N0,3,COBYLA,512,0.762548828125,0.0315574022463137,2,12,25,erdos_renyi,10018,0.3787878787878788,0,0,0,train
G0019,C11,N0,3,SPSA,256,0.701171875,0.0894932019939223,2,12,25,erdos_renyi,10018,0.3787878787878788,1,0,0,train
G0019,C12,N0,3,SPSA,512,0.6747070312500001,0.0714012120846571,2,12,25,erdos_renyi,10018,0.3787878787878788,1,0,0,train
G0020,C01,N0,1,COBYLA,256,0.7376644736842106,0.0357623906603394,2,12,27,erdos_renyi,10019,0.4090909090909091,0,0,0,validation
G0020,C02,N0,1,COBYLA,512,0.704821134868421,0.0041432037960149,2,12,27,erdos_renyi,10019,0.4090909090909091,0,0,0,validation
G0020,C03,N0,1,SPSA,256,0.7027138157894737,0.0037797648665398,2,12,27,erdos_renyi,10019,0.4090909090909091,1,0,0,validation
G0020,C04,N0,1,SPSA,512,0.708984375,0.0034890137229598,2,12,27,erdos_renyi,10019,0.4090909090909091,1,0,0,validation
G0020,C05,N0,2,COBYLA,256,0.7196751644736843,0.0065419007305499,2,12,27,erdos_renyi,10019,0.4090909090909091,0,0,0,validation
G0020,C06,N0,2,COBYLA,512,0.7236842105263157,0.0161366884686896,2,12,27,erdos_renyi,10019,0.4090909090909091,0,0,0,validation
G0020,C07,N0,2,SPSA,256,0.7046669407894737,0.0036343892947499,2,12,27,erdos_renyi,10019,0.4090909090909091,1,0,0,validation
G0020,C08,N0,2,SPSA,512,0.715563322368421,0.0157005617533197,2,12,27,erdos_renyi,10019,0.4090909090909091,1,0,0,validation
G0020,C09,N0,3,COBYLA,256,0.7100123355263158,0.0036343892947499,2,12,27,erdos_renyi,10019,0.4090909090909091,0,0,0,validation
G0020,C10,N0,3,COBYLA,512,0.7126850328947368,0.0063965251587599,2,12,27,erdos_renyi,10019,0.4090909090909091,0,0,0,validation
G0020,C11,N0,3,SPSA,256,0.7256373355263157,0.0175904441865896,2,12,27,erdos_renyi,10019,0.4090909090909091,1,0,0,validation
G0020,C12,N0,3,SPSA,512,0.7229646381578947,0.0061057740151797,2,12,27,erdos_renyi,10019,0.4090909090909091,1,0,0,validation
G0021,C01,N0,1,COBYLA,256,0.7289341517857142,0.0451806509184485,2,15,39,erdos_renyi,10020,0.3714285714285714,0,0,0,train
G0021,C02,N0,1,COBYLA,512,0.7497209821428572,0.0343294028812664,2,15,39,erdos_renyi,10020,0.3714285714285714,0,0,0,train
G0021,C03,N0,1,SPSA,256,0.7361188616071428,0.0486333207484609,2,15,39,erdos_renyi,10020,0.3714285714285714,1,0,0,train
G0021,C04,N0,1,SPSA,512,0.7355259486607142,0.0497677694068936,2,15,39,erdos_renyi,10020,0.3714285714285714,1,0,0,train
G0021,C05,N0,2,COBYLA,256,0.7394670758928572,0.0320605055644011,2,15,39,erdos_renyi,10020,0.3714285714285714,0,0,0,train
G0021,C06,N0,2,COBYLA,512,0.7401297433035714,0.0405935324300034,2,15,39,erdos_renyi,10020,0.3714285714285714,0,0,0,train
G0021,C07,N0,2,SPSA,256,0.7271205357142857,0.0587940348196403,2,15,39,erdos_renyi,10020,0.3714285714285714,1,0,0,train
G0021,C08,N0,2,SPSA,512,0.760986328125,0.0067573680958814,2,15,39,erdos_renyi,10020,0.3714285714285714,1,0,0,train
G0021,C09,N0,3,COBYLA,256,0.7310965401785714,0.0537630016387651,2,15,39,erdos_renyi,10020,0.3714285714285714,0,0,0,train
G0021,C10,N0,3,COBYLA,512,0.7338518415178572,0.0533190869463348,2,15,39,erdos_renyi,10020,0.3714285714285714,0,0,0,train
G0021,C11,N0,3,SPSA,256,0.7746930803571428,0.022688973168653,2,15,39,erdos_renyi,10020,0.3714285714285714,1,0,0,train
G0021,C12,N0,3,SPSA,512,0.76806640625,0.0072999304977406,2,15,39,erdos_renyi,10020,0.3714285714285714,1,0,0,train
G0022,C01,N0,1,COBYLA,256,0.6047926682692307,0.0007436519633873,2,15,32,erdos_renyi,10021,0.3047619047619048,0,0,0,train
G0022,C02,N0,1,COBYLA,512,0.6123046875,0.0012748319372353,2,15,32,erdos_renyi,10021,0.3047619047619048,0,0,0,train
G0022,C03,N0,1,SPSA,256,0.6080979567307692,0.0026558998692404,2,15,32,erdos_renyi,10021,0.3047619047619048,1,0,0,train
G0022,C04,N0,1,SPSA,512,0.6227839543269231,0.0010092419503112,2,15,32,erdos_renyi,10021,0.3047619047619048,1,0,0,train
G0022,C05,N0,2,COBYLA,256,0.6160606971153846,0.0134919713357408,2,15,32,erdos_renyi,10021,0.3047619047619048,0,0,0,train
G0022,C06,N0,2,COBYLA,512,0.6258638822115385,0.0052586817410959,2,15,32,erdos_renyi,10021,0.3047619047619048,0,0,0,train
G0022,C07,N0,2,SPSA,256,0.6056189903846154,0.0042494397907845,2,15,32,erdos_renyi,10021,0.3047619047619048,1,0,0,train
G0022,C08,N0,2,SPSA,512,0.6148212139423077,0.0067459856678704,2,15,32,erdos_renyi,10021,0.3047619047619048,1,0,0,train
G0022,C09,N0,3,COBYLA,256,0.6169621394230769,0.0137044433252802,2,15,32,erdos_renyi,10021,0.3047619047619048,0,0,0,train
G0022,C10,N0,3,COBYLA,512,0.6179762620192308,0.013438853338356,2,15,32,erdos_renyi,10021,0.3047619047619048,0,0,0,train
G0022,C11,N0,3,SPSA,256,0.6231971153846154,0.0067991036652552,2,15,32,erdos_renyi,10021,0.3047619047619048,1,0,0,train
G0022,C12,N0,3,SPSA,512,0.6245868389423077,0.0123764933906599,2,15,32,erdos_renyi,10021,0.3047619047619048,1,0,0,train
G0023,C01,N0,1,COBYLA,256,0.6018749999999999,0.0017677669529663,2,15,30,erdos_renyi,10022,0.2857142857142857,0,0,0,train
G0023,C02,N0,1,COBYLA,512,0.61015625,0.0111590288906001,2,15,30,erdos_renyi,10022,0.2857142857142857,0,0,0,train
G0023,C03,N0,1,SPSA,256,0.5996874999999999,0.0013258252147247,2,15,30,erdos_renyi,10022,0.2857142857142857,1,0,0,train
G0023,C04,N0,1,SPSA,512,0.602578125,0.0060766989008219,2,15,30,erdos_renyi,10022,0.2857142857142857,1,0,0,train
G0023,C05,N0,2,COBYLA,256,0.6741406249999999,0.094686017418261,2,15,30,erdos_renyi,10022,0.2857142857142857,0,0,0,train
G0023,C06,N0,2,COBYLA,512,0.6040234375,0.0080101940056288,2,15,30,erdos_renyi,10022,0.2857142857142857,0,0,0,train
G0023,C07,N0,2,SPSA,256,0.626015625,0.0266269897290559,2,15,30,erdos_renyi,10022,0.2857142857142857,1,0,0,train
G0023,C08,N0,2,SPSA,512,0.6035937499999999,0.0014363106492851,2,15,30,erdos_renyi,10022,0.2857142857142857,1,0,0,train
G0023,C09,N0,3,COBYLA,256,0.6014843750000001,0.0197768927863112,2,15,30,erdos_renyi,10022,0.2857142857142857,0,0,0,train
G0023,C10,N0,3,COBYLA,512,0.6151953125,0.0075682522673872,2,15,30,erdos_renyi,10022,0.2857142857142857,0,0,0,train
G0023,C11,N0,3,SPSA,256,0.606171875,0.0109380580214793,2,15,30,erdos_renyi,10022,0.2857142857142857,1,0,0,train
G0023,C12,N0,3,SPSA,512,0.6076171875,0.0025964077121693,2,15,30,erdos_renyi,10022,0.2857142857142857,1,0,0,train
G0024,C01,N0,1,COBYLA,256,0.7231069711538463,0.0397322620438354,2,15,35,erdos_renyi,10023,0.3333333333333333,0,0,0,validation
G0024,C02,N0,1,COBYLA,512,0.7960111177884615,0.0057898617149439,2,15,35,erdos_renyi,10023,0.3333333333333333,0,0,0,validation
G0024,C03,N0,1,SPSA,256,0.7361027644230769,0.0816954799778328,2,15,35,erdos_renyi,10023,0.3333333333333333,1,0,0,validation
G0024,C04,N0,1,SPSA,512,0.7362154447115385,0.0803675300432125,2,15,35,erdos_renyi,10023,0.3333333333333333,1,0,0,validation
G0024,C05,N0,2,COBYLA,256,0.7566105769230769,0.0473812536672476,2,15,35,erdos_renyi,10023,0.3333333333333333,0,0,0,validation
G0024,C06,N0,2,COBYLA,512,0.7921799879807692,0.000265589986924,2,15,35,erdos_renyi,10023,0.3333333333333333,0,0,0,validation
G0024,C07,N0,2,SPSA,256,0.7848557692307692,0.0042494397907844,2,15,35,erdos_renyi,10023,0.3333333333333333,1,0,0,validation
G0024,C08,N0,2,SPSA,512,0.7769305889423077,0.0163072251971356,2,15,35,erdos_renyi,10023,0.3333333333333333,1,0,0,validation
G0024,C09,N0,3,COBYLA,256,0.7399338942307692,0.1013491390102113,2,15,35,erdos_renyi,10023,0.3333333333333333,0,0,0,validation
G0024,C10,N0,3,COBYLA,512,0.7722355769230769,0.0771273322027394,2,15,35,erdos_renyi,10023,0.3333333333333333,0,0,0,validation
G0024,C11,N0,3,SPSA,256,0.7650240384615384,0.0070115756547945,2,15,35,erdos_renyi,10023,0.3333333333333333,1,0,0,validation
G0024,C12,N0,3,SPSA,512,0.7576246995192308,0.0108891894638854,2,15,35,erdos_renyi,10023,0.3333333333333333,1,0,0,validation
G0025,C01,N0,1,COBYLA,256,0.6298466435185186,0.0001023013282966,2,15,34,erdos_renyi,10024,0.3238095238095238,0,0,0,train
G0025,C02,N0,1,COBYLA,512,0.62890625,0.0054219703997233,2,15,34,erdos_renyi,10024,0.3238095238095238,0,0,0,train
G0025,C03,N0,1,SPSA,256,0.6362123842592593,0.0029667385206032,2,15,34,erdos_renyi,10024,0.3238095238095238,1,0,0,train
G0025,C04,N0,1,SPSA,512,0.6320167824074074,0.00092071195467,2,15,34,erdos_renyi,10024,0.3238095238095238,1,0,0,train
G0025,C05,N0,2,COBYLA,256,0.6339699074074074,0.0106393381428531,2,15,34,erdos_renyi,10024,0.3238095238095238,0,0,0,train
G0025,C06,N0,2,COBYLA,512,0.6333550347222223,0.0093605715391448,2,15,34,erdos_renyi,10024,0.3238095238095238,0,0,0,train
G0025,C07,N0,2,SPSA,256,0.6623987268518519,0.0432734618694892,2,15,34,erdos_renyi,10024,0.3238095238095238,1,0,0,train
G0025,C08,N0,2,SPSA,512,0.6342230902777777,0.0018925745734882,2,15,34,erdos_renyi,10024,0.3238095238095238,1,0,0,train
G0025,C09,N0,3,COBYLA,256,0.6285445601851851,0.0001023013282967,2,15,34,erdos_renyi,10024,0.3238095238095238,0,0,0,train
G0025,C10,N0,3,COBYLA,512,0.630859375,0.0099232288447765,2,15,34,erdos_renyi,10024,0.3238095238095238,0,0,0,train
G0025,C11,N0,3,SPSA,256,0.6435908564814814,0.0054219703997232,2,15,34,erdos_renyi,10024,0.3238095238095238,1,0,0,train
G0025,C12,N0,3,SPSA,512,0.6400824652777778,0.0083375582561782,2,15,34,erdos_renyi,10024,0.3238095238095238,1,0,0,train
G0026,C01,N0,1,COBYLA,256,0.6865596064814814,0.0119692554107097,2,15,37,erdos_renyi,10025,0.3523809523809524,0,0,0,test
G0026,C02,N0,1,COBYLA,512,0.6863064236111112,0.0019948759017848,2,15,37,erdos_renyi,10025,0.3523809523809524,0,0,0,test
G0026,C03,N0,1,SPSA,256,0.6800491898148149,0.0007161092980767,2,15,37,erdos_renyi,10025,0.3523809523809524,1,0,0,test
G0026,C04,N0,1,SPSA,512,0.6828703703703705,0.0036828478186799,2,15,37,erdos_renyi,10025,0.3523809523809524,1,0,0,test
G0026,C05,N0,2,COBYLA,256,0.6817853009259258,0.0166751165123563,2,15,37,erdos_renyi,10025,0.3523809523809524,0,0,0,test
G0026,C06,N0,2,COBYLA,512,0.6764684606481481,0.0038362998111248,2,15,37,erdos_renyi,10025,0.3523809523809524,0,0,0,test
G0026,C07,N0,2,SPSA,256,0.6812065972222223,0.0056265730563166,2,15,37,erdos_renyi,10025,0.3523809523809524,1,0,0,test
G0026,C08,N0,2,SPSA,512,0.6825810185185186,0.0052173677431299,2,15,37,erdos_renyi,10025,0.3523809523809524,1,0,0,test
G0026,C09,N0,3,COBYLA,256,0.6780237268518519,0.0041943544601633,2,15,37,erdos_renyi,10025,0.3523809523809524,0,0,0,test
G0026,C10,N0,3,COBYLA,512,0.6850766782407407,0.0051662170789814,2,15,37,erdos_renyi,10025,0.3523809523809524,0,0,0,test
G0026,C11,N0,3,SPSA,256,0.6864872685185186,0.0124807620521931,2,15,37,erdos_renyi,10025,0.3523809523809524,1,0,0,test
G0026,C12,N0,3,SPSA,512,0.6902488425925926,0.0023529305508232,2,15,37,erdos_renyi,10025,0.3523809523809524,1,0,0,test
G0027,C01,N0,1,COBYLA,256,0.65283203125,0.026930824674097,2,15,35,erdos_renyi,10026,0.3333333333333333,0,0,0,train
G0027,C02,N0,1,COBYLA,512,0.6633649553571428,0.0427144581827253,2,15,35,erdos_renyi,10026,0.3333333333333333,0,0,0,train
G0027,C03,N0,1,SPSA,256,0.6169782366071428,0.003847260667728,2,15,35,erdos_renyi,10026,0.3333333333333333,1,0,0,train
G0027,C04,N0,1,SPSA,512,0.6648297991071428,0.0451806509184485,2,15,35,erdos_renyi,10026,0.3333333333333333,1,0,0,train
G0027,C05,N0,2,COBYLA,256,0.6854073660714286,0.0003945908377157,2,15,35,erdos_renyi,10026,0.3333333333333333,0,0,0,train
G0027,C06,N0,2,COBYLA,512,0.6741071428571429,0.0062148056940223,2,15,35,erdos_renyi,10026,0.3333333333333333,0,0,0,train
G0027,C07,N0,2,SPSA,256,0.6586216517857143,0.0491265592956055,2,15,35,erdos_renyi,10026,0.3333333333333333,1,0,0,train
G0027,C08,N0,2,SPSA,512,0.6537388392857143,0.0422212196355806,2,15,35,erdos_renyi,10026,0.3333333333333333,1,0,0,train
G0027,C09,N0,3,COBYLA,256,0.6491350446428572,0.0323564486926879,2,15,35,erdos_renyi,10026,0.3333333333333333,0,0,0,train
G0027,C10,N0,3,COBYLA,512,0.6588657924107143,0.0204693997065022,2,15,35,erdos_renyi,10026,0.3333333333333333,0,0,0,train
G0027,C11,N0,3,SPSA,256,0.6807338169642858,0.013514736191763,2,15,35,erdos_renyi,10026,0.3333333333333333,1,0,0,train
G0027,C12,N0,3,SPSA,512,0.7262834821428572,0.0500143886804659,2,15,35,erdos_renyi,10026,0.3333333333333333,1,0,0,train
G0028,C01,N0,1,COBYLA,256,0.752016129032258,0.0336802373095407,2,15,40,erdos_renyi,10027,0.3809523809523809,0,0,0,test
G0028,C02,N0,1,COBYLA,512,0.6892326108870968,0.0649992939611374,2,15,40,erdos_renyi,10027,0.3809523809523809,0,0,0,test
G0028,C03,N0,1,SPSA,256,0.683530745967742,0.0644201364412643,2,15,40,erdos_renyi,10027,0.3809523809523809,1,0,0,test
G0028,C04,N0,1,SPSA,512,0.6892641129032258,0.0629054167739041,2,15,40,erdos_renyi,10027,0.3809523809523809,1,0,0,test
G0028,C05,N0,2,COBYLA,256,0.6665196572580645,0.0385808009392357,2,15,40,erdos_renyi,10027,0.3809523809523809,0,0,0,test
G0028,C06,N0,2,COBYLA,512,0.670835433467742,0.0340811925156066,2,15,40,erdos_renyi,10027,0.3809523809523809,0,0,0,test
G0028,C07,N0,2,SPSA,256,0.728578629032258,0.0026730347071064,2,15,40,erdos_renyi,10027,0.3809523809523809,1,0,0,test
G0028,C08,N0,2,SPSA,512,0.7015498991935484,0.0859826164119226,2,15,40,erdos_renyi,10027,0.3809523809523809,1,0,0,test
G0028,C09,N0,3,COBYLA,256,0.6818296370967742,0.0691424977571522,2,15,40,erdos_renyi,10027,0.3809523809523809,0,0,0,test
G0028,C10,N0,3,COBYLA,512,0.689516129032258,0.0622817086755792,2,15,40,erdos_renyi,10027,0.3809523809523809,0,0,0,test
G0028,C11,N0,3,SPSA,256,0.7184349798387097,0.0056133728849234,2,15,40,erdos_renyi,10027,0.3809523809523809,1,0,0,test
G0028,C12,N0,3,SPSA,512,0.7408329133064516,0.0257056837666732,2,15,40,erdos_renyi,10027,0.3809523809523809,1,0,0,test
G0029,C01,N0,1,COBYLA,256,0.687432650862069,0.0042860728924292,2,15,40,erdos_renyi,10028,0.3809523809523809,0,0,0,test
G0029,C02,N0,1,COBYLA,512,0.6953125,0.0087626379134108,2,15,40,erdos_renyi,10028,0.3809523809523809,0,0,0,test
G0029,C03,N0,1,SPSA,256,0.6870959051724138,0.0060957481136771,2,15,40,erdos_renyi,10028,0.3809523809523809,1,0,0,test
G0029,C04,N0,1,SPSA,512,0.6877357219827587,0.0010000836749001,2,15,40,erdos_renyi,10028,0.3809523809523809,1,0,0,test
G0029,C05,N0,2,COBYLA,256,0.6851427801724138,0.0025716437354574,2,15,40,erdos_renyi,10028,0.3809523809523809,0,0,0,test
G0029,C06,N0,2,COBYLA,512,0.6892174030172413,0.0054766486958819,2,15,40,erdos_renyi,10028,0.3809523809523809,0,0,0,test
G0029,C07,N0,2,SPSA,256,0.7048760775862069,0.0104770670703824,2,15,40,erdos_renyi,10028,0.3809523809523809,1,0,0,test
G0029,C08,N0,2,SPSA,512,0.6892510775862069,0.0047623032138103,2,15,40,erdos_renyi,10028,0.3809523809523809,1,0,0,test
G0029,C09,N0,3,COBYLA,256,0.689453125,0.0040955807638768,2,15,40,erdos_renyi,10028,0.3809523809523809,0,0,0,test
G0029,C10,N0,3,COBYLA,512,0.6917429956896552,0.0091436221705156,2,15,40,erdos_renyi,10028,0.3809523809523809,0,0,0,test
G0029,C11,N0,3,SPSA,256,0.6848733836206897,0.0105723131346587,2,15,40,erdos_renyi,10028,0.3809523809523809,1,0,0,test
G0029,C12,N0,3,SPSA,512,0.7025525323275862,0.009762721588311,2,15,40,erdos_renyi,10028,0.3809523809523809,1,0,0,test
G0030,C01,N0,1,COBYLA,256,0.6821986607142857,0.0140079747389075,2,15,37,erdos_renyi,10029,0.3523809523809524,0,0,0,train
G0030,C02,N0,1,COBYLA,512,0.6795479910714286,0.0167701106029175,2,15,37,erdos_renyi,10029,0.3523809523809524,0,0,0,train
G0030,C03,N0,1,SPSA,256,0.6611328125,0.0035513175394413,2,15,37,erdos_renyi,10029,0.3523809523809524,1,0,0,train
G0030,C04,N0,1,SPSA,512,0.6666782924107143,0.0051790047450186,2,15,37,erdos_renyi,10029,0.3523809523809524,1,0,0,train
G0030,C05,N0,2,COBYLA,256,0.6648297991071428,0.0040445560865859,2,15,37,erdos_renyi,10029,0.3523809523809524,0,0,0,train
G0030,C06,N0,2,COBYLA,512,0.6709333147321428,0.0073492543524551,2,15,37,erdos_renyi,10029,0.3523809523809524,0,0,0,train
G0030,C07,N0,2,SPSA,256,0.6910574776785714,0.0050310331808753,2,15,37,erdos_renyi,10029,0.3523809523809524,1,0,0,train
G0030,C08,N0,2,SPSA,512,0.689453125,0.0059188625657356,2,15,37,erdos_renyi,10029,0.3523809523809524,1,0,0,train
G0030,C09,N0,3,COBYLA,256,0.6726422991071428,0.0371901864547054,2,15,37,erdos_renyi,10029,0.3523809523809524,0,0,0,train
G0030,C10,N0,3,COBYLA,512,0.6878487723214286,0.0232808594252266,2,15,37,erdos_renyi,10029,0.3523809523809524,0,0,0,train
G0030,C11,N0,3,SPSA,256,0.6881975446428572,0.0173619968594911,2,15,37,erdos_renyi,10029,0.3523809523809524,1,0,0,train
G0030,C12,N0,3,SPSA,512,0.7005440848214286,0.0086809984297455,2,15,37,erdos_renyi,10029,0.3523809523809524,1,0,0,train
G0031,C01,N0,1,COBYLA,256,0.7276785714285714,0.039985204888525,2,18,59,erdos_renyi,10030,0.3856209150326797,0,0,0,train
G0031,C02,N0,1,COBYLA,512,0.7297479538690477,0.0295614302588683,2,18,59,erdos_renyi,10030,0.3856209150326797,0,0,0,train
G0031,C03,N0,1,SPSA,256,0.7256324404761905,0.0374861295829921,2,18,59,erdos_renyi,10030,0.3856209150326797,1,0,0,train
G0031,C04,N0,1,SPSA,512,0.7265392485119048,0.0278515366287669,2,18,59,erdos_renyi,10030,0.3856209150326797,1,0,0,train
G0031,C05,N0,2,COBYLA,256,0.7024274553571428,0.0009864770942893,2,18,59,erdos_renyi,10030,0.3856209150326797,0,0,0,train
G0031,C06,N0,2,COBYLA,512,0.7789713541666667,0.0574787320272547,2,18,59,erdos_renyi,10030,0.3856209150326797,0,0,0,train
G0031,C07,N0,2,SPSA,256,0.7173084077380952,0.0216367309347445,2,18,59,erdos_renyi,10030,0.3856209150326797,1,0,0,train
G0031,C08,N0,2,SPSA,512,0.7628348214285714,0.0024333101659134,2,18,59,erdos_renyi,10030,0.3856209150326797,1,0,0,train
G0031,C09,N0,3,COBYLA,256,0.7394438244047619,0.0001972954188579,2,18,59,erdos_renyi,10030,0.3856209150326797,0,0,0,train
G0031,C10,N0,3,COBYLA,512,0.7227957589285714,0.0257799347307596,2,18,59,erdos_renyi,10030,0.3856209150326797,0,0,0,train
G0031,C11,N0,3,SPSA,256,0.7618117559523809,0.0132845582030954,2,18,59,erdos_renyi,10030,0.3856209150326797,1,0,0,train
G0031,C12,N0,3,SPSA,512,0.7738792782738095,0.0112129563050879,2,18,59,erdos_renyi,10030,0.3856209150326797,1,0,0,train
G0032,C01,N0,1,COBYLA,256,0.7035792151162791,0.0152881008287062,2,18,60,erdos_renyi,10031,0.392156862745098,0,0,0,train
G0032,C02,N0,1,COBYLA,512,0.7075990188953488,0.0034366109005705,2,18,60,erdos_renyi,10031,0.392156862745098,0,0,0,train
G0032,C03,N0,1,SPSA,256,0.6978106831395349,0.0108558363027368,2,18,60,erdos_renyi,10031,0.392156862745098,1,0,0,train
G0032,C04,N0,1,SPSA,512,0.6969249636627907,0.004721325255924,2,18,60,erdos_renyi,10031,0.392156862745098,1,0,0,train
G0032,C05,N0,2,COBYLA,256,0.6909520348837209,0.0056527431635552,2,18,60,erdos_renyi,10031,0.392156862745098,0,0,0,train
G0032,C06,N0,2,COBYLA,512,0.6964253270348837,0.0027300180051261,2,18,60,erdos_renyi,10031,0.392156862745098,0,0,0,train
G0032,C07,N0,2,SPSA,256,0.6966297238372092,0.0030190787350807,2,18,60,erdos_renyi,10031,0.392156862745098,1,0,0,train
G0032,C08,N0,2,SPSA,512,0.6964026162790697,0.0015416572264241,2,18,60,erdos_renyi,10031,0.392156862745098,1,0,0,train
G0032,C09,N0,3,COBYLA,256,0.7044876453488372,0.0050103859858784,2,18,60,erdos_renyi,10031,0.392156862745098,0,0,0,train
G0032,C10,N0,3,COBYLA,512,0.7018531976744187,0.0088645290519388,2,18,60,erdos_renyi,10031,0.392156862745098,0,0,0,train
G0032,C11,N0,3,SPSA,256,0.7061228197674418,0.0127186721179993,2,18,60,erdos_renyi,10031,0.392156862745098,1,0,0,train
G0032,C12,N0,3,SPSA,512,0.7026934956395349,0.0057490967402067,2,18,60,erdos_renyi,10031,0.392156862745098,1,0,0,train
G0033,C01,N0,1,COBYLA,256,0.6908553685897436,0.0098445355153174,2,18,54,erdos_renyi,10032,0.3529411764705882,0,0,0,train
G0033,C02,N0,1,COBYLA,512,0.6954126602564102,0.0053826237349937,2,18,54,erdos_renyi,10032,0.3529411764705882,0,0,0,train
G0033,C03,N0,1,SPSA,256,0.7192508012820513,0.0276213586400995,2,18,54,erdos_renyi,10032,0.3529411764705882,1,0,0,train
G0033,C04,N0,1,SPSA,512,0.721504407051282,0.0329331583785801,2,18,54,erdos_renyi,10032,0.3529411764705882,1,0,0,train
G0033,C05,N0,2,COBYLA,256,0.7008713942307692,0.0122525513967621,2,18,54,erdos_renyi,10032,0.3529411764705882,0,0,0,train
G0033,C06,N0,2,COBYLA,512,0.7080578926282051,0.0259569947220422,2,18,54,erdos_renyi,10032,0.3529411764705882,0,0,0,train
G0033,C07,N0,2,SPSA,256,0.7177483974358975,0.044052525831133,2,18,54,erdos_renyi,10032,0.3529411764705882,1,0,0,train
G0033,C08,N0,2,SPSA,512,0.7185997596153846,0.0261340547133249,2,18,54,erdos_renyi,10032,0.3529411764705882,1,0,0,train
G0033,C09,N0,3,COBYLA,256,0.7119391025641025,0.042211101921793,2,18,54,erdos_renyi,10032,0.3529411764705882,0,0,0,train
G0033,C10,N0,3,COBYLA,512,0.7842798477564102,0.0652643127867992,2,18,54,erdos_renyi,10032,0.3529411764705882,0,0,0,train
G0033,C11,N0,3,SPSA,256,0.723808092948718,0.0014873039267746,2,18,54,erdos_renyi,10032,0.3529411764705882,1,0,0,train
G0033,C12,N0,3,SPSA,512,0.728690905448718,0.0232656828545453,2,18,54,erdos_renyi,10032,0.3529411764705882,1,0,0,train
G0034,C01,N0,1,COBYLA,256,0.6526692708333333,0.0038362998111249,2,18,46,erdos_renyi,10033,0.3006535947712418,0,0,0,train
G0034,C02,N0,1,COBYLA,512,0.6486002604166666,0.0026854098677874,2,18,46,erdos_renyi,10033,0.3006535947712418,0,0,0,train
G0034,C03,N0,1,SPSA,256,0.6500651041666667,0.0042966557884599,2,18,46,erdos_renyi,10033,0.3006535947712418,1,0,0,train
G0034,C04,N0,1,SPSA,512,0.6486002604166667,0.002301779886675,2,18,46,erdos_renyi,10033,0.3006535947712418,1,0,0,train
G0034,C05,N0,2,COBYLA,256,0.6328667534722223,0.0079027776109174,2,18,46,erdos_renyi,10033,0.3006535947712418,0,0,0,train
G0034,C06,N0,2,COBYLA,512,0.7113715277777777,0.0894625115954334,2,18,46,erdos_renyi,10033,0.3006535947712418,0,0,0,train
G0034,C07,N0,2,SPSA,256,0.6361762152777778,0.0098209275164797,2,18,46,erdos_renyi,10033,0.3006535947712418,1,0,0,train
G0034,C08,N0,2,SPSA,512,0.6529676649305556,0.0093222085410335,2,18,46,erdos_renyi,10033,0.3006535947712418,1,0,0,train
G0034,C09,N0,3,COBYLA,256,0.6365559895833334,0.0125063373842672,2,18,46,erdos_renyi,10033,0.3006535947712418,0,0,0,train
G0034,C10,N0,3,COBYLA,512,0.6467556423611112,0.0074424216335822,2,18,46,erdos_renyi,10033,0.3006535947712418,0,0,0,train
G0034,C11,N0,3,SPSA,256,0.6504991319444444,0.001687971916895,2,18,46,erdos_renyi,10033,0.3006535947712418,1,0,0,train
G0034,C12,N0,3,SPSA,512,0.6530219184027778,0.0045651967752386,2,18,46,erdos_renyi,10033,0.3006535947712418,1,0,0,train
G0035,C01,N0,1,COBYLA,256,0.6740392736486487,0.0160502489395172,2,18,50,erdos_renyi,10034,0.326797385620915,0,0,0,train
G0035,C02,N0,1,COBYLA,512,0.6767842060810811,0.0088089738365722,2,18,50,erdos_renyi,10034,0.326797385620915,0,0,0,train
G0035,C03,N0,1,SPSA,256,0.6776815878378378,0.0034340067498501,2,18,50,erdos_renyi,10034,0.326797385620915,1,0,0,train
G0035,C04,N0,1,SPSA,512,0.6803209459459459,0.0007465232064891,2,18,50,erdos_renyi,10034,0.326797385620915,1,0,0,train
G0035,C05,N0,2,COBYLA,256,0.676097972972973,0.011795066662529,2,18,50,erdos_renyi,10034,0.326797385620915,0,0,0,train
G0035,C06,N0,2,COBYLA,512,0.6762299408783784,0.0059348594915889,2,18,50,erdos_renyi,10034,0.326797385620915,0,0,0,train
G0035,C07,N0,2,SPSA,256,0.683277027027027,0.0038819206737437,2,18,50,erdos_renyi,10034,0.326797385620915,1,0,0,train
G0035,C08,N0,2,SPSA,512,0.6830394847972974,0.0008585016874625,2,18,50,erdos_renyi,10034,0.326797385620915,1,0,0,train
G0035,C09,N0,3,COBYLA,256,0.6834881756756757,0.0019409603368718,2,18,50,erdos_renyi,10034,0.326797385620915,0,0,0,train
G0035,C10,N0,3,COBYLA,512,0.6892155827702702,0.0064574257361314,2,18,50,erdos_renyi,10034,0.326797385620915,0,0,0,train
G0035,C11,N0,3,SPSA,256,0.6859691722972974,0.010824586494093,2,18,50,erdos_renyi,10034,0.326797385620915,1,0,0,train
G0035,C12,N0,3,SPSA,512,0.6868665540540541,0.0103020202495506,2,18,50,erdos_renyi,10034,0.326797385620915,1,0,0,train
G0036,C01,N0,1,COBYLA,256,0.6834201388888889,0.000245523187912,2,18,60,erdos_renyi,10035,0.392156862745098,0,0,0,train
G0036,C02,N0,1,COBYLA,512,0.6770616319444445,0.0120613266061768,2,18,60,erdos_renyi,10035,0.392156862745098,0,0,0,train
G0036,C03,N0,1,SPSA,256,0.6812934027777777,0.0176162887326856,2,18,60,erdos_renyi,10035,0.392156862745098,1,0,0,train
G0036,C04,N0,1,SPSA,512,0.6723741319444445,0.0069667204570028,2,18,60,erdos_renyi,10035,0.392156862745098,1,0,0,train
G0036,C05,N0,2,COBYLA,256,0.6825520833333334,0.0089615963587877,2,18,60,erdos_renyi,10035,0.392156862745098,0,0,0,train
G0036,C06,N0,2,COBYLA,512,0.6778428819444444,0.0112633762454628,2,18,60,erdos_renyi,10035,0.392156862745098,0,0,0,train
G0036,C07,N0,2,SPSA,256,0.6746527777777778,0.0192735702510916,2,18,60,erdos_renyi,10035,0.392156862745098,1,0,0,train
G0036,C08,N0,2,SPSA,512,0.6851128472222223,0.0020869470972519,2,18,60,erdos_renyi,10035,0.392156862745098,1,0,0,train
G0036,C09,N0,3,COBYLA,256,0.6832465277777777,0.0106802586741717,2,18,60,erdos_renyi,10035,0.392156862745098,0,0,0,train
G0036,C10,N0,3,COBYLA,512,0.6803168402777777,0.0142096545004067,2,18,60,erdos_renyi,10035,0.392156862745098,0,0,0,train
G0036,C11,N0,3,SPSA,256,0.6822048611111111,0.0121533978016437,2,18,60,erdos_renyi,10035,0.392156862745098,1,0,0,train
G0036,C12,N0,3,SPSA,512,0.6896050347222222,0.0023017798866749,2,18,60,erdos_renyi,10035,0.392156862745098,1,0,0,train
G0037,C01,N0,1,COBYLA,256,0.7356228298611112,0.0009974379508925,2,18,49,erdos_renyi,10036,0.3202614379084967,0,0,0,train
G0037,C02,N0,1,COBYLA,512,0.6965874565972222,0.0374806491546906,2,18,49,erdos_renyi,10036,0.3202614379084967,0,0,0,train
G0037,C03,N0,1,SPSA,256,0.7071940104166667,0.0416622159488167,2,18,49,erdos_renyi,10036,0.3202614379084967,1,0,0,train
G0037,C04,N0,1,SPSA,512,0.7082790798611112,0.0455752417561641,2,18,49,erdos_renyi,10036,0.3202614379084967,1,0,0,train
G0037,C05,N0,2,COBYLA,256,0.7018771701388888,0.0402811480168118,2,18,49,erdos_renyi,10036,0.3202614379084967,0,0,0,train
G0037,C06,N0,2,COBYLA,512,0.7714029947916666,0.0570457781914277,2,18,49,erdos_renyi,10036,0.3202614379084967,0,0,0,train
G0037,C07,N0,2,SPSA,256,0.7766927083333333,0.0274679066476544,2,18,49,erdos_renyi,10036,0.3202614379084967,1,0,0,train
G0037,C08,N0,2,SPSA,512,0.7147352430555556,0.0571608671857615,2,18,49,erdos_renyi,10036,0.3202614379084967,1,0,0,train
G0037,C09,N0,3,COBYLA,256,0.7070855034722222,0.0270842766665419,2,18,49,erdos_renyi,10036,0.3202614379084967,0,0,0,train
G0037,C10,N0,3,COBYLA,512,0.7140028211805556,0.0193733140461808,2,18,49,erdos_renyi,10036,0.3202614379084967,0,0,0,train
G0037,C11,N0,3,SPSA,256,0.7333441840277778,0.0071355176486923,2,18,49,erdos_renyi,10036,0.3202614379084967,1,0,0,train
G0037,C12,N0,3,SPSA,512,0.7522786458333334,0.0171866231538397,2,18,49,erdos_renyi,10036,0.3202614379084967,1,0,0,train
G0038,C01,N0,1,COBYLA,256,0.664892578125,0.0191277908582689,2,18,53,erdos_renyi,10037,0.3464052287581699,0,0,0,train
G0038,C02,N0,1,COBYLA,512,0.6657958984375001,0.0026585557691095,2,18,53,erdos_renyi,10037,0.3464052287581699,0,0,0,train
G0038,C03,N0,1,SPSA,256,0.67021484375,0.0016572815184059,2,18,53,erdos_renyi,10037,0.3464052287581699,1,0,0,train
G0038,C04,N0,1,SPSA,512,0.6639160156249999,0.0002762135864009,2,18,53,erdos_renyi,10037,0.3464052287581699,1,0,0,train
G0038,C05,N0,2,COBYLA,256,0.67197265625,0.0022097086912079,2,18,53,erdos_renyi,10037,0.3464052287581699,0,0,0,train
G0038,C06,N0,2,COBYLA,512,0.6748291015625001,0.0049373178569178,2,18,53,erdos_renyi,10037,0.3464052287581699,0,0,0,train
G0038,C07,N0,2,SPSA,256,0.6748046875,0.0052480581416188,2,18,53,erdos_renyi,10037,0.3464052287581699,1,0,0,train
G0038,C08,N0,2,SPSA,512,0.6678466796875,0.0088733614631319,2,18,53,erdos_renyi,10037,0.3464052287581699,1,0,0,train
G0038,C09,N0,3,COBYLA,256,0.67919921875,0.0087007279716312,2,18,53,erdos_renyi,10037,0.3464052287581699,0,0,0,train
G0038,C10,N0,3,COBYLA,512,0.6743896484375,0.0175740894347632,2,18,53,erdos_renyi,10037,0.3464052287581699,0,0,0,train
G0038,C11,N0,3,SPSA,256,0.6839843750000001,0.0209922325664755,2,18,53,erdos_renyi,10037,0.3464052287581699,1,0,0,train
G0038,C12,N0,3,SPSA,512,0.681103515625,0.0033836164334121,2,18,53,erdos_renyi,10037,0.3464052287581699,1,0,0,train
G0039,C01,N0,1,COBYLA,256,0.7321714743589745,0.0699741085549188,2,18,52,erdos_renyi,10038,0.3398692810457516,0,0,0,validation
G0039,C02,N0,1,COBYLA,512,0.7412109375,0.0797124080754666,2,18,52,erdos_renyi,10038,0.3398692810457516,0,0,0,validation
G0039,C03,N0,1,SPSA,256,0.6650140224358974,0.0023371918849315,2,18,52,erdos_renyi,10038,0.3398692810457516,1,0,0,validation
G0039,C04,N0,1,SPSA,512,0.6806139823717949,0.0116505474264008,2,18,52,erdos_renyi,10038,0.3398692810457516,1,0,0,validation
G0039,C05,N0,2,COBYLA,256,0.6729266826923077,0.0048868557594022,2,18,52,erdos_renyi,10038,0.3398692810457516,0,0,0,validation
G0039,C06,N0,2,COBYLA,512,0.6833433493589743,0.0115443114316313,2,18,52,erdos_renyi,10038,0.3398692810457516,0,0,0,validation
G0039,C07,N0,2,SPSA,256,0.6811899038461539,0.0128899673653798,2,18,52,erdos_renyi,10038,0.3398692810457516,1,0,0,validation
G0039,C08,N0,2,SPSA,512,0.6750300480769231,0.0152979832468242,2,18,52,erdos_renyi,10038,0.3398692810457516,1,0,0,validation
G0039,C09,N0,3,COBYLA,256,0.6642628205128205,0.007507343630386,2,18,52,erdos_renyi,10038,0.3398692810457516,0,0,0,validation
G0039,C10,N0,3,COBYLA,512,0.6784104567307692,0.0158999872171855,2,18,52,erdos_renyi,10038,0.3398692810457516,0,0,0,validation
G0039,C11,N0,3,SPSA,256,0.7008713942307693,0.0203264869992527,2,18,52,erdos_renyi,10038,0.3398692810457516,1,0,0,validation
G0039,C12,N0,3,SPSA,512,0.6833683894230769,0.0003187079843088,2,18,52,erdos_renyi,10038,0.3398692810457516,1,0,0,validation
G0040,C01,N0,1,COBYLA,256,0.67138671875,0.00184142390934,2,18,65,erdos_renyi,10039,0.4248366013071895,0,0,0,train
G0040,C02,N0,1,COBYLA,512,0.6935017903645833,0.0013522956834215,2,18,65,erdos_renyi,10039,0.4248366013071895,0,0,0,train
G0040,C03,N0,1,SPSA,256,0.6715087890625,0.003164947344178,2,18,65,erdos_renyi,10039,0.4248366013071895,1,0,0,train
G0040,C04,N0,1,SPSA,512,0.6770833333333334,0.0043158372875155,2,18,65,erdos_renyi,10039,0.4248366013071895,1,0,0,train
G0040,C05,N0,2,COBYLA,256,0.6853841145833333,0.0084014965863636,2,18,65,erdos_renyi,10039,0.4248366013071895,0,0,0,train
G0040,C06,N0,2,COBYLA,512,0.6886800130208333,0.0095523865297011,2,18,65,erdos_renyi,10039,0.4248366013071895,0,0,0,train
G0040,C07,N0,2,SPSA,256,0.67333984375,0.0077109626203611,2,18,65,erdos_renyi,10039,0.4248366013071895,1,0,0,train
G0040,C08,N0,2,SPSA,512,0.67718505859375,0.0023880966324252,2,18,65,erdos_renyi,10039,0.4248366013071895,1,0,0,train
G0040,C09,N0,3,COBYLA,256,0.6781412760416667,0.0126597893767122,2,18,65,erdos_renyi,10039,0.4248366013071895,0,0,0,train
G0040,C10,N0,3,COBYLA,512,0.6803385416666667,0.0048912822591842,2,18,65,erdos_renyi,10039,0.4248366013071895,0,0,0,train
G0040,C11,N0,3,SPSA,256,0.6824544270833333,0.0161124592067247,2,18,65,erdos_renyi,10039,0.4248366013071895,1,0,0,train
G0040,C12,N0,3,SPSA,512,0.6812540690104166,0.0063011224397727,2,18,65,erdos_renyi,10039,0.4248366013071895,1,0,0,train
G0041,C01,N0,1,COBYLA,256,0.6928411989795918,0.0056370119673672,2,20,68,erdos_renyi,10040,0.3578947368421052,0,0,0,train
G0041,C02,N0,1,COBYLA,512,0.6976442920918366,0.0064543787026355,2,20,68,erdos_renyi,10040,0.3578947368421052,0,0,0,train
G0041,C03,N0,1,SPSA,256,0.691764987244898,0.0068207844805143,2,20,68,erdos_renyi,10040,0.3578947368421052,1,0,0,train
G0041,C04,N0,1,SPSA,512,0.6973453443877551,0.0073844856772511,2,20,68,erdos_renyi,10040,0.3578947368421052,1,0,0,train
G0041,C05,N0,2,COBYLA,256,0.6955516581632653,0.006877154600188,2,20,68,erdos_renyi,10040,0.3578947368421052,0,0,0,train
G0041,C06,N0,2,COBYLA,512,0.7004145408163265,0.0059188625657355,2,20,68,erdos_renyi,10040,0.3578947368421052,0,0,0,train
G0041,C07,N0,2,SPSA,256,0.6946348852040816,0.0071590051985564,2,20,68,erdos_renyi,10040,0.3578947368421052,1,0,0,train
G0041,C08,N0,2,SPSA,512,0.696029974489796,0.0071026350788827,2,20,68,erdos_renyi,10040,0.3578947368421052,1,0,0,train
G0041,C09,N0,3,COBYLA,256,0.7566565688775511,0.0790872779021625,2,20,68,erdos_renyi,10040,0.3578947368421052,0,0,0,train
G0041,C10,N0,3,COBYLA,512,0.6982421875,0.0021138794877627,2,20,68,erdos_renyi,10040,0.3578947368421052,0,0,0,train
G0041,C11,N0,3,SPSA,256,0.7051179846938775,0.0090192191477875,2,20,68,erdos_renyi,10040,0.3578947368421052,1,0,0,train
G0041,C12,N0,3,SPSA,512,0.6938775510204082,0.0054679016083462,2,20,68,erdos_renyi,10040,0.3578947368421052,1,0,0,train
G0042,C01,N0,1,COBYLA,256,0.6693115234375,0.0165152706868928,2,20,64,erdos_renyi,10041,0.3368421052631579,0,0,0,test
G0042,C02,N0,1,COBYLA,512,0.6642659505208333,0.0005754449716687,2,20,64,erdos_renyi,10041,0.3368421052631579,0,0,0,test
G0042,C03,N0,1,SPSA,256,0.6650390625,0.0011508899433375,2,20,64,erdos_renyi,10041,0.3368421052631579,1,0,0,test
G0042,C04,N0,1,SPSA,512,0.66510009765625,0.002905997106927,2,20,64,erdos_renyi,10041,0.3368421052631579,1,0,0,test
G0042,C05,N0,2,COBYLA,256,0.6660563151041667,0.0052365492421855,2,20,64,erdos_renyi,10041,0.3368421052631579,0,0,0,test
G0042,C06,N0,2,COBYLA,512,0.6683349609375,0.0005754449716686,2,20,64,erdos_renyi,10041,0.3368421052631579,0,0,0,test
G0042,C07,N0,2,SPSA,256,0.6572265625,0.0003452669830012,2,20,64,erdos_renyi,10041,0.3368421052631579,1,0,0,test
G0042,C08,N0,2,SPSA,512,0.6811930338541667,0.0149615692633872,2,20,64,erdos_renyi,10041,0.3368421052631579,1,0,0,test
G0042,C09,N0,3,COBYLA,256,0.6611735026041667,0.0033951253328454,2,20,64,erdos_renyi,10041,0.3368421052631579,0,0,0,test
G0042,C10,N0,3,COBYLA,512,0.6676839192708333,0.0033951253328454,2,20,64,erdos_renyi,10041,0.3368421052631579,0,0,0,test
G0042,C11,N0,3,SPSA,256,0.6672770182291667,0.0042007482931818,2,20,64,erdos_renyi,10041,0.3368421052631579,1,0,0,test
G0042,C12,N0,3,SPSA,512,0.6716105143229167,0.002042829649424,2,20,64,erdos_renyi,10041,0.3368421052631579,1,0,0,test
G0043,C01,N0,1,COBYLA,256,0.6933159722222222,0.0099436891104357,2,20,62,erdos_renyi,10042,0.3263157894736842,0,0,0,train
G0043,C02,N0,1,COBYLA,512,0.6900607638888889,0.0084091691859859,2,20,62,erdos_renyi,10042,0.3263157894736842,0,0,0,train
G0043,C03,N0,1,SPSA,256,0.7291666666666667,0.0239385108214195,2,20,62,erdos_renyi,10042,0.3263157894736842,1,0,0,train
G0043,C04,N0,1,SPSA,512,0.7476345486111111,0.0059846277053549,2,20,62,erdos_renyi,10042,0.3263157894736842,1,0,0,train
G0043,C05,N0,2,COBYLA,256,0.7205295138888889,0.056040667640913,2,20,62,erdos_renyi,10042,0.3263157894736842,0,0,0,train
G0043,C06,N0,2,COBYLA,512,0.6980251736111112,0.0190587374616686,2,20,62,erdos_renyi,10042,0.3263157894736842,0,0,0,train
G0043,C07,N0,2,SPSA,256,0.7094618055555555,0.0353553390593273,2,20,62,erdos_renyi,10042,0.3263157894736842,1,0,0,train
G0043,C08,N0,2,SPSA,512,0.7221137152777778,0.0310279928723784,2,20,62,erdos_renyi,10042,0.3263157894736842,1,0,0,train
G0043,C09,N0,3,COBYLA,256,0.7295572916666666,0.0063222220887338,2,20,62,erdos_renyi,10042,0.3263157894736842,0,0,0,train
G0043,C10,N0,3,COBYLA,512,0.7268446180555556,0.0361225990215523,2,20,62,erdos_renyi,10042,0.3263157894736842,0,0,0,train
G0043,C11,N0,3,SPSA,256,0.7204427083333333,0.0365215742019093,2,20,62,erdos_renyi,10042,0.3263157894736842,1,0,0,train
G0043,C12,N0,3,SPSA,512,0.703298611111111,0.0267620274824075,2,20,62,erdos_renyi,10042,0.3263157894736842,1,0,0,train
G0044,C01,N0,1,COBYLA,256,0.743078399122807,9.691704786000104e-05,2,20,85,erdos_renyi,10043,0.4473684210526316,0,0,0,train
G0044,C02,N0,1,COBYLA,512,0.7509251644736842,0.0094494121663498,2,20,85,erdos_renyi,10043,0.4473684210526316,0,0,0,train
G0044,C03,N0,1,SPSA,256,0.7382127192982456,0.00058150228716,2,20,85,erdos_renyi,10043,0.4473684210526316,1,0,0,train
G0044,C04,N0,1,SPSA,512,0.7440206962719298,0.0046277890353149,2,20,85,erdos_renyi,10043,0.4473684210526316,1,0,0,train
G0044,C05,N0,2,COBYLA,256,0.7442091557017544,0.0008237949068099,2,20,85,erdos_renyi,10043,0.4473684210526316,0,0,0,train
G0044,C06,N0,2,COBYLA,512,0.7474643640350878,0.0013568386700398,2,20,85,erdos_renyi,10043,0.4473684210526316,0,0,0,train
G0044,C07,N0,2,SPSA,256,0.7514048793859649,0.0066388177784098,2,20,85,erdos_renyi,10043,0.4473684210526316,1,0,0,train
G0044,C08,N0,2,SPSA,512,0.7456654331140351,0.0082137198061348,2,20,85,erdos_renyi,10043,0.4473684210526316,1,0,0,train
G0044,C09,N0,3,COBYLA,256,0.759251644736842,0.0173481515669396,2,20,85,erdos_renyi,10043,0.4473684210526316,0,0,0,train
G0044,C10,N0,3,COBYLA,512,0.7547114857456141,0.0058392521335649,2,20,85,erdos_renyi,10043,0.4473684210526316,0,0,0,train
G0044,C11,N0,3,SPSA,256,0.7592859100877193,0.0025683017682899,2,20,85,erdos_renyi,10043,0.4473684210526316,1,0,0,train
G0044,C12,N0,3,SPSA,512,0.7581894188596491,0.0030528870075899,2,20,85,erdos_renyi,10043,0.4473684210526316,1,0,0,train
G0045,C01,N0,1,COBYLA,256,0.7346540178571428,0.0950963918894853,2,20,56,erdos_renyi,10044,0.2947368421052631,0,0,0,train
G0045,C02,N0,1,COBYLA,512,0.6847795758928572,0.0231822117157978,2,20,56,erdos_renyi,10044,0.2947368421052631,0,0,0,train
G0045,C03,N0,1,SPSA,256,0.6822451636904763,0.0341321074624086,2,20,56,erdos_renyi,10044,0.2947368421052631,1,0,0,train
G0045,C04,N0,1,SPSA,512,0.6680385044642857,0.0008878293848602,2,20,56,erdos_renyi,10044,0.2947368421052631,1,0,0,train
G0045,C05,N0,2,COBYLA,256,0.6847098214285714,0.0301204339456323,2,20,56,erdos_renyi,10044,0.2947368421052631,0,0,0,train
G0045,C06,N0,2,COBYLA,512,0.6779668898809523,0.0208475492593132,2,20,56,erdos_renyi,10044,0.2947368421052631,0,0,0,train
G0045,C07,N0,2,SPSA,256,0.6914992559523809,0.0251222833345666,2,20,56,erdos_renyi,10044,0.2947368421052631,1,0,0,train
G0045,C08,N0,2,SPSA,512,0.68212890625,0.0279173017683862,2,20,56,erdos_renyi,10044,0.2947368421052631,1,0,0,train
G0045,C09,N0,3,COBYLA,256,0.6900576636904762,0.030975380760683,2,20,56,erdos_renyi,10044,0.2947368421052631,0,0,0,train
G0045,C10,N0,3,COBYLA,512,0.6900111607142857,0.0366311827679414,2,20,56,erdos_renyi,10044,0.2947368421052631,0,0,0,train
G0045,C11,N0,3,SPSA,256,0.6644810267857143,0.0048008551922077,2,20,56,erdos_renyi,10044,0.2947368421052631,1,0,0,train
G0045,C12,N0,3,SPSA,512,0.7080078125,0.0036828478186798,2,20,56,erdos_renyi,10044,0.2947368421052631,1,0,0,train
G0046,C01,N0,1,COBYLA,256,0.7175514914772727,0.0064659089543869,2,20,61,erdos_renyi,10045,0.3210526315789473,0,0,0,validation
G0046,C02,N0,1,COBYLA,512,0.7103382457386365,0.0226934571554453,2,20,61,erdos_renyi,10045,0.3210526315789473,0,0,0,validation
G0046,C03,N0,1,SPSA,256,0.7124911221590909,0.0265541697835502,2,20,61,erdos_renyi,10045,0.3210526315789473,1,0,0,validation
G0046,C04,N0,1,SPSA,512,0.6985751065340908,0.0051162289299275,2,20,61,erdos_renyi,10045,0.3210526315789473,1,0,0,validation
G0046,C05,N0,2,COBYLA,256,0.7009499289772727,0.0161333844784217,2,20,61,erdos_renyi,10045,0.3210526315789473,0,0,0,validation
G0046,C06,N0,2,COBYLA,512,0.7081187855113636,0.0242000767176326,2,20,61,erdos_renyi,10045,0.3210526315789473,0,0,0,validation
G0046,C07,N0,2,SPSA,256,0.7042791193181819,0.0161961602935128,2,20,61,erdos_renyi,10045,0.3210526315789473,1,0,0,validation
G0046,C08,N0,2,SPSA,512,0.7109596946022727,0.0244511799779972,2,20,61,erdos_renyi,10045,0.3210526315789473,1,0,0,validation
G0046,C09,N0,3,COBYLA,256,0.7190607244318181,0.0156311779576927,2,20,61,erdos_renyi,10045,0.3210526315789473,0,0,0,validation
G0046,C10,N0,3,COBYLA,512,0.70654296875,0.0210298980555303,2,20,61,erdos_renyi,10045,0.3210526315789473,0,0,0,validation
G0046,C11,N0,3,SPSA,256,0.7188387784090909,0.004645410316744,2,20,61,erdos_renyi,10045,0.3210526315789473,1,0,0,validation
G0046,C12,N0,3,SPSA,512,0.7466042258522727,0.0299126758909259,2,20,61,erdos_renyi,10045,0.3210526315789473,1,0,0,validation
G0047,C01,N0,1,COBYLA,256,0.6880859374999999,0.0206055335455142,2,20,68,erdos_renyi,10046,0.3578947368421052,0,0,0,train
G0047,C02,N0,1,COBYLA,512,0.68623046875,0.0149431550242937,2,20,68,erdos_renyi,10046,0.3578947368421052,0,0,0,train
G0047,C03,N0,1,SPSA,256,0.6913281250000001,0.018893009309828,2,20,68,erdos_renyi,10046,0.3578947368421052,1,0,0,train
G0047,C04,N0,1,SPSA,512,0.695546875,0.0240305820168865,2,20,68,erdos_renyi,10046,0.3578947368421052,1,0,0,train
G0047,C05,N0,2,COBYLA,256,0.70015625,0.0004419417382415,2,20,68,erdos_renyi,10046,0.3578947368421052,0,0,0,train
G0047,C06,N0,2,COBYLA,512,0.75267578125,0.0693572315452899,2,20,68,erdos_renyi,10046,0.3578947368421052,0,0,0,train
G0047,C07,N0,2,SPSA,256,0.747421875,0.0497184455521791,2,20,68,erdos_renyi,10046,0.3578947368421052,1,0,0,train
G0047,C08,N0,2,SPSA,512,0.6975976562499999,0.0254945140248118,2,20,68,erdos_renyi,10046,0.3578947368421052,1,0,0,train
G0047,C09,N0,3,COBYLA,256,0.6898828125,0.0023754368430484,2,20,68,erdos_renyi,10046,0.3578947368421052,0,0,0,train
G0047,C10,N0,3,COBYLA,512,0.6926171875,0.0126505822571655,2,20,68,erdos_renyi,10046,0.3578947368421052,0,0,0,train
G0047,C11,N0,3,SPSA,256,0.7225,0.019997863655432,2,20,68,erdos_renyi,10046,0.3578947368421052,1,0,0,train
G0047,C12,N0,3,SPSA,512,0.711953125,0.0043641746651357,2,20,68,erdos_renyi,10046,0.3578947368421052,1,0,0,train
G0048,C01,N0,1,COBYLA,256,0.6780598958333333,0.0081329555995848,2,20,73,erdos_renyi,10047,0.3842105263157894,0,0,0,test
G0048,C02,N0,1,COBYLA,512,0.6780779803240741,0.0106649134749272,2,20,73,erdos_renyi,10047,0.3842105263157894,0,0,0,test
G0048,C03,N0,1,SPSA,256,0.6767939814814814,0.0077749009505465,2,20,73,erdos_renyi,10047,0.3842105263157894,1,0,0,test
G0048,C04,N0,1,SPSA,512,0.6786024305555556,0.0054219703997231,2,20,73,erdos_renyi,10047,0.3842105263157894,1,0,0,test
G0048,C05,N0,2,COBYLA,256,0.6733579282407407,0.0148848432671647,2,20,73,erdos_renyi,10047,0.3842105263157894,0,0,0,test
G0048,C06,N0,2,COBYLA,512,0.6774811921296297,0.0123784607238964,2,20,73,erdos_renyi,10047,0.3842105263157894,0,0,0,test
G0048,C07,N0,2,SPSA,256,0.6778428819444444,0.0035293958262349,2,20,73,erdos_renyi,10047,0.3842105263157894,1,0,0,test
G0048,C08,N0,2,SPSA,512,0.6743344907407407,0.0046547104374983,2,20,73,erdos_renyi,10047,0.3842105263157894,1,0,0,test
G0048,C09,N0,3,COBYLA,256,0.7097077546296295,0.0409205313186658,2,20,73,erdos_renyi,10047,0.3842105263157894,0,0,0,test
G0048,C10,N0,3,COBYLA,512,0.7268880208333333,0.072940847075522,2,20,73,erdos_renyi,10047,0.3842105263157894,0,0,0,test
G0048,C11,N0,3,SPSA,256,0.705078125,0.0303834945041094,2,20,73,erdos_renyi,10047,0.3842105263157894,1,0,0,test
G0048,C12,N0,3,SPSA,512,0.6856734664351851,0.0010485886150409,2,20,73,erdos_renyi,10047,0.3842105263157894,1,0,0,test
G0049,C01,N0,1,COBYLA,256,0.6874565972222222,0.0082864075920298,2,20,61,erdos_renyi,10048,0.3210526315789473,0,0,0,test
G0049,C02,N0,1,COBYLA,512,0.6939453124999999,0.0220050157166126,2,20,61,erdos_renyi,10048,0.3210526315789473,0,0,0,test
G0049,C03,N0,1,SPSA,256,0.6783420138888889,0.0028848974579659,2,20,61,erdos_renyi,10048,0.3210526315789473,1,0,0,test
G0049,C04,N0,1,SPSA,512,0.6782769097222222,0.001258306338049,2,20,61,erdos_renyi,10048,0.3210526315789473,1,0,0,test
G0049,C05,N0,2,COBYLA,256,0.6727864583333334,0.0123375401925778,2,20,61,erdos_renyi,10048,0.3210526315789473,0,0,0,test
G0049,C06,N0,2,COBYLA,512,0.6844835069444444,0.0026086838715648,2,20,61,erdos_renyi,10048,0.3210526315789473,0,0,0,test
G0049,C07,N0,2,SPSA,256,0.6725694444444444,0.0031918014428559,2,20,61,erdos_renyi,10048,0.3210526315789473,1,0,0,test
G0049,C08,N0,2,SPSA,512,0.6781032986111111,0.0069053396600248,2,20,61,erdos_renyi,10048,0.3210526315789473,1,0,0,test
G0049,C09,N0,3,COBYLA,256,0.6826388888888889,0.0098209275164797,2,20,61,erdos_renyi,10048,0.3210526315789473,0,0,0,test
G0049,C10,N0,3,COBYLA,512,0.6951171875,0.0151917472520547,2,20,61,erdos_renyi,10048,0.3210526315789473,0,0,0,test
G0049,C11,N0,3,SPSA,256,0.7010416666666667,0.0379333325324033,2,20,61,erdos_renyi,10048,0.3210526315789473,1,0,0,test
G0049,C12,N0,3,SPSA,512,0.7298611111111111,0.0444396970120711,2,20,61,erdos_renyi,10048,0.3210526315789473,1,0,0,test
G0050,C01,N0,1,COBYLA,256,0.6818311737804879,0.0100380059448167,2,20,55,erdos_renyi,10049,0.2894736842105263,0,0,0,test
G0050,C02,N0,1,COBYLA,512,0.6742568597560976,0.0101053751122315,2,20,55,erdos_renyi,10049,0.2894736842105263,0,0,0,test
G0050,C03,N0,1,SPSA,256,0.6776867378048781,0.0017515983527868,2,20,55,erdos_renyi,10049,0.2894736842105263,1,0,0,test
G0050,C04,N0,1,SPSA,512,0.6712795350609756,0.0009094837601007,2,20,55,erdos_renyi,10049,0.2894736842105263,1,0,0,test
G0050,C05,N0,2,COBYLA,256,0.6779249237804879,0.0049179492212859,2,20,55,erdos_renyi,10049,0.2894736842105263,0,0,0,test
G0050,C06,N0,2,COBYLA,512,0.6774723704268293,0.0017179137690793,2,20,55,erdos_renyi,10049,0.2894736842105263,0,0,0,test
G0050,C07,N0,2,SPSA,256,0.6678734756097561,0.0012126450134677,2,20,55,erdos_renyi,10049,0.2894736842105263,1,0,0,test
G0050,C08,N0,2,SPSA,512,0.6709698932926829,0.0157643851750812,2,20,55,erdos_renyi,10049,0.2894736842105263,1,0,0,test
G0050,C09,N0,3,COBYLA,256,0.6737328506097561,0.0057263792302645,2,20,55,erdos_renyi,10049,0.2894736842105263,0,0,0,test
G0050,C10,N0,3,COBYLA,512,0.6772818216463414,0.011216966374577,2,20,55,erdos_renyi,10049,0.2894736842105263,0,0,0,test
G0050,C11,N0,3,SPSA,256,0.6887862042682926,0.0170443993559637,2,20,55,erdos_renyi,10049,0.2894736842105263,1,0,0,test
G0050,C12,N0,3,SPSA,512,0.6892863948170731,0.0004378995881967,2,20,55,erdos_renyi,10049,0.2894736842105263,1,0,0,test
G0051,C01,N0,1,COBYLA,256,0.8091517857142857,0.1215339780164378,2,10,20,random_regular,10050,0.4444444444444444,0,0,1,train
G0051,C02,N0,1,COBYLA,512,0.7996651785714286,0.0947018010517697,2,10,20,random_regular,10050,0.4444444444444444,0,0,1,train
G0051,C03,N0,1,SPSA,256,0.8166852678571428,0.1298203856084676,2,10,20,random_regular,10050,0.4444444444444444,1,0,1,train
G0051,C04,N0,1,SPSA,512,0.8092912946428572,0.1339635894044826,2,10,20,random_regular,10050,0.4444444444444444,1,0,1,train
G0051,C05,N0,2,COBYLA,256,0.8635602678571428,0.0516913997407576,2,10,20,random_regular,10050,0.4444444444444444,0,0,1,train
G0051,C06,N0,2,COBYLA,512,0.8805803571428571,0.0220970869120796,2,10,20,random_regular,10050,0.4444444444444444,0,0,1,train
G0051,C07,N0,2,SPSA,256,0.8194754464285714,0.0437995829864435,2,10,20,random_regular,10050,0.4444444444444444,1,0,1,train
G0051,C08,N0,2,SPSA,512,0.814453125,0.1388959748759288,2,10,20,random_regular,10050,0.4444444444444444,1,0,1,train
G0051,C09,N0,3,COBYLA,256,0.7873883928571428,0.1254798863935949,2,10,20,random_regular,10050,0.4444444444444444,0,0,1,train
G0051,C10,N0,3,COBYLA,512,0.8024553571428571,0.1242961138804478,2,10,20,random_regular,10050,0.4444444444444444,0,0,1,train
G0051,C11,N0,3,SPSA,256,0.8083147321428572,0.1377122023627819,2,10,20,random_regular,10050,0.4444444444444444,1,0,1,train
G0051,C12,N0,3,SPSA,512,0.80859375,0.1144313429375551,2,10,20,random_regular,10050,0.4444444444444444,1,0,1,train
G0052,C01,N0,1,COBYLA,256,0.64990234375,0.0172633491500621,2,10,20,random_regular,10051,0.4444444444444444,0,0,1,train
G0052,C02,N0,1,COBYLA,512,0.6497802734375,0.0229602543695827,2,10,20,random_regular,10051,0.4444444444444444,0,0,1,train
G0052,C03,N0,1,SPSA,256,0.77783203125,0.0013810679320049,2,10,20,random_regular,10051,0.4444444444444444,1,0,1,train
G0052,C04,N0,1,SPSA,512,0.7833251953125,0.0029347693555105,2,10,20,random_regular,10051,0.4444444444444444,1,0,1,train
G0052,C05,N0,2,COBYLA,256,0.784912109375,0.0010358009490037,2,10,20,random_regular,10051,0.4444444444444444,0,0,1,train
G0052,C06,N0,2,COBYLA,512,0.7760009765625,0.0371162006726337,2,10,20,random_regular,10051,0.4444444444444444,0,0,1,train
G0052,C07,N0,2,SPSA,256,0.755126953125,0.010012742507036,2,10,20,random_regular,10051,0.4444444444444444,1,0,1,train
G0052,C08,N0,2,SPSA,512,0.782958984375,0.0224423538950808,2,10,20,random_regular,10051,0.4444444444444444,1,0,1,train
G0052,C09,N0,3,COBYLA,256,0.69921875,0.1422499969965125,2,10,20,random_regular,10051,0.4444444444444444,0,0,1,train
G0052,C10,N0,3,COBYLA,512,0.7979736328125,0.0271034581655976,2,10,20,random_regular,10051,0.4444444444444444,0,0,1,train
G0052,C11,N0,3,SPSA,256,0.72021484375,0.0787208721242836,2,10,20,random_regular,10051,0.4444444444444444,1,0,1,train
G0052,C12,N0,3,SPSA,512,0.73046875,0.1208434440504353,2,10,20,random_regular,10051,0.4444444444444444,1,0,1,train
G0053,C01,N0,1,COBYLA,256,0.721923828125,0.1046158958493769,2,10,20,random_regular,10052,0.4444444444444444,0,0,1,train
G0053,C02,N0,1,COBYLA,512,0.7987060546875,0.0025895023725093,2,10,20,random_regular,10052,0.4444444444444444,0,0,1,train
G0053,C03,N0,1,SPSA,256,0.79052734375,0.0048337377620174,2,10,20,random_regular,10052,0.4444444444444444,1,0,1,train
G0053,C04,N0,1,SPSA,512,0.80029296875,0.0024168688810087,2,10,20,random_regular,10052,0.4444444444444444,1,0,1,train
G0053,C05,N0,2,COBYLA,256,0.808349609375,0.0286571595891032,2,10,20,random_regular,10052,0.4444444444444444,0,0,1,train
G0053,C06,N0,2,COBYLA,512,0.7972412109375,0.0094948420325342,2,10,20,random_regular,10052,0.4444444444444444,0,0,1,train
G0053,C07,N0,2,SPSA,256,0.817138671875,0.0507542465011828,2,10,20,random_regular,10052,0.4444444444444444,1,0,1,train
G0053,C08,N0,2,SPSA,512,0.7762451171875,0.017781249624564,2,10,20,random_regular,10052,0.4444444444444444,1,0,1,train
G0053,C09,N0,3,COBYLA,256,0.773193359375,0.1170455072374216,2,10,20,random_regular,10052,0.4444444444444444,0,0,1,train
G0053,C10,N0,3,COBYLA,512,0.7501220703125,0.159340712655074,2,10,20,random_regular,10052,0.4444444444444444,0,0,1,train
G0053,C11,N0,3,SPSA,256,0.753662109375,0.1280940506934615,2,10,20,random_regular,10052,0.4444444444444444,1,0,1,train
G0053,C12,N0,3,SPSA,512,0.76318359375,0.0870072797163134,2,10,20,random_regular,10052,0.4444444444444444,1,0,1,train
G0054,C01,N0,1,COBYLA,256,0.706787109375,0.1142833713734117,2,10,20,random_regular,10053,0.4444444444444444,0,0,1,train
G0054,C02,N0,1,COBYLA,512,0.7554931640625,0.0222697204035802,2,10,20,random_regular,10053,0.4444444444444444,0,0,1,train
G0054,C03,N0,1,SPSA,256,0.7041015625,0.1201529100844328,2,10,20,random_regular,10053,0.4444444444444444,1,0,1,train
G0054,C04,N0,1,SPSA,512,0.7210693359375,0.0975379226978514,2,10,20,random_regular,10053,0.4444444444444444,1,0,1,train
G0054,C05,N0,2,COBYLA,256,0.734130859375,0.0466110427051679,2,10,20,random_regular,10053,0.4444444444444444,0,0,1,train
G0054,C06,N0,2,COBYLA,512,0.8016357421875,0.0032800363385118,2,10,20,random_regular,10053,0.4444444444444444,0,0,1,train
G0054,C07,N0,2,SPSA,256,0.802001953125,0.0355624992491281,2,10,20,random_regular,10053,0.4444444444444444,1,0,1,train
G0054,C08,N0,2,SPSA,512,0.7059326171875,0.1199802765929322,2,10,20,random_regular,10053,0.4444444444444444,1,0,1,train
G0054,C09,N0,3,COBYLA,256,0.720458984375,0.1101401675773968,2,10,20,random_regular,10053,0.4444444444444444,0,0,1,train
G0054,C10,N0,3,COBYLA,512,0.74365234375,0.1463932007925274,2,10,20,random_regular,10053,0.4444444444444444,0,0,1,train
G0054,C11,N0,3,SPSA,256,0.711181640625,0.1198076431014316,2,10,20,random_regular,10053,0.4444444444444444,1,0,1,train
G0054,C12,N0,3,SPSA,512,0.7271728515625,0.088560981139819,2,10,20,random_regular,10053,0.4444444444444444,1,0,1,train
G0055,C01,N0,1,COBYLA,256,0.7063802083333334,0.0021483278942299,2,10,20,random_regular,10054,0.4444444444444444,0,0,1,train
G0055,C02,N0,1,COBYLA,512,0.59765625,0.055242717280199,2,10,20,random_regular,10054,0.4444444444444444,0,0,1,train
G0055,C03,N0,1,SPSA,256,0.7200520833333334,0.00061380796978,2,10,20,random_regular,10054,0.4444444444444444,1,0,1,train
G0055,C04,N0,1,SPSA,512,0.7195095486111112,0.003529395826235,2,10,20,random_regular,10054,0.4444444444444444,1,0,1,train
G0055,C05,N0,2,COBYLA,256,0.7217881944444444,0.0067518876675799,2,10,20,random_regular,10054,0.4444444444444444,0,0,1,train
G0055,C06,N0,2,COBYLA,512,0.7233072916666667,0.0107416394711498,2,10,20,random_regular,10054,0.4444444444444444,0,0,1,train
G0055,C07,N0,2,SPSA,256,0.6401909722222222,0.1528381844752172,2,10,20,random_regular,10054,0.4444444444444444,1,0,1,train
G0055,C08,N0,2,SPSA,512,0.6218532986111112,0.0873141837012034,2,10,20,random_regular,10054,0.4444444444444444,1,0,1,train
G0055,C09,N0,3,COBYLA,256,0.6829427083333333,0.1273651537293477,2,10,20,random_regular,10054,0.4444444444444444,0,0,1,train
G0055,C10,N0,3,COBYLA,512,0.7058376736111112,0.1057284227946031,2,10,20,random_regular,10054,0.4444444444444444,0,0,1,train
G0055,C11,N0,3,SPSA,256,0.6458333333333333,0.1031197389230382,2,10,20,random_regular,10054,0.4444444444444444,1,0,1,train
G0055,C12,N0,3,SPSA,512,0.6617838541666666,0.0986696311421332,2,10,20,random_regular,10054,0.4444444444444444,1,0,1,train
G0056,C01,N0,1,COBYLA,256,0.707763671875,0.0790661391072848,2,10,20,random_regular,10055,0.4444444444444444,0,0,1,train
G0056,C02,N0,1,COBYLA,512,0.7137451171875,0.0571416856867058,2,10,20,random_regular,10055,0.4444444444444444,0,0,1,train
G0056,C03,N0,1,SPSA,256,0.748779296875,0.0258950237250932,2,10,20,random_regular,10055,0.4444444444444444,1,0,1,train
G0056,C04,N0,1,SPSA,512,0.7103271484375,0.0909778500208277,2,10,20,random_regular,10055,0.4444444444444444,1,0,1,train
G0056,C05,N0,2,COBYLA,256,0.75732421875,0.0013810679320049,2,10,20,random_regular,10055,0.4444444444444444,0,0,1,train
G0056,C06,N0,2,COBYLA,512,0.79150390625,0.0075958736260273,2,10,20,random_regular,10055,0.4444444444444444,0,0,1,train
G0056,C07,N0,2,SPSA,256,0.750244140625,0.012774878371046,2,10,20,random_regular,10055,0.4444444444444444,1,0,1,train
G0056,C08,N0,2,SPSA,512,0.7022705078125,0.1044432623578762,2,10,20,random_regular,10055,0.4444444444444444,1,0,1,train
G0056,C09,N0,3,COBYLA,256,0.72216796875,0.1208434440504353,2,10,20,random_regular,10055,0.4444444444444444,0,0,1,train
G0056,C10,N0,3,COBYLA,512,0.69677734375,0.0987463571383557,2,10,20,random_regular,10055,0.4444444444444444,0,0,1,train
G0056,C11,N0,3,SPSA,256,0.692138671875,0.1101401675773968,2,10,20,random_regular,10055,0.4444444444444444,1,0,1,train
G0056,C12,N0,3,SPSA,512,0.71484375,0.1242961138804478,2,10,20,random_regular,10055,0.4444444444444444,1,0,1,train
G0057,C01,N0,1,COBYLA,256,0.700927734375,0.0997821580873594,2,10,20,random_regular,10056,0.4444444444444444,0,0,1,validation
G0057,C02,N0,1,COBYLA,512,0.7225341796875,0.1113486020179011,2,10,20,random_regular,10056,0.4444444444444444,0,0,1,validation
G0057,C03,N0,1,SPSA,256,0.707275390625,0.1474290017415311,2,10,20,random_regular,10056,0.4444444444444444,1,0,1,validation
G0057,C04,N0,1,SPSA,512,0.7125244140625,0.1327551549639782,2,10,20,random_regular,10056,0.4444444444444444,1,0,1,validation
G0057,C05,N0,2,COBYLA,256,0.80224609375,0.0069053396600248,2,10,20,random_regular,10056,0.4444444444444444,0,0,1,validation
G0057,C06,N0,2,COBYLA,512,0.7774658203125,0.0395330695536424,2,10,20,random_regular,10056,0.4444444444444444,0,0,1,validation
G0057,C07,N0,2,SPSA,256,0.69775390625,0.1208434440504353,2,10,20,random_regular,10056,0.4444444444444444,1,0,1,validation
G0057,C08,N0,2,SPSA,512,0.7034912109375,0.1189444756439285,2,10,20,random_regular,10056,0.4444444444444444,1,0,1,validation
G0057,C09,N0,3,COBYLA,256,0.745361328125,0.124641380863449,2,10,20,random_regular,10056,0.4444444444444444,0,0,1,validation
G0057,C10,N0,3,COBYLA,512,0.8583984375,0.0290024265721044,2,10,20,random_regular,10056,0.4444444444444444,0,0,1,validation
G0057,C11,N0,3,SPSA,256,0.743896484375,0.1577870112315684,2,10,20,random_regular,10056,0.4444444444444444,1,0,1,validation
G0057,C12,N0,3,SPSA,512,0.721435546875,0.0814830079882935,2,10,20,random_regular,10056,0.4444444444444444,1,0,1,validation
G0058,C01,N0,1,COBYLA,256,0.774658203125,0.011393810439041,2,10,20,random_regular,10057,0.4444444444444444,0,0,1,train
G0058,C02,N0,1,COBYLA,512,0.7689208984375,0.0094948420325342,2,10,20,random_regular,10057,0.4444444444444444,0,0,1,train
G0058,C03,N0,1,SPSA,256,0.78955078125,0.0075958736260273,2,10,20,random_regular,10057,0.4444444444444444,1,0,1,train
G0058,C04,N0,1,SPSA,512,0.76904296875,0.0303834945041094,2,10,20,random_regular,10057,0.4444444444444444,1,0,1,train
G0058,C05,N0,2,COBYLA,256,0.71337890625,0.0158822812180572,2,10,20,random_regular,10057,0.4444444444444444,0,0,1,train
G0058,C06,N0,2,COBYLA,512,0.78369140625,0.0037979368130136,2,10,20,random_regular,10057,0.4444444444444444,0,0,1,train
G0058,C07,N0,2,SPSA,256,0.784912109375,0.0189896840650684,2,10,20,random_regular,10057,0.4444444444444444,1,0,1,train
G0058,C08,N0,2,SPSA,512,0.8216552734375,0.0295203270466063,2,10,20,random_regular,10057,0.4444444444444444,1,0,1,train
G0058,C09,N0,3,COBYLA,256,0.727294921875,0.1778124962456406,2,10,20,random_regular,10057,0.4444444444444444,0,0,1,train
G0058,C10,N0,3,COBYLA,512,0.8460693359375,0.0233055213525839,2,10,20,random_regular,10057,0.4444444444444444,0,0,1,train
G0058,C11,N0,3,SPSA,256,0.7197265625,0.0725060664302612,2,10,20,random_regular,10057,0.4444444444444444,1,0,1,train
G0058,C12,N0,3,SPSA,512,0.7379150390625,0.1148012718479136,2,10,20,random_regular,10057,0.4444444444444444,1,0,1,train
G0059,C01,N0,1,COBYLA,256,0.6150173611111112,0.0926850034367784,2,10,20,random_regular,10058,0.4444444444444444,0,0,1,train
G0059,C02,N0,1,COBYLA,512,0.7218967013888888,0.0084398595844748,2,10,20,random_regular,10058,0.4444444444444444,0,0,1,train
G0059,C03,N0,1,SPSA,256,0.6436631944444444,0.1074163947114981,2,10,20,random_regular,10058,0.4444444444444444,1,0,1,train
G0059,C04,N0,1,SPSA,512,0.6344401041666666,0.1167769662506429,2,10,20,random_regular,10058,0.4444444444444444,1,0,1,train
G0059,C05,N0,2,COBYLA,256,0.7111545138888888,0.0389768060810292,2,10,20,random_regular,10058,0.4444444444444444,0,0,1,train
G0059,C06,N0,2,COBYLA,512,0.6689453125,0.109718174598173,2,10,20,random_regular,10058,0.4444444444444444,0,0,1,train
G0059,C07,N0,2,SPSA,256,0.6514756944444444,0.1448586808680775,2,10,20,random_regular,10058,0.4444444444444444,1,0,1,train
G0059,C08,N0,2,SPSA,512,0.6527777777777778,0.1347308493667076,2,10,20,random_regular,10058,0.4444444444444444,1,0,1,train
G0059,C09,N0,3,COBYLA,256,0.7326388888888888,0.0816364599807386,2,10,20,random_regular,10058,0.4444444444444444,0,0,1,train
G0059,C10,N0,3,COBYLA,512,0.8204210069444444,0.0286955225872144,2,10,20,random_regular,10058,0.4444444444444444,0,0,1,train
G0059,C11,N0,3,SPSA,256,0.6631944444444444,0.1430172569587374,2,10,20,random_regular,10058,0.4444444444444444,1,0,1,train
G0059,C12,N0,3,SPSA,512,0.6779513888888888,0.1249099218502277,2,10,20,random_regular,10058,0.4444444444444444,1,0,1,train
G0060,C01,N0,1,COBYLA,256,0.6923828125,0.0897694155803234,2,10,20,random_regular,10059,0.4444444444444444,0,0,1,train
G0060,C02,N0,1,COBYLA,512,0.701416015625,0.0932220854103358,2,10,20,random_regular,10059,0.4444444444444444,0,0,1,train
G0060,C03,N0,1,SPSA,256,0.691162109375,0.1163549732714192,2,10,20,random_regular,10059,0.4444444444444444,1,0,1,train
G0060,C04,N0,1,SPSA,512,0.71337890625,0.083554609886301,2,10,20,random_regular,10059,0.4444444444444444,1,0,1,train
G0060,C05,N0,2,COBYLA,256,0.72900390625,0.0593859210762139,2,10,20,random_regular,10059,0.4444444444444444,0,0,1,train
G0060,C06,N0,2,COBYLA,512,0.7662353515625,0.0081137741005292,2,10,20,random_regular,10059,0.4444444444444444,0,0,1,train
G0060,C07,N0,2,SPSA,256,0.687255859375,0.1004726920533619,2,10,20,random_regular,10059,0.4444444444444444,1,0,1,train
G0060,C08,N0,2,SPSA,512,0.7159423828125,0.1406962955730069,2,10,20,random_regular,10059,0.4444444444444444,1,0,1,train
G0060,C09,N0,3,COBYLA,256,0.741943359375,0.0894241485973221,2,10,20,random_regular,10059,0.4444444444444444,0,0,1,train
G0060,C10,N0,3,COBYLA,512,0.742431640625,0.1039253618833744,2,10,20,random_regular,10059,0.4444444444444444,0,0,1,train
G0060,C11,N0,3,SPSA,256,0.712646484375,0.0804472070392898,2,10,20,random_regular,10059,0.4444444444444444,1,0,1,train
G0060,C12,N0,3,SPSA,512,0.756591796875,0.0652554597872351,2,10,20,random_regular,10059,0.4444444444444444,1,0,1,train
G0061,C01,N0,1,COBYLA,256,0.7482638888888888,0.1178511301977578,2,12,24,random_regular,10060,0.3636363636363636,0,0,1,train
G0061,C02,N0,1,COBYLA,512,0.751953125,0.1215339780164378,2,12,24,random_regular,10060,0.3636363636363636,0,0,1,train
G0061,C03,N0,1,SPSA,256,0.7606336805555556,0.113861378394188,2,12,24,random_regular,10060,0.3636363636363636,1,0,1,train
G0061,C04,N0,1,SPSA,512,0.8394097222222222,0.0033759438337899,2,12,24,random_regular,10060,0.3636363636363636,1,0,1,train
G0061,C05,N0,2,COBYLA,256,0.8172743055555556,0.0570841411895389,2,12,24,random_regular,10060,0.3636363636363636,0,0,1,train
G0061,C06,N0,2,COBYLA,512,0.8382161458333333,0.0050639157506848,2,12,24,random_regular,10060,0.3636363636363636,0,0,1,train
G0061,C07,N0,2,SPSA,256,0.7554253472222222,0.1089509146359481,2,12,24,random_regular,10060,0.3636363636363636,1,0,1,train
G0061,C08,N0,2,SPSA,512,0.7586805555555556,0.0945264273461183,2,12,24,random_regular,10060,0.3636363636363636,1,0,1,train
G0061,C09,N0,3,COBYLA,256,0.7575954861111112,0.1605107840974671,2,12,24,random_regular,10060,0.3636363636363636,0,0,1,train
G0061,C10,N0,3,COBYLA,512,0.8468967013888888,0.0142710352973846,2,12,24,random_regular,10060,0.3636363636363636,0,0,1,train
G0061,C11,N0,3,SPSA,256,0.7235243055555556,0.0116623514258198,2,12,24,random_regular,10060,0.3636363636363636,1,0,1,train
G0061,C12,N0,3,SPSA,512,0.7739800347222222,0.0824037199429635,2,12,24,random_regular,10060,0.3636363636363636,1,0,1,train
G0062,C01,N0,1,COBYLA,256,0.6736328125,0.1190480557388288,2,12,24,random_regular,10061,0.3636363636363636,0,0,1,train
G0062,C02,N0,1,COBYLA,512,0.7732421875,0.0121533978016438,2,12,24,random_regular,10061,0.3636363636363636,0,0,1,train
G0062,C03,N0,1,SPSA,256,0.7693359375,0.0091150483512328,2,12,24,random_regular,10061,0.3636363636363636,1,0,1,train
G0062,C04,N0,1,SPSA,512,0.7779296875,0.0049718445552179,2,12,24,random_regular,10061,0.3636363636363636,1,0,1,train
G0062,C05,N0,2,COBYLA,256,0.7703125,0.0160203880112577,2,12,24,random_regular,10061,0.3636363636363636,0,0,1,train
G0062,C06,N0,2,COBYLA,512,0.77919921875,0.028311892606102,2,12,24,random_regular,10061,0.3636363636363636,0,0,1,train
G0062,C07,N0,2,SPSA,256,0.7152343750000001,0.1254009682260517,2,12,24,random_regular,10061,0.3636363636363636,1,0,1,train
G0062,C08,N0,2,SPSA,512,0.72099609375,0.137416259234495,2,12,24,random_regular,10061,0.3636363636363636,1,0,1,train
G0062,C09,N0,3,COBYLA,256,0.7138671875,0.1593752393533741,2,12,24,random_regular,10061,0.3636363636363636,0,0,1,train
G0062,C10,N0,3,COBYLA,512,0.7159179687499999,0.1515031521409458,2,12,24,random_regular,10061,0.3636363636363636,0,0,1,train
G0062,C11,N0,3,SPSA,256,0.7029296875,0.0162966015976587,2,12,24,random_regular,10061,0.3636363636363636,1,0,1,train
G0062,C12,N0,3,SPSA,512,0.6747070312500001,0.08051626043589,2,12,24,random_regular,10061,0.3636363636363636,1,0,1,train
G0063,C01,N0,1,COBYLA,256,0.6859375,0.0905980563395264,2,12,24,random_regular,10062,0.3636363636363636,0,0,1,train
G0063,C02,N0,1,COBYLA,512,0.76025390625,0.0122915045948442,2,12,24,random_regular,10062,0.3636363636363636,0,0,1,train
G0063,C03,N0,1,SPSA,256,0.681640625,0.113247570424408,2,12,24,random_regular,10062,0.3636363636363636,1,0,1,train
G0063,C04,N0,1,SPSA,512,0.7591796875000001,0.0162966015976586,2,12,24,random_regular,10062,0.3636363636363636,1,0,1,train
G0063,C05,N0,2,COBYLA,256,0.68671875,0.0458514553425651,2,12,24,random_regular,10062,0.3636363636363636,0,0,1,train
G0063,C06,N0,2,COBYLA,512,0.7669921875000001,0.0389461156825402,2,12,24,random_regular,10062,0.3636363636363636,0,0,1,train
G0063,C07,N0,2,SPSA,256,0.6673828125000001,0.0660150471498378,2,12,24,random_regular,10062,0.3636363636363636,1,0,1,train
G0063,C08,N0,2,SPSA,512,0.66044921875,0.0653245131838354,2,12,24,random_regular,10062,0.3636363636363636,1,0,1,train
G0063,C09,N0,3,COBYLA,256,0.812109375,0.0220970869120796,2,12,24,random_regular,10062,0.3636363636363636,0,0,1,train
G0063,C10,N0,3,COBYLA,512,0.82880859375,0.0548283969005975,2,12,24,random_regular,10062,0.3636363636363636,0,0,1,train
G0063,C11,N0,3,SPSA,256,0.7113281250000001,0.1419737834101114,2,12,24,random_regular,10062,0.3636363636363636,1,0,1,train
G0063,C12,N0,3,SPSA,512,0.79541015625,0.0385317953029387,2,12,24,random_regular,10062,0.3636363636363636,1,0,1,train
G0064,C01,N0,1,COBYLA,256,0.703125,0.0999893182771602,2,12,24,random_regular,10063,0.3636363636363636,0,0,1,train
G0064,C02,N0,1,COBYLA,512,0.6912109375,0.1209815508436357,2,12,24,random_regular,10063,0.3636363636363636,0,0,1,train
G0064,C03,N0,1,SPSA,256,0.68359375,0.1287155312628638,2,12,24,random_regular,10063,0.3636363636363636,1,0,1,train
G0064,C04,N0,1,SPSA,512,0.7803710937499999,0.0045575241756164,2,12,24,random_regular,10063,0.3636363636363636,1,0,1,train
G0064,C05,N0,2,COBYLA,256,0.784765625,0.0055242717280199,2,12,24,random_regular,10063,0.3636363636363636,0,0,1,train
G0064,C06,N0,2,COBYLA,512,0.78818359375,0.0167109219772602,2,12,24,random_regular,10063,0.3636363636363636,0,0,1,train
G0064,C07,N0,2,SPSA,256,0.669140625,0.113247570424408,2,12,24,random_regular,10063,0.3636363636363636,1,0,1,train
G0064,C08,N0,2,SPSA,512,0.7716796875,0.055242717280199,2,12,24,random_regular,10063,0.3636363636363636,1,0,1,train
G0064,C09,N0,3,COBYLA,256,0.8220703125,0.0030383494504108,2,12,24,random_regular,10063,0.3636363636363636,0,0,1,train
G0064,C10,N0,3,COBYLA,512,0.85390625,0.0394985428553423,2,12,24,random_regular,10063,0.3636363636363636,0,0,1,train
G0064,C11,N0,3,SPSA,256,0.708203125,0.0685009694274467,2,12,24,random_regular,10063,0.3636363636363636,1,0,1,train
G0064,C12,N0,3,SPSA,512,0.69287109375,0.0051099513484184,2,12,24,random_regular,10063,0.3636363636363636,1,0,1,train
G0065,C01,N0,1,COBYLA,256,0.7625868055555556,0.1178511301977579,2,12,24,random_regular,10064,0.3636363636363636,0,0,1,train
G0065,C02,N0,1,COBYLA,512,0.6895616319444444,0.0256264827383145,2,12,24,random_regular,10064,0.3636363636363636,0,0,1,train
G0065,C03,N0,1,SPSA,256,0.8578559027777777,0.00030690398489,2,12,24,random_regular,10064,0.3636363636363636,1,0,1,train
G0065,C04,N0,1,SPSA,512,0.8547092013888888,0.001074163947115,2,12,24,random_regular,10064,0.3636363636363636,1,0,1,train
G0065,C05,N0,2,COBYLA,256,0.8155381944444444,0.0116623514258198,2,12,24,random_regular,10064,0.3636363636363636,0,0,1,train
G0065,C06,N0,2,COBYLA,512,0.8430989583333334,0.0144244872898297,2,12,24,random_regular,10064,0.3636363636363636,0,0,1,train
G0065,C07,N0,2,SPSA,256,0.7686631944444444,0.1417896410191775,2,12,24,random_regular,10064,0.3636363636363636,1,0,1,train
G0065,C08,N0,2,SPSA,512,0.7426215277777778,0.1230684979408878,2,12,24,random_regular,10064,0.3636363636363636,1,0,1,train
G0065,C09,N0,3,COBYLA,256,0.7855902777777777,0.168183383719717,2,12,24,random_regular,10064,0.3636363636363636,0,0,1,train
G0065,C10,N0,3,COBYLA,512,0.7885199652777778,0.1637332759388121,2,12,24,random_regular,10064,0.3636363636363636,0,0,1,train
G0065,C11,N0,3,SPSA,256,0.7823350694444444,0.1335032334271477,2,12,24,random_regular,10064,0.3636363636363636,1,0,1,train
G0065,C12,N0,3,SPSA,512,0.7365451388888888,0.110178530575508,2,12,24,random_regular,10064,0.3636363636363636,1,0,1,train
G0066,C01,N0,1,COBYLA,256,0.7584635416666666,0.1298203856084677,2,12,24,random_regular,10065,0.3636363636363636,0,0,1,validation
G0066,C02,N0,1,COBYLA,512,0.7590060763888888,0.1278255097066827,2,12,24,random_regular,10065,0.3636363636363636,0,0,1,validation
G0066,C03,N0,1,SPSA,256,0.8480902777777777,0.0024552318791199,2,12,24,random_regular,10065,0.3636363636363636,1,0,1,validation
G0066,C04,N0,1,SPSA,512,0.8481987847222222,0.0118158034182647,2,12,24,random_regular,10065,0.3636363636363636,1,0,1,validation
G0066,C05,N0,2,COBYLA,256,0.8335503472222222,0.0267006466854295,2,12,24,random_regular,10065,0.3636363636363636,0,0,1,validation
G0066,C06,N0,2,COBYLA,512,0.8245442708333334,0.0296162345418844,2,12,24,random_regular,10065,0.3636363636363636,0,0,1,validation
G0066,C07,N0,2,SPSA,256,0.7274305555555556,0.1006645070439182,2,12,24,random_regular,10065,0.3636363636363636,1,0,1,validation
G0066,C08,N0,2,SPSA,512,0.7251519097222222,0.0599997290459939,2,12,24,random_regular,10065,0.3636363636363636,1,0,1,validation
G0066,C09,N0,3,COBYLA,256,0.7606336805555556,0.1494622406414273,2,12,24,random_regular,10065,0.3636363636363636,0,0,1,validation
G0066,C10,N0,3,COBYLA,512,0.7688802083333333,0.1531450884601073,2,12,24,random_regular,10065,0.3636363636363636,0,0,1,validation
G0066,C11,N0,3,SPSA,256,0.7786458333333334,0.0724293404340387,2,12,24,random_regular,10065,0.3636363636363636,1,0,1,validation
G0066,C12,N0,3,SPSA,512,0.8434244791666667,0.0443476258166042,2,12,24,random_regular,10065,0.3636363636363636,1,0,1,validation
G0067,C01,N0,1,COBYLA,256,0.6625000000000001,0.0955699008947443,2,12,24,random_regular,10066,0.3636363636363636,0,0,1,train
G0067,C02,N0,1,COBYLA,512,0.6815429687500001,0.1183575217728264,2,12,24,random_regular,10066,0.3636363636363636,0,0,1,train
G0067,C03,N0,1,SPSA,256,0.762890625,0.0077339804192278,2,12,24,random_regular,10066,0.3636363636363636,1,0,1,train
G0067,C04,N0,1,SPSA,512,0.76572265625,0.0006905339660024,2,12,24,random_regular,10066,0.3636363636363636,1,0,1,train
G0067,C05,N0,2,COBYLA,256,0.75546875,0.0116009706288417,2,12,24,random_regular,10066,0.3636363636363636,0,0,1,train
G0067,C06,N0,2,COBYLA,512,0.75947265625,0.024444902396488,2,12,24,random_regular,10066,0.3636363636363636,0,0,1,train
G0067,C07,N0,2,SPSA,256,0.670703125,0.0977796095859523,2,12,24,random_regular,10066,0.3636363636363636,1,0,1,train
G0067,C08,N0,2,SPSA,512,0.68193359375,0.1064803375575836,2,12,24,random_regular,10066,0.3636363636363636,1,0,1,train
G0067,C09,N0,3,COBYLA,256,0.6951171875,0.1560606763165622,2,12,24,random_regular,10066,0.3636363636363636,0,0,1,train
G0067,C10,N0,3,COBYLA,512,0.70048828125,0.138244899993698,2,12,24,random_regular,10066,0.3636363636363636,0,0,1,train
G0067,C11,N0,3,SPSA,256,0.6460937499999999,0.001104854345604,2,12,24,random_regular,10066,0.3636363636363636,1,0,1,train
G0067,C12,N0,3,SPSA,512,0.766015625,0.0737490275690656,2,12,24,random_regular,10066,0.3636363636363636,1,0,1,train
G0068,C01,N0,1,COBYLA,256,0.6892578125,0.1278868905036606,2,12,24,random_regular,10067,0.3636363636363636,0,0,1,test
G0068,C02,N0,1,COBYLA,512,0.6830078125,0.111314075319601,2,12,24,random_regular,10067,0.3636363636363636,0,0,1,test
G0068,C03,N0,1,SPSA,256,0.687109375,0.10827572586919,2,12,24,random_regular,10067,0.3636363636363636,1,0,1,test
G0068,C04,N0,1,SPSA,512,0.74599609375,0.0302453877109089,2,12,24,random_regular,10067,0.3636363636363636,1,0,1,test
G0068,C05,N0,2,COBYLA,256,0.7732421875,0.0074577668328268,2,12,24,random_regular,10067,0.3636363636363636,0,0,1,test
G0068,C06,N0,2,COBYLA,512,0.76953125,0.0135344657336486,2,12,24,random_regular,10067,0.3636363636363636,0,0,1,test
G0068,C07,N0,2,SPSA,256,0.69921875,0.0033145630368119,2,12,24,random_regular,10067,0.3636363636363636,1,0,1,test
G0068,C08,N0,2,SPSA,512,0.673828125,0.1010941726227642,2,12,24,random_regular,10067,0.3636363636363636,1,0,1,test
G0068,C09,N0,3,COBYLA,256,0.6822265625,0.1560606763165622,2,12,24,random_regular,10067,0.3636363636363636,0,0,1,test
G0068,C10,N0,3,COBYLA,512,0.830078125,0.0342504847137233,2,12,24,random_regular,10067,0.3636363636363636,0,0,1,test
G0068,C11,N0,3,SPSA,256,0.6630859375,0.052204367829788,2,12,24,random_regular,10067,0.3636363636363636,1,0,1,test
G0068,C12,N0,3,SPSA,512,0.6927734375,0.0773398041922786,2,12,24,random_regular,10067,0.3636363636363636,1,0,1,test
G0069,C01,N0,1,COBYLA,256,0.7526041666666667,0.1018921229834782,2,12,24,random_regular,10068,0.3636363636363636,0,0,1,validation
G0069,C02,N0,1,COBYLA,512,0.8362630208333333,0.0161124592067247,2,12,24,random_regular,10068,0.3636363636363636,0,0,1,validation
G0069,C03,N0,1,SPSA,256,0.7541232638888888,0.1236823059106679,2,12,24,random_regular,10068,0.3636363636363636,1,0,1,validation
G0069,C04,N0,1,SPSA,512,0.7686631944444444,0.0945264273461183,2,12,24,random_regular,10068,0.3636363636363636,1,0,1,validation
G0069,C05,N0,2,COBYLA,256,0.8459201388888888,0.0251661267609796,2,12,24,random_regular,10068,0.3636363636363636,0,0,1,validation
G0069,C06,N0,2,COBYLA,512,0.8546006944444444,0.0049104637582398,2,12,24,random_regular,10068,0.3636363636363636,0,0,1,validation
G0069,C07,N0,2,SPSA,256,0.7196180555555556,0.0939126193763383,2,12,24,random_regular,10068,0.3636363636363636,1,0,1,validation
G0069,C08,N0,2,SPSA,512,0.7225477430555556,0.0667516167135737,2,12,24,random_regular,10068,0.3636363636363636,1,0,1,validation
G0069,C09,N0,3,COBYLA,256,0.8654513888888888,0.0478770216428391,2,12,24,random_regular,10068,0.3636363636363636,0,0,1,validation
G0069,C10,N0,3,COBYLA,512,0.8713107638888888,0.0128899673653797,2,12,24,random_regular,10068,0.3636363636363636,0,0,1,validation
G0069,C11,N0,3,SPSA,256,0.8324652777777778,0.0147313912747196,2,12,24,random_regular,10068,0.3636363636363636,1,0,1,validation
G0069,C12,N0,3,SPSA,512,0.8460286458333333,0.0222505389045246,2,12,24,random_regular,10068,0.3636363636363636,1,0,1,validation
G0070,C01,N0,1,COBYLA,256,0.678125,0.1071708715235861,2,12,24,random_regular,10069,0.3636363636363636,0,0,1,test
G0070,C02,N0,1,COBYLA,512,0.76875,0.0019334951048069,2,12,24,random_regular,10069,0.3636363636363636,0,0,1,test
G0070,C03,N0,1,SPSA,256,0.6888671875000001,0.1218101916028388,2,12,24,random_regular,10069,0.3636363636363636,1,0,1,test
G0070,C04,N0,1,SPSA,512,0.75654296875,0.0305216012973098,2,12,24,random_regular,10069,0.3636363636363636,1,0,1,test
G0070,C05,N0,2,COBYLA,256,0.76015625,0.0049718445552179,2,12,24,random_regular,10069,0.3636363636363636,0,0,1,test
G0070,C06,N0,2,COBYLA,512,0.759765625,0.0287262129857034,2,12,24,random_regular,10069,0.3636363636363636,0,0,1,test
G0070,C07,N0,2,SPSA,256,0.6935546875,0.1140762111836109,2,12,24,random_regular,10069,0.3636363636363636,1,0,1,test
G0070,C08,N0,2,SPSA,512,0.67744140625,0.1167002402544204,2,12,24,random_regular,10069,0.3636363636363636,1,0,1,test
G0070,C09,N0,3,COBYLA,256,0.806640625,0.0165728151840597,2,12,24,random_regular,10069,0.3636363636363636,0,0,1,test
G0070,C10,N0,3,COBYLA,512,0.83134765625,0.0045575241756164,2,12,24,random_regular,10069,0.3636363636363636,0,0,1,test
G0070,C11,N0,3,SPSA,256,0.738671875,0.0270689314672975,2,12,24,random_regular,10069,0.3636363636363636,1,0,1,test
G0070,C12,N0,3,SPSA,512,0.6646484374999999,0.0099436891104358,2,12,24,random_regular,10069,0.3636363636363636,1,0,1,test
G0071,C01,N0,1,COBYLA,256,0.658203125,0.1102729625708587,2,15,30,random_regular,10070,0.2857142857142857,0,0,1,train
G0071,C02,N0,1,COBYLA,512,0.7376802884615384,0.0006374159686176,2,15,30,random_regular,10070,0.2857142857142857,0,0,1,train
G0071,C03,N0,1,SPSA,256,0.740234375,0.0095612395292651,2,15,30,random_regular,10070,0.2857142857142857,1,0,1,train
G0071,C04,N0,1,SPSA,512,0.7364783653846154,0.0048868557594022,2,15,30,random_regular,10070,0.2857142857142857,1,0,1,train
G0071,C05,N0,2,COBYLA,256,0.7414362980769231,0.011261015445579,2,15,30,random_regular,10070,0.2857142857142857,0,0,1,train
G0071,C06,N0,2,COBYLA,512,0.7388070913461537,0.0024434278797011,2,15,30,random_regular,10070,0.2857142857142857,0,0,1,train
G0071,C07,N0,2,SPSA,256,0.763671875,0.0036120238221668,2,15,30,random_regular,10070,0.2857142857142857,1,0,1,train
G0071,C08,N0,2,SPSA,512,0.7524038461538461,0.0297460785354917,2,15,30,random_regular,10070,0.2857142857142857,1,0,1,train
G0071,C09,N0,3,COBYLA,256,0.6926081730769231,0.1015616109997504,2,15,30,random_regular,10070,0.2857142857142857,0,0,1,train
G0071,C10,N0,3,COBYLA,512,0.767578125,0.032720686389041,2,15,30,random_regular,10070,0.2857142857142857,0,0,1,train
G0071,C11,N0,3,SPSA,256,0.7276141826923077,0.0435567578555415,2,15,30,random_regular,10070,0.2857142857142857,1,0,1,train
G0071,C12,N0,3,SPSA,512,0.6849459134615384,0.0601295730396012,2,15,30,random_regular,10070,0.2857142857142857,1,0,1,train
G0072,C01,N0,1,COBYLA,256,0.6697716346153846,0.0956123952926522,2,15,30,random_regular,10071,0.2857142857142857,0,0,1,validation
G0072,C02,N0,1,COBYLA,512,0.7397085336538461,0.0069053396600248,2,15,30,random_regular,10071,0.2857142857142857,0,0,1,validation
G0072,C03,N0,1,SPSA,256,0.7309194711538461,0.0040369678012452,2,15,30,random_regular,10071,0.2857142857142857,1,0,1,validation
G0072,C04,N0,1,SPSA,512,0.7340745192307692,0.0053117997384806,2,15,30,random_regular,10071,0.2857142857142857,1,0,1,validation
G0072,C05,N0,2,COBYLA,256,0.7056790865384616,0.015935399215442,2,15,30,random_regular,10071,0.2857142857142857,0,0,1,validation
G0072,C06,N0,2,COBYLA,512,0.7398587740384616,0.017316467147447,2,15,30,random_regular,10071,0.2857142857142857,0,0,1,validation
G0072,C07,N0,2,SPSA,256,0.6953125,0.1551045523636356,2,15,30,random_regular,10071,0.2857142857142857,1,0,1,validation
G0072,C08,N0,2,SPSA,512,0.6382962740384616,0.0861573917581565,2,15,30,random_regular,10071,0.2857142857142857,1,0,1,validation
G0072,C09,N0,3,COBYLA,256,0.7599158653846154,0.0437692298450807,2,15,30,random_regular,10071,0.2857142857142857,0,0,1,validation
G0072,C10,N0,3,COBYLA,512,0.7720853365384616,0.0393073180647569,2,15,30,random_regular,10071,0.2857142857142857,0,0,1,validation
G0072,C11,N0,3,SPSA,256,0.6613581730769231,0.0446191178032376,2,15,30,random_regular,10071,0.2857142857142857,1,0,1,validation
G0072,C12,N0,3,SPSA,512,0.7143179086538461,0.0268777066767122,2,15,30,random_regular,10071,0.2857142857142857,1,0,1,validation
G0073,C01,N0,1,COBYLA,256,0.68408203125,0.0904599495463259,2,15,30,random_regular,10072,0.2857142857142857,0,0,1,train
G0073,C02,N0,1,COBYLA,512,0.8003743489583333,0.0008056229603362,2,15,30,random_regular,10072,0.2857142857142857,0,0,1,train
G0073,C03,N0,1,SPSA,256,0.7975260416666667,0.0101278315013698,2,15,30,random_regular,10072,0.2857142857142857,1,0,1,train
G0073,C04,N0,1,SPSA,512,0.796630859375,0.0090920305523661,2,15,30,random_regular,10072,0.2857142857142857,1,0,1,train
G0073,C05,N0,2,COBYLA,256,0.7906901041666667,0.0147313912747198,2,15,30,random_regular,10072,0.2857142857142857,0,0,1,train
G0073,C06,N0,2,COBYLA,512,0.8028971354166667,0.0326852743907844,2,15,30,random_regular,10072,0.2857142857142857,0,0,1,train
G0073,C07,N0,2,SPSA,256,0.7325846354166667,0.0398207920394768,2,15,30,random_regular,10072,0.2857142857142857,1,0,1,train
G0073,C08,N0,2,SPSA,512,0.7478841145833334,0.0497184455521791,2,15,30,random_regular,10072,0.2857142857142857,1,0,1,train
G0073,C09,N0,3,COBYLA,256,0.8426106770833334,0.0324550964021169,2,15,30,random_regular,10072,0.2857142857142857,0,0,1,train
G0073,C10,N0,3,COBYLA,512,0.826416015625,0.0380944571244706,2,15,30,random_regular,10072,0.2857142857142857,0,0,1,train
G0073,C11,N0,3,SPSA,256,0.771484375,0.0888487036256534,2,15,30,random_regular,10072,0.2857142857142857,1,0,1,train
G0073,C12,N0,3,SPSA,512,0.7044270833333334,0.0062148056940223,2,15,30,random_regular,10072,0.2857142857142857,1,0,1,train
G0074,C01,N0,1,COBYLA,256,0.6012620192307692,0.0424943979078453,2,15,30,random_regular,10073,0.2857142857142857,0,0,1,validation
G0074,C02,N0,1,COBYLA,512,0.7424128605769231,0.0001062359947695,2,15,30,random_regular,10073,0.2857142857142857,0,0,1,validation
G0074,C03,N0,1,SPSA,256,0.7348257211538463,0.006586631675716,2,15,30,random_regular,10073,0.2857142857142857,1,0,1,validation
G0074,C04,N0,1,SPSA,512,0.7331730769230769,0.0036120238221667,2,15,30,random_regular,10073,0.2857142857142857,1,0,1,validation
G0074,C05,N0,2,COBYLA,256,0.724609375,0.0235843908388542,2,15,30,random_regular,10073,0.2857142857142857,0,0,1,validation
G0074,C06,N0,2,COBYLA,512,0.7598407451923077,0.010729835471731,2,15,30,random_regular,10073,0.2857142857142857,0,0,1,validation
G0074,C07,N0,2,SPSA,256,0.67578125,0.0871135157110831,2,15,30,random_regular,10073,0.2857142857142857,1,0,1,validation
G0074,C08,N0,2,SPSA,512,0.6171875,0.0614044049768366,2,15,30,random_regular,10073,0.2857142857142857,1,0,1,validation
G0074,C09,N0,3,COBYLA,256,0.78125,0.013173263351432,2,15,30,random_regular,10073,0.2857142857142857,0,0,1,validation
G0074,C10,N0,3,COBYLA,512,0.7814002403846154,0.025284166755168,2,15,30,random_regular,10073,0.2857142857142857,0,0,1,validation
G0074,C11,N0,3,SPSA,256,0.6479867788461537,0.061829348955915,2,15,30,random_regular,10073,0.2857142857142857,1,0,1,validation
G0074,C12,N0,3,SPSA,512,0.6307842548076923,0.0268777066767122,2,15,30,random_regular,10073,0.2857142857142857,1,0,1,validation
G0075,C01,N0,1,COBYLA,256,0.7622514204545454,0.1147541899865951,2,15,30,random_regular,10074,0.2857142857142857,0,0,1,train
G0075,C02,N0,1,COBYLA,512,0.7592329545454546,0.119274048673157,2,15,30,random_regular,10074,0.2857142857142857,0,0,1,train
G0075,C03,N0,1,SPSA,256,0.7700639204545454,0.1212828747560733,2,15,30,random_regular,10074,0.2857142857142857,1,0,1,train
G0075,C04,N0,1,SPSA,512,0.8557350852272727,0.0071564429203893,2,15,30,random_regular,10074,0.2857142857142857,1,0,1,train
G0075,C05,N0,2,COBYLA,256,0.8032670454545454,0.055242717280199,2,15,30,random_regular,10074,0.2857142857142857,0,0,1,train
G0075,C06,N0,2,COBYLA,512,0.8575106534090908,0.0061520298789312,2,15,30,random_regular,10074,0.2857142857142857,0,0,1,train
G0075,C07,N0,2,SPSA,256,0.8217329545454546,0.0497184455521791,2,15,30,random_regular,10074,0.2857142857142857,1,0,1,train
G0075,C08,N0,2,SPSA,512,0.8085049715909091,0.0400509700281442,2,15,30,random_regular,10074,0.2857142857142857,1,0,1,train
G0075,C09,N0,3,COBYLA,256,0.7874644886363636,0.1388601029815911,2,15,30,random_regular,10074,0.2857142857142857,0,0,1,train
G0075,C10,N0,3,COBYLA,512,0.7966086647727273,0.1003157525156341,2,15,30,random_regular,10074,0.2857142857142857,0,0,1,train
G0075,C11,N0,3,SPSA,256,0.8409090909090908,0.018581641266976,2,15,30,random_regular,10074,0.2857142857142857,1,0,1,train
G0075,C12,N0,3,SPSA,512,0.8631924715909092,0.0443197254543414,2,15,30,random_regular,10074,0.2857142857142857,1,0,1,train
G0076,C01,N0,1,COBYLA,256,0.5881911057692308,0.025284166755168,2,15,30,random_regular,10075,0.2857142857142857,0,0,1,train
G0076,C02,N0,1,COBYLA,512,0.7364783653846154,0.0008498879581569,2,15,30,random_regular,10075,0.2857142857142857,0,0,1,train
G0076,C03,N0,1,SPSA,256,0.6521935096153846,0.1153722903198002,2,15,30,random_regular,10075,0.2857142857142857,1,0,1,train
G0076,C04,N0,1,SPSA,512,0.7358774038461539,0.0061616876966375,2,15,30,random_regular,10075,0.2857142857142857,1,0,1,train
G0076,C05,N0,2,COBYLA,256,0.7486478365384615,0.0176351751317558,2,15,30,random_regular,10075,0.2857142857142857,0,0,1,train
G0076,C06,N0,2,COBYLA,512,0.7387319711538461,0.0101986554978828,2,15,30,random_regular,10075,0.2857142857142857,0,0,1,train
G0076,C07,N0,2,SPSA,256,0.6192908653846154,0.059067213091905,2,15,30,random_regular,10075,0.2857142857142857,1,0,1,train
G0076,C08,N0,2,SPSA,512,0.6705228365384616,0.1325825214724776,2,15,30,random_regular,10075,0.2857142857142857,1,0,1,train
G0076,C09,N0,3,COBYLA,256,0.6781850961538463,0.1585041041962633,2,15,30,random_regular,10075,0.2857142857142857,0,0,1,train
G0076,C10,N0,3,COBYLA,512,0.6760817307692307,0.1553170243531749,2,15,30,random_regular,10075,0.2857142857142857,0,0,1,train
G0076,C11,N0,3,SPSA,256,0.6951622596153846,0.0728778924119549,2,15,30,random_regular,10075,0.2857142857142857,1,0,1,train
G0076,C12,N0,3,SPSA,512,0.6832932692307692,0.0210347269643835,2,15,30,random_regular,10075,0.2857142857142857,1,0,1,train
G0077,C01,N0,1,COBYLA,256,0.70458984375,0.1180813081864254,2,15,30,random_regular,10076,0.2857142857142857,0,0,1,train
G0077,C02,N0,1,COBYLA,512,0.746826171875,0.0532862043765253,2,15,30,random_regular,10076,0.2857142857142857,0,0,1,train
G0077,C03,N0,1,SPSA,256,0.7138671875,0.1233754019257778,2,15,30,random_regular,10076,0.2857142857142857,1,0,1,train
G0077,C04,N0,1,SPSA,512,0.791748046875,0.0026470468696761,2,15,30,random_regular,10076,0.2857142857142857,1,0,1,train
G0077,C05,N0,2,COBYLA,256,0.7683919270833333,0.0306136724927769,2,15,30,random_regular,10076,0.2857142857142857,0,0,1,train
G0077,C06,N0,2,COBYLA,512,0.783447265625,0.0026470468696761,2,15,30,random_regular,10076,0.2857142857142857,0,0,1,train
G0077,C07,N0,2,SPSA,256,0.6785481770833333,0.0757285582716061,2,15,30,random_regular,10076,0.2857142857142857,1,0,1,train
G0077,C08,N0,2,SPSA,512,0.7322591145833334,0.0863167457503109,2,15,30,random_regular,10076,0.2857142857142857,1,0,1,train
G0077,C09,N0,3,COBYLA,256,0.72412109375,0.1512269385545448,2,15,30,random_regular,10076,0.2857142857142857,0,0,1,train
G0077,C10,N0,3,COBYLA,512,0.8190104166666667,0.0253195787534244,2,15,30,random_regular,10076,0.2857142857142857,0,0,1,train
G0077,C11,N0,3,SPSA,256,0.6744791666666667,0.0128899673653797,2,15,30,random_regular,10076,0.2857142857142857,1,0,1,train
G0077,C12,N0,3,SPSA,512,0.6595865885416666,0.011393810439041,2,15,30,random_regular,10076,0.2857142857142857,1,0,1,train
G0078,C01,N0,1,COBYLA,256,0.8064778645833334,0.0034526698300124,2,15,30,random_regular,10077,0.2857142857142857,0,0,1,train
G0078,C02,N0,1,COBYLA,512,0.7986653645833334,0.0013810679320049,2,15,30,random_regular,10077,0.2857142857142857,0,0,1,train
G0078,C03,N0,1,SPSA,256,0.80224609375,0.0002301779886674,2,15,30,random_regular,10077,0.2857142857142857,1,0,1,train
G0078,C04,N0,1,SPSA,512,0.8026529947916666,0.011393810439041,2,15,30,random_regular,10077,0.2857142857142857,1,0,1,train
G0078,C05,N0,2,COBYLA,256,0.8046875,0.0064449836826898,2,15,30,random_regular,10077,0.2857142857142857,0,0,1,train
G0078,C06,N0,2,COBYLA,512,0.8035481770833333,0.0039130258073473,2,15,30,random_regular,10077,0.2857142857142857,0,0,1,train
G0078,C07,N0,2,SPSA,256,0.7200520833333333,0.0313042064587794,2,15,30,random_regular,10077,0.2857142857142857,1,0,1,train
G0078,C08,N0,2,SPSA,512,0.7386881510416667,0.0449997967844953,2,15,30,random_regular,10077,0.2857142857142857,1,0,1,train
G0078,C09,N0,3,COBYLA,256,0.73876953125,0.1719429575346194,2,15,30,random_regular,10077,0.2857142857142857,0,0,1,train
G0078,C10,N0,3,COBYLA,512,0.8009440104166667,0.0557030732575339,2,15,30,random_regular,10077,0.2857142857142857,0,0,1,train
G0078,C11,N0,3,SPSA,256,0.7384440104166667,0.0315343844474469,2,15,30,random_regular,10077,0.2857142857142857,1,0,1,train
G0078,C12,N0,3,SPSA,512,0.6835123697916667,0.0054091827336862,2,15,30,random_regular,10077,0.2857142857142857,1,0,1,train
G0079,C01,N0,1,COBYLA,256,0.8043619791666667,0.0073656956373598,2,15,30,random_regular,10078,0.2857142857142857,0,0,1,train
G0079,C02,N0,1,COBYLA,512,0.8068033854166667,0.0025319578753424,2,15,30,random_regular,10078,0.2857142857142857,0,0,1,train
G0079,C03,N0,1,SPSA,256,0.8116861979166666,0.0020716018980074,2,15,30,random_regular,10078,0.2857142857142857,1,0,1,train
G0079,C04,N0,1,SPSA,512,0.8119303385416666,0.0010358009490037,2,15,30,random_regular,10078,0.2857142857142857,1,0,1,train
G0079,C05,N0,2,COBYLA,256,0.8216145833333333,0.0078260516146948,2,15,30,random_regular,10078,0.2857142857142857,0,0,1,train
G0079,C06,N0,2,COBYLA,512,0.801025390625,0.011393810439041,2,15,30,random_regular,10078,0.2857142857142857,0,0,1,train
G0079,C07,N0,2,SPSA,256,0.7197265625,0.0009207119546699,2,15,30,random_regular,10078,0.2857142857142857,1,0,1,train
G0079,C08,N0,2,SPSA,512,0.7416178385416667,0.0360228552264631,2,15,30,random_regular,10078,0.2857142857142857,1,0,1,train
G0079,C09,N0,3,COBYLA,256,0.8572591145833333,0.0052940937393523,2,15,30,random_regular,10078,0.2857142857142857,0,0,1,train
G0079,C10,N0,3,COBYLA,512,0.8417154947916667,0.0171482601557284,2,15,30,random_regular,10078,0.2857142857142857,0,0,1,train
G0079,C11,N0,3,SPSA,256,0.7275390625,0.0285420705947694,2,15,30,random_regular,10078,0.2857142857142857,1,0,1,train
G0079,C12,N0,3,SPSA,512,0.7427571614583334,0.0611122559912201,2,15,30,random_regular,10078,0.2857142857142857,1,0,1,train
G0080,C01,N0,1,COBYLA,256,0.7531550480769231,0.0006374159686177,2,15,30,random_regular,10079,0.2857142857142857,0,0,1,train
G0080,C02,N0,1,COBYLA,512,0.6169621394230769,0.062360528929763,2,15,30,random_regular,10079,0.2857142857142857,0,0,1,train
G0080,C03,N0,1,SPSA,256,0.7498497596153846,0.0031870798430883,2,15,30,random_regular,10079,0.2857142857142857,1,0,1,train
G0080,C04,N0,1,SPSA,512,0.7490985576923077,0.013173263351432,2,15,30,random_regular,10079,0.2857142857142857,1,0,1,train
G0080,C05,N0,2,COBYLA,256,0.6924579326923077,0.0503558615207967,2,15,30,random_regular,10079,0.2857142857142857,0,0,1,train
G0080,C06,N0,2,COBYLA,512,0.7627704326923077,0.0042494397907845,2,15,30,random_regular,10079,0.2857142857142857,0,0,1,train
G0080,C07,N0,2,SPSA,256,0.6948617788461539,0.1786889432024899,2,15,30,random_regular,10079,0.2857142857142857,1,0,1,train
G0080,C08,N0,2,SPSA,512,0.6548978365384615,0.1121852104767119,2,15,30,random_regular,10079,0.2857142857142857,1,0,1,train
G0080,C09,N0,3,COBYLA,256,0.8069411057692308,0.0010623599476961,2,15,30,random_regular,10079,0.2857142857142857,0,0,1,train
G0080,C10,N0,3,COBYLA,512,0.7792217548076923,0.0572612011808216,2,15,30,random_regular,10079,0.2857142857142857,0,0,1,train
G0080,C11,N0,3,SPSA,256,0.7765925480769231,0.0303834945041094,2,15,30,random_regular,10079,0.2857142857142857,1,0,1,train
G0080,C12,N0,3,SPSA,512,0.6954627403846154,0.0741527243491901,2,15,30,random_regular,10079,0.2857142857142857,1,0,1,train
G0081,C01,N0,1,COBYLA,256,0.7329799107142857,0.1223231596918692,2,18,36,random_regular,10080,0.2352941176470588,0,0,1,test
G0081,C02,N0,1,COBYLA,512,0.8201032366071428,0.0036499652488703,2,18,36,random_regular,10080,0.2352941176470588,0,0,1,test
G0081,C03,N0,1,SPSA,256,0.7257254464285714,0.1211393871787221,2,18,36,random_regular,10080,0.2352941176470588,1,0,1,test
G0081,C04,N0,1,SPSA,512,0.8143136160714286,0.0051296808903042,2,18,36,random_regular,10080,0.2352941176470588,1,0,1,test
G0081,C05,N0,2,COBYLA,256,0.8155691964285714,0.0027621358640099,2,18,36,random_regular,10080,0.2352941176470588,0,0,1,test
G0081,C06,N0,2,COBYLA,512,0.8250558035714286,0.0074972259165984,2,18,36,random_regular,10080,0.2352941176470588,0,0,1,test
G0081,C07,N0,2,SPSA,256,0.7286551339285714,0.1359365435930612,2,18,36,random_regular,10080,0.2352941176470588,1,0,1,test
G0081,C08,N0,2,SPSA,512,0.7076590401785714,0.0851329732371639,2,18,36,random_regular,10080,0.2352941176470588,1,0,1,test
G0081,C09,N0,3,COBYLA,256,0.7310267857142857,0.1392905657136447,2,18,36,random_regular,10080,0.2352941176470588,0,0,1,test
G0081,C10,N0,3,COBYLA,512,0.8881138392857143,0.0118377251314711,2,18,36,random_regular,10080,0.2352941176470588,0,0,1,test
G0081,C11,N0,3,SPSA,256,0.7147042410714286,0.0096674755240348,2,18,36,random_regular,10080,0.2352941176470588,1,0,1,test
G0081,C12,N0,3,SPSA,512,0.7595563616071428,0.0521846382879023,2,18,36,random_regular,10080,0.2352941176470588,1,0,1,test
G0082,C01,N0,1,COBYLA,256,0.6676897321428572,0.0355131753944137,2,18,36,random_regular,10081,0.2352941176470588,0,0,1,test
G0082,C02,N0,1,COBYLA,512,0.7243303571428572,0.1124583887489765,2,18,36,random_regular,10081,0.2352941176470588,0,0,1,test
G0082,C03,N0,1,SPSA,256,0.8134765625,0.0029594312828677,2,18,36,random_regular,10081,0.2352941176470588,1,0,1,test
G0082,C04,N0,1,SPSA,512,0.8042689732142858,0.0023675450262942,2,18,36,random_regular,10081,0.2352941176470588,1,0,1,test
G0082,C05,N0,2,COBYLA,256,0.8173828125,0.0242673365195159,2,18,36,random_regular,10081,0.2352941176470588,0,0,1,test
G0082,C06,N0,2,COBYLA,512,0.8187081473214286,0.009371532395748,2,18,36,random_regular,10081,0.2352941176470588,0,0,1,test
G0082,C07,N0,2,SPSA,256,0.6975446428571428,0.08365325759573,2,18,36,random_regular,10081,0.2352941176470588,1,0,1,test
G0082,C08,N0,2,SPSA,512,0.7403738839285714,0.0092728846863191,2,18,36,random_regular,10081,0.2352941176470588,1,0,1,test
G0082,C09,N0,3,COBYLA,256,0.7377232142857143,0.1479715641433902,2,18,36,random_regular,10081,0.2352941176470588,0,0,1,test
G0082,C10,N0,3,COBYLA,512,0.8558175223214286,0.0083850553014587,2,18,36,random_regular,10081,0.2352941176470588,0,0,1,test
G0082,C11,N0,3,SPSA,256,0.7700892857142858,0.0722101233019743,2,18,36,random_regular,10081,0.2352941176470588,1,0,1,test
G0082,C12,N0,3,SPSA,512,0.7472795758928572,0.0239713933912291,2,18,36,random_regular,10081,0.2352941176470588,1,0,1,test
G0083,C01,N0,1,COBYLA,256,0.7859375,0.0069974108554919,2,18,36,random_regular,10082,0.2352941176470588,0,0,1,test
G0083,C02,N0,1,COBYLA,512,0.6889973958333333,0.1361732980956906,2,18,36,random_regular,10082,0.2352941176470588,0,0,1,test
G0083,C03,N0,1,SPSA,256,0.7697916666666667,0.0014731391274719,2,18,36,random_regular,10082,0.2352941176470588,1,0,1,test
G0083,C04,N0,1,SPSA,512,0.7752604166666667,0.0009207119546699,2,18,36,random_regular,10082,0.2352941176470588,1,0,1,test
G0083,C05,N0,2,COBYLA,256,0.7925781249999999,0.00092071195467,2,18,36,random_regular,10082,0.2352941176470588,0,0,1,test
G0083,C06,N0,2,COBYLA,512,0.7895182291666667,0.0032224918413448,2,18,36,random_regular,10082,0.2352941176470588,0,0,1,test
G0083,C07,N0,2,SPSA,256,0.7481770833333334,0.0371967629686673,2,18,36,random_regular,10082,0.2352941176470588,1,0,1,test
G0083,C08,N0,2,SPSA,512,0.6987630208333333,0.1192321981297629,2,18,36,random_regular,10082,0.2352941176470588,1,0,1,test
G0083,C09,N0,3,COBYLA,256,0.8244791666666667,0.0103119738923038,2,18,36,random_regular,10082,0.2352941176470588,0,0,1,test
G0083,C10,N0,3,COBYLA,512,0.7822916666666666,0.0633449824812948,2,18,36,random_regular,10082,0.2352941176470588,0,0,1,test
G0083,C11,N0,3,SPSA,256,0.7779947916666666,0.0108644010651058,2,18,36,random_regular,10082,0.2352941176470588,1,0,1,test
G0083,C12,N0,3,SPSA,512,0.7401041666666667,0.0942809041582063,2,18,36,random_regular,10082,0.2352941176470588,1,0,1,test
G0084,C01,N0,1,COBYLA,256,0.6846354166666666,0.1292679584356656,2,18,36,random_regular,10083,0.2352941176470588,0,0,1,validation
G0084,C02,N0,1,COBYLA,512,0.6923177083333334,0.1335032334271477,2,18,36,random_regular,10083,0.2352941176470588,0,0,1,validation
G0084,C03,N0,1,SPSA,256,0.6864583333333334,0.1219022627983058,2,18,36,random_regular,10083,0.2352941176470588,1,0,1,validation
G0084,C04,N0,1,SPSA,512,0.7706380208333333,0.000828640759203,2,18,36,random_regular,10083,0.2352941176470588,1,0,1,validation
G0084,C05,N0,2,COBYLA,256,0.7755208333333334,0.0206239477846076,2,18,36,random_regular,10083,0.2352941176470588,0,0,1,validation
G0084,C06,N0,2,COBYLA,512,0.7882161458333333,0.0105881874787047,2,18,36,random_regular,10083,0.2352941176470588,0,0,1,validation
G0084,C07,N0,2,SPSA,256,0.6923177083333334,0.0381174749233372,2,18,36,random_regular,10083,0.2352941176470588,1,0,1,validation
G0084,C08,N0,2,SPSA,512,0.661328125,0.0876517780845823,2,18,36,random_regular,10083,0.2352941176470588,1,0,1,validation
G0084,C09,N0,3,COBYLA,256,0.7161458333333334,0.1738304170416929,2,18,36,random_regular,10083,0.2352941176470588,0,0,1,validation
G0084,C10,N0,3,COBYLA,512,0.7133463541666667,0.1753956273646319,2,18,36,random_regular,10083,0.2352941176470588,0,0,1,validation
G0084,C11,N0,3,SPSA,256,0.7662760416666667,0.053217150979925,2,18,36,random_regular,10083,0.2352941176470588,1,0,1,validation
G0084,C12,N0,3,SPSA,512,0.7744791666666666,0.0206239477846076,2,18,36,random_regular,10083,0.2352941176470588,1,0,1,validation
G0085,C01,N0,1,COBYLA,256,0.7375837053571428,0.1268609543255998,2,18,36,random_regular,10084,0.2352941176470588,0,0,1,train
G0085,C02,N0,1,COBYLA,512,0.7366071428571428,0.1278474314198892,2,18,36,random_regular,10084,0.2352941176470588,0,0,1,train
G0085,C03,N0,1,SPSA,256,0.8208705357142857,0.0047350900525885,2,18,36,random_regular,10084,0.2352941176470588,1,0,1,train
G0085,C04,N0,1,SPSA,512,0.8161272321428572,0.0065107488223092,2,18,36,random_regular,10084,0.2352941176470588,1,0,1,train
G0085,C05,N0,2,COBYLA,256,0.8332868303571429,0.0124296113880447,2,18,36,random_regular,10084,0.2352941176470588,0,0,1,train
G0085,C06,N0,2,COBYLA,512,0.8221958705357143,0.004044556086586,2,18,36,random_regular,10084,0.2352941176470588,0,0,1,train
G0085,C07,N0,2,SPSA,256,0.7629743303571429,0.0179538831160646,2,18,36,random_regular,10084,0.2352941176470588,1,0,1,train
G0085,C08,N0,2,SPSA,512,0.7774832589285714,0.0169674060217754,2,18,36,random_regular,10084,0.2352941176470588,1,0,1,train
G0085,C09,N0,3,COBYLA,256,0.8681640625,0.012035020550329,2,18,36,random_regular,10084,0.2352941176470588,0,0,1,train
G0085,C10,N0,3,COBYLA,512,0.85107421875,0.0423198673450095,2,18,36,random_regular,10084,0.2352941176470588,0,0,1,train
G0085,C11,N0,3,SPSA,256,0.7854352678571428,0.0007891816754314,2,18,36,random_regular,10084,0.2352941176470588,1,0,1,train
G0085,C12,N0,3,SPSA,512,0.7910853794642857,0.1007193113269343,2,18,36,random_regular,10084,0.2352941176470588,1,0,1,train
G0086,C01,N0,1,COBYLA,256,0.7690104166666667,0.001104854345604,2,18,36,random_regular,10085,0.2352941176470588,0,0,1,train
G0086,C02,N0,1,COBYLA,512,0.6953125,0.0952016161128762,2,18,36,random_regular,10085,0.2352941176470588,0,0,1,train
G0086,C03,N0,1,SPSA,256,0.7701822916666667,0.0071815532464258,2,18,36,random_regular,10085,0.2352941176470588,1,0,1,train
G0086,C04,N0,1,SPSA,512,0.7609375,0.0187825238752676,2,18,36,random_regular,10085,0.2352941176470588,1,0,1,train
G0086,C05,N0,2,COBYLA,256,0.741015625,0.0046035597733498,2,18,36,random_regular,10085,0.2352941176470588,0,0,1,train
G0086,C06,N0,2,COBYLA,512,0.7718098958333334,0.0092991907421668,2,18,36,random_regular,10085,0.2352941176470588,0,0,1,train
G0086,C07,N0,2,SPSA,256,0.7178385416666666,0.0053401293370858,2,18,36,random_regular,10085,0.2352941176470588,1,0,1,train
G0086,C08,N0,2,SPSA,512,0.6473958333333334,0.0640815520450308,2,18,36,random_regular,10085,0.2352941176470588,1,0,1,train
G0086,C09,N0,3,COBYLA,256,0.7427083333333333,0.107907441087322,2,18,36,random_regular,10085,0.2352941176470588,0,0,1,train
G0086,C10,N0,3,COBYLA,512,0.7202473958333333,0.1317538807132746,2,18,36,random_regular,10085,0.2352941176470588,0,0,1,train
G0086,C11,N0,3,SPSA,256,0.6799479166666667,0.0158362456203237,2,18,36,random_regular,10085,0.2352941176470588,1,0,1,train
G0086,C12,N0,3,SPSA,512,0.75078125,0.0506391575068491,2,18,36,random_regular,10085,0.2352941176470588,1,0,1,train
G0087,C01,N0,1,COBYLA,256,0.6598958333333333,0.0917029106851303,2,18,36,random_regular,10086,0.2352941176470588,0,0,1,test
G0087,C02,N0,1,COBYLA,512,0.7611979166666667,0.0204398053936736,2,18,36,random_regular,10086,0.2352941176470588,0,0,1,test
G0087,C03,N0,1,SPSA,256,0.76796875,0.0084705499829638,2,18,36,random_regular,10086,0.2352941176470588,1,0,1,test
G0087,C04,N0,1,SPSA,512,0.6870442708333333,0.1162859198748189,2,18,36,random_regular,10086,0.2352941176470588,1,0,1,test
G0087,C05,N0,2,COBYLA,256,0.7786458333333333,0.0176776695296637,2,18,36,random_regular,10086,0.2352941176470588,0,0,1,test
G0087,C06,N0,2,COBYLA,512,0.7765625,0.0081022652010958,2,18,36,random_regular,10086,0.2352941176470588,0,0,1,test
G0087,C07,N0,2,SPSA,256,0.705078125,0.1110378617332,2,18,36,random_regular,10086,0.2352941176470588,1,0,1,test
G0087,C08,N0,2,SPSA,512,0.6610026041666666,0.057912781948742,2,18,36,random_regular,10086,0.2352941176470588,1,0,1,test
G0087,C09,N0,3,COBYLA,256,0.708984375,0.1677537181408711,2,18,36,random_regular,10086,0.2352941176470588,0,0,1,test
G0087,C10,N0,3,COBYLA,512,0.7057942708333333,0.1562448187074962,2,18,36,random_regular,10086,0.2352941176470588,0,0,1,test
G0087,C11,N0,3,SPSA,256,0.7705729166666666,0.0228336564758155,2,18,36,random_regular,10086,0.2352941176470588,1,0,1,test
G0087,C12,N0,3,SPSA,512,0.7356119791666667,0.0052480581416189,2,18,36,random_regular,10086,0.2352941176470588,1,0,1,test
G0088,C01,N0,1,COBYLA,256,0.7502790178571428,0.0733938958151216,2,18,36,random_regular,10087,0.2352941176470588,0,0,1,train
G0088,C02,N0,1,COBYLA,512,0.8167550223214286,0.001282420222576,2,18,36,random_regular,10087,0.2352941176470588,0,0,1,train
G0088,C03,N0,1,SPSA,256,0.7822265625,0.0364996524887029,2,18,36,random_regular,10087,0.2352941176470588,1,0,1,train
G0088,C04,N0,1,SPSA,512,0.802734375,0.0023675450262941,2,18,36,random_regular,10087,0.2352941176470588,1,0,1,train
G0088,C05,N0,2,COBYLA,256,0.7610212053571428,0.0589913302384982,2,18,36,random_regular,10087,0.2352941176470588,0,0,1,train
G0088,C06,N0,2,COBYLA,512,0.8263113839285714,0.0169674060217754,2,18,36,random_regular,10087,0.2352941176470588,0,0,1,train
G0088,C07,N0,2,SPSA,256,0.7576729910714286,0.0582021485630668,2,18,36,random_regular,10087,0.2352941176470588,1,0,1,train
G0088,C08,N0,2,SPSA,512,0.7384207589285714,0.1408689290645075,2,18,36,random_regular,10087,0.2352941176470588,1,0,1,train
G0088,C09,N0,3,COBYLA,256,0.7455357142857142,0.1708578327309013,2,18,36,random_regular,10087,0.2352941176470588,0,0,1,train
G0088,C10,N0,3,COBYLA,512,0.7307477678571428,0.1485634503999639,2,18,36,random_regular,10087,0.2352941176470588,0,0,1,train
G0088,C11,N0,3,SPSA,256,0.7890625,0.0217024960743638,2,18,36,random_regular,10087,0.2352941176470588,1,0,1,train
G0088,C12,N0,3,SPSA,512,0.7799246651785714,0.0663899084456677,2,18,36,random_regular,10087,0.2352941176470588,1,0,1,train
G0089,C01,N0,1,COBYLA,256,0.7739583333333333,0.0081022652010958,2,18,36,random_regular,10088,0.2352941176470588,0,0,1,validation
G0089,C02,N0,1,COBYLA,512,0.6847005208333333,0.1291758872401986,2,18,36,random_regular,10088,0.2352941176470588,0,0,1,validation
G0089,C03,N0,1,SPSA,256,0.7755208333333333,0.0103119738923038,2,18,36,random_regular,10088,0.2352941176470588,1,0,1,validation
G0089,C04,N0,1,SPSA,512,0.7668619791666667,0.0087467635693648,2,18,36,random_regular,10088,0.2352941176470588,1,0,1,validation
G0089,C05,N0,2,COBYLA,256,0.7166666666666667,0.1075391563054541,2,18,36,random_regular,10088,0.2352941176470588,0,0,1,validation
G0089,C06,N0,2,COBYLA,512,0.7783203125,0.0164807439885926,2,18,36,random_regular,10088,0.2352941176470588,0,0,1,validation
G0089,C07,N0,2,SPSA,256,0.7315104166666667,0.0331456303681194,2,18,36,random_regular,10088,0.2352941176470588,1,0,1,validation
G0089,C08,N0,2,SPSA,512,0.7938802083333334,0.0357236238411952,2,18,36,random_regular,10088,0.2352941176470588,1,0,1,validation
G0089,C09,N0,3,COBYLA,256,0.8122395833333333,0.0180459543115316,2,18,36,random_regular,10088,0.2352941176470588,0,0,1,validation
G0089,C10,N0,3,COBYLA,512,0.8263671875,0.0444703874105602,2,18,36,random_regular,10088,0.2352941176470588,0,0,1,validation
G0089,C11,N0,3,SPSA,256,0.7013020833333333,0.0169410999659276,2,18,36,random_regular,10088,0.2352941176470588,1,0,1,validation
G0089,C12,N0,3,SPSA,512,0.7361979166666667,0.0241226532123536,2,18,36,random_regular,10088,0.2352941176470588,1,0,1,validation
G0001,C01,N1,1,COBYLA,256,0.6283203125,0.0124296113880447,2,10,12,erdos_renyi,10000,0.2666666666666666,0,1,0,train
G0001,C02,N1,1,COBYLA,512,0.65068359375,0.0034526698300124,2,10,12,erdos_renyi,10000,0.2666666666666666,0,1,0,train
G0001,C03,N1,1,SPSA,256,0.6373046875,0.0046956309688168,2,10,12,erdos_renyi,10000,0.2666666666666666,1,1,0,train
G0001,C04,N1,1,SPSA,512,0.65302734375,0.0034526698300124,2,10,12,erdos_renyi,10000,0.2666666666666666,1,1,0,train
G0001,C05,N1,2,COBYLA,256,0.6720703125,0.0118771842152427,2,10,12,erdos_renyi,10000,0.2666666666666666,0,1,0,train
G0001,C06,N1,2,COBYLA,512,0.6373046875,0.0077339804192278,2,10,12,erdos_renyi,10000,0.2666666666666666,0,1,0,train
G0001,C07,N1,2,SPSA,256,0.705078125,0.0734728139826647,2,10,12,erdos_renyi,10000,0.2666666666666666,1,1,0,train
G0001,C08,N1,2,SPSA,512,0.6646484375,0.0248592227760895,2,10,12,erdos_renyi,10000,0.2666666666666666,1,1,0,train
G0001,C09,N1,3,COBYLA,256,0.6673828125000001,0.0273451450536985,2,10,12,erdos_renyi,10000,0.2666666666666666,0,1,0,train
G0001,C10,N1,3,COBYLA,512,0.646875,0.0116009706288417,2,10,12,erdos_renyi,10000,0.2666666666666666,0,1,0,train
G0001,C11,N1,3,SPSA,256,0.715234375,0.0740252411554667,2,10,12,erdos_renyi,10000,0.2666666666666666,1,1,0,train
G0001,C12,N1,3,SPSA,512,0.6976562500000001,0.0770635906058777,2,10,12,erdos_renyi,10000,0.2666666666666666,1,1,0,train
G0002,C01,N1,1,COBYLA,256,0.6212565104166667,0.0135805013313822,2,10,14,erdos_renyi,10001,0.3111111111111111,0,1,0,train
G0002,C02,N1,1,COBYLA,512,0.6368815104166666,0.0027621358640099,2,10,14,erdos_renyi,10001,0.3111111111111111,0,1,0,train
G0002,C03,N1,1,SPSA,256,0.63671875,0.0027621358640099,2,10,14,erdos_renyi,10001,0.3111111111111111,1,1,0,train
G0002,C04,N1,1,SPSA,512,0.6505533854166666,0.0,2,10,14,erdos_renyi,10001,0.3111111111111111,1,1,0,train
G0002,C05,N1,2,COBYLA,256,0.6318359375,0.0138106793200497,2,10,14,erdos_renyi,10001,0.3111111111111111,0,1,0,train
G0002,C06,N1,2,COBYLA,512,0.6361490885416667,0.0067902506656911,2,10,14,erdos_renyi,10001,0.3111111111111111,0,1,0,train
G0002,C07,N1,2,SPSA,256,0.6515299479166666,0.022787620878082,2,10,14,erdos_renyi,10001,0.3111111111111111,1,1,0,train
G0002,C08,N1,2,SPSA,512,0.6468098958333334,0.0041432037960149,2,10,14,erdos_renyi,10001,0.3111111111111111,1,1,0,train
G0002,C09,N1,3,COBYLA,256,0.6455078125,0.0078260516146948,2,10,14,erdos_renyi,10001,0.3111111111111111,0,1,0,train
G0002,C10,N1,3,COBYLA,512,0.6507975260416667,0.011854166416376,2,10,14,erdos_renyi,10001,0.3111111111111111,0,1,0,train
G0002,C11,N1,3,SPSA,256,0.6495768229166667,0.0163426371953922,2,10,14,erdos_renyi,10001,0.3111111111111111,1,1,0,train
G0002,C12,N1,3,SPSA,512,0.6568196614583334,0.0265855576910957,2,10,14,erdos_renyi,10001,0.3111111111111111,1,1,0,train
G0003,C01,N1,1,COBYLA,256,0.6336263020833334,0.0145012132860522,2,10,15,erdos_renyi,10002,0.3333333333333333,0,1,0,validation
G0003,C02,N1,1,COBYLA,512,0.7158203125,0.0062148056940223,2,10,15,erdos_renyi,10002,0.3333333333333333,0,1,0,validation
G0003,C03,N1,1,SPSA,256,0.6865234375,0.0299231385267744,2,10,15,erdos_renyi,10002,0.3333333333333333,1,1,0,validation
G0003,C04,N1,1,SPSA,512,0.7132975260416667,0.0042582927903486,2,10,15,erdos_renyi,10002,0.3333333333333333,1,1,0,validation
G0003,C05,N1,2,COBYLA,256,0.69384765625,0.0338361643341219,2,10,15,erdos_renyi,10002,0.3333333333333333,0,1,0,validation
G0003,C06,N1,2,COBYLA,512,0.6834309895833334,0.0041432037960149,2,10,15,erdos_renyi,10002,0.3333333333333333,0,1,0,validation
G0003,C07,N1,2,SPSA,256,0.6857096354166666,0.0669817947022413,2,10,15,erdos_renyi,10002,0.3333333333333333,1,1,0,validation
G0003,C08,N1,2,SPSA,512,0.6670735677083333,0.0620329679458902,2,10,15,erdos_renyi,10002,0.3333333333333333,1,1,0,validation
G0003,C09,N1,3,COBYLA,256,0.66943359375,0.0540918273368614,2,10,15,erdos_renyi,10002,0.3333333333333333,0,1,0,validation
G0003,C10,N1,3,COBYLA,512,0.6669921875,0.0469563096881691,2,10,15,erdos_renyi,10002,0.3333333333333333,0,1,0,validation
G0003,C11,N1,3,SPSA,256,0.7106119791666667,0.0050639157506849,2,10,15,erdos_renyi,10002,0.3333333333333333,1,1,0,validation
G0003,C12,N1,3,SPSA,512,0.7167154947916667,0.0026470468696761,2,10,15,erdos_renyi,10002,0.3333333333333333,1,1,0,validation
G0004,C01,N1,1,COBYLA,256,0.6492745535714286,0.0785235767054257,2,10,16,erdos_renyi,10003,0.3555555555555555,0,1,0,train
G0004,C02,N1,1,COBYLA,512,0.5758928571428572,0.022688973168653,2,10,16,erdos_renyi,10003,0.3555555555555555,0,1,0,train
G0004,C03,N1,1,SPSA,256,0.5662667410714286,0.021505200655506,2,10,16,erdos_renyi,10003,0.3555555555555555,1,1,0,train
G0004,C04,N1,1,SPSA,512,0.5645228794642858,0.0066093965317381,2,10,16,erdos_renyi,10003,0.3555555555555555,1,1,0,train
G0004,C05,N1,2,COBYLA,256,0.5881696428571428,0.0169674060217754,2,10,16,erdos_renyi,10003,0.3555555555555555,0,1,0,train
G0004,C06,N1,2,COBYLA,512,0.5975864955357142,0.0135147361917629,2,10,16,erdos_renyi,10003,0.3555555555555555,0,1,0,train
G0004,C07,N1,2,SPSA,256,0.587890625,0.0051296808903041,2,10,16,erdos_renyi,10003,0.3555555555555555,1,1,0,train
G0004,C08,N1,2,SPSA,512,0.5921456473214286,0.0030580789922967,2,10,16,erdos_renyi,10003,0.3555555555555555,1,1,0,train
G0004,C09,N1,3,COBYLA,256,0.6053292410714286,0.0167701106029175,2,10,16,erdos_renyi,10003,0.3555555555555555,0,1,0,train
G0004,C10,N1,3,COBYLA,512,0.6050502232142857,0.0033540221205835,2,10,16,erdos_renyi,10003,0.3555555555555555,0,1,0,train
G0004,C11,N1,3,SPSA,256,0.6082589285714286,0.0059188625657355,2,10,16,erdos_renyi,10003,0.3555555555555555,1,1,0,train
G0004,C12,N1,3,SPSA,512,0.6052594866071428,0.0028607835734389,2,10,16,erdos_renyi,10003,0.3555555555555555,1,1,0,train
G0005,C01,N1,1,COBYLA,256,0.6697265625,0.0328694167817184,2,10,12,erdos_renyi,10004,0.2666666666666666,0,1,0,train
G0005,C02,N1,1,COBYLA,512,0.63203125,0.0058004853144208,2,10,12,erdos_renyi,10004,0.2666666666666666,0,1,0,train
G0005,C03,N1,1,SPSA,256,0.686328125,0.0232019412576835,2,10,12,erdos_renyi,10004,0.2666666666666666,1,1,0,train
G0005,C04,N1,1,SPSA,512,0.68388671875,0.0327313099885178,2,10,12,erdos_renyi,10004,0.2666666666666666,1,1,0,train
G0005,C05,N1,2,COBYLA,256,0.6587890624999999,0.0411558243737482,2,10,12,erdos_renyi,10004,0.2666666666666666,0,1,0,train
G0005,C06,N1,2,COBYLA,512,0.6966796875,0.0814830079882935,2,10,12,erdos_renyi,10004,0.2666666666666666,0,1,0,train
G0005,C07,N1,2,SPSA,256,0.664453125,0.0491660183793771,2,10,12,erdos_renyi,10004,0.2666666666666666,1,1,0,train
G0005,C08,N1,2,SPSA,512,0.69912109375,0.0788589789174841,2,10,12,erdos_renyi,10004,0.2666666666666666,1,1,0,train
G0005,C09,N1,3,COBYLA,256,0.6683593750000001,0.0265165042944955,2,10,12,erdos_renyi,10004,0.2666666666666666,0,1,0,train
G0005,C10,N1,3,COBYLA,512,0.6463867187500001,0.0341123779205228,2,10,12,erdos_renyi,10004,0.2666666666666666,0,1,0,train
G0005,C11,N1,3,SPSA,256,0.7830078125,0.0046956309688169,2,10,12,erdos_renyi,10004,0.2666666666666666,1,1,0,train
G0005,C12,N1,3,SPSA,512,0.7951171875,0.0215446597392775,2,10,12,erdos_renyi,10004,0.2666666666666666,1,1,0,train
G0006,C01,N1,1,COBYLA,256,0.60302734375,0.0080562296033624,2,10,14,erdos_renyi,10005,0.3111111111111111,0,1,0,train
G0006,C02,N1,1,COBYLA,512,0.6134440104166667,0.0029923138526775,2,10,14,erdos_renyi,10005,0.3111111111111111,0,1,0,train
G0006,C03,N1,1,SPSA,256,0.6197916666666667,0.000460355977335,2,10,14,erdos_renyi,10005,0.3111111111111111,1,1,0,train
G0006,C04,N1,1,SPSA,512,0.6249186197916666,0.0010358009490037,2,10,14,erdos_renyi,10005,0.3111111111111111,1,1,0,train
G0006,C05,N1,2,COBYLA,256,0.6337890625,0.0262402907080945,2,10,14,erdos_renyi,10005,0.3111111111111111,0,1,0,train
G0006,C06,N1,2,COBYLA,512,0.6402180989583333,0.0226725318837483,2,10,14,erdos_renyi,10005,0.3111111111111111,0,1,0,train
G0006,C07,N1,2,SPSA,256,0.64599609375,0.0052940937393524,2,10,14,erdos_renyi,10005,0.3111111111111111,1,1,0,train
G0006,C08,N1,2,SPSA,512,0.6433919270833333,0.0046035597733498,2,10,14,erdos_renyi,10005,0.3111111111111111,1,1,0,train
G0006,C09,N1,3,COBYLA,256,0.59814453125,0.0140408573087172,2,10,14,erdos_renyi,10005,0.3111111111111111,0,1,0,train
G0006,C10,N1,3,COBYLA,512,0.6298828125,0.0179538831160646,2,10,14,erdos_renyi,10005,0.3111111111111111,0,1,0,train
G0006,C11,N1,3,SPSA,256,0.63330078125,0.0034526698300124,2,10,14,erdos_renyi,10005,0.3111111111111111,1,1,0,train
G0006,C12,N1,3,SPSA,512,0.6282552083333333,0.0043733817846824,2,10,14,erdos_renyi,10005,0.3111111111111111,1,1,0,train
G0007,C01,N1,1,COBYLA,256,0.6246995192307693,0.0242218068074718,2,10,16,erdos_renyi,10006,0.3555555555555555,0,1,0,train
G0007,C02,N1,1,COBYLA,512,0.6407001201923077,0.0321895064151928,2,10,16,erdos_renyi,10006,0.3555555555555555,0,1,0,train
G0007,C03,N1,1,SPSA,256,0.6212439903846154,0.0031870798430884,2,10,16,erdos_renyi,10006,0.3555555555555555,1,1,0,train
G0007,C04,N1,1,SPSA,512,0.6195162259615384,0.0049930917541718,2,10,16,erdos_renyi,10006,0.3555555555555555,1,1,0,train
G0007,C05,N1,2,COBYLA,256,0.6407752403846154,0.0142356232991281,2,10,16,erdos_renyi,10006,0.3555555555555555,0,1,0,train
G0007,C06,N1,2,COBYLA,512,0.6519681490384615,0.0066928676704856,2,10,16,erdos_renyi,10006,0.3555555555555555,0,1,0,train
G0007,C07,N1,2,SPSA,256,0.6823918269230769,0.0875384596901615,2,10,16,erdos_renyi,10006,0.3555555555555555,1,1,0,train
G0007,C08,N1,2,SPSA,512,0.6478365384615384,0.0393073180647569,2,10,16,erdos_renyi,10006,0.3555555555555555,1,1,0,train
G0007,C09,N1,3,COBYLA,256,0.6323617788461539,0.0291086625668741,2,10,16,erdos_renyi,10006,0.3555555555555555,0,1,0,train
G0007,C10,N1,3,COBYLA,512,0.6664663461538463,0.0203973109957658,2,10,16,erdos_renyi,10006,0.3555555555555555,0,1,0,train
G0007,C11,N1,3,SPSA,256,0.6371694711538461,0.0354828222530509,2,10,16,erdos_renyi,10006,0.3555555555555555,1,1,0,train
G0007,C12,N1,3,SPSA,512,0.6504657451923077,0.0372888341641343,2,10,16,erdos_renyi,10006,0.3555555555555555,1,1,0,train
G0008,C01,N1,1,COBYLA,256,0.6525065104166667,0.0011508899433374,2,10,15,erdos_renyi,10007,0.3333333333333333,0,1,0,train
G0008,C02,N1,1,COBYLA,512,0.661376953125,0.0058695387110211,2,10,15,erdos_renyi,10007,0.3333333333333333,0,1,0,train
G0008,C03,N1,1,SPSA,256,0.6360677083333333,0.0064449836826899,2,10,15,erdos_renyi,10007,0.3333333333333333,1,1,0,train
G0008,C04,N1,1,SPSA,512,0.6826985677083333,0.0304985834984431,2,10,15,erdos_renyi,10007,0.3333333333333333,1,1,0,train
G0008,C05,N1,2,COBYLA,256,0.6305338541666667,0.0147313912747197,2,10,15,erdos_renyi,10007,0.3333333333333333,0,1,0,train
G0008,C06,N1,2,COBYLA,512,0.6497395833333334,0.0214065529460771,2,10,15,erdos_renyi,10007,0.3333333333333333,0,1,0,train
G0008,C07,N1,2,SPSA,256,0.68896484375,0.0402811480168117,2,10,15,erdos_renyi,10007,0.3333333333333333,1,1,0,train
G0008,C08,N1,2,SPSA,512,0.6962076822916667,0.0588104761045452,2,10,15,erdos_renyi,10007,0.3333333333333333,1,1,0,train
G0008,C09,N1,3,COBYLA,256,0.6477864583333333,0.0161124592067247,2,10,15,erdos_renyi,10007,0.3333333333333333,0,1,0,train
G0008,C10,N1,3,COBYLA,512,0.6539713541666667,0.0036828478186799,2,10,15,erdos_renyi,10007,0.3333333333333333,0,1,0,train
G0008,C11,N1,3,SPSA,256,0.6604817708333333,0.0004603559773349,2,10,15,erdos_renyi,10007,0.3333333333333333,1,1,0,train
G0008,C12,N1,3,SPSA,512,0.67138671875,0.0115088994333748,2,10,15,erdos_renyi,10007,0.3333333333333333,1,1,0,train
G0009,C01,N1,1,COBYLA,256,0.5873697916666667,0.0307517792859774,2,10,17,erdos_renyi,10008,0.3777777777777777,0,1,0,train
G0009,C02,N1,1,COBYLA,512,0.6412760416666667,0.1062501595689161,2,10,17,erdos_renyi,10008,0.3777777777777777,0,1,0,train
G0009,C03,N1,1,SPSA,256,0.5880208333333333,0.00184142390934,2,10,17,erdos_renyi,10008,0.3777777777777777,1,1,0,train
G0009,C04,N1,1,SPSA,512,0.5909505208333333,0.0032224918413449,2,10,17,erdos_renyi,10008,0.3777777777777777,1,1,0,train
G0009,C05,N1,2,COBYLA,256,0.580078125,0.0023938510821419,2,10,17,erdos_renyi,10008,0.3777777777777777,0,1,0,train
G0009,C06,N1,2,COBYLA,512,0.5831380208333333,0.0011969255410709,2,10,17,erdos_renyi,10008,0.3777777777777777,0,1,0,train
G0009,C07,N1,2,SPSA,256,0.5947916666666666,0.0099436891104358,2,10,17,erdos_renyi,10008,0.3777777777777777,1,1,0,train
G0009,C08,N1,2,SPSA,512,0.5896484375,0.0120613266061767,2,10,17,erdos_renyi,10008,0.3777777777777777,1,1,0,train
G0009,C09,N1,3,COBYLA,256,0.5813802083333333,0.000552427172802,2,10,17,erdos_renyi,10008,0.3777777777777777,0,1,0,train
G0009,C10,N1,3,COBYLA,512,0.5880859375,0.0052480581416188,2,10,17,erdos_renyi,10008,0.3777777777777777,0,1,0,train
G0009,C11,N1,3,SPSA,256,0.580078125,0.0071815532464259,2,10,17,erdos_renyi,10008,0.3777777777777777,1,1,0,train
G0009,C12,N1,3,SPSA,512,0.5748046875,0.0011969255410709,2,10,17,erdos_renyi,10008,0.3777777777777777,1,1,0,train
G0010,C01,N1,1,COBYLA,256,0.6001674107142857,0.1057503445078095,2,10,15,erdos_renyi,10009,0.3333333333333333,0,1,0,test
G0010,C02,N1,1,COBYLA,512,0.6162806919642857,0.084935677818306,2,10,15,erdos_renyi,10009,0.3333333333333333,0,1,0,test
G0010,C03,N1,1,SPSA,256,0.6058872767857142,0.0653047836419495,2,10,15,erdos_renyi,10009,0.3333333333333333,1,1,0,test
G0010,C04,N1,1,SPSA,512,0.5909598214285714,0.0236754502629424,2,10,15,erdos_renyi,10009,0.3333333333333333,1,1,0,test
G0010,C05,N1,2,COBYLA,256,0.5835658482142857,0.0021702496074363,2,10,15,erdos_renyi,10009,0.3333333333333333,0,1,0,test
G0010,C06,N1,2,COBYLA,512,0.5905412946428572,0.0155863380897703,2,10,15,erdos_renyi,10009,0.3333333333333333,0,1,0,test
G0010,C07,N1,2,SPSA,256,0.6116071428571428,0.0035513175394414,2,10,15,erdos_renyi,10009,0.3333333333333333,1,1,0,test
G0010,C08,N1,2,SPSA,512,0.5931919642857142,0.009272884686319,2,10,15,erdos_renyi,10009,0.3333333333333333,1,1,0,test
G0010,C09,N1,3,COBYLA,256,0.5657087053571428,0.0329483349492615,2,10,15,erdos_renyi,10009,0.3333333333333333,0,1,0,test
G0010,C10,N1,3,COBYLA,512,0.5687779017857143,0.0284105403155309,2,10,15,erdos_renyi,10009,0.3333333333333333,0,1,0,test
G0010,C11,N1,3,SPSA,256,0.6336495535714286,0.091545074350044,2,10,15,erdos_renyi,10009,0.3333333333333333,1,1,0,test
G0010,C12,N1,3,SPSA,512,0.6614815848214286,0.118475899024141,2,10,15,erdos_renyi,10009,0.3333333333333333,1,1,0,test
G0011,C01,N1,1,COBYLA,256,0.6435546875,0.0005524271728019,2,12,25,erdos_renyi,10010,0.3787878787878788,0,1,0,train
G0011,C02,N1,1,COBYLA,512,0.637646484375,0.0095984221274346,2,12,25,erdos_renyi,10010,0.3787878787878788,0,1,0,train
G0011,C03,N1,1,SPSA,256,0.62998046875,0.0125677181812453,2,12,25,erdos_renyi,10010,0.3787878787878788,1,1,0,train
G0011,C04,N1,1,SPSA,512,0.635400390625,0.009184101747833,2,12,25,erdos_renyi,10010,0.3787878787878788,1,1,0,train
G0011,C05,N1,2,COBYLA,256,0.62900390625,0.0034526698300124,2,12,25,erdos_renyi,10010,0.3787878787878788,0,1,0,train
G0011,C06,N1,2,COBYLA,512,0.68134765625,0.0704344645322537,2,12,25,erdos_renyi,10010,0.3787878787878788,0,1,0,train
G0011,C07,N1,2,SPSA,256,0.6617187499999999,0.0259640771216935,2,12,25,erdos_renyi,10010,0.3787878787878788,1,1,0,train
G0011,C08,N1,2,SPSA,512,0.655615234375,0.0156751210282565,2,12,25,erdos_renyi,10010,0.3787878787878788,1,1,0,train
G0011,C09,N1,3,COBYLA,256,0.6447265625,0.0127058249744457,2,12,25,erdos_renyi,10010,0.3787878787878788,0,1,0,train
G0011,C10,N1,3,COBYLA,512,0.658251953125,0.0068362862634246,2,12,25,erdos_renyi,10010,0.3787878787878788,0,1,0,train
G0011,C11,N1,3,SPSA,256,0.6534179687499999,0.0045575241756163,2,12,25,erdos_renyi,10010,0.3787878787878788,1,1,0,train
G0011,C12,N1,3,SPSA,512,0.68623046875,0.0479230572405726,2,12,25,erdos_renyi,10010,0.3787878787878788,1,1,0,train
G0012,C01,N1,1,COBYLA,256,0.6137152777777778,0.0042966557884598,2,12,22,erdos_renyi,10011,0.3333333333333333,0,1,0,train
G0012,C02,N1,1,COBYLA,512,0.6207139756944444,0.0065217096789124,2,12,22,erdos_renyi,10011,0.3333333333333333,0,1,0,train
G0012,C03,N1,1,SPSA,256,0.6155598958333333,0.001074163947115,2,12,22,erdos_renyi,10011,0.3333333333333333,1,1,0,train
G0012,C04,N1,1,SPSA,512,0.60888671875,0.0056009977242423,2,12,22,erdos_renyi,10011,0.3333333333333333,1,1,0,train
G0012,C05,N1,2,COBYLA,256,0.6242404513888888,0.0038362998111249,2,12,22,erdos_renyi,10011,0.3333333333333333,0,1,0,train
G0012,C06,N1,2,COBYLA,512,0.6842990451388888,0.0761889142489411,2,12,22,erdos_renyi,10011,0.3333333333333333,0,1,0,train
G0012,C07,N1,2,SPSA,256,0.6423611111111112,0.0128899673653797,2,12,22,erdos_renyi,10011,0.3333333333333333,1,1,0,train
G0012,C08,N1,2,SPSA,512,0.6800672743055556,0.0751147503018262,2,12,22,erdos_renyi,10011,0.3333333333333333,1,1,0,train
G0012,C09,N1,3,COBYLA,256,0.6175130208333333,0.0053708197355748,2,12,22,erdos_renyi,10011,0.3333333333333333,0,1,0,train
G0012,C10,N1,3,COBYLA,512,0.6539171006944444,0.0234014288478621,2,12,22,erdos_renyi,10011,0.3333333333333333,0,1,0,train
G0012,C11,N1,3,SPSA,256,0.6311848958333334,0.0035293958262349,2,12,22,erdos_renyi,10011,0.3333333333333333,1,1,0,train
G0012,C12,N1,3,SPSA,512,0.6265190972222223,0.0065984356751349,2,12,22,erdos_renyi,10011,0.3333333333333333,1,1,0,train
G0013,C01,N1,1,COBYLA,256,0.6395089285714286,0.0,2,12,26,erdos_renyi,10012,0.3939393939393939,0,1,0,train
G0013,C02,N1,1,COBYLA,512,0.6297433035714286,0.0274898283608609,2,12,26,erdos_renyi,10012,0.3939393939393939,0,1,0,train
G0013,C03,N1,1,SPSA,256,0.6463913690476191,0.0126269068069025,2,12,26,erdos_renyi,10012,0.3939393939393939,1,1,0,train
G0013,C04,N1,1,SPSA,512,0.6468563988095238,0.0047350900525885,2,12,26,erdos_renyi,10012,0.3939393939393939,1,1,0,train
G0013,C05,N1,2,COBYLA,256,0.6223028273809523,0.0051296808903041,2,12,26,erdos_renyi,10012,0.3939393939393939,0,1,0,train
G0013,C06,N1,2,COBYLA,512,0.6462053571428572,0.0018414239093399,2,12,26,erdos_renyi,10012,0.3939393939393939,0,1,0,train
G0013,C07,N1,2,SPSA,256,0.6462053571428572,0.0005261211169541,2,12,26,erdos_renyi,10012,0.3939393939393939,1,1,0,train
G0013,C08,N1,2,SPSA,512,0.6496000744047619,0.0026963707243906,2,12,26,erdos_renyi,10012,0.3939393939393939,1,1,0,train
G0013,C09,N1,3,COBYLA,256,0.6240699404761905,0.0013153027923857,2,12,26,erdos_renyi,10012,0.3939393939393939,0,1,0,train
G0013,C10,N1,3,COBYLA,512,0.6346261160714286,0.016901640882156,2,12,26,erdos_renyi,10012,0.3939393939393939,0,1,0,train
G0013,C11,N1,3,SPSA,256,0.6390438988095237,0.0043404992148728,2,12,26,erdos_renyi,10012,0.3939393939393939,1,1,0,train
G0013,C12,N1,3,SPSA,512,0.6349516369047619,0.0068395745204056,2,12,26,erdos_renyi,10012,0.3939393939393939,1,1,0,train
G0014,C01,N1,1,COBYLA,256,0.5796669407894737,0.0033436381511699,2,12,22,erdos_renyi,10013,0.3333333333333333,0,1,0,train
G0014,C02,N1,1,COBYLA,512,0.5803865131578947,0.0050881450126498,2,12,22,erdos_renyi,10013,0.3333333333333333,0,1,0,train
G0014,C03,N1,1,SPSA,256,0.5869654605263158,0.0063965251587599,2,12,22,erdos_renyi,10013,0.3333333333333333,1,1,0,train
G0014,C04,N1,1,SPSA,512,0.5880962171052632,0.0,2,12,22,erdos_renyi,10013,0.3333333333333333,1,1,0,train
G0014,C05,N1,2,COBYLA,256,0.580078125,0.0018898824332699,2,12,22,erdos_renyi,10013,0.3333333333333333,0,1,0,train
G0014,C06,N1,2,COBYLA,512,0.587171052631579,0.0021806335768499,2,12,22,erdos_renyi,10013,0.3333333333333333,0,1,0,train
G0014,C07,N1,2,SPSA,256,0.5812088815789473,0.0026167602922199,2,12,22,erdos_renyi,10013,0.3333333333333333,1,1,0,train
G0014,C08,N1,2,SPSA,512,0.586400082236842,0.0045793305113849,2,12,22,erdos_renyi,10013,0.3333333333333333,1,1,0,train
G0014,C09,N1,3,COBYLA,256,0.5921052631578947,0.0107577923124598,2,12,22,erdos_renyi,10013,0.3333333333333333,0,1,0,train
G0014,C10,N1,3,COBYLA,512,0.5853207236842105,0.0093040365945597,2,12,22,erdos_renyi,10013,0.3333333333333333,0,1,0,train
G0014,C11,N1,3,SPSA,256,0.5933388157894737,0.0026167602922199,2,12,22,erdos_renyi,10013,0.3333333333333333,1,1,0,train
G0014,C12,N1,3,SPSA,512,0.5885074013157895,0.0043612671536998,2,12,22,erdos_renyi,10013,0.3333333333333333,1,1,0,train
G0015,C01,N1,1,COBYLA,256,0.649876644736842,0.0081410320202398,2,12,23,erdos_renyi,10014,0.3484848484848485,0,1,0,train
G0015,C02,N1,1,COBYLA,512,0.6343544407894737,0.0363438929474994,2,12,23,erdos_renyi,10014,0.3484848484848485,0,1,0,train
G0015,C03,N1,1,SPSA,256,0.6172902960526316,0.0155551861815296,2,12,23,erdos_renyi,10014,0.3484848484848485,1,1,0,train
G0015,C04,N1,1,SPSA,512,0.6034128289473684,0.0021806335768499,2,12,23,erdos_renyi,10014,0.3484848484848485,1,1,0,train
G0015,C05,N1,2,COBYLA,256,0.6358963815789473,0.0215155846249196,2,12,23,erdos_renyi,10014,0.3484848484848485,0,1,0,train
G0015,C06,N1,2,COBYLA,512,0.656506990131579,0.0117027335290948,2,12,23,erdos_renyi,10014,0.3484848484848485,0,1,0,train
G0015,C07,N1,2,SPSA,256,0.662109375,0.0138106793200497,2,12,23,erdos_renyi,10014,0.3484848484848485,1,1,0,train
G0015,C08,N1,2,SPSA,512,0.654553865131579,0.0263856662798845,2,12,23,erdos_renyi,10014,0.3484848484848485,1,1,0,train
G0015,C09,N1,3,COBYLA,256,0.6332236842105263,0.0319826257937994,2,12,23,erdos_renyi,10014,0.3484848484848485,0,1,0,train
G0015,C10,N1,3,COBYLA,512,0.6319387335526316,0.0301654311464243,2,12,23,erdos_renyi,10014,0.3484848484848485,0,1,0,train
G0015,C11,N1,3,SPSA,256,0.6635485197368421,0.0199164533352296,2,12,23,erdos_renyi,10014,0.3484848484848485,1,1,0,train
G0015,C12,N1,3,SPSA,512,0.6414473684210527,0.0235508426299796,2,12,23,erdos_renyi,10014,0.3484848484848485,1,1,0,train
G0016,C01,N1,1,COBYLA,256,0.600390625,0.0160203880112576,2,12,24,erdos_renyi,10015,0.3636363636363636,0,1,0,validation
G0016,C02,N1,1,COBYLA,512,0.611376953125,0.0051790047450186,2,12,24,erdos_renyi,10015,0.3636363636363636,0,1,0,validation
G0016,C03,N1,1,SPSA,256,0.6162109375,0.0019334951048069,2,12,24,erdos_renyi,10015,0.3636363636363636,1,1,0,validation
G0016,C04,N1,1,SPSA,512,0.610791015625,0.0006214805694021,2,12,24,erdos_renyi,10015,0.3636363636363636,1,1,0,validation
G0016,C05,N1,2,COBYLA,256,0.6534179687499999,0.0741633479486671,2,12,24,erdos_renyi,10015,0.3636363636363636,0,1,0,validation
G0016,C06,N1,2,COBYLA,512,0.604931640625,0.0002071601898008,2,12,24,erdos_renyi,10015,0.3636363636363636,0,1,0,validation
G0016,C07,N1,2,SPSA,256,0.6167968749999999,0.0030383494504109,2,12,24,erdos_renyi,10015,0.3636363636363636,1,1,0,validation
G0016,C08,N1,2,SPSA,512,0.6197753906250001,0.0049027911586177,2,12,24,erdos_renyi,10015,0.3636363636363636,1,1,0,validation
G0016,C09,N1,3,COBYLA,256,0.61240234375,0.0109104366628392,2,12,24,erdos_renyi,10015,0.3636363636363636,0,1,0,validation
G0016,C10,N1,3,COBYLA,512,0.604541015625,0.0087697813682315,2,12,24,erdos_renyi,10015,0.3636363636363636,0,1,0,validation
G0016,C11,N1,3,SPSA,256,0.627734375,0.0052480581416188,2,12,24,erdos_renyi,10015,0.3636363636363636,1,1,0,validation
G0016,C12,N1,3,SPSA,512,0.60576171875,0.0120152910084433,2,12,24,erdos_renyi,10015,0.3636363636363636,1,1,0,validation
G0017,C01,N1,1,COBYLA,256,0.6419613486842106,0.0114846701714097,2,12,24,erdos_renyi,10016,0.3636363636363636,0,1,0,train
G0017,C02,N1,1,COBYLA,512,0.6365131578947368,0.00174450686148,2,12,24,erdos_renyi,10016,0.3636363636363636,0,1,0,train
G0017,C03,N1,1,SPSA,256,0.6419613486842105,0.0039251404383299,2,12,24,erdos_renyi,10016,0.3636363636363636,1,1,0,train
G0017,C04,N1,1,SPSA,512,0.6347142269736843,0.0021079457909549,2,12,24,erdos_renyi,10016,0.3636363636363636,1,1,0,train
G0017,C05,N1,2,COBYLA,256,0.6453536184210527,0.0020352580050599,2,12,24,erdos_renyi,10016,0.3636363636363636,0,1,0,train
G0017,C06,N1,2,COBYLA,512,0.6427837171052632,0.00029075114358,2,12,24,erdos_renyi,10016,0.3636363636363636,0,1,0,train
G0017,C07,N1,2,SPSA,256,0.6458675986842106,0.0114846701714098,2,12,24,erdos_renyi,10016,0.3636363636363636,1,1,0,train
G0017,C08,N1,2,SPSA,512,0.6442228618421053,0.0007268778589499,2,12,24,erdos_renyi,10016,0.3636363636363636,1,1,0,train
G0017,C09,N1,3,COBYLA,256,0.6429893092105263,0.0062511495869698,2,12,24,erdos_renyi,10016,0.3636363636363636,0,1,0,train
G0017,C10,N1,3,COBYLA,512,0.6385176809210527,0.0093767243804548,2,12,24,erdos_renyi,10016,0.3636363636363636,0,1,0,train
G0017,C11,N1,3,SPSA,256,0.6471011513157895,0.0036343892947499,2,12,24,erdos_renyi,10016,0.3636363636363636,1,1,0,train
G0017,C12,N1,3,SPSA,512,0.646484375,0.0010176290025299,2,12,24,erdos_renyi,10016,0.3636363636363636,1,1,0,train
G0018,C01,N1,1,COBYLA,256,0.6176470588235294,0.0393198164170828,2,12,20,erdos_renyi,10017,0.303030303030303,0,1,0,train
G0018,C02,N1,1,COBYLA,512,0.6881893382352942,0.0703532252421358,2,12,20,erdos_renyi,10017,0.303030303030303,0,1,0,train
G0018,C03,N1,1,SPSA,256,0.6170726102941178,0.0346079375902423,2,12,20,erdos_renyi,10017,0.303030303030303,1,1,0,train
G0018,C04,N1,1,SPSA,512,0.615234375,0.0333081089483553,2,12,20,erdos_renyi,10017,0.303030303030303,1,1,0,train
G0018,C05,N1,2,COBYLA,256,0.6335018382352942,0.0116984577769832,2,12,20,erdos_renyi,10017,0.303030303030303,0,1,0,train
G0018,C06,N1,2,COBYLA,512,0.6167853860294118,0.037776269904842,2,12,20,erdos_renyi,10017,0.303030303030303,0,1,0,train
G0018,C07,N1,2,SPSA,256,0.6369485294117647,0.0055242717280199,2,12,20,erdos_renyi,10017,0.303030303030303,1,1,0,train
G0018,C08,N1,2,SPSA,512,0.6187385110294118,0.0372888341641343,2,12,20,erdos_renyi,10017,0.303030303030303,1,1,0,train
G0018,C09,N1,3,COBYLA,256,0.673828125,0.0534554528976044,2,12,20,erdos_renyi,10017,0.303030303030303,0,1,0,train
G0018,C10,N1,3,COBYLA,512,0.6854319852941176,0.071328096723551,2,12,20,erdos_renyi,10017,0.303030303030303,0,1,0,train
G0018,C11,N1,3,SPSA,256,0.6636029411764706,0.0500434027126509,2,12,20,erdos_renyi,10017,0.303030303030303,1,1,0,train
G0018,C12,N1,3,SPSA,512,0.6755514705882353,0.0597921175268035,2,12,20,erdos_renyi,10017,0.303030303030303,1,1,0,train
G0019,C01,N1,1,COBYLA,256,0.6583007812499999,0.0506851931045826,2,12,25,erdos_renyi,10018,0.3787878787878788,0,1,0,train
G0019,C02,N1,1,COBYLA,512,0.671923828125,0.0659459937532375,2,12,25,erdos_renyi,10018,0.3787878787878788,0,1,0,train
G0019,C03,N1,1,SPSA,256,0.6671875,0.0784446585378825,2,12,25,erdos_renyi,10018,0.3787878787878788,1,1,0,train
G0019,C04,N1,1,SPSA,512,0.67060546875,0.0705725713254541,2,12,25,erdos_renyi,10018,0.3787878787878788,1,1,0,train
G0019,C05,N1,2,COBYLA,256,0.70576171875,0.0316264556429139,2,12,25,erdos_renyi,10018,0.3787878787878788,0,1,0,train
G0019,C06,N1,2,COBYLA,512,0.683056640625,0.0705035179288539,2,12,25,erdos_renyi,10018,0.3787878787878788,0,1,0,train
G0019,C07,N1,2,SPSA,256,0.674609375,0.0574524259714069,2,12,25,erdos_renyi,10018,0.3787878787878788,1,1,0,train
G0019,C08,N1,2,SPSA,512,0.66142578125,0.0426749990989538,2,12,25,erdos_renyi,10018,0.3787878787878788,1,1,0,train
G0019,C09,N1,3,COBYLA,256,0.71962890625,0.0365983001981318,2,12,25,erdos_renyi,10018,0.3787878787878788,0,1,0,train
G0019,C10,N1,3,COBYLA,512,0.720654296875,0.0281047324163012,2,12,25,erdos_renyi,10018,0.3787878787878788,0,1,0,train
G0019,C11,N1,3,SPSA,256,0.68974609375,0.0678104354614443,2,12,25,erdos_renyi,10018,0.3787878787878788,1,1,0,train
G0019,C12,N1,3,SPSA,512,0.662646484375,0.0490969649827769,2,12,25,erdos_renyi,10018,0.3787878787878788,1,1,0,train
G0020,C01,N1,1,COBYLA,256,0.7486636513157895,0.0405597845294092,2,12,27,erdos_renyi,10019,0.4090909090909091,0,1,0,validation
G0020,C02,N1,1,COBYLA,512,0.7144325657894737,0.0043612671536998,2,12,27,erdos_renyi,10019,0.4090909090909091,0,1,0,validation
G0020,C03,N1,1,SPSA,256,0.7190583881578947,0.0033436381511699,2,12,27,erdos_renyi,10019,0.4090909090909091,1,1,0,validation
G0020,C04,N1,1,SPSA,512,0.7135074013157895,0.00058150228716,2,12,27,erdos_renyi,10019,0.4090909090909091,1,1,0,validation
G0020,C05,N1,2,COBYLA,256,0.707750822368421,0.0039251404383298,2,12,27,erdos_renyi,10019,0.4090909090909091,0,1,0,validation
G0020,C06,N1,2,COBYLA,512,0.7179276315789473,0.0119207968867798,2,12,27,erdos_renyi,10019,0.4090909090909091,0,1,0,validation
G0020,C07,N1,2,SPSA,256,0.711657072368421,0.0053788961562299,2,12,27,erdos_renyi,10019,0.4090909090909091,1,1,0,validation
G0020,C08,N1,2,SPSA,512,0.7200349506578947,0.0063238373728649,2,12,27,erdos_renyi,10019,0.4090909090909091,1,1,0,validation
G0020,C09,N1,3,COBYLA,256,0.7075452302631579,0.0085771587356098,2,12,27,erdos_renyi,10019,0.4090909090909091,0,1,0,validation
G0020,C10,N1,3,COBYLA,512,0.710474917763158,0.0025440725063248,2,12,27,erdos_renyi,10019,0.4090909090909091,0,1,0,validation
G0020,C11,N1,3,SPSA,256,0.7133018092105263,0.0114846701714098,2,12,27,erdos_renyi,10019,0.4090909090909091,1,1,0,validation
G0020,C12,N1,3,SPSA,512,0.717310855263158,0.0123569236021498,2,12,27,erdos_renyi,10019,0.4090909090909091,1,1,0,validation
G0021,C01,N1,1,COBYLA,256,0.7371651785714286,0.0368942433264186,2,15,39,erdos_renyi,10020,0.3714285714285714,0,1,0,train
G0021,C02,N1,1,COBYLA,512,0.7392578125,0.0285091880249598,2,15,39,erdos_renyi,10020,0.3714285714285714,0,1,0,train
G0021,C03,N1,1,SPSA,256,0.7325613839285714,0.0426158104732964,2,15,39,erdos_renyi,10020,0.3714285714285714,1,1,0,train
G0021,C04,N1,1,SPSA,512,0.730224609375,0.0419746003620083,2,15,39,erdos_renyi,10020,0.3714285714285714,1,1,0,train
G0021,C05,N1,2,COBYLA,256,0.73095703125,0.0194335987574985,2,15,39,erdos_renyi,10020,0.3714285714285714,0,1,0,train
G0021,C06,N1,2,COBYLA,512,0.7232491629464286,0.0245139557930883,2,15,39,erdos_renyi,10020,0.3714285714285714,0,1,0,train
G0021,C07,N1,2,SPSA,256,0.7200753348214286,0.0419252765072938,2,15,39,erdos_renyi,10020,0.3714285714285714,1,1,0,train
G0021,C08,N1,2,SPSA,512,0.74072265625,0.0051296808903041,2,15,39,erdos_renyi,10020,0.3714285714285714,1,1,0,train
G0021,C09,N1,3,COBYLA,256,0.7310267857142857,0.041629333379007,2,15,39,erdos_renyi,10020,0.3714285714285714,0,1,0,train
G0021,C10,N1,3,COBYLA,512,0.7320731026785714,0.0415306856695781,2,15,39,erdos_renyi,10020,0.3714285714285714,0,1,0,train
G0021,C11,N1,3,SPSA,256,0.7522321428571428,0.0059188625657355,2,15,39,erdos_renyi,10020,0.3714285714285714,1,1,0,train
G0021,C12,N1,3,SPSA,512,0.7437220982142857,0.0083850553014587,2,15,39,erdos_renyi,10020,0.3714285714285714,1,1,0,train
G0022,C01,N1,1,COBYLA,256,0.626953125,0.0055242717280199,2,15,32,erdos_renyi,10021,0.3047619047619048,0,1,0,train
G0022,C02,N1,1,COBYLA,512,0.6181265024038461,0.003027725850934,2,15,32,erdos_renyi,10021,0.3047619047619048,0,1,0,train
G0022,C03,N1,1,SPSA,256,0.6240985576923077,0.0036120238221668,2,15,32,erdos_renyi,10021,0.3047619047619048,1,1,0,train
G0022,C04,N1,1,SPSA,512,0.6177133413461539,0.0025496638744706,2,15,32,erdos_renyi,10021,0.3047619047619048,1,1,0,train
G0022,C05,N1,2,COBYLA,256,0.6223707932692308,0.0032933158378581,2,15,32,erdos_renyi,10021,0.3047619047619048,0,1,0,train
G0022,C06,N1,2,COBYLA,512,0.6189152644230769,0.0019122479058531,2,15,32,erdos_renyi,10021,0.3047619047619048,0,1,0,train
G0022,C07,N1,2,SPSA,256,0.6193659855769231,0.0075427556286425,2,15,32,erdos_renyi,10021,0.3047619047619048,1,1,0,train
G0022,C08,N1,2,SPSA,512,0.6143704927884616,0.0007967699607721,2,15,32,erdos_renyi,10021,0.3047619047619048,1,1,0,train
G0022,C09,N1,3,COBYLA,256,0.6236478365384616,0.0091362955501867,2,15,32,erdos_renyi,10021,0.3047619047619048,0,1,0,train
G0022,C10,N1,3,COBYLA,512,0.6177884615384616,0.0040369678012452,2,15,32,erdos_renyi,10021,0.3047619047619048,0,1,0,train
G0022,C11,N1,3,SPSA,256,0.6222956730769231,0.0010623599476961,2,15,32,erdos_renyi,10021,0.3047619047619048,1,1,0,train
G0022,C12,N1,3,SPSA,512,0.6189903846153846,0.0075427556286425,2,15,32,erdos_renyi,10021,0.3047619047619048,1,1,0,train
G0023,C01,N1,1,COBYLA,256,0.6038281249999999,0.006960582377305,2,15,30,erdos_renyi,10022,0.2857142857142857,0,1,0,train
G0023,C02,N1,1,COBYLA,512,0.602890625,0.0070710678118654,2,15,30,erdos_renyi,10022,0.2857142857142857,0,1,0,train
G0023,C03,N1,1,SPSA,256,0.59515625,0.005303300858899,2,15,30,erdos_renyi,10022,0.2857142857142857,1,1,0,train
G0023,C04,N1,1,SPSA,512,0.6003125,0.0033145630368119,2,15,30,erdos_renyi,10022,0.2857142857142857,1,1,0,train
G0023,C05,N1,2,COBYLA,256,0.66234375,0.089935143732164,2,15,30,erdos_renyi,10022,0.2857142857142857,0,1,0,train
G0023,C06,N1,2,COBYLA,512,0.6005078125,0.0004971844555218,2,15,30,erdos_renyi,10022,0.2857142857142857,0,1,0,train
G0023,C07,N1,2,SPSA,256,0.622265625,0.0332561158026798,2,15,30,erdos_renyi,10022,0.2857142857142857,1,1,0,train
G0023,C08,N1,2,SPSA,512,0.5994921875,0.0041432037960149,2,15,30,erdos_renyi,10022,0.2857142857142857,1,1,0,train
G0023,C09,N1,3,COBYLA,256,0.61078125,0.0070710678118653,2,15,30,erdos_renyi,10022,0.2857142857142857,0,1,0,train
G0023,C10,N1,3,COBYLA,512,0.6055859374999999,0.0076787377019477,2,15,30,erdos_renyi,10022,0.2857142857142857,0,1,0,train
G0023,C11,N1,3,SPSA,256,0.6074999999999999,0.0041984465132951,2,15,30,erdos_renyi,10022,0.2857142857142857,1,1,0,train
G0023,C12,N1,3,SPSA,512,0.608125,0.0093912619376338,2,15,30,erdos_renyi,10022,0.2857142857142857,1,1,0,train
G0024,C01,N1,1,COBYLA,256,0.7203275240384615,0.0417507459444581,2,15,35,erdos_renyi,10023,0.3333333333333333,0,1,0,validation
G0024,C02,N1,1,COBYLA,512,0.7812875600961539,0.0033464338352428,2,15,35,erdos_renyi,10023,0.3333333333333333,0,1,0,validation
G0024,C03,N1,1,SPSA,256,0.7309194711538463,0.0645914848199249,2,15,35,erdos_renyi,10023,0.3333333333333333,1,1,0,validation
G0024,C04,N1,1,SPSA,512,0.7350886418269231,0.0670880306970108,2,15,35,erdos_renyi,10023,0.3333333333333333,1,1,0,validation
G0024,C05,N1,2,COBYLA,256,0.7417367788461539,0.0252841667551679,2,15,35,erdos_renyi,10023,0.3333333333333333,0,1,0,validation
G0024,C06,N1,2,COBYLA,512,0.7549203725961539,0.0040900857986301,2,15,35,erdos_renyi,10023,0.3333333333333333,0,1,0,validation
G0024,C07,N1,2,SPSA,256,0.7530048076923077,0.0042494397907845,2,15,35,erdos_renyi,10023,0.3333333333333333,1,1,0,validation
G0024,C08,N1,2,SPSA,512,0.7440279447115384,0.0090831775528019,2,15,35,erdos_renyi,10023,0.3333333333333333,1,1,0,validation
G0024,C09,N1,3,COBYLA,256,0.7273888221153846,0.0712843524904106,2,15,35,erdos_renyi,10023,0.3333333333333333,0,1,0,validation
G0024,C10,N1,3,COBYLA,512,0.7509014423076923,0.0510995134841841,2,15,35,erdos_renyi,10023,0.3333333333333333,0,1,0,validation
G0024,C11,N1,3,SPSA,256,0.7349008413461539,0.0209284909696139,2,15,35,erdos_renyi,10023,0.3333333333333333,1,1,0,validation
G0024,C12,N1,3,SPSA,512,0.7273137019230769,0.0005311799738481,2,15,35,erdos_renyi,10023,0.3333333333333333,1,1,0,validation
G0025,C01,N1,1,COBYLA,256,0.6380931712962963,0.0027621358640099,2,15,34,erdos_renyi,10024,0.3238095238095238,0,1,0,train
G0025,C02,N1,1,COBYLA,512,0.63671875,0.0007161092980765,2,15,34,erdos_renyi,10024,0.3238095238095238,0,1,0,train
G0025,C03,N1,1,SPSA,256,0.6391782407407407,0.0077749009505464,2,15,34,erdos_renyi,10024,0.3238095238095238,1,1,0,train
G0025,C04,N1,1,SPSA,512,0.6393229166666667,0.0024552318791199,2,15,34,erdos_renyi,10024,0.3238095238095238,1,1,0,train
G0025,C05,N1,2,COBYLA,256,0.6246383101851851,0.0115600500975231,2,15,34,erdos_renyi,10024,0.3238095238095238,0,1,0,train
G0025,C06,N1,2,COBYLA,512,0.6318359375,0.013554925999308,2,15,34,erdos_renyi,10024,0.3238095238095238,0,1,0,train
G0025,C07,N1,2,SPSA,256,0.644458912037037,0.0336571370096027,2,15,34,erdos_renyi,10024,0.3238095238095238,1,1,0,train
G0025,C08,N1,2,SPSA,512,0.6236617476851851,0.0024040812149715,2,15,34,erdos_renyi,10024,0.3238095238095238,1,1,0,train
G0025,C09,N1,3,COBYLA,256,0.6248553240740741,0.00184142390934,2,15,34,erdos_renyi,10024,0.3238095238095238,0,1,0,train
G0025,C10,N1,3,COBYLA,512,0.6268446180555556,0.0037339984828282,2,15,34,erdos_renyi,10024,0.3238095238095238,0,1,0,train
G0025,C11,N1,3,SPSA,256,0.6247829861111112,0.0099232288447764,2,15,34,erdos_renyi,10024,0.3238095238095238,1,1,0,train
G0025,C12,N1,3,SPSA,512,0.6263744212962963,0.0079795036071398,2,15,34,erdos_renyi,10024,0.3238095238095238,1,1,0,train
G0026,C01,N1,1,COBYLA,256,0.679615162037037,0.0019437252376366,2,15,37,erdos_renyi,10025,0.3523809523809524,0,1,0,test
G0026,C02,N1,1,COBYLA,512,0.6848958333333333,0.0020460265659332,2,15,37,erdos_renyi,10025,0.3523809523809524,0,1,0,test
G0026,C03,N1,1,SPSA,256,0.681712962962963,0.0075702982939532,2,15,37,erdos_renyi,10025,0.3523809523809524,1,1,0,test
G0026,C04,N1,1,SPSA,512,0.6849320023148149,0.000460355977335,2,15,37,erdos_renyi,10025,0.3523809523809524,1,1,0,test
G0026,C05,N1,2,COBYLA,256,0.6824363425925926,0.0028644371923065,2,15,37,erdos_renyi,10025,0.3523809523809524,0,1,0,test
G0026,C06,N1,2,COBYLA,512,0.6830512152777778,0.000460355977335,2,15,37,erdos_renyi,10025,0.3523809523809524,0,1,0,test
G0026,C07,N1,2,SPSA,256,0.6861255787037037,0.0017391225810432,2,15,37,erdos_renyi,10025,0.3523809523809524,1,1,0,test
G0026,C08,N1,2,SPSA,512,0.6836299189814815,0.0003580546490382,2,15,37,erdos_renyi,10025,0.3523809523809524,1,1,0,test
G0026,C09,N1,3,COBYLA,256,0.6843171296296297,0.0010230132829666,2,15,37,erdos_renyi,10025,0.3523809523809524,0,1,0,test
G0026,C10,N1,3,COBYLA,512,0.6831597222222223,0.0024552318791199,2,15,37,erdos_renyi,10025,0.3523809523809524,0,1,0,test
G0026,C11,N1,3,SPSA,256,0.6899594907407407,0.0036828478186799,2,15,37,erdos_renyi,10025,0.3523809523809524,1,1,0,test
G0026,C12,N1,3,SPSA,512,0.6913700810185185,0.0009718626188183,2,15,37,erdos_renyi,10025,0.3523809523809524,1,1,0,test
G0027,C01,N1,1,COBYLA,256,0.6437639508928572,0.0223930300403663,2,15,35,erdos_renyi,10026,0.3333333333333333,0,1,0,train
G0027,C02,N1,1,COBYLA,512,0.6574009486607143,0.0323071248379734,2,15,35,erdos_renyi,10026,0.3333333333333333,0,1,0,train
G0027,C03,N1,1,SPSA,256,0.6276506696428572,0.0049323854714464,2,15,35,erdos_renyi,10026,0.3333333333333333,1,1,0,train
G0027,C04,N1,1,SPSA,512,0.6560756138392858,0.0317152385813999,2,15,35,erdos_renyi,10026,0.3333333333333333,1,1,0,train
G0027,C05,N1,2,COBYLA,256,0.6775251116071428,0.0072012827883116,2,15,35,erdos_renyi,10026,0.3333333333333333,0,1,0,train
G0027,C06,N1,2,COBYLA,512,0.6722237723214286,0.002663488154581,2,15,35,erdos_renyi,10026,0.3333333333333333,0,1,0,train
G0027,C07,N1,2,SPSA,256,0.6558314732142858,0.03768342500185,2,15,35,erdos_renyi,10026,0.3333333333333333,1,1,0,train
G0027,C08,N1,2,SPSA,512,0.6537737165178572,0.0365489763434173,2,15,35,erdos_renyi,10026,0.3333333333333333,1,1,0,train
G0027,C09,N1,3,COBYLA,256,0.6460658482142857,0.0199268373046432,2,15,35,erdos_renyi,10026,0.3333333333333333,0,1,0,train
G0027,C10,N1,3,COBYLA,512,0.6467982700892857,0.018200502389637,2,15,35,erdos_renyi,10026,0.3333333333333333,0,1,0,train
G0027,C11,N1,3,SPSA,256,0.6637137276785714,0.0042418515054438,2,15,35,erdos_renyi,10026,0.3333333333333333,1,1,0,train
G0027,C12,N1,3,SPSA,512,0.6839425223214286,0.0363023570698451,2,15,35,erdos_renyi,10026,0.3333333333333333,1,1,0,train
G0028,C01,N1,1,COBYLA,256,0.7397933467741935,0.0210278730292369,2,15,40,erdos_renyi,10027,0.3809523809523809,0,1,0,test
G0028,C02,N1,1,COBYLA,512,0.6872794858870968,0.0565346840553004,2,15,40,erdos_renyi,10027,0.3809523809523809,0,1,0,test
G0028,C03,N1,1,SPSA,256,0.6889490927419355,0.0590740670270515,2,15,40,erdos_renyi,10027,0.3809523809523809,1,1,0,test
G0028,C04,N1,1,SPSA,512,0.6872479838709677,0.056222830006138,2,15,40,erdos_renyi,10027,0.3809523809523809,1,1,0,test
G0028,C05,N1,2,COBYLA,256,0.6705519153225806,0.0303834945041094,2,15,40,erdos_renyi,10027,0.3809523809523809,0,1,0,test
G0028,C06,N1,2,COBYLA,512,0.6637159778225806,0.0238345594716987,2,15,40,erdos_renyi,10027,0.3809523809523809,0,1,0,test
G0028,C07,N1,2,SPSA,256,0.7026209677419355,0.0019602254518779,2,15,40,erdos_renyi,10027,0.3809523809523809,1,1,0,test
G0028,C08,N1,2,SPSA,512,0.688508064516129,0.0660239572655282,2,15,40,erdos_renyi,10027,0.3809523809523809,1,1,0,test
G0028,C09,N1,3,COBYLA,256,0.6589591733870968,0.0314527083869519,2,15,40,erdos_renyi,10027,0.3809523809523809,0,1,0,test
G0028,C10,N1,3,COBYLA,512,0.661195816532258,0.0323882705344392,2,15,40,erdos_renyi,10027,0.3809523809523809,0,1,0,test
G0028,C11,N1,3,SPSA,256,0.6866809475806451,0.0034749451192383,2,15,40,erdos_renyi,10027,0.3809523809523809,1,1,0,test
G0028,C12,N1,3,SPSA,512,0.7044480846774193,0.0269976505417746,2,15,40,erdos_renyi,10027,0.3809523809523809,1,1,0,test
G0029,C01,N1,1,COBYLA,256,0.6940328663793103,0.0018096752212478,2,15,40,erdos_renyi,10028,0.3809523809523809,0,1,0,test
G0029,C02,N1,1,COBYLA,512,0.6932583512931034,0.0069053396600248,2,15,40,erdos_renyi,10028,0.3809523809523809,0,1,0,test
G0029,C03,N1,1,SPSA,256,0.6912042025862069,0.0006667224499334,2,15,40,erdos_renyi,10028,0.3809523809523809,1,1,0,test
G0029,C04,N1,1,SPSA,512,0.6910358297413792,0.0011905758034526,2,15,40,erdos_renyi,10028,0.3809523809523809,1,1,0,test
G0029,C05,N1,2,COBYLA,256,0.6765220905172413,0.0033336122496671,2,15,40,erdos_renyi,10028,0.3809523809523809,0,1,0,test
G0029,C06,N1,2,COBYLA,512,0.6831223060344827,0.0017144291569716,2,15,40,erdos_renyi,10028,0.3809523809523809,0,1,0,test
G0029,C07,N1,2,SPSA,256,0.6866244612068966,0.007905423334925,2,15,40,erdos_renyi,10028,0.3809523809523809,1,1,0,test
G0029,C08,N1,2,SPSA,512,0.6853448275862069,0.0009524606427619,2,15,40,erdos_renyi,10028,0.3809523809523809,1,1,0,test
G0029,C09,N1,3,COBYLA,256,0.6872979525862069,0.0052385335351913,2,15,40,erdos_renyi,10028,0.3809523809523809,0,1,0,test
G0029,C10,N1,3,COBYLA,512,0.6948747306034483,0.005095664438777,2,15,40,erdos_renyi,10028,0.3809523809523809,0,1,0,test
G0029,C11,N1,3,SPSA,256,0.6899245689655172,0.0015239370284193,2,15,40,erdos_renyi,10028,0.3809523809523809,1,1,0,test
G0029,C12,N1,3,SPSA,512,0.6943359375,0.0090007530741013,2,15,40,erdos_renyi,10028,0.3809523809523809,1,1,0,test
G0030,C01,N1,1,COBYLA,256,0.6766880580357142,0.0148958041237679,2,15,37,erdos_renyi,10029,0.3523809523809524,0,1,0,train
G0030,C02,N1,1,COBYLA,512,0.6779436383928572,0.0123309636786157,2,15,37,erdos_renyi,10029,0.3523809523809524,0,1,0,train
G0030,C03,N1,1,SPSA,256,0.6672014508928572,0.0008878293848603,2,15,37,erdos_renyi,10029,0.3523809523809524,1,1,0,train
G0030,C04,N1,1,SPSA,512,0.6696428571428571,0.0048337377620174,2,15,37,erdos_renyi,10029,0.3523809523809524,1,1,0,train
G0030,C05,N1,2,COBYLA,256,0.6704799107142857,0.0063134534034512,2,15,37,erdos_renyi,10029,0.3523809523809524,0,1,0,train
G0030,C06,N1,2,COBYLA,512,0.6649693080357143,0.0006905339660024,2,15,37,erdos_renyi,10029,0.3523809523809524,0,1,0,train
G0030,C07,N1,2,SPSA,256,0.6780831473214286,0.0036499652488702,2,15,37,erdos_renyi,10029,0.3523809523809524,1,1,0,train
G0030,C08,N1,2,SPSA,512,0.677001953125,0.0040938799413003,2,15,37,erdos_renyi,10029,0.3523809523809524,1,1,0,train
G0030,C09,N1,3,COBYLA,256,0.6672014508928571,0.0117390774220422,2,15,37,erdos_renyi,10029,0.3523809523809524,0,1,0,train
G0030,C10,N1,3,COBYLA,512,0.6672712053571428,0.0177565876972068,2,15,37,erdos_renyi,10029,0.3523809523809524,0,1,0,train
G0030,C11,N1,3,SPSA,256,0.67333984375,0.0168687583123464,2,15,37,erdos_renyi,10029,0.3523809523809524,1,1,0,train
G0030,C12,N1,3,SPSA,512,0.6812220982142857,0.0019729541885785,2,15,37,erdos_renyi,10029,0.3523809523809524,1,1,0,train
G0031,C01,N1,1,COBYLA,256,0.7182384672619047,0.0279501843381959,2,18,59,erdos_renyi,10030,0.3856209150326797,0,1,0,train
G0031,C02,N1,1,COBYLA,512,0.7193545386904763,0.0243988667987545,2,18,59,erdos_renyi,10030,0.3856209150326797,0,1,0,train
G0031,C03,N1,1,SPSA,256,0.7181454613095238,0.0262402907080945,2,18,59,erdos_renyi,10030,0.3856209150326797,1,1,0,train
G0031,C04,N1,1,SPSA,512,0.7170293898809523,0.0271610026627645,2,18,59,erdos_renyi,10030,0.3856209150326797,1,1,0,train
G0031,C05,N1,2,COBYLA,256,0.6994977678571428,0.0001315302792386,2,18,59,erdos_renyi,10030,0.3856209150326797,0,1,0,train
G0031,C06,N1,2,COBYLA,512,0.76416015625,0.0425171627638675,2,18,59,erdos_renyi,10030,0.3856209150326797,0,1,0,train
G0031,C07,N1,2,SPSA,256,0.7186569940476191,0.0260429952892367,2,18,59,erdos_renyi,10030,0.3856209150326797,1,1,0,train
G0031,C08,N1,2,SPSA,512,0.7477446056547619,9.864770942894366e-05,2,18,59,erdos_renyi,10030,0.3856209150326797,1,1,0,train
G0031,C09,N1,3,COBYLA,256,0.7281901041666666,0.0021702496074363,2,18,59,erdos_renyi,10030,0.3856209150326797,0,1,0,train
G0031,C10,N1,3,COBYLA,512,0.7103794642857142,0.0155205729501511,2,18,59,erdos_renyi,10030,0.3856209150326797,0,1,0,train
G0031,C11,N1,3,SPSA,256,0.744140625,0.0088125287089841,2,18,59,erdos_renyi,10030,0.3856209150326797,1,1,0,train
G0031,C12,N1,3,SPSA,512,0.7381649925595238,9.86477094289044e-05,2,18,59,erdos_renyi,10030,0.3856209150326797,1,1,0,train
G0032,C01,N1,1,COBYLA,256,0.7005813953488372,0.0097638291006863,2,18,60,erdos_renyi,10031,0.392156862745098,0,1,0,train
G0032,C02,N1,1,COBYLA,512,0.7021938590116279,9.635357665148804e-05,2,18,60,erdos_renyi,10031,0.392156862745098,0,1,0,train
G0032,C03,N1,1,SPSA,256,0.7045330668604651,0.0050746217036461,2,18,60,erdos_renyi,10031,0.392156862745098,1,1,0,train
G0032,C04,N1,1,SPSA,512,0.6956304505813954,0.0019913072507978,2,18,60,erdos_renyi,10031,0.392156862745098,1,1,0,train
G0032,C05,N1,2,COBYLA,256,0.7014898255813953,0.0002569428710706,2,18,60,erdos_renyi,10031,0.392156862745098,0,1,0,train
G0032,C06,N1,2,COBYLA,512,0.6988553779069768,0.0002569428710706,2,18,60,erdos_renyi,10031,0.392156862745098,0,1,0,train
G0032,C07,N1,2,SPSA,256,0.7033066860465116,0.000385414306606,2,18,60,erdos_renyi,10031,0.392156862745098,1,1,0,train
G0032,C08,N1,2,SPSA,512,0.6956077398255813,0.0012525964964695,2,18,60,erdos_renyi,10031,0.392156862745098,1,1,0,train
G0032,C09,N1,3,COBYLA,256,0.6961755087209303,0.0022482501218685,2,18,60,erdos_renyi,10031,0.392156862745098,0,1,0,train
G0032,C10,N1,3,COBYLA,512,0.7005586845930232,0.0018307179563787,2,18,60,erdos_renyi,10031,0.392156862745098,0,1,0,train
G0032,C11,N1,3,SPSA,256,0.6951762354651163,0.0099565362539893,2,18,60,erdos_renyi,10031,0.392156862745098,1,1,0,train
G0032,C12,N1,3,SPSA,512,0.701149164244186,0.00234460369852,2,18,60,erdos_renyi,10031,0.392156862745098,1,1,0,train
G0033,C01,N1,1,COBYLA,256,0.6844451121794872,0.0016289519198007,2,18,54,erdos_renyi,10032,0.3529411764705882,0,1,0,train
G0033,C02,N1,1,COBYLA,512,0.6926832932692308,0.0011685959424657,2,18,54,erdos_renyi,10032,0.3529411764705882,0,1,0,train
G0033,C03,N1,1,SPSA,256,0.7111378205128205,0.0209639029678704,2,18,54,erdos_renyi,10032,0.3529411764705882,1,1,0,train
G0033,C04,N1,1,SPSA,512,0.7163711939102564,0.0253195787534245,2,18,54,erdos_renyi,10032,0.3529411764705882,1,1,0,train
G0033,C05,N1,2,COBYLA,256,0.6994691506410257,0.0104111274874221,2,18,54,erdos_renyi,10032,0.3529411764705882,0,1,0,train
G0033,C06,N1,2,COBYLA,512,0.7071564503205128,0.0206451949835616,2,18,54,erdos_renyi,10032,0.3529411764705882,0,1,0,train
G0033,C07,N1,2,SPSA,256,0.7128405448717948,0.024363454800498,2,18,54,erdos_renyi,10032,0.3529411764705882,1,1,0,train
G0033,C08,N1,2,SPSA,512,0.7140174278846154,0.0240447468161891,2,18,54,erdos_renyi,10032,0.3529411764705882,1,1,0,train
G0033,C09,N1,3,COBYLA,256,0.7073818108974359,0.0136690313270236,2,18,54,erdos_renyi,10032,0.3529411764705882,0,1,0,train
G0033,C10,N1,3,COBYLA,512,0.7454677483974359,0.0409716819828142,2,18,54,erdos_renyi,10032,0.3529411764705882,0,1,0,train
G0033,C11,N1,3,SPSA,256,0.7158954326923077,0.0047452077663761,2,18,54,erdos_renyi,10032,0.3529411764705882,1,1,0,train
G0033,C12,N1,3,SPSA,512,0.712489983974359,0.0043910877838105,2,18,54,erdos_renyi,10032,0.3529411764705882,1,1,0,train
G0034,C01,N1,1,COBYLA,256,0.6550564236111112,0.00214832789423,2,18,46,erdos_renyi,10033,0.3006535947712418,0,1,0,train
G0034,C02,N1,1,COBYLA,512,0.6495496961805556,0.0004219929792237,2,18,46,erdos_renyi,10033,0.3006535947712418,0,1,0,train
G0034,C03,N1,1,SPSA,256,0.6545138888888888,0.0033759438337898,2,18,46,erdos_renyi,10033,0.3006535947712418,1,1,0,train
G0034,C04,N1,1,SPSA,512,0.6508517795138888,0.0003452669830012,2,18,46,erdos_renyi,10033,0.3006535947712418,1,1,0,train
G0034,C05,N1,2,COBYLA,256,0.6414388020833333,0.0077493256184723,2,18,46,erdos_renyi,10033,0.3006535947712418,0,1,0,train
G0034,C06,N1,2,COBYLA,512,0.6894802517361112,0.060958803998775,2,18,46,erdos_renyi,10033,0.3006535947712418,0,1,0,train
G0034,C07,N1,2,SPSA,256,0.6420355902777778,0.0089002155618098,2,18,46,erdos_renyi,10033,0.3006535947712418,1,1,0,train
G0034,C08,N1,2,SPSA,512,0.650390625,0.0003069039848899,2,18,46,erdos_renyi,10033,0.3006535947712418,1,1,0,train
G0034,C09,N1,3,COBYLA,256,0.6462673611111112,0.0113554474409297,2,18,46,erdos_renyi,10033,0.3006535947712418,0,1,0,train
G0034,C10,N1,3,COBYLA,512,0.6480305989583333,0.0090153045561436,2,18,46,erdos_renyi,10033,0.3006535947712418,0,1,0,train
G0034,C11,N1,3,SPSA,256,0.6531032986111112,0.0041432037960149,2,18,46,erdos_renyi,10033,0.3006535947712418,1,1,0,train
G0034,C12,N1,3,SPSA,512,0.6483832465277778,0.0020716018980074,2,18,46,erdos_renyi,10033,0.3006535947712418,1,1,0,train
G0035,C01,N1,1,COBYLA,256,0.6733002533783784,0.002612831222712,2,18,50,erdos_renyi,10034,0.326797385620915,0,1,0,train
G0035,C02,N1,1,COBYLA,512,0.6759923986486487,0.0011944371303826,2,18,50,erdos_renyi,10034,0.326797385620915,0,1,0,train
G0035,C03,N1,1,SPSA,256,0.6769425675675675,0.0059721856519134,2,18,50,erdos_renyi,10034,0.326797385620915,1,1,0,train
G0035,C04,N1,1,SPSA,512,0.6772065033783784,0.0056735763693177,2,18,50,erdos_renyi,10034,0.326797385620915,1,1,0,train
G0035,C05,N1,2,COBYLA,256,0.6673880912162162,0.0021649172988186,2,18,50,erdos_renyi,10034,0.326797385620915,0,1,0,train
G0035,C06,N1,2,COBYLA,512,0.6723500844594594,0.0080624506300831,2,18,50,erdos_renyi,10034,0.326797385620915,0,1,0,train
G0035,C07,N1,2,SPSA,256,0.6776815878378378,0.0122429805864225,2,18,50,erdos_renyi,10034,0.326797385620915,1,1,0,train
G0035,C08,N1,2,SPSA,512,0.6777079814189189,0.0118323928228534,2,18,50,erdos_renyi,10034,0.326797385620915,1,1,0,train
G0035,C09,N1,3,COBYLA,256,0.6958403716216216,0.0038819206737437,2,18,50,erdos_renyi,10034,0.326797385620915,0,1,0,train
G0035,C10,N1,3,COBYLA,512,0.6875527871621621,0.0041058776356905,2,18,50,erdos_renyi,10034,0.326797385620915,0,1,0,train
G0035,C11,N1,3,SPSA,256,0.6893475506756757,0.0051510101247753,2,18,50,erdos_renyi,10034,0.326797385620915,1,1,0,train
G0035,C12,N1,3,SPSA,512,0.6854676942567568,0.0069799919806738,2,18,50,erdos_renyi,10034,0.326797385620915,1,1,0,train
G0036,C01,N1,1,COBYLA,256,0.6797309027777778,0.0113554474409297,2,18,60,erdos_renyi,10035,0.392156862745098,0,1,0,train
G0036,C02,N1,1,COBYLA,512,0.6769314236111111,0.0099129987119468,2,18,60,erdos_renyi,10035,0.392156862745098,0,1,0,train
G0036,C03,N1,1,SPSA,256,0.6780815972222223,0.0152838184475217,2,18,60,erdos_renyi,10035,0.392156862745098,1,1,0,train
G0036,C04,N1,1,SPSA,512,0.6773654513888889,0.0108950914635947,2,18,60,erdos_renyi,10035,0.392156862745098,1,1,0,train
G0036,C05,N1,2,COBYLA,256,0.6756510416666667,0.0114782090348858,2,18,60,erdos_renyi,10035,0.392156862745098,0,1,0,train
G0036,C06,N1,2,COBYLA,512,0.6786024305555556,0.0035600862247239,2,18,60,erdos_renyi,10035,0.392156862745098,0,1,0,train
G0036,C07,N1,2,SPSA,256,0.6750868055555556,0.0078567420131838,2,18,60,erdos_renyi,10035,0.392156862745098,1,1,0,train
G0036,C08,N1,2,SPSA,512,0.6814887152777778,0.0003989751803569,2,18,60,erdos_renyi,10035,0.392156862745098,1,1,0,train
G0036,C09,N1,3,COBYLA,256,0.68046875,0.0106802586741717,2,18,60,erdos_renyi,10035,0.392156862745098,0,1,0,train
G0036,C10,N1,3,COBYLA,512,0.6791449652777778,0.0102812834938148,2,18,60,erdos_renyi,10035,0.392156862745098,0,1,0,train
G0036,C11,N1,3,SPSA,256,0.676953125,0.0077953612162058,2,18,60,erdos_renyi,10035,0.392156862745098,1,1,0,train
G0036,C12,N1,3,SPSA,512,0.6855034722222222,0.0016572815184059,2,18,60,erdos_renyi,10035,0.392156862745098,1,1,0,train
G0037,C01,N1,1,COBYLA,256,0.7261284722222222,0.0013810679320049,2,18,49,erdos_renyi,10036,0.3202614379084967,0,1,0,train
G0037,C02,N1,1,COBYLA,512,0.7040201822916667,0.0325701853964506,2,18,49,erdos_renyi,10036,0.3202614379084967,0,1,0,train
G0037,C03,N1,1,SPSA,256,0.7043185763888888,0.0306903984889995,2,18,49,erdos_renyi,10036,0.3202614379084967,1,1,0,train
G0037,C04,N1,1,SPSA,512,0.7057020399305556,0.0350254172755706,2,18,49,erdos_renyi,10036,0.3202614379084967,1,1,0,train
G0037,C05,N1,2,COBYLA,256,0.7027452256944444,0.029386056553217,2,18,49,erdos_renyi,10036,0.3202614379084967,0,1,0,train
G0037,C06,N1,2,COBYLA,512,0.7511121961805556,0.0510611504860729,2,18,49,erdos_renyi,10036,0.3202614379084967,0,1,0,train
G0037,C07,N1,2,SPSA,256,0.7577039930555556,0.0199487590178496,2,18,49,erdos_renyi,10036,0.3202614379084967,1,1,0,train
G0037,C08,N1,2,SPSA,512,0.7082248263888888,0.0430432838808218,2,18,49,erdos_renyi,10036,0.3202614379084967,1,1,0,train
G0037,C09,N1,3,COBYLA,256,0.7039930555555556,0.0153451992444996,2,18,49,erdos_renyi,10036,0.3202614379084967,0,1,0,train
G0037,C10,N1,3,COBYLA,512,0.7091471354166666,0.0096674755240348,2,18,49,erdos_renyi,10036,0.3202614379084967,0,1,0,train
G0037,C11,N1,3,SPSA,256,0.7105034722222222,0.0027621358640099,2,18,49,erdos_renyi,10036,0.3202614379084967,1,1,0,train
G0037,C12,N1,3,SPSA,512,0.7262912326388888,0.0052173677431298,2,18,49,erdos_renyi,10036,0.3202614379084967,1,1,0,train
G0038,C01,N1,1,COBYLA,256,0.66630859375,0.0135344657336488,2,18,53,erdos_renyi,10037,0.3464052287581699,0,1,0,train
G0038,C02,N1,1,COBYLA,512,0.655029296875,0.0037288834164134,2,18,53,erdos_renyi,10037,0.3464052287581699,0,1,0,train
G0038,C03,N1,1,SPSA,256,0.6650390625,0.0013810679320049,2,18,53,erdos_renyi,10037,0.3464052287581699,1,1,0,train
G0038,C04,N1,1,SPSA,512,0.6556152343749999,6.905339660022523e-05,2,18,53,erdos_renyi,10037,0.3464052287581699,1,1,0,train
G0038,C05,N1,2,COBYLA,256,0.66357421875,0.0,2,18,53,erdos_renyi,10037,0.3464052287581699,0,1,0,train
G0038,C06,N1,2,COBYLA,512,0.669580078125,0.0011739077422042,2,18,53,erdos_renyi,10037,0.3464052287581699,0,1,0,train
G0038,C07,N1,2,SPSA,256,0.66943359375,0.0060766989008218,2,18,53,erdos_renyi,10037,0.3464052287581699,1,1,0,train
G0038,C08,N1,2,SPSA,512,0.664599609375,0.0064910192804234,2,18,53,erdos_renyi,10037,0.3464052287581699,1,1,0,train
G0038,C09,N1,3,COBYLA,256,0.6759765625,0.0011048543456039,2,18,53,erdos_renyi,10037,0.3464052287581699,0,1,0,train
G0038,C10,N1,3,COBYLA,512,0.6684326171874999,0.0177121962279638,2,18,53,erdos_renyi,10037,0.3464052287581699,0,1,0,train
G0038,C11,N1,3,SPSA,256,0.67158203125,0.0121533978016437,2,18,53,erdos_renyi,10037,0.3464052287581699,1,1,0,train
G0038,C12,N1,3,SPSA,512,0.676318359375,0.0001381067932004,2,18,53,erdos_renyi,10037,0.3464052287581699,1,1,0,train
G0039,C01,N1,1,COBYLA,256,0.7221053685897436,0.0538970613464505,2,18,52,erdos_renyi,10038,0.3398692810457516,0,1,0,validation
G0039,C02,N1,1,COBYLA,512,0.7308193108974359,0.0672119726909087,2,18,52,erdos_renyi,10038,0.3398692810457516,0,1,0,validation
G0039,C03,N1,1,SPSA,256,0.6739783653846154,0.0019830719023661,2,18,52,erdos_renyi,10038,0.3398692810457516,1,1,0,validation
G0039,C04,N1,1,SPSA,512,0.6769080528846154,0.0075427556286425,2,18,52,erdos_renyi,10038,0.3398692810457516,1,1,0,validation
G0039,C05,N1,2,COBYLA,256,0.6810897435897436,0.0026913118674969,2,18,52,erdos_renyi,10038,0.3398692810457516,0,1,0,validation
G0039,C06,N1,2,COBYLA,512,0.6791866987179487,0.0069407516582814,2,18,52,erdos_renyi,10038,0.3398692810457516,0,1,0,validation
G0039,C07,N1,2,SPSA,256,0.6778345352564102,0.015085511257285,2,18,52,erdos_renyi,10038,0.3398692810457516,1,1,0,validation
G0039,C08,N1,2,SPSA,512,0.6717497996794872,0.0104465394856786,2,18,52,erdos_renyi,10038,0.3398692810457516,1,1,0,validation
G0039,C09,N1,3,COBYLA,256,0.6725260416666667,0.001912247905853,2,18,52,erdos_renyi,10038,0.3398692810457516,0,1,0,validation
G0039,C10,N1,3,COBYLA,512,0.6780849358974359,0.001912247905853,2,18,52,erdos_renyi,10038,0.3398692810457516,0,1,0,validation
G0039,C11,N1,3,SPSA,256,0.6939102564102564,0.0104819514839351,2,18,52,erdos_renyi,10038,0.3398692810457516,1,1,0,validation
G0039,C12,N1,3,SPSA,512,0.6827674278846154,0.0004603559773349,2,18,52,erdos_renyi,10038,0.3398692810457516,1,1,0,validation
G0040,C01,N1,1,COBYLA,256,0.6757405598958333,0.0035102143271793,2,18,65,erdos_renyi,10039,0.4248366013071895,0,1,0,train
G0040,C02,N1,1,COBYLA,512,0.6912027994791666,0.0037979368130136,2,18,65,erdos_renyi,10039,0.4248366013071895,0,1,0,train
G0040,C03,N1,1,SPSA,256,0.6765950520833333,0.0029923138526774,2,18,65,erdos_renyi,10039,0.4248366013071895,1,1,0,train
G0040,C04,N1,1,SPSA,512,0.67822265625,0.0009782564518369,2,18,65,erdos_renyi,10039,0.4248366013071895,1,1,0,train
G0040,C05,N1,2,COBYLA,256,0.6850992838541666,0.0060421722025217,2,18,65,erdos_renyi,10039,0.4248366013071895,0,1,0,train
G0040,C06,N1,2,COBYLA,512,0.6850992838541666,0.0039705703045143,2,18,65,erdos_renyi,10039,0.4248366013071895,0,1,0,train
G0040,C07,N1,2,SPSA,256,0.6803385416666667,0.0026470468696762,2,18,65,erdos_renyi,10039,0.4248366013071895,1,1,0,train
G0040,C08,N1,2,SPSA,512,0.67791748046875,0.0016400181692559,2,18,65,erdos_renyi,10039,0.4248366013071895,1,1,0,train
G0040,C09,N1,3,COBYLA,256,0.6776529947916667,0.0032224918413448,2,18,65,erdos_renyi,10039,0.4248366013071895,0,1,0,train
G0040,C10,N1,3,COBYLA,512,0.6792805989583334,0.0003452669830012,2,18,65,erdos_renyi,10039,0.4248366013071895,0,1,0,train
G0040,C11,N1,3,SPSA,256,0.6837972005208333,0.0089193970608654,2,18,65,erdos_renyi,10039,0.4248366013071895,1,1,0,train
G0040,C12,N1,3,SPSA,512,0.6782430013020833,0.0011796621919209,2,18,65,erdos_renyi,10039,0.4248366013071895,1,1,0,train
G0041,C01,N1,1,COBYLA,256,0.7061144770408163,0.000845551795105,2,20,68,erdos_renyi,10040,0.3578947368421052,0,1,0,train
G0041,C02,N1,1,COBYLA,512,0.6992386798469388,0.0005918862565735,2,20,68,erdos_renyi,10040,0.3578947368421052,0,1,0,train
G0041,C03,N1,1,SPSA,256,0.705078125,0.0010710322737998,2,20,68,erdos_renyi,10040,0.3578947368421052,1,1,0,train
G0041,C04,N1,1,SPSA,512,0.7027463329081632,0.0006482563762472,2,20,68,erdos_renyi,10040,0.3578947368421052,1,1,0,train
G0041,C05,N1,2,COBYLA,256,0.6993383290816326,0.0016347334705365,2,20,68,erdos_renyi,10040,0.3578947368421052,0,1,0,train
G0041,C06,N1,2,COBYLA,512,0.6967474489795918,0.0012965127524944,2,20,68,erdos_renyi,10040,0.3578947368421052,0,1,0,train
G0041,C07,N1,2,SPSA,256,0.6953523596938775,0.0012965127524944,2,20,68,erdos_renyi,10040,0.3578947368421052,1,1,0,train
G0041,C08,N1,2,SPSA,512,0.6992386798469388,0.004650534873078,2,20,68,erdos_renyi,10040,0.3578947368421052,1,1,0,train
G0041,C09,N1,3,COBYLA,256,0.7164779974489796,0.0262121056482577,2,20,68,erdos_renyi,10040,0.3578947368421052,0,1,0,train
G0041,C10,N1,3,COBYLA,512,0.694595025510204,0.0011837725131471,2,20,68,erdos_renyi,10040,0.3578947368421052,0,1,0,train
G0041,C11,N1,3,SPSA,256,0.7046795280612245,0.0018602139492312,2,20,68,erdos_renyi,10040,0.3578947368421052,1,1,0,train
G0041,C12,N1,3,SPSA,512,0.697524713010204,0.0035795025992782,2,20,68,erdos_renyi,10040,0.3578947368421052,1,1,0,train
G0042,C01,N1,1,COBYLA,256,0.669189453125,0.0064449836826898,2,20,64,erdos_renyi,10041,0.3368421052631579,0,1,0,test
G0042,C02,N1,1,COBYLA,512,0.6691487630208333,0.0002877224858343,2,20,64,erdos_renyi,10041,0.3368421052631579,0,1,0,test
G0042,C03,N1,1,SPSA,256,0.6671142578125,0.0029347693555105,2,20,64,erdos_renyi,10041,0.3368421052631579,1,1,0,test
G0042,C04,N1,1,SPSA,512,0.6684163411458333,0.0016112459206725,2,20,64,erdos_renyi,10041,0.3368421052631579,1,1,0,test
G0042,C05,N1,2,COBYLA,256,0.6656494140625,0.0066176171741904,2,20,64,erdos_renyi,10041,0.3368421052631579,0,1,0,test
G0042,C06,N1,2,COBYLA,512,0.6693522135416666,0.0055242717280199,2,20,64,erdos_renyi,10041,0.3368421052631579,0,1,0,test
G0042,C07,N1,2,SPSA,256,0.6664632161458333,0.0016687904178393,2,20,64,erdos_renyi,10041,0.3368421052631579,1,1,0,test
G0042,C08,N1,2,SPSA,512,0.6765543619791667,0.0130626008568804,2,20,64,erdos_renyi,10041,0.3368421052631579,1,1,0,test
G0042,C09,N1,3,COBYLA,256,0.6643880208333334,0.0062148056940223,2,20,64,erdos_renyi,10041,0.3368421052631579,0,1,0,test
G0042,C10,N1,3,COBYLA,512,0.6595662434895834,0.001122117694754,2,20,64,erdos_renyi,10041,0.3368421052631579,0,1,0,test
G0042,C11,N1,3,SPSA,256,0.6698811848958334,0.0025895023725093,2,20,64,erdos_renyi,10041,0.3368421052631579,1,1,0,test
G0042,C12,N1,3,SPSA,512,0.663818359375,0.0039130258073474,2,20,64,erdos_renyi,10041,0.3368421052631579,1,1,0,test
G0043,C01,N1,1,COBYLA,256,0.690625,0.0002455231879119,2,20,62,erdos_renyi,10042,0.3263157894736842,0,1,0,train
G0043,C02,N1,1,COBYLA,512,0.6894748263888888,0.0073963860358488,2,20,62,erdos_renyi,10042,0.3263157894736842,0,1,0,train
G0043,C03,N1,1,SPSA,256,0.7177517361111112,0.0091457387497217,2,20,62,erdos_renyi,10042,0.3263157894736842,1,1,0,train
G0043,C04,N1,1,SPSA,512,0.7361328125,0.0016879719168949,2,20,62,erdos_renyi,10042,0.3263157894736842,1,1,0,train
G0043,C05,N1,2,COBYLA,256,0.7088975694444444,0.0308745408799334,2,20,62,erdos_renyi,10042,0.3263157894736842,0,1,0,train
G0043,C06,N1,2,COBYLA,512,0.6954210069444444,0.0122454689971107,2,20,62,erdos_renyi,10042,0.3263157894736842,0,1,0,train
G0043,C07,N1,2,SPSA,256,0.7004774305555556,0.0178618119205976,2,20,62,erdos_renyi,10042,0.3263157894736842,1,1,0,train
G0043,C08,N1,2,SPSA,512,0.7074435763888889,0.0202863534012286,2,20,62,erdos_renyi,10042,0.3263157894736842,1,1,0,train
G0043,C09,N1,3,COBYLA,256,0.7111979166666667,0.0044194173824159,2,20,62,erdos_renyi,10042,0.3263157894736842,0,1,0,train
G0043,C10,N1,3,COBYLA,512,0.7092447916666667,0.0237543684304856,2,20,62,erdos_renyi,10042,0.3263157894736842,0,1,0,train
G0043,C11,N1,3,SPSA,256,0.6977430555555555,0.0214832789422996,2,20,62,erdos_renyi,10042,0.3263157894736842,1,1,0,train
G0043,C12,N1,3,SPSA,512,0.6929036458333333,0.0143324160943627,2,20,62,erdos_renyi,10042,0.3263157894736842,1,1,0,train
G0044,C01,N1,1,COBYLA,256,0.7439007675438596,0.0004845852392998,2,20,85,erdos_renyi,10043,0.4473684210526316,0,1,0,train
G0044,C02,N1,1,COBYLA,512,0.7531524122807018,0.0048943109169298,2,20,85,erdos_renyi,10043,0.4473684210526316,0,1,0,train
G0044,C03,N1,1,SPSA,256,0.7470189144736843,0.0010176290025299,2,20,85,erdos_renyi,10043,0.4473684210526316,1,1,0,train
G0044,C04,N1,1,SPSA,512,0.7486465186403509,0.0012841508841449,2,20,85,erdos_renyi,10043,0.4473684210526316,1,1,0,train
G0044,C05,N1,2,COBYLA,256,0.7510622258771931,0.00053304376323,2,20,85,erdos_renyi,10043,0.4473684210526316,0,1,0,train
G0044,C06,N1,2,COBYLA,512,0.7487835800438596,0.000557273025195,2,20,85,erdos_renyi,10043,0.4473684210526316,0,1,0,train
G0044,C07,N1,2,SPSA,256,0.7493489583333334,0.0034405551990299,2,20,85,erdos_renyi,10043,0.4473684210526316,1,1,0,train
G0044,C08,N1,2,SPSA,512,0.7470874451754386,0.0026652188161499,2,20,85,erdos_renyi,10043,0.4473684210526316,1,1,0,train
G0044,C09,N1,3,COBYLA,256,0.7470189144736842,0.0032467211033099,2,20,85,erdos_renyi,10043,0.4473684210526316,0,1,0,train
G0044,C10,N1,3,COBYLA,512,0.7504454495614035,0.0046035597733499,2,20,85,erdos_renyi,10043,0.4473684210526316,0,1,0,train
G0044,C11,N1,3,SPSA,256,0.7516447368421053,0.0014537557178998,2,20,85,erdos_renyi,10043,0.4473684210526316,1,1,0,train
G0044,C12,N1,3,SPSA,512,0.7535978618421053,0.0007753363828798,2,20,85,erdos_renyi,10043,0.4473684210526316,1,1,0,train
G0045,C01,N1,1,COBYLA,256,0.7215401785714286,0.0757614408414158,2,20,56,erdos_renyi,10044,0.2947368421052631,0,1,0,train
G0045,C02,N1,1,COBYLA,512,0.6837100074404763,0.0252209310439956,2,20,56,erdos_renyi,10044,0.2947368421052631,0,1,0,train
G0045,C03,N1,1,SPSA,256,0.6812686011904762,0.0253853438930438,2,20,56,erdos_renyi,10044,0.2947368421052631,1,1,0,train
G0045,C04,N1,1,SPSA,512,0.6668061755952381,0.000460355977335,2,20,56,erdos_renyi,10044,0.2947368421052631,1,1,0,train
G0045,C05,N1,2,COBYLA,256,0.6744791666666667,0.0167043454632982,2,20,56,erdos_renyi,10044,0.2947368421052631,0,1,0,train
G0045,C06,N1,2,COBYLA,512,0.6719912574404763,0.0134489710521436,2,20,56,erdos_renyi,10044,0.2947368421052631,0,1,0,train
G0045,C07,N1,2,SPSA,256,0.6813616071428572,0.0140737398785269,2,20,56,erdos_renyi,10044,0.2947368421052631,1,1,0,train
G0045,C08,N1,2,SPSA,512,0.6812220982142857,0.0145998609954811,2,20,56,erdos_renyi,10044,0.2947368421052631,1,1,0,train
G0045,C09,N1,3,COBYLA,256,0.6832217261904763,0.013416088482334,2,20,56,erdos_renyi,10044,0.2947368421052631,0,1,0,train
G0045,C10,N1,3,COBYLA,512,0.6819893973214286,0.017000288591585,2,20,56,erdos_renyi,10044,0.2947368421052631,0,1,0,train
G0045,C11,N1,3,SPSA,256,0.6668991815476191,0.0038801432375378,2,20,56,erdos_renyi,10044,0.2947368421052631,1,1,0,train
G0045,C12,N1,3,SPSA,512,0.685546875,0.002104484467817,2,20,56,erdos_renyi,10044,0.2947368421052631,1,1,0,train
G0046,C01,N1,1,COBYLA,256,0.7118696732954546,0.0058381508034755,2,20,61,erdos_renyi,10045,0.3210526315789473,0,1,0,validation
G0046,C02,N1,1,COBYLA,512,0.7079412286931819,0.0213123892234403,2,20,61,erdos_renyi,10045,0.3210526315789473,0,1,0,validation
G0046,C03,N1,1,SPSA,256,0.7116921164772727,0.0220343110969884,2,20,61,erdos_renyi,10045,0.3210526315789473,1,1,0,validation
G0046,C04,N1,1,SPSA,512,0.6943581321022727,0.0004708186131835,2,20,61,erdos_renyi,10045,0.3210526315789473,1,1,0,validation
G0046,C05,N1,2,COBYLA,256,0.70556640625,0.0114879741616778,2,20,61,erdos_renyi,10045,0.3210526315789473,0,1,0,validation
G0046,C06,N1,2,COBYLA,512,0.7082297585227273,0.0115507499767689,2,20,61,erdos_renyi,10045,0.3210526315789473,0,1,0,validation
G0046,C07,N1,2,SPSA,256,0.70458984375,0.0111113192711308,2,20,61,erdos_renyi,10045,0.3210526315789473,1,1,0,validation
G0046,C08,N1,2,SPSA,512,0.7059659090909092,0.0173889007802443,2,20,61,erdos_renyi,10045,0.3210526315789473,1,1,0,validation
G0046,C09,N1,3,COBYLA,256,0.6969549005681819,0.0050848410223819,2,20,61,erdos_renyi,10045,0.3210526315789473,0,1,0,validation
G0046,C10,N1,3,COBYLA,512,0.6904740767045454,0.0037665489054681,2,20,61,erdos_renyi,10045,0.3210526315789473,0,1,0,validation
G0046,C11,N1,3,SPSA,256,0.6996626420454546,0.0096674755240348,2,20,61,erdos_renyi,10045,0.3210526315789473,1,1,0,validation
G0046,C12,N1,3,SPSA,512,0.7131791548295454,0.0176086161330634,2,20,61,erdos_renyi,10045,0.3210526315789473,1,1,0,validation
G0047,C01,N1,1,COBYLA,256,0.6924609375,0.0164070870322191,2,20,68,erdos_renyi,10046,0.3578947368421052,0,1,0,train
G0047,C02,N1,1,COBYLA,512,0.688671875,0.0156889317075764,2,20,68,erdos_renyi,10046,0.3578947368421052,0,1,0,train
G0047,C03,N1,1,SPSA,256,0.694765625,0.0262955334253747,2,20,68,erdos_renyi,10046,0.3578947368421052,1,1,0,train
G0047,C04,N1,1,SPSA,512,0.692578125,0.0186167957234269,2,20,68,erdos_renyi,10046,0.3578947368421052,1,1,0,train
G0047,C05,N1,2,COBYLA,256,0.7008593750000001,0.0020992232566476,2,20,68,erdos_renyi,10046,0.3578947368421052,0,1,0,train
G0047,C06,N1,2,COBYLA,512,0.7430664062500001,0.0532263580994718,2,20,68,erdos_renyi,10046,0.3578947368421052,0,1,0,train
G0047,C07,N1,2,SPSA,256,0.7347656250000001,0.0366811642740521,2,20,68,erdos_renyi,10046,0.3578947368421052,1,1,0,train
G0047,C08,N1,2,SPSA,512,0.6996484375,0.0151365045347744,2,20,68,erdos_renyi,10046,0.3578947368421052,1,1,0,train
G0047,C09,N1,3,COBYLA,256,0.6830078125,0.000828640759203,2,20,68,erdos_renyi,10046,0.3578947368421052,0,1,0,train
G0047,C10,N1,3,COBYLA,512,0.68224609375,0.0065462619977035,2,20,68,erdos_renyi,10046,0.3578947368421052,0,1,0,train
G0047,C11,N1,3,SPSA,256,0.6937109375,5.524271728014878e-05,2,20,68,erdos_renyi,10046,0.3578947368421052,1,1,0,train
G0047,C12,N1,3,SPSA,512,0.69576171875,0.0038393688509738,2,20,68,erdos_renyi,10046,0.3578947368421052,1,1,0,train
G0048,C01,N1,1,COBYLA,256,0.6801215277777778,0.0033759438337899,2,20,73,erdos_renyi,10047,0.3842105263157894,0,1,0,test
G0048,C02,N1,1,COBYLA,512,0.6819299768518519,0.0052173677431298,2,20,73,erdos_renyi,10047,0.3842105263157894,0,1,0,test
G0048,C03,N1,1,SPSA,256,0.6819299768518519,0.0023529305508232,2,20,73,erdos_renyi,10047,0.3842105263157894,1,1,0,test
G0048,C04,N1,1,SPSA,512,0.6808087384259259,0.003836299811125,2,20,73,erdos_renyi,10047,0.3842105263157894,1,1,0,test
G0048,C05,N1,2,COBYLA,256,0.683666087962963,0.0016368212527465,2,20,73,erdos_renyi,10047,0.3842105263157894,0,1,0,test
G0048,C06,N1,2,COBYLA,512,0.6818033854166666,0.004629135105424,2,20,73,erdos_renyi,10047,0.3842105263157894,0,1,0,test
G0048,C07,N1,2,SPSA,256,0.6839554398148149,0.0006138079697799,2,20,73,erdos_renyi,10047,0.3842105263157894,1,1,0,test
G0048,C08,N1,2,SPSA,512,0.6804651331018519,0.0012020406074857,2,20,73,erdos_renyi,10047,0.3842105263157894,1,1,0,test
G0048,C09,N1,3,COBYLA,256,0.6982783564814815,0.015549801901093,2,20,73,erdos_renyi,10047,0.3842105263157894,0,1,0,test
G0048,C10,N1,3,COBYLA,512,0.7035047743055556,0.0264193180326137,2,20,73,erdos_renyi,10047,0.3842105263157894,0,1,0,test
G0048,C11,N1,3,SPSA,256,0.694408275462963,0.0162147605350213,2,20,73,erdos_renyi,10047,0.3842105263157894,1,1,0,test
G0048,C12,N1,3,SPSA,512,0.6839554398148148,0.0002046026565933,2,20,73,erdos_renyi,10047,0.3842105263157894,1,1,0,test
G0049,C01,N1,1,COBYLA,256,0.6763020833333333,0.0157134840263677,2,20,61,erdos_renyi,10048,0.3210526315789473,0,1,0,test
G0049,C02,N1,1,COBYLA,512,0.6872178819444444,0.0227415852803486,2,20,61,erdos_renyi,10048,0.3210526315789473,0,1,0,test
G0049,C03,N1,1,SPSA,256,0.6674045138888889,0.0028848974579658,2,20,61,erdos_renyi,10048,0.3210526315789473,1,1,0,test
G0049,C04,N1,1,SPSA,512,0.6730902777777777,0.0022097086912079,2,20,61,erdos_renyi,10048,0.3210526315789473,1,1,0,test
G0049,C05,N1,2,COBYLA,256,0.6796875,0.0050332253521958,2,20,61,erdos_renyi,10048,0.3210526315789473,0,1,0,test
G0049,C06,N1,2,COBYLA,512,0.6875,0.0066291260736238,2,20,61,erdos_renyi,10048,0.3210526315789473,0,1,0,test
G0049,C07,N1,2,SPSA,256,0.6852430555555555,0.0072429340434038,2,20,61,erdos_renyi,10048,0.3210526315789473,1,1,0,test
G0049,C08,N1,2,SPSA,512,0.6831597222222222,0.0015959007214279,2,20,61,erdos_renyi,10048,0.3210526315789473,1,1,0,test
G0049,C09,N1,3,COBYLA,256,0.6815538194444444,0.0041125133975259,2,20,61,erdos_renyi,10048,0.3210526315789473,0,1,0,test
G0049,C10,N1,3,COBYLA,512,0.6804470486111112,0.0010127831501368,2,20,61,erdos_renyi,10048,0.3210526315789473,0,1,0,test
G0049,C11,N1,3,SPSA,256,0.685546875,0.0065677452766459,2,20,61,erdos_renyi,10048,0.3210526315789473,1,1,0,test
G0049,C12,N1,3,SPSA,512,0.7044270833333333,0.0229564180697715,2,20,61,erdos_renyi,10048,0.3210526315789473,1,1,0,test
G0050,C01,N1,1,COBYLA,256,0.6753048780487805,0.0101053751122314,2,20,55,erdos_renyi,10049,0.2894736842105263,0,1,0,test
G0050,C02,N1,1,COBYLA,512,0.677591463414634,0.009768529275157,2,20,55,erdos_renyi,10049,0.2894736842105263,0,1,0,test
G0050,C03,N1,1,SPSA,256,0.668969131097561,0.0003368458370743,2,20,55,erdos_renyi,10049,0.2894736842105263,1,1,0,test
G0050,C04,N1,1,SPSA,512,0.6730421112804879,0.0040758346286,2,20,55,erdos_renyi,10049,0.2894736842105263,1,1,0,test
G0050,C05,N1,2,COBYLA,256,0.67578125,0.0033684583707439,2,20,55,erdos_renyi,10049,0.2894736842105263,0,1,0,test
G0050,C06,N1,2,COBYLA,512,0.6734946646341463,0.0036379350404033,2,20,55,erdos_renyi,10049,0.2894736842105263,0,1,0,test
G0050,C07,N1,2,SPSA,256,0.6695407774390243,0.0024926591943504,2,20,55,erdos_renyi,10049,0.2894736842105263,1,1,0,test
G0050,C08,N1,2,SPSA,512,0.6670874618902439,0.0012463295971751,2,20,55,erdos_renyi,10049,0.2894736842105263,1,1,0,test
G0050,C09,N1,3,COBYLA,256,0.6676352896341464,0.0117896042976034,2,20,55,erdos_renyi,10049,0.2894736842105263,0,1,0,test
G0050,C10,N1,3,COBYLA,512,0.6730659298780488,0.0043789958819669,2,20,55,erdos_renyi,10049,0.2894736842105263,0,1,0,test
G0050,C11,N1,3,SPSA,256,0.6764481707317074,0.0136085718178051,2,20,55,erdos_renyi,10049,0.2894736842105263,1,1,0,test
G0050,C12,N1,3,SPSA,512,0.6796875,0.0020884441898611,2,20,55,erdos_renyi,10049,0.2894736842105263,1,1,0,test
G0051,C01,N1,1,COBYLA,256,0.7921316964285714,0.1187718421524279,2,10,20,random_regular,10050,0.4444444444444444,0,1,1,train
G0051,C02,N1,1,COBYLA,512,0.7843191964285714,0.0868099842974555,2,10,20,random_regular,10050,0.4444444444444444,0,1,1,train
G0051,C03,N1,1,SPSA,256,0.8024553571428572,0.1065395261832409,2,10,20,random_regular,10050,0.4444444444444444,1,1,1,train
G0051,C04,N1,1,SPSA,512,0.7972935267857143,0.1166015925449915,2,10,20,random_regular,10050,0.4444444444444444,1,1,1,train
G0051,C05,N1,2,COBYLA,256,0.8272879464285714,0.0430104013110121,2,10,20,random_regular,10050,0.4444444444444444,0,1,1,train
G0051,C06,N1,2,COBYLA,512,0.8388671875,0.0183484739537804,2,10,20,random_regular,10050,0.4444444444444444,0,1,1,train
G0051,C07,N1,2,SPSA,256,0.7965959821428572,0.0114431342937554,2,10,20,random_regular,10050,0.4444444444444444,1,1,1,train
G0051,C08,N1,2,SPSA,512,0.7878069196428572,0.0988450048477847,2,10,20,random_regular,10050,0.4444444444444444,1,1,1,train
G0051,C09,N1,3,COBYLA,256,0.7661830357142857,0.0868099842974556,2,10,20,random_regular,10050,0.4444444444444444,0,1,1,train
G0051,C10,N1,3,COBYLA,512,0.7749720982142858,0.0921369606066176,2,10,20,random_regular,10050,0.4444444444444444,0,1,1,train
G0051,C11,N1,3,SPSA,256,0.791015625,0.1021990269683682,2,10,20,random_regular,10050,0.4444444444444444,1,1,1,train
G0051,C12,N1,3,SPSA,512,0.7816685267857143,0.0897694155803234,2,10,20,random_regular,10050,0.4444444444444444,1,1,1,train
G0052,C01,N1,1,COBYLA,256,0.63818359375,0.026930824674097,2,10,20,random_regular,10051,0.4444444444444444,0,1,1,train
G0052,C02,N1,1,COBYLA,512,0.646484375,0.0300382275211082,2,10,20,random_regular,10051,0.4444444444444444,0,1,1,train
G0052,C03,N1,1,SPSA,256,0.756103515625,0.0072506066430261,2,10,20,random_regular,10051,0.4444444444444444,1,1,1,train
G0052,C04,N1,1,SPSA,512,0.762939453125,0.0003452669830012,2,10,20,random_regular,10051,0.4444444444444444,1,1,1,train
G0052,C05,N1,2,COBYLA,256,0.748046875,0.0034526698300124,2,10,20,random_regular,10051,0.4444444444444444,0,1,1,train
G0052,C06,N1,2,COBYLA,512,0.7481689453125,0.0271034581655976,2,10,20,random_regular,10051,0.4444444444444444,0,1,1,train
G0052,C07,N1,2,SPSA,256,0.73291015625,0.0062148056940223,2,10,20,random_regular,10051,0.4444444444444444,1,1,1,train
G0052,C08,N1,2,SPSA,512,0.750732421875,0.0172633491500621,2,10,20,random_regular,10051,0.4444444444444444,1,1,1,train
G0052,C09,N1,3,COBYLA,256,0.683837890625,0.1267129827614565,2,10,20,random_regular,10051,0.4444444444444444,0,1,1,train
G0052,C10,N1,3,COBYLA,512,0.7554931640625,0.0326277298936175,2,10,20,random_regular,10051,0.4444444444444444,0,1,1,train
G0052,C11,N1,3,SPSA,256,0.70068359375,0.0718155324642587,2,10,20,random_regular,10051,0.4444444444444444,1,1,1,train
G0052,C12,N1,3,SPSA,512,0.70556640625,0.1021990269683682,2,10,20,random_regular,10051,0.4444444444444444,1,1,1,train
G0053,C01,N1,1,COBYLA,256,0.72509765625,0.0718155324642587,2,10,20,random_regular,10052,0.4444444444444444,0,1,1,train
G0053,C02,N1,1,COBYLA,512,0.771484375,0.0003452669830012,2,10,20,random_regular,10052,0.4444444444444444,0,1,1,train
G0053,C03,N1,1,SPSA,256,0.77587890625,0.0020716018980074,2,10,20,random_regular,10052,0.4444444444444444,1,1,1,train
G0053,C04,N1,1,SPSA,512,0.7740478515625,0.0001726334915006,2,10,20,random_regular,10052,0.4444444444444444,1,1,1,train
G0053,C05,N1,2,COBYLA,256,0.762939453125,0.0203707519970733,2,10,20,random_regular,10052,0.4444444444444444,0,1,1,train
G0053,C06,N1,2,COBYLA,512,0.7510986328125,0.0091495750495329,2,10,20,random_regular,10052,0.4444444444444444,0,1,1,train
G0053,C07,N1,2,SPSA,256,0.77734375,0.0676723286682438,2,10,20,random_regular,10052,0.4444444444444444,1,1,1,train
G0053,C08,N1,2,SPSA,512,0.732421875,0.0193349510480696,2,10,20,random_regular,10052,0.4444444444444444,1,1,1,train
G0053,C09,N1,3,COBYLA,256,0.7216796875,0.0828640759202985,2,10,20,random_regular,10052,0.4444444444444444,0,1,1,train
G0053,C10,N1,3,COBYLA,512,0.7147216796875,0.1092770001198936,2,10,20,random_regular,10052,0.4444444444444444,0,1,1,train
G0053,C11,N1,3,SPSA,256,0.701171875,0.0828640759202985,2,10,20,random_regular,10052,0.4444444444444444,1,1,1,train
G0053,C12,N1,3,SPSA,512,0.7169189453125,0.0585227536187108,2,10,20,random_regular,10052,0.4444444444444444,1,1,1,train
G0054,C01,N1,1,COBYLA,256,0.685302734375,0.096329488257347,2,10,20,random_regular,10053,0.4444444444444444,0,1,1,train
G0054,C02,N1,1,COBYLA,512,0.7335205078125,0.017781249624564,2,10,20,random_regular,10053,0.4444444444444444,0,1,1,train
G0054,C03,N1,1,SPSA,256,0.688232421875,0.1011632260193644,2,10,20,random_regular,10053,0.4444444444444444,1,1,1,train
G0054,C04,N1,1,SPSA,512,0.708984375,0.0731966003962637,2,10,20,random_regular,10053,0.4444444444444444,1,1,1,train
G0054,C05,N1,2,COBYLA,256,0.72265625,0.0262402907080945,2,10,20,random_regular,10053,0.4444444444444444,0,1,1,train
G0054,C06,N1,2,COBYLA,512,0.761474609375,0.0044884707790161,2,10,20,random_regular,10053,0.4444444444444444,0,1,1,train
G0054,C07,N1,2,SPSA,256,0.78662109375,0.0345266983001243,2,10,20,random_regular,10053,0.4444444444444444,1,1,1,train
G0054,C08,N1,2,SPSA,512,0.6915283203125,0.0882157141568178,2,10,20,random_regular,10053,0.4444444444444444,1,1,1,train
G0054,C09,N1,3,COBYLA,256,0.698486328125,0.0921862844613321,2,10,20,random_regular,10053,0.4444444444444444,0,1,1,train
G0054,C10,N1,3,COBYLA,512,0.719970703125,0.1180813081864254,2,10,20,random_regular,10053,0.4444444444444444,0,1,1,train
G0054,C11,N1,3,SPSA,256,0.688232421875,0.0935673523933371,2,10,20,random_regular,10053,0.4444444444444444,1,1,1,train
G0054,C12,N1,3,SPSA,512,0.69384765625,0.0711249984982562,2,10,20,random_regular,10053,0.4444444444444444,1,1,1,train
G0055,C01,N1,1,COBYLA,256,0.6864149305555556,0.0058311757129098,2,10,20,random_regular,10054,0.4444444444444444,0,1,1,train
G0055,C02,N1,1,COBYLA,512,0.5973307291666667,0.052327129423744,2,10,20,random_regular,10054,0.4444444444444444,0,1,1,train
G0055,C03,N1,1,SPSA,256,0.6916232638888888,0.00153451992445,2,10,20,random_regular,10054,0.4444444444444444,1,1,1,train
G0055,C04,N1,1,SPSA,512,0.6927083333333333,0.0024552318791199,2,10,20,random_regular,10054,0.4444444444444444,1,1,1,train
G0055,C05,N1,2,COBYLA,256,0.6783854166666667,0.0036828478186799,2,10,20,random_regular,10054,0.4444444444444444,0,1,1,train
G0055,C06,N1,2,COBYLA,512,0.6825086805555556,0.0055242717280199,2,10,20,random_regular,10054,0.4444444444444444,0,1,1,train
G0055,C07,N1,2,SPSA,256,0.6399739583333333,0.0954471393007884,2,10,20,random_regular,10054,0.4444444444444444,1,1,1,train
G0055,C08,N1,2,SPSA,512,0.607421875,0.055856525249979,2,10,20,random_regular,10054,0.4444444444444444,1,1,1,train
G0055,C09,N1,3,COBYLA,256,0.6412760416666667,0.1163166102733079,2,10,20,random_regular,10054,0.4444444444444444,0,1,1,train
G0055,C10,N1,3,COBYLA,512,0.6687282986111112,0.0765725442300535,2,10,20,random_regular,10054,0.4444444444444444,0,1,1,train
G0055,C11,N1,3,SPSA,256,0.6126302083333333,0.0782605161469486,2,10,20,random_regular,10054,0.4444444444444444,1,1,1,train
G0055,C12,N1,3,SPSA,512,0.6298828125,0.0833244318976335,2,10,20,random_regular,10054,0.4444444444444444,1,1,1,train
G0056,C01,N1,1,COBYLA,256,0.701904296875,0.0769945372092773,2,10,20,random_regular,10055,0.4444444444444444,0,1,1,train
G0056,C02,N1,1,COBYLA,512,0.7088623046875,0.048855278094676,2,10,20,random_regular,10055,0.4444444444444444,0,1,1,train
G0056,C03,N1,1,SPSA,256,0.738525390625,0.0314192954531131,2,10,20,random_regular,10055,0.4444444444444444,1,1,1,train
G0056,C04,N1,1,SPSA,512,0.700927734375,0.0852809448013072,2,10,20,random_regular,10055,0.4444444444444444,1,1,1,train
G0056,C05,N1,2,COBYLA,256,0.739990234375,0.0044884707790161,2,10,20,random_regular,10055,0.4444444444444444,0,1,1,train
G0056,C06,N1,2,COBYLA,512,0.7523193359375,0.0005179004745018,2,10,20,random_regular,10055,0.4444444444444444,0,1,1,train
G0056,C07,N1,2,SPSA,256,0.732421875,0.0172633491500621,2,10,20,random_regular,10055,0.4444444444444444,1,1,1,train
G0056,C08,N1,2,SPSA,512,0.6934814453125,0.0740597678537668,2,10,20,random_regular,10055,0.4444444444444444,1,1,1,train
G0056,C09,N1,3,COBYLA,256,0.68896484375,0.1028895609343706,2,10,20,random_regular,10055,0.4444444444444444,0,1,1,train
G0056,C10,N1,3,COBYLA,512,0.6878662109375,0.0965021217488476,2,10,20,random_regular,10055,0.4444444444444444,0,1,1,train
G0056,C11,N1,3,SPSA,256,0.6728515625,0.0780303381582811,2,10,20,random_regular,10055,0.4444444444444444,1,1,1,train
G0056,C12,N1,3,SPSA,512,0.698486328125,0.0928768184273346,2,10,20,random_regular,10055,0.4444444444444444,1,1,1,train
G0057,C01,N1,1,COBYLA,256,0.67919921875,0.082173541954296,2,10,20,random_regular,10056,0.4444444444444444,0,1,1,validation
G0057,C02,N1,1,COBYLA,512,0.6986083984375,0.0902873160548252,2,10,20,random_regular,10056,0.4444444444444444,0,1,1,validation
G0057,C03,N1,1,SPSA,256,0.691162109375,0.0970200222233495,2,10,20,random_regular,10056,0.4444444444444444,1,1,1,validation
G0057,C04,N1,1,SPSA,512,0.6951904296875,0.0940852528678389,2,10,20,random_regular,10056,0.4444444444444444,1,1,1,validation
G0057,C05,N1,2,COBYLA,256,0.769287109375,0.0044884707790161,2,10,20,random_regular,10056,0.4444444444444444,0,1,1,validation
G0057,C06,N1,2,COBYLA,512,0.737548828125,0.0314192954531131,2,10,20,random_regular,10056,0.4444444444444444,0,1,1,validation
G0057,C07,N1,2,SPSA,256,0.6953125,0.0994368911043582,2,10,20,random_regular,10056,0.4444444444444444,1,1,1,validation
G0057,C08,N1,2,SPSA,512,0.6884765625,0.0828640759202985,2,10,20,random_regular,10056,0.4444444444444444,1,1,1,validation
G0057,C09,N1,3,COBYLA,256,0.703857421875,0.094948420325342,2,10,20,random_regular,10056,0.4444444444444444,0,1,1,validation
G0057,C10,N1,3,COBYLA,512,0.7896728515625,0.0188170505735677,2,10,20,random_regular,10056,0.4444444444444444,0,1,1,validation
G0057,C11,N1,3,SPSA,256,0.70703125,0.1153191723224154,2,10,20,random_regular,10056,0.4444444444444444,1,1,1,validation
G0057,C12,N1,3,SPSA,512,0.6824951171875,0.0637017583637295,2,10,20,random_regular,10056,0.4444444444444444,1,1,1,validation
G0058,C01,N1,1,COBYLA,256,0.76025390625,0.0151917472520547,2,10,20,random_regular,10057,0.4444444444444444,0,1,1,train
G0058,C02,N1,1,COBYLA,512,0.758544921875,0.010012742507036,2,10,20,random_regular,10057,0.4444444444444444,0,1,1,train
G0058,C03,N1,1,SPSA,256,0.76806640625,0.0041432037960149,2,10,20,random_regular,10057,0.4444444444444444,1,1,1,train
G0058,C04,N1,1,SPSA,512,0.759765625,0.0279666256231007,2,10,20,random_regular,10057,0.4444444444444444,1,1,1,train
G0058,C05,N1,2,COBYLA,256,0.69677734375,0.0069053396600248,2,10,20,random_regular,10057,0.4444444444444444,0,1,1,train
G0058,C06,N1,2,COBYLA,512,0.740234375,0.0017263349150062,2,10,20,random_regular,10057,0.4444444444444444,0,1,1,train
G0058,C07,N1,2,SPSA,256,0.755859375,0.0082864075920298,2,10,20,random_regular,10057,0.4444444444444444,1,1,1,train
G0058,C08,N1,2,SPSA,512,0.7779541015625,0.0219244534205789,2,10,20,random_regular,10057,0.4444444444444444,1,1,1,train
G0058,C09,N1,3,COBYLA,256,0.70361328125,0.1498458706225398,2,10,20,random_regular,10057,0.4444444444444444,0,1,1,train
G0058,C10,N1,3,COBYLA,512,0.795166015625,0.0248592227760895,2,10,20,random_regular,10057,0.4444444444444444,0,1,1,train
G0058,C11,N1,3,SPSA,256,0.687744140625,0.0645649258212326,2,10,20,random_regular,10057,0.4444444444444444,1,1,1,train
G0058,C12,N1,3,SPSA,512,0.7001953125,0.0883883476483184,2,10,20,random_regular,10057,0.4444444444444444,1,1,1,train
G0059,C01,N1,1,COBYLA,256,0.6174045138888888,0.0770329002073886,2,10,20,random_regular,10058,0.4444444444444444,0,1,1,train
G0059,C02,N1,1,COBYLA,512,0.6949869791666666,0.0007672599622249,2,10,20,random_regular,10058,0.4444444444444444,0,1,1,train
G0059,C03,N1,1,SPSA,256,0.6369357638888888,0.0905366755425485,2,10,20,random_regular,10058,0.4444444444444444,1,1,1,train
G0059,C04,N1,1,SPSA,512,0.6305338541666666,0.0952936873083433,2,10,20,random_regular,10058,0.4444444444444444,1,1,1,train
G0059,C05,N1,2,COBYLA,256,0.7005208333333333,0.0233247028516395,2,10,20,random_regular,10058,0.4444444444444444,0,1,1,train
G0059,C06,N1,2,COBYLA,512,0.6549479166666667,0.0764190922376085,2,10,20,random_regular,10058,0.4444444444444444,0,1,1,train
G0059,C07,N1,2,SPSA,256,0.6631944444444444,0.1203063620768778,2,10,20,random_regular,10058,0.4444444444444444,1,1,1,train
G0059,C08,N1,2,SPSA,512,0.6429036458333333,0.110331982567953,2,10,20,random_regular,10058,0.4444444444444444,1,1,1,train
G0059,C09,N1,3,COBYLA,256,0.6851128472222223,0.050025349537069,2,10,20,random_regular,10058,0.4444444444444444,0,1,1,train
G0059,C10,N1,3,COBYLA,512,0.7523871527777778,0.0184142390933997,2,10,20,random_regular,10058,0.4444444444444444,0,1,1,train
G0059,C11,N1,3,SPSA,256,0.6349826388888888,0.1068025867417181,2,10,20,random_regular,10058,0.4444444444444444,1,1,1,train
G0059,C12,N1,3,SPSA,512,0.6411675347222223,0.0977489191874632,2,10,20,random_regular,10058,0.4444444444444444,1,1,1,train
G0060,C01,N1,1,COBYLA,256,0.68505859375,0.1015084930023657,2,10,20,random_regular,10059,0.4444444444444444,0,1,1,train
G0060,C02,N1,1,COBYLA,512,0.677978515625,0.0918410174783308,2,10,20,random_regular,10059,0.4444444444444444,0,1,1,train
G0060,C03,N1,1,SPSA,256,0.6953125,0.0973652892063507,2,10,20,random_regular,10059,0.4444444444444444,1,1,1,train
G0060,C04,N1,1,SPSA,512,0.6962890625,0.083554609886301,2,10,20,random_regular,10059,0.4444444444444444,1,1,1,train
G0060,C05,N1,2,COBYLA,256,0.72998046875,0.0372888341641343,2,10,20,random_regular,10059,0.4444444444444444,0,1,1,train
G0060,C06,N1,2,COBYLA,512,0.732666015625,0.011393810439041,2,10,20,random_regular,10059,0.4444444444444444,0,1,1,train
G0060,C07,N1,2,SPSA,256,0.6875,0.0794114060902861,2,10,20,random_regular,10059,0.4444444444444444,1,1,1,train
G0060,C08,N1,2,SPSA,512,0.7152099609375,0.1096222671028949,2,10,20,random_regular,10059,0.4444444444444444,1,1,1,train
G0060,C09,N1,3,COBYLA,256,0.726806640625,0.06939866358325,2,10,20,random_regular,10059,0.4444444444444444,0,1,1,train
G0060,C10,N1,3,COBYLA,512,0.7161865234375,0.0854535782928078,2,10,20,random_regular,10059,0.4444444444444444,0,1,1,train
G0060,C11,N1,3,SPSA,256,0.68603515625,0.0642196588382313,2,10,20,random_regular,10059,0.4444444444444444,1,1,1,train
G0060,C12,N1,3,SPSA,512,0.73095703125,0.0452299747731629,2,10,20,random_regular,10059,0.4444444444444444,1,1,1,train
G0061,C01,N1,1,COBYLA,256,0.7371961805555556,0.1040404508777081,2,12,24,random_regular,10060,0.3636363636363636,0,1,1,train
G0061,C02,N1,1,COBYLA,512,0.7411024305555556,0.1068025867417181,2,12,24,random_regular,10060,0.3636363636363636,0,1,1,train
G0061,C03,N1,1,SPSA,256,0.7415364583333333,0.1064956827568282,2,12,24,random_regular,10060,0.3636363636363636,1,1,1,train
G0061,C04,N1,1,SPSA,512,0.8202039930555556,0.0004603559773349,2,12,24,random_regular,10060,0.3636363636363636,1,1,1,train
G0061,C05,N1,2,COBYLA,256,0.7849392361111112,0.0285420705947694,2,12,24,random_regular,10060,0.3636363636363636,0,1,1,train
G0061,C06,N1,2,COBYLA,512,0.7962239583333333,0.0003069039848899,2,12,24,random_regular,10060,0.3636363636363636,0,1,1,train
G0061,C07,N1,2,SPSA,256,0.7486979166666667,0.0957540432856782,2,12,24,random_regular,10060,0.3636363636363636,1,1,1,train
G0061,C08,N1,2,SPSA,512,0.7403428819444444,0.0664447127286838,2,12,24,random_regular,10060,0.3636363636363636,1,1,1,train
G0061,C09,N1,3,COBYLA,256,0.74609375,0.1141682823790779,2,12,24,random_regular,10060,0.3636363636363636,0,1,1,train
G0061,C10,N1,3,COBYLA,512,0.7936197916666667,0.0046035597733498,2,12,24,random_regular,10060,0.3636363636363636,0,1,1,train
G0061,C11,N1,3,SPSA,256,0.7096354166666667,0.0024552318791199,2,12,24,random_regular,10060,0.3636363636363636,1,1,1,train
G0061,C12,N1,3,SPSA,512,0.7413194444444444,0.058925565098879,2,12,24,random_regular,10060,0.3636363636363636,1,1,1,train
G0062,C01,N1,1,COBYLA,256,0.673046875,0.1066184443507841,2,12,24,random_regular,10061,0.3636363636363636,0,1,1,train
G0062,C02,N1,1,COBYLA,512,0.7425781250000001,0.0052480581416188,2,12,24,random_regular,10061,0.3636363636363636,0,1,1,train
G0062,C03,N1,1,SPSA,256,0.7416015625000001,0.0030383494504108,2,12,24,random_regular,10061,0.3636363636363636,1,1,1,train
G0062,C04,N1,1,SPSA,512,0.74755859375,0.0029002426572104,2,12,24,random_regular,10061,0.3636363636363636,1,1,1,train
G0062,C05,N1,2,COBYLA,256,0.734765625,0.0082864075920298,2,12,24,random_regular,10061,0.3636363636363636,0,1,1,train
G0062,C06,N1,2,COBYLA,512,0.73759765625,0.0200254850140721,2,12,24,random_regular,10061,0.3636363636363636,0,1,1,train
G0062,C07,N1,2,SPSA,256,0.691015625,0.0961223280675463,2,12,24,random_regular,10061,0.3636363636363636,1,1,1,train
G0062,C08,N1,2,SPSA,512,0.69716796875,0.1144905315632124,2,12,24,random_regular,10061,0.3636363636363636,1,1,1,train
G0062,C09,N1,3,COBYLA,256,0.6919921874999999,0.1328587350588786,2,12,24,random_regular,10061,0.3636363636363636,0,1,1,train
G0062,C10,N1,3,COBYLA,512,0.691796875,0.1160097062884179,2,12,24,random_regular,10061,0.3636363636363636,0,1,1,train
G0062,C11,N1,3,SPSA,256,0.696484375,0.0143631064928517,2,12,24,random_regular,10061,0.3636363636363636,1,1,1,train
G0062,C12,N1,3,SPSA,512,0.6649414062500001,0.0598002414558154,2,12,24,random_regular,10061,0.3636363636363636,1,1,1,train
G0063,C01,N1,1,COBYLA,256,0.6767578125,0.0803781536426896,2,12,24,random_regular,10062,0.3636363636363636,0,1,1,train
G0063,C02,N1,1,COBYLA,512,0.73857421875,0.0186444170820671,2,12,24,random_regular,10062,0.3636363636363636,0,1,1,train
G0063,C03,N1,1,SPSA,256,0.6685546875,0.1151810655292149,2,12,24,random_regular,10062,0.3636363636363636,1,1,1,train
G0063,C04,N1,1,SPSA,512,0.73955078125,0.0139487861132502,2,12,24,random_regular,10062,0.3636363636363636,1,1,1,train
G0063,C05,N1,2,COBYLA,256,0.681640625,0.0408796107873473,2,12,24,random_regular,10062,0.3636363636363636,0,1,1,train
G0063,C06,N1,2,COBYLA,512,0.732421875,0.0218208733256785,2,12,24,random_regular,10062,0.3636363636363636,0,1,1,train
G0063,C07,N1,2,SPSA,256,0.6666015625,0.0731966003962637,2,12,24,random_regular,10062,0.3636363636363636,1,1,1,train
G0063,C08,N1,2,SPSA,512,0.6619140625,0.0535854357617931,2,12,24,random_regular,10062,0.3636363636363636,1,1,1,train
G0063,C09,N1,3,COBYLA,256,0.7724609375,0.0102199026968367,2,12,24,random_regular,10062,0.3636363636363636,0,1,1,train
G0063,C10,N1,3,COBYLA,512,0.78154296875,0.0321788828157159,2,12,24,random_regular,10062,0.3636363636363636,0,1,1,train
G0063,C11,N1,3,SPSA,256,0.6787109375,0.0952936873083433,2,12,24,random_regular,10062,0.3636363636363636,1,1,1,train
G0063,C12,N1,3,SPSA,512,0.7505859375,0.0262402907080945,2,12,24,random_regular,10062,0.3636363636363636,1,1,1,train
G0064,C01,N1,1,COBYLA,256,0.6904296875,0.0859024253707095,2,12,24,random_regular,10063,0.3636363636363636,0,1,1,train
G0064,C02,N1,1,COBYLA,512,0.67822265625,0.1120046092856035,2,12,24,random_regular,10063,0.3636363636363636,0,1,1,train
G0064,C03,N1,1,SPSA,256,0.6740234375,0.1068946579371851,2,12,24,random_regular,10063,0.3636363636363636,1,1,1,train
G0064,C04,N1,1,SPSA,512,0.7560546875,0.0033145630368119,2,12,24,random_regular,10063,0.3636363636363636,1,1,1,train
G0064,C05,N1,2,COBYLA,256,0.758203125,0.0033145630368119,2,12,24,random_regular,10063,0.3636363636363636,0,1,1,train
G0064,C06,N1,2,COBYLA,512,0.7496093749999999,0.0107723298696388,2,12,24,random_regular,10063,0.3636363636363636,0,1,1,train
G0064,C07,N1,2,SPSA,256,0.676953125,0.0806543672290905,2,12,24,random_regular,10063,0.3636363636363636,1,1,1,train
G0064,C08,N1,2,SPSA,512,0.7457031249999999,0.0618718433538229,2,12,24,random_regular,10063,0.3636363636363636,1,1,1,train
G0064,C09,N1,3,COBYLA,256,0.771484375,0.0082864075920298,2,12,24,random_regular,10063,0.3636363636363636,0,1,1,train
G0064,C10,N1,3,COBYLA,512,0.7921875,0.0243067956032875,2,12,24,random_regular,10063,0.3636363636363636,0,1,1,train
G0064,C11,N1,3,SPSA,256,0.6857421875,0.0671199014954417,2,12,24,random_regular,10063,0.3636363636363636,1,1,1,train
G0064,C12,N1,3,SPSA,512,0.66826171875,0.0051099513484183,2,12,24,random_regular,10063,0.3636363636363636,1,1,1,train
G0065,C01,N1,1,COBYLA,256,0.7374131944444444,0.108644010651058,2,12,24,random_regular,10064,0.3636363636363636,0,1,1,train
G0065,C02,N1,1,COBYLA,512,0.6790364583333333,0.0205625669876295,2,12,24,random_regular,10064,0.3636363636363636,0,1,1,train
G0065,C03,N1,1,SPSA,256,0.8185763888888888,0.0006138079697798,2,12,24,random_regular,10064,0.3636363636363636,1,1,1,train
G0065,C04,N1,1,SPSA,512,0.8220486111111112,0.0012276159395598,2,12,24,random_regular,10064,0.3636363636363636,1,1,1,train
G0065,C05,N1,2,COBYLA,256,0.7816840277777778,0.0227108948818596,2,12,24,random_regular,10064,0.3636363636363636,0,1,1,train
G0065,C06,N1,2,COBYLA,512,0.7928602430555556,0.0145779392822747,2,12,24,random_regular,10064,0.3636363636363636,0,1,1,train
G0065,C07,N1,2,SPSA,256,0.7463107638888888,0.0991299871194682,2,12,24,random_regular,10064,0.3636363636363636,1,1,1,train
G0065,C08,N1,2,SPSA,512,0.7292751736111112,0.0787208721242836,2,12,24,random_regular,10064,0.3636363636363636,1,1,1,train
G0065,C09,N1,3,COBYLA,256,0.7606336805555556,0.1255237298200078,2,12,24,random_regular,10064,0.3636363636363636,0,1,1,train
G0065,C10,N1,3,COBYLA,512,0.7578125,0.1218408820013277,2,12,24,random_regular,10064,0.3636363636363636,0,1,1,train
G0065,C11,N1,3,SPSA,256,0.7478298611111112,0.1031197389230381,2,12,24,random_regular,10064,0.3636363636363636,1,1,1,train
G0065,C12,N1,3,SPSA,512,0.7164713541666666,0.0731966003962637,2,12,24,random_regular,10064,0.3636363636363636,1,1,1,train
G0066,C01,N1,1,COBYLA,256,0.7469618055555556,0.112326858469738,2,12,24,random_regular,10065,0.3636363636363636,0,1,1,validation
G0066,C02,N1,1,COBYLA,512,0.7465277777777778,0.1147820903488579,2,12,24,random_regular,10065,0.3636363636363636,0,1,1,validation
G0066,C03,N1,1,SPSA,256,0.8250868055555556,0.00061380796978,2,12,24,random_regular,10065,0.3636363636363636,1,1,1,validation
G0066,C04,N1,1,SPSA,512,0.8233506944444444,0.0055242717280199,2,12,24,random_regular,10065,0.3636363636363636,1,1,1,validation
G0066,C05,N1,2,COBYLA,256,0.79296875,0.0171866231538397,2,12,24,random_regular,10065,0.3636363636363636,0,1,1,validation
G0066,C06,N1,2,COBYLA,512,0.7885199652777778,0.0197953070254047,2,12,24,random_regular,10065,0.3636363636363636,0,1,1,validation
G0066,C07,N1,2,SPSA,256,0.72265625,0.0742707643433787,2,12,24,random_regular,10065,0.3636363636363636,1,1,1,validation
G0066,C08,N1,2,SPSA,512,0.7122395833333333,0.0592324690837689,2,12,24,random_regular,10065,0.3636363636363636,1,1,1,validation
G0066,C09,N1,3,COBYLA,256,0.7415364583333333,0.1267513457595677,2,12,24,random_regular,10065,0.3636363636363636,0,1,1,validation
G0066,C10,N1,3,COBYLA,512,0.7452256944444444,0.1273651537293477,2,12,24,random_regular,10065,0.3636363636363636,0,1,1,validation
G0066,C11,N1,3,SPSA,256,0.7439236111111112,0.0595393730686589,2,12,24,random_regular,10065,0.3636363636363636,1,1,1,validation
G0066,C12,N1,3,SPSA,512,0.8053385416666666,0.0386699020961393,2,12,24,random_regular,10065,0.3636363636363636,1,1,1,validation
G0067,C01,N1,1,COBYLA,256,0.6578125,0.0718155324642587,2,12,24,random_regular,10066,0.3636363636363636,0,1,1,train
G0067,C02,N1,1,COBYLA,512,0.6751953125000001,0.0955699008947443,2,12,24,random_regular,10066,0.3636363636363636,0,1,1,train
G0067,C03,N1,1,SPSA,256,0.740234375,0.0022097086912079,2,12,24,random_regular,10066,0.3636363636363636,1,1,1,train
G0067,C04,N1,1,SPSA,512,0.74150390625,0.0040050970028145,2,12,24,random_regular,10066,0.3636363636363636,1,1,1,train
G0067,C05,N1,2,COBYLA,256,0.72890625,0.0110485434560398,2,12,24,random_regular,10066,0.3636363636363636,0,1,1,train
G0067,C06,N1,2,COBYLA,512,0.7212890624999999,0.0209922325664756,2,12,24,random_regular,10066,0.3636363636363636,0,1,1,train
G0067,C07,N1,2,SPSA,256,0.653125,0.0812067944018926,2,12,24,random_regular,10066,0.3636363636363636,1,1,1,train
G0067,C08,N1,2,SPSA,512,0.65517578125,0.081344901195093,2,12,24,random_regular,10066,0.3636363636363636,1,1,1,train
G0067,C09,N1,3,COBYLA,256,0.6796875,0.1215339780164378,2,12,24,random_regular,10066,0.3636363636363636,0,1,1,train
G0067,C10,N1,3,COBYLA,512,0.6739257812499999,0.1136618908040095,2,12,24,random_regular,10066,0.3636363636363636,0,1,1,train
G0067,C11,N1,3,SPSA,256,0.63359375,0.0055242717280199,2,12,24,random_regular,10066,0.3636363636363636,1,1,1,train
G0067,C12,N1,3,SPSA,512,0.73134765625,0.0539997561413945,2,12,24,random_regular,10066,0.3636363636363636,1,1,1,train
G0068,C01,N1,1,COBYLA,256,0.6658203125,0.1068946579371851,2,12,24,random_regular,10067,0.3636363636363636,0,1,1,test
G0068,C02,N1,1,COBYLA,512,0.66767578125,0.0970890756199498,2,12,24,random_regular,10067,0.3636363636363636,0,1,1,test
G0068,C03,N1,1,SPSA,256,0.6669921875,0.1013703862091651,2,12,24,random_regular,10067,0.3636363636363636,1,1,1,test
G0068,C04,N1,1,SPSA,512,0.72314453125,0.0302453877109089,2,12,24,random_regular,10067,0.3636363636363636,1,1,1,test
G0068,C05,N1,2,COBYLA,256,0.7228515625,0.0030383494504109,2,12,24,random_regular,10067,0.3636363636363636,0,1,1,test
G0068,C06,N1,2,COBYLA,512,0.73017578125,0.0023478154844084,2,12,24,random_regular,10067,0.3636363636363636,0,1,1,test
G0068,C07,N1,2,SPSA,256,0.682421875,0.0049718445552178,2,12,24,random_regular,10067,0.3636363636363636,1,1,1,test
G0068,C08,N1,2,SPSA,512,0.6623046875,0.0781684449514815,2,12,24,random_regular,10067,0.3636363636363636,1,1,1,test
G0068,C09,N1,3,COBYLA,256,0.6787109375,0.1151810655292149,2,12,24,random_regular,10067,0.3636363636363636,0,1,1,test
G0068,C10,N1,3,COBYLA,512,0.77568359375,0.022511407291681,2,12,24,random_regular,10067,0.3636363636363636,0,1,1,test
G0068,C11,N1,3,SPSA,256,0.6583984375,0.0439179602377582,2,12,24,random_regular,10067,0.3636363636363636,1,1,1,test
G0068,C12,N1,3,SPSA,512,0.675,0.0571762123850059,2,12,24,random_regular,10067,0.3636363636363636,1,1,1,test
G0069,C01,N1,1,COBYLA,256,0.7378472222222223,0.0908435795274384,2,12,24,random_regular,10068,0.3636363636363636,0,1,1,validation
G0069,C02,N1,1,COBYLA,512,0.8160807291666666,0.0102812834938148,2,12,24,random_regular,10068,0.3636363636363636,0,1,1,validation
G0069,C03,N1,1,SPSA,256,0.74609375,0.1000506990741382,2,12,24,random_regular,10068,0.3636363636363636,1,1,1,validation
G0069,C04,N1,1,SPSA,512,0.7517361111111112,0.0945264273461182,2,12,24,random_regular,10068,0.3636363636363636,1,1,1,validation
G0069,C05,N1,2,COBYLA,256,0.8216145833333333,0.0294627825494394,2,12,24,random_regular,10068,0.3636363636363636,0,1,1,validation
G0069,C06,N1,2,COBYLA,512,0.8128255208333334,0.0124296113880447,2,12,24,random_regular,10068,0.3636363636363636,0,1,1,validation
G0069,C07,N1,2,SPSA,256,0.7183159722222222,0.0699741085549187,2,12,24,random_regular,10068,0.3636363636363636,1,1,1,validation
G0069,C08,N1,2,SPSA,512,0.7118055555555556,0.0610738929931088,2,12,24,random_regular,10068,0.3636363636363636,1,1,1,validation
G0069,C09,N1,3,COBYLA,256,0.8302951388888888,0.0331456303681194,2,12,24,random_regular,10068,0.3636363636363636,0,1,1,validation
G0069,C10,N1,3,COBYLA,512,0.8223741319444444,0.0197953070254046,2,12,24,random_regular,10068,0.3636363636363636,0,1,1,validation
G0069,C11,N1,3,SPSA,256,0.8036024305555556,0.0144244872898297,2,12,24,random_regular,10068,0.3636363636363636,1,1,1,validation
G0069,C12,N1,3,SPSA,512,0.8009982638888888,0.0107416394711497,2,12,24,random_regular,10068,0.3636363636363636,1,1,1,validation
G0070,C01,N1,1,COBYLA,256,0.6650390625,0.0903218427531253,2,12,24,random_regular,10069,0.3636363636363636,0,1,1,test
G0070,C02,N1,1,COBYLA,512,0.74853515625,0.0009667475524035,2,12,24,random_regular,10069,0.3636363636363636,0,1,1,test
G0070,C03,N1,1,SPSA,256,0.6716796875,0.1096567938011951,2,12,24,random_regular,10069,0.3636363636363636,1,1,1,test
G0070,C04,N1,1,SPSA,512,0.73857421875,0.0205779121868742,2,12,24,random_regular,10069,0.3636363636363636,1,1,1,test
G0070,C05,N1,2,COBYLA,256,0.7333984375,0.000276213586401,2,12,24,random_regular,10069,0.3636363636363636,0,1,1,test
G0070,C06,N1,2,COBYLA,512,0.7119140625,0.0176776695296636,2,12,24,random_regular,10069,0.3636363636363636,0,1,1,test
G0070,C07,N1,2,SPSA,256,0.6689453125,0.0803781536426896,2,12,24,random_regular,10069,0.3636363636363636,1,1,1,test
G0070,C08,N1,2,SPSA,512,0.66376953125,0.0777541245718801,2,12,24,random_regular,10069,0.3636363636363636,1,1,1,test
G0070,C09,N1,3,COBYLA,256,0.76875,0.0099436891104357,2,12,24,random_regular,10069,0.3636363636363636,0,1,1,test
G0070,C10,N1,3,COBYLA,512,0.7762695312500001,0.0059385921076213,2,12,24,random_regular,10069,0.3636363636363636,0,1,1,test
G0070,C11,N1,3,SPSA,256,0.71171875,0.0033145630368119,2,12,24,random_regular,10069,0.3636363636363636,1,1,1,test
G0070,C12,N1,3,SPSA,512,0.64853515625,0.0205779121868741,2,12,24,random_regular,10069,0.3636363636363636,1,1,1,test
G0071,C01,N1,1,COBYLA,256,0.6550480769230769,0.0879634036692399,2,15,30,random_regular,10070,0.2857142857142857,0,1,1,train
G0071,C02,N1,1,COBYLA,512,0.7201021634615385,0.0010623599476961,2,15,30,random_regular,10070,0.2857142857142857,0,1,1,train
G0071,C03,N1,1,SPSA,256,0.7184495192307692,0.0004249439790785,2,15,30,random_regular,10070,0.2857142857142857,1,1,1,train
G0071,C04,N1,1,SPSA,512,0.7113131009615384,0.0028683718587795,2,15,30,random_regular,10070,0.2857142857142857,1,1,1,train
G0071,C05,N1,2,COBYLA,256,0.6932091346153846,0.0072240476443336,2,15,30,random_regular,10070,0.2857142857142857,0,1,1,train
G0071,C06,N1,2,COBYLA,512,0.6924579326923077,0.0048868557594022,2,15,30,random_regular,10070,0.2857142857142857,0,1,1,train
G0071,C07,N1,2,SPSA,256,0.7149939903846154,0.011261015445579,2,15,30,random_regular,10070,0.2857142857142857,1,1,1,train
G0071,C08,N1,2,SPSA,512,0.7101111778846154,0.0275151226453298,2,15,30,random_regular,10070,0.2857142857142857,1,1,1,train
G0071,C09,N1,3,COBYLA,256,0.6607572115384616,0.0871135157110831,2,15,30,random_regular,10070,0.2857142857142857,0,1,1,train
G0071,C10,N1,3,COBYLA,512,0.7216045673076923,0.0288961905773348,2,15,30,random_regular,10070,0.2857142857142857,0,1,1,train
G0071,C11,N1,3,SPSA,256,0.6897536057692308,0.0354828222530508,2,15,30,random_regular,10070,0.2857142857142857,1,1,1,train
G0071,C12,N1,3,SPSA,512,0.6446814903846154,0.0354828222530508,2,15,30,random_regular,10070,0.2857142857142857,1,1,1,train
G0072,C01,N1,1,COBYLA,256,0.6741286057692308,0.080526884035367,2,15,30,random_regular,10071,0.2857142857142857,0,1,1,validation
G0072,C02,N1,1,COBYLA,512,0.7280649038461539,0.0014873039267746,2,15,30,random_regular,10071,0.2857142857142857,0,1,1,validation
G0072,C03,N1,1,SPSA,256,0.7297175480769231,0.0014873039267745,2,15,30,random_regular,10071,0.2857142857142857,1,1,1,validation
G0072,C04,N1,1,SPSA,512,0.7215294471153846,0.0026558998692403,2,15,30,random_regular,10071,0.2857142857142857,1,1,1,validation
G0072,C05,N1,2,COBYLA,256,0.6837439903846154,0.0227345028806972,2,15,30,random_regular,10071,0.2857142857142857,0,1,1,validation
G0072,C06,N1,2,COBYLA,512,0.7036508413461539,0.0120046674089663,2,15,30,random_regular,10071,0.2857142857142857,0,1,1,validation
G0072,C07,N1,2,SPSA,256,0.6736778846153846,0.1461807288029882,2,15,30,random_regular,10071,0.2857142857142857,1,1,1,validation
G0072,C08,N1,2,SPSA,512,0.6256760817307692,0.0695845765740969,2,15,30,random_regular,10071,0.2857142857142857,1,1,1,validation
G0072,C09,N1,3,COBYLA,256,0.7234074519230769,0.0410070939810708,2,15,30,random_regular,10071,0.2857142857142857,0,1,1,validation
G0072,C10,N1,3,COBYLA,512,0.7313701923076923,0.0352703502635117,2,15,30,random_regular,10071,0.2857142857142857,0,1,1,validation
G0072,C11,N1,3,SPSA,256,0.6404747596153846,0.0461064217300123,2,15,30,random_regular,10071,0.2857142857142857,1,1,1,validation
G0072,C12,N1,3,SPSA,512,0.6864483173076923,0.0146605672782067,2,15,30,random_regular,10071,0.2857142857142857,1,1,1,validation
G0073,C01,N1,1,COBYLA,256,0.6922200520833333,0.081252829999626,2,15,30,random_regular,10072,0.2857142857142857,0,1,1,train
G0073,C02,N1,1,COBYLA,512,0.7789713541666667,0.0018414239093399,2,15,30,random_regular,10072,0.2857142857142857,0,1,1,train
G0073,C03,N1,1,SPSA,256,0.77685546875,0.0025319578753425,2,15,30,random_regular,10072,0.2857142857142857,1,1,1,train
G0073,C04,N1,1,SPSA,512,0.7783203125,0.0039130258073474,2,15,30,random_regular,10072,0.2857142857142857,1,1,1,train
G0073,C05,N1,2,COBYLA,256,0.7412109375,0.0036828478186798,2,15,30,random_regular,10072,0.2857142857142857,0,1,1,train
G0073,C06,N1,2,COBYLA,512,0.756103515625,0.0180689721103984,2,15,30,random_regular,10072,0.2857142857142857,0,1,1,train
G0073,C07,N1,2,SPSA,256,0.6954752604166667,0.0342965203114569,2,15,30,random_regular,10072,0.2857142857142857,1,1,1,train
G0073,C08,N1,2,SPSA,512,0.7138671875,0.0395906140508092,2,15,30,random_regular,10072,0.2857142857142857,1,1,1,train
G0073,C09,N1,3,COBYLA,256,0.7918294270833333,0.0223272649007471,2,15,30,random_regular,10072,0.2857142857142857,0,1,1,train
G0073,C10,N1,3,COBYLA,512,0.778076171875,0.0300382275211082,2,15,30,random_regular,10072,0.2857142857142857,0,1,1,train
G0073,C11,N1,3,SPSA,256,0.7265625,0.0787208721242836,2,15,30,random_regular,10072,0.2857142857142857,1,1,1,train
G0073,C12,N1,3,SPSA,512,0.6761067708333334,0.0103580094900373,2,15,30,random_regular,10072,0.2857142857142857,1,1,1,train
G0074,C01,N1,1,COBYLA,256,0.6159855769230769,0.0378200141379824,2,15,30,random_regular,10073,0.2857142857142857,0,1,1,validation
G0074,C02,N1,1,COBYLA,512,0.7210787259615384,0.0013810679320049,2,15,30,random_regular,10073,0.2857142857142857,0,1,1,validation
G0074,C03,N1,1,SPSA,256,0.7211538461538461,0.0029746078535492,2,15,30,random_regular,10073,0.2857142857142857,1,1,1,validation
G0074,C04,N1,1,SPSA,512,0.7173978365384616,0.0008498879581569,2,15,30,random_regular,10073,0.2857142857142857,1,1,1,validation
G0074,C05,N1,2,COBYLA,256,0.6945612980769231,0.0201848390062264,2,15,30,random_regular,10073,0.2857142857142857,0,1,1,validation
G0074,C06,N1,2,COBYLA,512,0.7171724759615385,0.0066928676704857,2,15,30,random_regular,10073,0.2857142857142857,0,1,1,validation
G0074,C07,N1,2,SPSA,256,0.6594050480769231,0.0673536206839349,2,15,30,random_regular,10073,0.2857142857142857,1,1,1,validation
G0074,C08,N1,2,SPSA,512,0.6120793269230769,0.0484436136149437,2,15,30,random_regular,10073,0.2857142857142857,1,1,1,validation
G0074,C09,N1,3,COBYLA,256,0.7468449519230769,0.0044619117803237,2,15,30,random_regular,10073,0.2857142857142857,0,1,1,validation
G0074,C10,N1,3,COBYLA,512,0.7254356971153846,0.0052055637437111,2,15,30,random_regular,10073,0.2857142857142857,0,1,1,validation
G0074,C11,N1,3,SPSA,256,0.6380709134615384,0.0512057494789537,2,15,30,random_regular,10073,0.2857142857142857,1,1,1,validation
G0074,C12,N1,3,SPSA,512,0.6193659855769231,0.0205035469905353,2,15,30,random_regular,10073,0.2857142857142857,1,1,1,validation
G0075,C01,N1,1,COBYLA,256,0.7624289772727273,0.1024501302287327,2,15,30,random_regular,10074,0.2857142857142857,0,1,1,train
G0075,C02,N1,1,COBYLA,512,0.7658025568181819,0.10671888565493,2,15,30,random_regular,10074,0.2857142857142857,0,1,1,train
G0075,C03,N1,1,SPSA,256,0.7705965909090908,0.1145030867262307,2,15,30,random_regular,10074,0.2857142857142857,1,1,1,train
G0075,C04,N1,1,SPSA,512,0.8464133522727273,0.0045198586865617,2,15,30,random_regular,10074,0.2857142857142857,1,1,1,train
G0075,C05,N1,2,COBYLA,256,0.7828480113636364,0.0539872009783763,2,15,30,random_regular,10074,0.2857142857142857,0,1,1,train
G0075,C06,N1,2,COBYLA,512,0.8141867897727273,0.0016321711923694,2,15,30,random_regular,10074,0.2857142857142857,0,1,1,train
G0075,C07,N1,2,SPSA,256,0.8165838068181819,0.0419342444808782,2,15,30,random_regular,10074,0.2857142857142857,1,1,1,train
G0075,C08,N1,2,SPSA,512,0.7849786931818181,0.0306345977644739,2,15,30,random_regular,10074,0.2857142857142857,1,1,1,train
G0075,C09,N1,3,COBYLA,256,0.7674005681818181,0.1210317714957088,2,15,30,random_regular,10074,0.2857142857142857,0,1,1,train
G0075,C10,N1,3,COBYLA,512,0.7750355113636364,0.0790975270148304,2,15,30,random_regular,10074,0.2857142857142857,0,1,1,train
G0075,C11,N1,3,SPSA,256,0.8101917613636364,0.0188327445273405,2,15,30,random_regular,10074,0.2857142857142857,1,1,1,train
G0075,C12,N1,3,SPSA,512,0.8315873579545454,0.0327689754775725,2,15,30,random_regular,10074,0.2857142857142857,1,1,1,train
G0076,C01,N1,1,COBYLA,256,0.5985576923076923,0.0233719188493149,2,15,30,random_regular,10075,0.2857142857142857,0,1,1,train
G0076,C02,N1,1,COBYLA,512,0.7125901442307692,0.0023371918849314,2,15,30,random_regular,10075,0.2857142857142857,0,1,1,train
G0076,C03,N1,1,SPSA,256,0.6452824519230769,0.0953999233031129,2,15,30,random_regular,10075,0.2857142857142857,1,1,1,train
G0076,C04,N1,1,SPSA,512,0.7149188701923077,0.0013810679320049,2,15,30,random_regular,10075,0.2857142857142857,1,1,1,train
G0076,C05,N1,2,COBYLA,256,0.7010216346153846,0.013173263351432,2,15,30,random_regular,10075,0.2857142857142857,0,1,1,train
G0076,C06,N1,2,COBYLA,512,0.6930588942307693,0.0021247198953922,2,15,30,random_regular,10075,0.2857142857142857,0,1,1,train
G0076,C07,N1,2,SPSA,256,0.6126802884615384,0.0616168769663758,2,15,30,random_regular,10075,0.2857142857142857,1,1,1,train
G0076,C08,N1,2,SPSA,512,0.6502403846153846,0.1166471222570356,2,15,30,random_regular,10075,0.2857142857142857,1,1,1,train
G0076,C09,N1,3,COBYLA,256,0.6556490384615384,0.1202591460792025,2,15,30,random_regular,10075,0.2857142857142857,0,1,1,train
G0076,C10,N1,3,COBYLA,512,0.6597806490384615,0.1142036943773345,2,15,30,random_regular,10075,0.2857142857142857,0,1,1,train
G0076,C11,N1,3,SPSA,256,0.6654146634615384,0.0601295730396012,2,15,30,random_regular,10075,0.2857142857142857,1,1,1,train
G0076,C12,N1,3,SPSA,512,0.6494891826923077,0.0029746078535492,2,15,30,random_regular,10075,0.2857142857142857,1,1,1,train
G0077,C01,N1,1,COBYLA,256,0.7083333333333334,0.1035800949003731,2,15,30,random_regular,10076,0.2857142857142857,0,1,1,train
G0077,C02,N1,1,COBYLA,512,0.7408854166666667,0.050639157506849,2,15,30,random_regular,10076,0.2857142857142857,0,1,1,train
G0077,C03,N1,1,SPSA,256,0.7024739583333333,0.0975954671950183,2,15,30,random_regular,10076,0.2857142857142857,1,1,1,train
G0077,C04,N1,1,SPSA,512,0.775146484375,0.0001150889943338,2,15,30,random_regular,10076,0.2857142857142857,1,1,1,train
G0077,C05,N1,2,COBYLA,256,0.72607421875,0.0278515366287669,2,15,30,random_regular,10076,0.2857142857142857,0,1,1,train
G0077,C06,N1,2,COBYLA,512,0.73583984375,0.0043733817846823,2,15,30,random_regular,10076,0.2857142857142857,0,1,1,train
G0077,C07,N1,2,SPSA,256,0.6652018229166666,0.0683628626342462,2,15,30,random_regular,10076,0.2857142857142857,1,1,1,train
G0077,C08,N1,2,SPSA,512,0.7019856770833333,0.0782605161469486,2,15,30,random_regular,10076,0.2857142857142857,1,1,1,train
G0077,C09,N1,3,COBYLA,256,0.6995442708333333,0.1081836546737231,2,15,30,random_regular,10076,0.2857142857142857,0,1,1,train
G0077,C10,N1,3,COBYLA,512,0.7609049479166666,0.0331456303681194,2,15,30,random_regular,10076,0.2857142857142857,0,1,1,train
G0077,C11,N1,3,SPSA,256,0.6580403645833333,0.0071355176486923,2,15,30,random_regular,10076,0.2857142857142857,1,1,1,train
G0077,C12,N1,3,SPSA,512,0.6453450520833334,0.0131201453540472,2,15,30,random_regular,10076,0.2857142857142857,1,1,1,train
G0078,C01,N1,1,COBYLA,256,0.79443359375,0.0006905339660024,2,15,30,random_regular,10077,0.2857142857142857,0,1,1,train
G0078,C02,N1,1,COBYLA,512,0.7842610677083333,0.0005754449716687,2,15,30,random_regular,10077,0.2857142857142857,0,1,1,train
G0078,C03,N1,1,SPSA,256,0.7898763020833334,0.0075958736260273,2,15,30,random_regular,10077,0.2857142857142857,1,1,1,train
G0078,C04,N1,1,SPSA,512,0.787841796875,0.0054091827336861,2,15,30,random_regular,10077,0.2857142857142857,1,1,1,train
G0078,C05,N1,2,COBYLA,256,0.7506510416666667,0.0023017798866749,2,15,30,random_regular,10077,0.2857142857142857,0,1,1,train
G0078,C06,N1,2,COBYLA,512,0.7515462239583333,0.010933454461706,2,15,30,random_regular,10077,0.2857142857142857,0,1,1,train
G0078,C07,N1,2,SPSA,256,0.7049153645833333,0.0181840611047321,2,15,30,random_regular,10077,0.2857142857142857,1,1,1,train
G0078,C08,N1,2,SPSA,512,0.71240234375,0.0446545298014942,2,15,30,random_regular,10077,0.2857142857142857,1,1,1,train
G0078,C09,N1,3,COBYLA,256,0.7154947916666667,0.1371860812458275,2,15,30,random_regular,10077,0.2857142857142857,0,1,1,train
G0078,C10,N1,3,COBYLA,512,0.7628580729166666,0.0372888341641343,2,15,30,random_regular,10077,0.2857142857142857,0,1,1,train
G0078,C11,N1,3,SPSA,256,0.7215169270833333,0.0287722485834369,2,15,30,random_regular,10077,0.2857142857142857,1,1,1,train
G0078,C12,N1,3,SPSA,512,0.6624348958333333,0.0135805013313821,2,15,30,random_regular,10077,0.2857142857142857,1,1,1,train
G0079,C01,N1,1,COBYLA,256,0.7825520833333333,0.0064449836826899,2,15,30,random_regular,10078,0.2857142857142857,0,1,1,train
G0079,C02,N1,1,COBYLA,512,0.7932942708333333,0.0016112459206724,2,15,30,random_regular,10078,0.2857142857142857,0,1,1,train
G0079,C03,N1,1,SPSA,256,0.7937825520833333,0.0011508899433374,2,15,30,random_regular,10078,0.2857142857142857,1,1,1,train
G0079,C04,N1,1,SPSA,512,0.7888997395833334,0.0055242717280199,2,15,30,random_regular,10078,0.2857142857142857,1,1,1,train
G0079,C05,N1,2,COBYLA,256,0.7620442708333333,0.0092071195466998,2,15,30,random_regular,10078,0.2857142857142857,0,1,1,train
G0079,C06,N1,2,COBYLA,512,0.755615234375,0.0049488267563512,2,15,30,random_regular,10078,0.2857142857142857,0,1,1,train
G0079,C07,N1,2,SPSA,256,0.6920572916666667,0.00368284781868,2,15,30,random_regular,10078,0.2857142857142857,1,1,1,train
G0079,C08,N1,2,SPSA,512,0.710205078125,0.0279666256231007,2,15,30,random_regular,10078,0.2857142857142857,1,1,1,train
G0079,C09,N1,3,COBYLA,256,0.8043619791666667,0.0046035597733499,2,15,30,random_regular,10078,0.2857142857142857,0,1,1,train
G0079,C10,N1,3,COBYLA,512,0.7925618489583333,0.017838794121731,2,15,30,random_regular,10078,0.2857142857142857,0,1,1,train
G0079,C11,N1,3,SPSA,256,0.7023111979166666,0.024168688810087,2,15,30,random_regular,10078,0.2857142857142857,1,1,1,train
G0079,C12,N1,3,SPSA,512,0.6983235677083333,0.0463808647165004,2,15,30,random_regular,10078,0.2857142857142857,1,1,1,train
G0080,C01,N1,1,COBYLA,256,0.7298677884615385,0.0016997759163138,2,15,30,random_regular,10079,0.2857142857142857,0,1,1,train
G0080,C02,N1,1,COBYLA,512,0.6143329326923077,0.050568333510336,2,15,30,random_regular,10079,0.2857142857142857,0,1,1,train
G0080,C03,N1,1,SPSA,256,0.7303185096153846,0.0014873039267746,2,15,30,random_regular,10079,0.2857142857142857,1,1,1,train
G0080,C04,N1,1,SPSA,512,0.7309194711538461,0.001912247905853,2,15,30,random_regular,10079,0.2857142857142857,1,1,1,train
G0080,C05,N1,2,COBYLA,256,0.6702223557692308,0.0486560856044829,2,15,30,random_regular,10079,0.2857142857142857,0,1,1,train
G0080,C06,N1,2,COBYLA,512,0.7219050480769231,0.0012748319372354,2,15,30,random_regular,10079,0.2857142857142857,0,1,1,train
G0080,C07,N1,2,SPSA,256,0.6787860576923077,0.1381067932004975,2,15,30,random_regular,10079,0.2857142857142857,1,1,1,train
G0080,C08,N1,2,SPSA,512,0.6407001201923077,0.0848825598209211,2,15,30,random_regular,10079,0.2857142857142857,1,1,1,train
G0080,C09,N1,3,COBYLA,256,0.7403846153846154,0.0080739356024906,2,15,30,random_regular,10079,0.2857142857142857,0,1,1,train
G0080,C10,N1,3,COBYLA,512,0.7346003605769231,0.0404759140072227,2,15,30,random_regular,10079,0.2857142857142857,0,1,1,train
G0080,C11,N1,3,SPSA,256,0.7127403846153846,0.0242218068074718,2,15,30,random_regular,10079,0.2857142857142857,1,1,1,train
G0080,C12,N1,3,SPSA,512,0.6578275240384616,0.0496122095574094,2,15,30,random_regular,10079,0.2857142857142857,1,1,1,train
G0081,C01,N1,1,COBYLA,256,0.7244698660714286,0.1016071407117946,2,18,36,random_regular,10080,0.2352941176470588,0,1,1,test
G0081,C02,N1,1,COBYLA,512,0.7978515625,0.0033540221205835,2,18,36,random_regular,10080,0.2352941176470588,0,1,1,test
G0081,C03,N1,1,SPSA,256,0.7165178571428572,0.1089070712095351,2,18,36,random_regular,10080,0.2352941176470588,1,1,1,test
G0081,C04,N1,1,SPSA,512,0.7940150669642857,0.0014797156414338,2,18,36,random_regular,10080,0.2352941176470588,1,1,1,test
G0081,C05,N1,2,COBYLA,256,0.7700892857142858,0.0023675450262942,2,18,36,random_regular,10080,0.2352941176470588,0,1,1,test
G0081,C06,N1,2,COBYLA,512,0.7783900669642857,0.0056229194374488,2,18,36,random_regular,10080,0.2352941176470588,0,1,1,test
G0081,C07,N1,2,SPSA,256,0.7140066964285714,0.1049611628323781,2,18,36,random_regular,10080,0.2352941176470588,1,1,1,test
G0081,C08,N1,2,SPSA,512,0.6996372767857143,0.0779316904488522,2,18,36,random_regular,10080,0.2352941176470588,1,1,1,test
G0081,C09,N1,3,COBYLA,256,0.7117745535714286,0.1041719811569467,2,18,36,random_regular,10080,0.2352941176470588,0,1,1,test
G0081,C10,N1,3,COBYLA,512,0.8210100446428572,0.0136133839011919,2,18,36,random_regular,10080,0.2352941176470588,0,1,1,test
G0081,C11,N1,3,SPSA,256,0.6854073660714286,0.0021702496074363,2,18,36,random_regular,10080,0.2352941176470588,1,1,1,test
G0081,C12,N1,3,SPSA,512,0.7210518973214286,0.0444901169524459,2,18,36,random_regular,10080,0.2352941176470588,1,1,1,test
G0082,C01,N1,1,COBYLA,256,0.6703404017857143,0.0195322464669274,2,18,36,random_regular,10081,0.2352941176470588,0,1,1,test
G0082,C02,N1,1,COBYLA,512,0.7255161830357142,0.0936166762480515,2,18,36,random_regular,10081,0.2352941176470588,0,1,1,test
G0082,C03,N1,1,SPSA,256,0.7953404017857142,0.0009864770942892,2,18,36,random_regular,10081,0.2352941176470588,1,1,1,test
G0082,C04,N1,1,SPSA,512,0.7913643973214286,0.0010851248037181,2,18,36,random_regular,10081,0.2352941176470588,1,1,1,test
G0082,C05,N1,2,COBYLA,256,0.7816685267857143,0.0108512480371819,2,18,36,random_regular,10081,0.2352941176470588,0,1,1,test
G0082,C06,N1,2,COBYLA,512,0.7835518973214286,0.0038472606677281,2,18,36,random_regular,10081,0.2352941176470588,0,1,1,test
G0082,C07,N1,2,SPSA,256,0.7000558035714286,0.0678696240871016,2,18,36,random_regular,10081,0.2352941176470588,1,1,1,test
G0082,C08,N1,2,SPSA,512,0.7238420758928572,0.0077931690448852,2,18,36,random_regular,10081,0.2352941176470588,1,1,1,test
G0082,C09,N1,3,COBYLA,256,0.7151227678571429,0.1077232986963881,2,18,36,random_regular,10081,0.2352941176470588,0,1,1,test
G0082,C10,N1,3,COBYLA,512,0.7971540178571429,0.0234781548440845,2,18,36,random_regular,10081,0.2352941176470588,0,1,1,test
G0082,C11,N1,3,SPSA,256,0.7335379464285714,0.0520859905784734,2,18,36,random_regular,10081,0.2352941176470588,1,1,1,test
G0082,C12,N1,3,SPSA,512,0.7128208705357142,0.0251551659043763,2,18,36,random_regular,10081,0.2352941176470588,1,1,1,test
G0083,C01,N1,1,COBYLA,256,0.759765625,0.0023938510821419,2,18,36,random_regular,10082,0.2352941176470588,0,1,1,test
G0083,C02,N1,1,COBYLA,512,0.6819661458333334,0.1146286383564129,2,18,36,random_regular,10082,0.2352941176470588,0,1,1,test
G0083,C03,N1,1,SPSA,256,0.7505208333333333,0.0025779934730759,2,18,36,random_regular,10082,0.2352941176470588,1,1,1,test
G0083,C04,N1,1,SPSA,512,0.762109375,0.0003682847818679,2,18,36,random_regular,10082,0.2352941176470588,1,1,1,test
G0083,C05,N1,2,COBYLA,256,0.7385416666666667,0.0047877021642839,2,18,36,random_regular,10082,0.2352941176470588,0,1,1,test
G0083,C06,N1,2,COBYLA,512,0.7410807291666667,0.0035907766232129,2,18,36,random_regular,10082,0.2352941176470588,0,1,1,test
G0083,C07,N1,2,SPSA,256,0.7180989583333334,0.0300152097222414,2,18,36,random_regular,10082,0.2352941176470588,1,1,1,test
G0083,C08,N1,2,SPSA,512,0.6785807291666667,0.0833244318976335,2,18,36,random_regular,10082,0.2352941176470588,1,1,1,test
G0083,C09,N1,3,COBYLA,256,0.7755208333333333,0.0011048543456039,2,18,36,random_regular,10082,0.2352941176470588,0,1,1,test
G0083,C10,N1,3,COBYLA,512,0.7362630208333334,0.0553347884756659,2,18,36,random_regular,10082,0.2352941176470588,0,1,1,test
G0083,C11,N1,3,SPSA,256,0.7342447916666667,0.0001841423909339,2,18,36,random_regular,10082,0.2352941176470588,1,1,1,test
G0083,C12,N1,3,SPSA,512,0.6953125,0.0863627813480444,2,18,36,random_regular,10082,0.2352941176470588,1,1,1,test
G0084,C01,N1,1,COBYLA,256,0.68046875,0.1027514541411701,2,18,36,random_regular,10083,0.2352941176470588,0,1,1,validation
G0084,C02,N1,1,COBYLA,512,0.6837890625,0.1096567938011951,2,18,36,random_regular,10083,0.2352941176470588,0,1,1,validation
G0084,C03,N1,1,SPSA,256,0.6787760416666667,0.1021990269683682,2,18,36,random_regular,10083,0.2352941176470588,1,1,1,validation
G0084,C04,N1,1,SPSA,512,0.7526692708333333,0.0052480581416188,2,18,36,random_regular,10083,0.2352941176470588,1,1,1,validation
G0084,C05,N1,2,COBYLA,256,0.7401041666666667,0.0187825238752677,2,18,36,random_regular,10083,0.2352941176470588,0,1,1,validation
G0084,C06,N1,2,COBYLA,512,0.7451171875,0.0087467635693648,2,18,36,random_regular,10083,0.2352941176470588,0,1,1,validation
G0084,C07,N1,2,SPSA,256,0.6696614583333333,0.0311200640678454,2,18,36,random_regular,10083,0.2352941176470588,1,1,1,validation
G0084,C08,N1,2,SPSA,512,0.6526692708333334,0.0706186069231877,2,18,36,random_regular,10083,0.2352941176470588,1,1,1,validation
G0084,C09,N1,3,COBYLA,256,0.6828125,0.1421579258010454,2,18,36,random_regular,10083,0.2352941176470588,0,1,1,validation
G0084,C10,N1,3,COBYLA,512,0.6923828125,0.1330428774498127,2,18,36,random_regular,10083,0.2352941176470588,0,1,1,validation
G0084,C11,N1,3,SPSA,256,0.7182291666666667,0.0423527499148192,2,18,36,random_regular,10083,0.2352941176470588,1,1,1,validation
G0084,C12,N1,3,SPSA,512,0.7227213541666666,0.0225574428894146,2,18,36,random_regular,10083,0.2352941176470588,1,1,1,validation
G0085,C01,N1,1,COBYLA,256,0.732421875,0.1014098452929368,2,18,36,random_regular,10084,0.2352941176470588,0,1,1,train
G0085,C02,N1,1,COBYLA,512,0.7294921875,0.0978585277534954,2,18,36,random_regular,10084,0.2352941176470588,0,1,1,train
G0085,C03,N1,1,SPSA,256,0.8048270089285714,0.0005918862565735,2,18,36,random_regular,10084,0.2352941176470588,1,1,1,train
G0085,C04,N1,1,SPSA,512,0.7998046875,0.0009864770942892,2,18,36,random_regular,10084,0.2352941176470588,1,1,1,train
G0085,C05,N1,2,COBYLA,256,0.7818080357142857,0.0145998609954811,2,18,36,random_regular,10084,0.2352941176470588,0,1,1,train
G0085,C06,N1,2,COBYLA,512,0.7802036830357143,0.0004932385471446,2,18,36,random_regular,10084,0.2352941176470588,0,1,1,train
G0085,C07,N1,2,SPSA,256,0.7329799107142857,0.0039459083771571,2,18,36,random_regular,10084,0.2352941176470588,1,1,1,train
G0085,C08,N1,2,SPSA,512,0.7490931919642857,0.0285091880249598,2,18,36,random_regular,10084,0.2352941176470588,1,1,1,train
G0085,C09,N1,3,COBYLA,256,0.8094308035714286,0.0126269068069026,2,18,36,random_regular,10084,0.2352941176470588,0,1,1,train
G0085,C10,N1,3,COBYLA,512,0.7940848214285714,0.0357104708132715,2,18,36,random_regular,10084,0.2352941176470588,0,1,1,train
G0085,C11,N1,3,SPSA,256,0.7498604910714286,0.0112458388748976,2,18,36,random_regular,10084,0.2352941176470588,1,1,1,train
G0085,C12,N1,3,SPSA,512,0.74853515625,0.0792141106714282,2,18,36,random_regular,10084,0.2352941176470588,1,1,1,train
G0086,C01,N1,1,COBYLA,256,0.742578125,0.0005524271728019,2,18,36,random_regular,10085,0.2352941176470588,0,1,1,train
G0086,C02,N1,1,COBYLA,512,0.676953125,0.0870993509117805,2,18,36,random_regular,10085,0.2352941176470588,0,1,1,train
G0086,C03,N1,1,SPSA,256,0.73984375,0.0103119738923038,2,18,36,random_regular,10085,0.2352941176470588,1,1,1,train
G0086,C04,N1,1,SPSA,512,0.7420572916666667,0.0093912619376337,2,18,36,random_regular,10085,0.2352941176470588,1,1,1,train
G0086,C05,N1,2,COBYLA,256,0.7104166666666667,0.0103119738923038,2,18,36,random_regular,10085,0.2352941176470588,0,1,1,train
G0086,C06,N1,2,COBYLA,512,0.7354817708333334,0.0083784787874968,2,18,36,random_regular,10085,0.2352941176470588,0,1,1,train
G0086,C07,N1,2,SPSA,256,0.6888020833333333,0.003314563036812,2,18,36,random_regular,10085,0.2352941176470588,1,1,1,train
G0086,C08,N1,2,SPSA,512,0.6427734375,0.054229934130062,2,18,36,random_regular,10085,0.2352941176470588,1,1,1,train
G0086,C09,N1,3,COBYLA,256,0.71015625,0.0928077650307343,2,18,36,random_regular,10085,0.2352941176470588,0,1,1,train
G0086,C10,N1,3,COBYLA,512,0.6927083333333333,0.1174828454158899,2,18,36,random_regular,10085,0.2352941176470588,0,1,1,train
G0086,C11,N1,3,SPSA,256,0.6567708333333333,0.0184142390933996,2,18,36,random_regular,10085,0.2352941176470588,1,1,1,train
G0086,C12,N1,3,SPSA,512,0.7087890625,0.0461276689289662,2,18,36,random_regular,10085,0.2352941176470588,1,1,1,train
G0087,C01,N1,1,COBYLA,256,0.6569010416666667,0.0812067944018926,2,18,36,random_regular,10086,0.2352941176470588,0,1,1,test
G0087,C02,N1,1,COBYLA,512,0.7436197916666667,0.0162045304021917,2,18,36,random_regular,10086,0.2352941176470588,0,1,1,test
G0087,C03,N1,1,SPSA,256,0.7494791666666667,0.0044194173824158,2,18,36,random_regular,10086,0.2352941176470588,1,1,1,test
G0087,C04,N1,1,SPSA,512,0.6759765625,0.1035800949003731,2,18,36,random_regular,10086,0.2352941176470588,1,1,1,test
G0087,C05,N1,2,COBYLA,256,0.7337239583333333,0.0097595467195018,2,18,36,random_regular,10086,0.2352941176470588,0,1,1,test
G0087,C06,N1,2,COBYLA,512,0.7363932291666666,0.0087467635693648,2,18,36,random_regular,10086,0.2352941176470588,0,1,1,test
G0087,C07,N1,2,SPSA,256,0.6897135416666667,0.0778922313650806,2,18,36,random_regular,10086,0.2352941176470588,1,1,1,test
G0087,C08,N1,2,SPSA,512,0.6508463541666667,0.052388510220722,2,18,36,random_regular,10086,0.2352941176470588,1,1,1,test
G0087,C09,N1,3,COBYLA,256,0.6846354166666666,0.116746275852154,2,18,36,random_regular,10086,0.2352941176470588,0,1,1,test
G0087,C10,N1,3,COBYLA,512,0.6799479166666667,0.1163779910702859,2,18,36,random_regular,10086,0.2352941176470588,0,1,1,test
G0087,C11,N1,3,SPSA,256,0.726171875,0.0219129445211456,2,18,36,random_regular,10086,0.2352941176470588,1,1,1,test
G0087,C12,N1,3,SPSA,512,0.6944010416666666,0.0130741097563137,2,18,36,random_regular,10086,0.2352941176470588,1,1,1,test
G0088,C01,N1,1,COBYLA,256,0.7335379464285714,0.061950761521366,2,18,36,random_regular,10087,0.2352941176470588,0,1,1,train
G0088,C02,N1,1,COBYLA,512,0.7919921875,0.0035513175394413,2,18,36,random_regular,10087,0.2352941176470588,0,1,1,train
G0088,C03,N1,1,SPSA,256,0.7579520089285714,0.0439968784053012,2,18,36,random_regular,10087,0.2352941176470588,1,1,1,train
G0088,C04,N1,1,SPSA,512,0.78564453125,0.010752600327753,2,18,36,random_regular,10087,0.2352941176470588,1,1,1,train
G0088,C05,N1,2,COBYLA,256,0.7359095982142858,0.0487319684578898,2,18,36,random_regular,10087,0.2352941176470588,0,1,1,train
G0088,C06,N1,2,COBYLA,512,0.7816685267857143,0.0126269068069025,2,18,36,random_regular,10087,0.2352941176470588,0,1,1,train
G0088,C07,N1,2,SPSA,256,0.7407924107142857,0.0485346730390319,2,18,36,random_regular,10087,0.2352941176470588,1,1,1,train
G0088,C08,N1,2,SPSA,512,0.7223772321428572,0.1154178200318444,2,18,36,random_regular,10087,0.2352941176470588,1,1,1,train
G0088,C09,N1,3,COBYLA,256,0.7230747767857143,0.1292284993518941,2,18,36,random_regular,10087,0.2352941176470588,0,1,1,train
G0088,C10,N1,3,COBYLA,512,0.7124720982142858,0.1128529795866922,2,18,36,random_regular,10087,0.2352941176470588,0,1,1,train
G0088,C11,N1,3,SPSA,256,0.7561383928571428,0.0260429952892366,2,18,36,random_regular,10087,0.2352941176470588,1,1,1,train
G0088,C12,N1,3,SPSA,512,0.74560546875,0.0545521833141965,2,18,36,random_regular,10087,0.2352941176470588,1,1,1,train
G0089,C01,N1,1,COBYLA,256,0.751953125,0.0064449836826898,2,18,36,random_regular,10088,0.2352941176470588,0,1,1,validation
G0089,C02,N1,1,COBYLA,512,0.6766927083333334,0.1033038813139722,2,18,36,random_regular,10088,0.2352941176470588,0,1,1,validation
G0089,C03,N1,1,SPSA,256,0.7505208333333333,0.0055242717280199,2,18,36,random_regular,10088,0.2352941176470588,1,1,1,validation
G0089,C04,N1,1,SPSA,512,0.7445963541666667,0.0058004853144209,2,18,36,random_regular,10088,0.2352941176470588,1,1,1,validation
G0089,C05,N1,2,COBYLA,256,0.6904947916666666,0.0767873770194766,2,18,36,random_regular,10088,0.2352941176470588,0,1,1,validation
G0089,C06,N1,2,COBYLA,512,0.7331380208333333,0.0181380255069986,2,18,36,random_regular,10088,0.2352941176470588,0,1,1,validation
G0089,C07,N1,2,SPSA,256,0.6979166666666667,0.0261482195126275,2,18,36,random_regular,10088,0.2352941176470588,1,1,1,validation
G0089,C08,N1,2,SPSA,512,0.7579427083333333,0.0336980575409213,2,18,36,random_regular,10088,0.2352941176470588,1,1,1,validation
G0089,C09,N1,3,COBYLA,256,0.7497395833333333,0.0331456303681194,2,18,36,random_regular,10088,0.2352941176470588,0,1,1,validation
G0089,C10,N1,3,COBYLA,512,0.7744791666666666,0.0281737858129015,2,18,36,random_regular,10088,0.2352941176470588,0,1,1,validation
G0089,C11,N1,3,SPSA,256,0.6772135416666667,0.0149155336656537,2,18,36,random_regular,10088,0.2352941176470588,1,1,1,validation
G0089,C12,N1,3,SPSA,512,0.69921875,0.0220970869120796,2,18,36,random_regular,10088,0.2352941176470588,1,1,1,validation
G0001,C01,N2,1,COBYLA,256,0.6244140625,0.0124296113880447,2,10,12,erdos_renyi,10000,0.2666666666666666,0,2,0,train
G0001,C02,N2,1,COBYLA,512,0.64013671875,0.0045575241756163,2,10,12,erdos_renyi,10000,0.2666666666666666,0,2,0,train
G0001,C03,N2,1,SPSA,256,0.6265624999999999,0.0071815532464258,2,10,12,erdos_renyi,10000,0.2666666666666666,1,2,0,train
G0001,C04,N2,1,SPSA,512,0.64296875,0.0013810679320049,2,10,12,erdos_renyi,10000,0.2666666666666666,1,2,0,train
G0001,C05,N2,2,COBYLA,256,0.6580078125,0.0124296113880447,2,10,12,erdos_renyi,10000,0.2666666666666666,0,2,0,train
G0001,C06,N2,2,COBYLA,512,0.630078125,0.0008286407592028,2,10,12,erdos_renyi,10000,0.2666666666666666,0,2,0,train
G0001,C07,N2,2,SPSA,256,0.67109375,0.0430893194785552,2,10,12,erdos_renyi,10000,0.2666666666666666,1,2,0,train
G0001,C08,N2,2,SPSA,512,0.6507812500000001,0.0154679608384557,2,10,12,erdos_renyi,10000,0.2666666666666666,1,2,0,train
G0001,C09,N2,3,COBYLA,256,0.648828125,0.0165728151840597,2,10,12,erdos_renyi,10000,0.2666666666666666,0,2,0,train
G0001,C10,N2,3,COBYLA,512,0.6384765625,0.0024859222776089,2,10,12,erdos_renyi,10000,0.2666666666666666,0,2,0,train
G0001,C11,N2,3,SPSA,256,0.6875,0.0381174749233373,2,10,12,erdos_renyi,10000,0.2666666666666666,1,2,0,train
G0001,C12,N2,3,SPSA,512,0.68125,0.0475087368609711,2,10,12,erdos_renyi,10000,0.2666666666666666,1,2,0,train
G0002,C01,N2,1,COBYLA,256,0.6095377604166667,0.0098976535127023,2,10,14,erdos_renyi,10001,0.3111111111111111,0,2,0,train
G0002,C02,N2,1,COBYLA,512,0.6265462239583333,0.0026470468696761,2,10,14,erdos_renyi,10001,0.3111111111111111,0,2,0,train
G0002,C03,N2,1,SPSA,256,0.6279296875,0.0013810679320049,2,10,14,erdos_renyi,10001,0.3111111111111111,1,2,0,train
G0002,C04,N2,1,SPSA,512,0.6388346354166667,0.000460355977335,2,10,14,erdos_renyi,10001,0.3111111111111111,1,2,0,train
G0002,C05,N2,2,COBYLA,256,0.62890625,0.0124296113880447,2,10,14,erdos_renyi,10001,0.3111111111111111,0,2,0,train
G0002,C06,N2,2,COBYLA,512,0.6279296875,0.0075958736260273,2,10,14,erdos_renyi,10001,0.3111111111111111,0,2,0,train
G0002,C07,N2,2,SPSA,256,0.63720703125,0.0131201453540472,2,10,14,erdos_renyi,10001,0.3111111111111111,1,2,0,train
G0002,C08,N2,2,SPSA,512,0.6353352864583334,0.0065600726770236,2,10,14,erdos_renyi,10001,0.3111111111111111,1,2,0,train
G0002,C09,N2,3,COBYLA,256,0.6256510416666666,0.0096674755240348,2,10,14,erdos_renyi,10001,0.3111111111111111,0,2,0,train
G0002,C10,N2,3,COBYLA,512,0.630859375,0.0101278315013698,2,10,14,erdos_renyi,10001,0.3111111111111111,0,2,0,train
G0002,C11,N2,3,SPSA,256,0.63720703125,0.0048337377620174,2,10,14,erdos_renyi,10001,0.3111111111111111,1,2,0,train
G0002,C12,N2,3,SPSA,512,0.6344401041666667,0.0211763749574096,2,10,14,erdos_renyi,10001,0.3111111111111111,1,2,0,train
G0003,C01,N2,1,COBYLA,256,0.6344401041666666,0.0124296113880447,2,10,15,erdos_renyi,10002,0.3333333333333333,0,2,0,validation
G0003,C02,N2,1,COBYLA,512,0.699462890625,0.0060997166996885,2,10,15,erdos_renyi,10002,0.3333333333333333,0,2,0,validation
G0003,C03,N2,1,SPSA,256,0.6775716145833333,0.028772248583437,2,10,15,erdos_renyi,10002,0.3333333333333333,1,2,0,validation
G0003,C04,N2,1,SPSA,512,0.697021484375,0.0028772248583437,2,10,15,erdos_renyi,10002,0.3333333333333333,1,2,0,validation
G0003,C05,N2,2,COBYLA,256,0.6653645833333333,0.0101278315013698,2,10,15,erdos_renyi,10002,0.3333333333333333,0,2,0,validation
G0003,C06,N2,2,COBYLA,512,0.6548665364583334,0.008631674575031,2,10,15,erdos_renyi,10002,0.3333333333333333,0,2,0,validation
G0003,C07,N2,2,SPSA,256,0.6643880208333334,0.0414320379601492,2,10,15,erdos_renyi,10002,0.3333333333333333,1,2,0,validation
G0003,C08,N2,2,SPSA,512,0.649169921875,0.0403962370111455,2,10,15,erdos_renyi,10002,0.3333333333333333,1,2,0,validation
G0003,C09,N2,3,COBYLA,256,0.6466471354166667,0.0306136724927769,2,10,15,erdos_renyi,10002,0.3333333333333333,0,2,0,validation
G0003,C10,N2,3,COBYLA,512,0.6512044270833333,0.026470468696762,2,10,15,erdos_renyi,10002,0.3333333333333333,0,2,0,validation
G0003,C11,N2,3,SPSA,256,0.6809895833333333,0.0115088994333748,2,10,15,erdos_renyi,10002,0.3333333333333333,1,2,0,validation
G0003,C12,N2,3,SPSA,512,0.684814453125,0.0037979368130136,2,10,15,erdos_renyi,10002,0.3333333333333333,1,2,0,validation
G0004,C01,N2,1,COBYLA,256,0.6378348214285714,0.0615561706836503,2,10,16,erdos_renyi,10003,0.3555555555555555,0,2,0,train
G0004,C02,N2,1,COBYLA,512,0.5788225446428571,0.0165728151840597,2,10,16,erdos_renyi,10003,0.3555555555555555,0,2,0,train
G0004,C03,N2,1,SPSA,256,0.5728236607142858,0.016178224346344,2,10,16,erdos_renyi,10003,0.3555555555555555,1,2,0,train
G0004,C04,N2,1,SPSA,512,0.5721958705357143,0.0077931690448851,2,10,16,erdos_renyi,10003,0.3555555555555555,1,2,0,train
G0004,C05,N2,2,COBYLA,256,0.5802176339285714,0.017559292278349,2,10,16,erdos_renyi,10003,0.3555555555555555,0,2,0,train
G0004,C06,N2,2,COBYLA,512,0.5900530133928572,0.0085823507203166,2,10,16,erdos_renyi,10003,0.3555555555555555,0,2,0,train
G0004,C07,N2,2,SPSA,256,0.5857979910714286,0.0100620663617505,2,10,16,erdos_renyi,10003,0.3555555555555555,1,2,0,train
G0004,C08,N2,2,SPSA,512,0.5885881696428572,0.0007891816754314,2,10,16,erdos_renyi,10003,0.3555555555555555,1,2,0,train
G0004,C09,N2,3,COBYLA,256,0.5804966517857143,0.0041432037960149,2,10,16,erdos_renyi,10003,0.3555555555555555,0,2,0,train
G0004,C10,N2,3,COBYLA,512,0.5849609375,0.0009864770942892,2,10,16,erdos_renyi,10003,0.3555555555555555,0,2,0,train
G0004,C11,N2,3,SPSA,256,0.5784040178571428,0.0149944518331968,2,10,16,erdos_renyi,10003,0.3555555555555555,1,2,0,train
G0004,C12,N2,3,SPSA,512,0.5816127232142857,0.0035513175394413,2,10,16,erdos_renyi,10003,0.3555555555555555,1,2,0,train
G0005,C01,N2,1,COBYLA,256,0.6544921875,0.0229257276712825,2,10,12,erdos_renyi,10004,0.2666666666666666,0,2,0,train
G0005,C02,N2,1,COBYLA,512,0.6255859375,0.0027621358640099,2,10,12,erdos_renyi,10004,0.2666666666666666,0,2,0,train
G0005,C03,N2,1,SPSA,256,0.6714843749999999,0.0149155336656537,2,10,12,erdos_renyi,10004,0.2666666666666666,1,2,0,train
G0005,C04,N2,1,SPSA,512,0.67265625,0.0243067956032874,2,10,12,erdos_renyi,10004,0.2666666666666666,1,2,0,train
G0005,C05,N2,2,COBYLA,256,0.6482421875,0.0207160189800746,2,10,12,erdos_renyi,10004,0.2666666666666666,0,2,0,train
G0005,C06,N2,2,COBYLA,512,0.673828125,0.052204367829788,2,10,12,erdos_renyi,10004,0.2666666666666666,0,2,0,train
G0005,C07,N2,2,SPSA,256,0.6505859375,0.0411558243737483,2,10,12,erdos_renyi,10004,0.2666666666666666,1,2,0,train
G0005,C08,N2,2,SPSA,512,0.676171875,0.056071358039402,2,10,12,erdos_renyi,10004,0.2666666666666666,1,2,0,train
G0005,C09,N2,3,COBYLA,256,0.63828125,0.0143631064928517,2,10,12,erdos_renyi,10004,0.2666666666666666,0,2,0,train
G0005,C10,N2,3,COBYLA,512,0.6288085937500001,0.0156060676316562,2,10,12,erdos_renyi,10004,0.2666666666666666,0,2,0,train
G0005,C11,N2,3,SPSA,256,0.721875,0.003314563036812,2,10,12,erdos_renyi,10004,0.2666666666666666,1,2,0,train
G0005,C12,N2,3,SPSA,512,0.7359374999999999,0.0107723298696388,2,10,12,erdos_renyi,10004,0.2666666666666666,1,2,0,train
G0006,C01,N2,1,COBYLA,256,0.6017252604166666,0.0145012132860522,2,10,14,erdos_renyi,10005,0.3111111111111111,0,2,0,train
G0006,C02,N2,1,COBYLA,512,0.6094563802083334,0.0065600726770236,2,10,14,erdos_renyi,10005,0.3111111111111111,0,2,0,train
G0006,C03,N2,1,SPSA,256,0.61767578125,0.0002301779886674,2,10,14,erdos_renyi,10005,0.3111111111111111,1,2,0,train
G0006,C04,N2,1,SPSA,512,0.619873046875,0.0017263349150062,2,10,14,erdos_renyi,10005,0.3111111111111111,1,2,0,train
G0006,C05,N2,2,COBYLA,256,0.6263020833333333,0.0202556630027396,2,10,14,erdos_renyi,10005,0.3111111111111111,0,2,0,train
G0006,C06,N2,2,COBYLA,512,0.62841796875,0.0105881874787047,2,10,14,erdos_renyi,10005,0.3111111111111111,0,2,0,train
G0006,C07,N2,2,SPSA,256,0.6298828125,0.0027621358640099,2,10,14,erdos_renyi,10005,0.3111111111111111,1,2,0,train
G0006,C08,N2,2,SPSA,512,0.6327311197916667,0.0074807846316936,2,10,14,erdos_renyi,10005,0.3111111111111111,1,2,0,train
G0006,C09,N2,3,COBYLA,256,0.5875651041666667,0.0119692554107098,2,10,14,erdos_renyi,10005,0.3111111111111111,0,2,0,train
G0006,C10,N2,3,COBYLA,512,0.6197916666666666,0.0151917472520547,2,10,14,erdos_renyi,10005,0.3111111111111111,0,2,0,train
G0006,C11,N2,3,SPSA,256,0.6209309895833334,0.0048337377620174,2,10,14,erdos_renyi,10005,0.3111111111111111,1,2,0,train
G0006,C12,N2,3,SPSA,512,0.6139322916666667,0.0009207119546699,2,10,14,erdos_renyi,10005,0.3111111111111111,1,2,0,train
G0007,C01,N2,1,COBYLA,256,0.6284555288461539,0.0146605672782067,2,10,16,erdos_renyi,10006,0.3555555555555555,0,2,0,train
G0007,C02,N2,1,COBYLA,512,0.6376953125,0.0171039951579077,2,10,16,erdos_renyi,10006,0.3555555555555555,0,2,0,train
G0007,C03,N2,1,SPSA,256,0.6296574519230769,0.001912247905853,2,10,16,erdos_renyi,10006,0.3555555555555555,1,2,0,train
G0007,C04,N2,1,SPSA,512,0.6213942307692308,0.0014873039267744,2,10,16,erdos_renyi,10006,0.3555555555555555,1,2,0,train
G0007,C05,N2,2,COBYLA,256,0.630859375,0.0087113515711082,2,10,16,erdos_renyi,10006,0.3555555555555555,0,2,0,train
G0007,C06,N2,2,COBYLA,512,0.6348407451923077,0.0113672514403486,2,10,16,erdos_renyi,10006,0.3555555555555555,0,2,0,train
G0007,C07,N2,2,SPSA,256,0.6570012019230769,0.0660787887466995,2,10,16,erdos_renyi,10006,0.3555555555555555,1,2,0,train
G0007,C08,N2,2,SPSA,512,0.6336388221153846,0.0268777066767122,2,10,16,erdos_renyi,10006,0.3555555555555555,1,2,0,train
G0007,C09,N2,3,COBYLA,256,0.6131310096153846,0.0146605672782066,2,10,16,erdos_renyi,10006,0.3555555555555555,0,2,0,train
G0007,C10,N2,3,COBYLA,512,0.6425030048076923,0.0188037710742216,2,10,16,erdos_renyi,10006,0.3555555555555555,0,2,0,train
G0007,C11,N2,3,SPSA,256,0.6231971153846154,0.008498879581569,2,10,16,erdos_renyi,10006,0.3555555555555555,1,2,0,train
G0007,C12,N2,3,SPSA,512,0.6254507211538461,0.015935399215442,2,10,16,erdos_renyi,10006,0.3555555555555555,1,2,0,train
G0008,C01,N2,1,COBYLA,256,0.64990234375,0.0016112459206724,2,10,15,erdos_renyi,10007,0.3333333333333333,0,2,0,train
G0008,C02,N2,1,COBYLA,512,0.65478515625,0.0092071195466997,2,10,15,erdos_renyi,10007,0.3333333333333333,0,2,0,train
G0008,C03,N2,1,SPSA,256,0.6389973958333333,0.0032224918413449,2,10,15,erdos_renyi,10007,0.3333333333333333,1,2,0,train
G0008,C04,N2,1,SPSA,512,0.6737467447916666,0.0224423538950808,2,10,15,erdos_renyi,10007,0.3333333333333333,1,2,0,train
G0008,C05,N2,2,COBYLA,256,0.6363932291666666,0.0013810679320049,2,10,15,erdos_renyi,10007,0.3333333333333333,0,2,0,train
G0008,C06,N2,2,COBYLA,512,0.6466471354166666,0.0207160189800746,2,10,15,erdos_renyi,10007,0.3333333333333333,0,2,0,train
G0008,C07,N2,2,SPSA,256,0.6756184895833334,0.0338361643341219,2,10,15,erdos_renyi,10007,0.3333333333333333,1,2,0,train
G0008,C08,N2,2,SPSA,512,0.6761881510416667,0.0378642791358031,2,10,15,erdos_renyi,10007,0.3333333333333333,1,2,0,train
G0008,C09,N2,3,COBYLA,256,0.6409505208333334,0.0138106793200497,2,10,15,erdos_renyi,10007,0.3333333333333333,0,2,0,train
G0008,C10,N2,3,COBYLA,512,0.6412760416666666,0.0082864075920298,2,10,15,erdos_renyi,10007,0.3333333333333333,0,2,0,train
G0008,C11,N2,3,SPSA,256,0.6487630208333333,0.00368284781868,2,10,15,erdos_renyi,10007,0.3333333333333333,1,2,0,train
G0008,C12,N2,3,SPSA,512,0.65625,0.0,2,10,15,erdos_renyi,10007,0.3333333333333333,1,2,0,train
G0009,C01,N2,1,COBYLA,256,0.5859375,0.0217288021302116,2,10,17,erdos_renyi,10008,0.3777777777777777,0,2,0,train
G0009,C02,N2,1,COBYLA,512,0.6231770833333334,0.0843372150477705,2,10,17,erdos_renyi,10008,0.3777777777777777,0,2,0,train
G0009,C03,N2,1,SPSA,256,0.5861979166666667,0.0007365695637359,2,10,17,erdos_renyi,10008,0.3777777777777777,1,2,0,train
G0009,C04,N2,1,SPSA,512,0.5854166666666667,0.0007365695637359,2,10,17,erdos_renyi,10008,0.3777777777777777,1,2,0,train
G0009,C05,N2,2,COBYLA,256,0.576953125,0.000552427172802,2,10,17,erdos_renyi,10008,0.3777777777777777,0,2,0,train
G0009,C06,N2,2,COBYLA,512,0.5837239583333333,0.0014731391274719,2,10,17,erdos_renyi,10008,0.3777777777777777,0,2,0,train
G0009,C07,N2,2,SPSA,256,0.591015625,0.0090229771557658,2,10,17,erdos_renyi,10008,0.3777777777777777,1,2,0,train
G0009,C08,N2,2,SPSA,512,0.5928385416666666,0.0077339804192278,2,10,17,erdos_renyi,10008,0.3777777777777777,1,2,0,train
G0009,C09,N2,3,COBYLA,256,0.5795572916666667,0.00092071195467,2,10,17,erdos_renyi,10008,0.3777777777777777,0,2,0,train
G0009,C10,N2,3,COBYLA,512,0.5783854166666667,0.0009207119546699,2,10,17,erdos_renyi,10008,0.3777777777777777,0,2,0,train
G0009,C11,N2,3,SPSA,256,0.5701822916666667,0.0149155336656536,2,10,17,erdos_renyi,10008,0.3777777777777777,1,2,0,train
G0009,C12,N2,3,SPSA,512,0.5682942708333334,0.0104040450877708,2,10,17,erdos_renyi,10008,0.3777777777777777,1,2,0,train
G0010,C01,N2,1,COBYLA,256,0.5881696428571428,0.0852316209465928,2,10,15,erdos_renyi,10009,0.3333333333333333,0,2,0,test
G0010,C02,N2,1,COBYLA,512,0.6028180803571428,0.0680669195059595,2,10,15,erdos_renyi,10009,0.3333333333333333,0,2,0,test
G0010,C03,N2,1,SPSA,256,0.5955636160714286,0.0495211501333212,2,10,15,erdos_renyi,10009,0.3333333333333333,1,2,0,test
G0010,C04,N2,1,SPSA,512,0.5848214285714286,0.0165728151840597,2,10,15,erdos_renyi,10009,0.3333333333333333,1,2,0,test
G0010,C05,N2,2,COBYLA,256,0.5712890625,0.009272884686319,2,10,15,erdos_renyi,10009,0.3333333333333333,0,2,0,test
G0010,C06,N2,2,COBYLA,512,0.5765904017857143,0.0,2,10,15,erdos_renyi,10009,0.3333333333333333,0,2,0,test
G0010,C07,N2,2,SPSA,256,0.5969587053571428,0.0001972954188579,2,10,15,erdos_renyi,10009,0.3333333333333333,1,2,0,test
G0010,C08,N2,2,SPSA,512,0.5717075892857142,0.0072999304977405,2,10,15,erdos_renyi,10009,0.3333333333333333,1,2,0,test
G0010,C09,N2,3,COBYLA,256,0.5496651785714286,0.0173619968594911,2,10,15,erdos_renyi,10009,0.3333333333333333,0,2,0,test
G0010,C10,N2,3,COBYLA,512,0.5570591517857143,0.0157836335086283,2,10,15,erdos_renyi,10009,0.3333333333333333,0,2,0,test
G0010,C11,N2,3,SPSA,256,0.59375,0.0576102623064932,2,10,15,erdos_renyi,10009,0.3333333333333333,1,2,0,test
G0010,C12,N2,3,SPSA,512,0.6128627232142857,0.0743803729094108,2,10,15,erdos_renyi,10009,0.3333333333333333,1,2,0,test
G0011,C01,N2,1,COBYLA,256,0.64130859375,0.0015191747252053,2,12,25,erdos_renyi,10010,0.3787878787878788,0,2,0,train
G0011,C02,N2,1,COBYLA,512,0.63544921875,0.0102199026968369,2,12,25,erdos_renyi,10010,0.3787878787878788,0,2,0,train
G0011,C03,N2,1,SPSA,256,0.6292968750000001,0.0016572815184059,2,12,25,erdos_renyi,10010,0.3787878787878788,1,2,0,train
G0011,C04,N2,1,SPSA,512,0.631689453125,0.0017263349150062,2,12,25,erdos_renyi,10010,0.3787878787878788,1,2,0,train
G0011,C05,N2,2,COBYLA,256,0.61943359375,0.0084245143852303,2,12,25,erdos_renyi,10010,0.3787878787878788,0,2,0,train
G0011,C06,N2,2,COBYLA,512,0.6653808593749999,0.0477158970507718,2,12,25,erdos_renyi,10010,0.3787878787878788,0,2,0,train
G0011,C07,N2,2,SPSA,256,0.6423828125,0.0201635918072725,2,12,25,erdos_renyi,10010,0.3787878787878788,1,2,0,train
G0011,C08,N2,2,SPSA,512,0.649169921875,0.0043503639858156,2,12,25,erdos_renyi,10010,0.3787878787878788,1,2,0,train
G0011,C09,N2,3,COBYLA,256,0.63603515625,0.0051099513484183,2,12,25,erdos_renyi,10010,0.3787878787878788,0,2,0,train
G0011,C10,N2,3,COBYLA,512,0.6412109375,0.0027621358640099,2,12,25,erdos_renyi,10010,0.3787878787878788,0,2,0,train
G0011,C11,N2,3,SPSA,256,0.64130859375,0.0006905339660024,2,12,25,erdos_renyi,10010,0.3787878787878788,1,2,0,train
G0011,C12,N2,3,SPSA,512,0.6573242187499999,0.0204398053936736,2,12,25,erdos_renyi,10010,0.3787878787878788,1,2,0,train
G0012,C01,N2,1,COBYLA,256,0.6162109375,0.003836299811125,2,12,22,erdos_renyi,10011,0.3333333333333333,0,2,0,train
G0012,C02,N2,1,COBYLA,512,0.6195746527777778,0.0039897518035699,2,12,22,erdos_renyi,10011,0.3333333333333333,0,2,0,train
G0012,C03,N2,1,SPSA,256,0.6127387152777778,0.0019948759017849,2,12,22,erdos_renyi,10011,0.3333333333333333,1,2,0,train
G0012,C04,N2,1,SPSA,512,0.609375,0.0065984356751349,2,12,22,erdos_renyi,10011,0.3333333333333333,1,2,0,train
G0012,C05,N2,2,COBYLA,256,0.6197916666666667,0.0058311757129098,2,12,22,erdos_renyi,10011,0.3333333333333333,0,2,0,train
G0012,C06,N2,2,COBYLA,512,0.6560329861111112,0.0606135370157739,2,12,22,erdos_renyi,10011,0.3333333333333333,0,2,0,train
G0012,C07,N2,2,SPSA,256,0.6341145833333333,0.0141175833049397,2,12,22,erdos_renyi,10011,0.3333333333333333,1,2,0,train
G0012,C08,N2,2,SPSA,512,0.6605902777777778,0.0515598694615191,2,12,22,erdos_renyi,10011,0.3333333333333333,1,2,0,train
G0012,C09,N2,3,COBYLA,256,0.6187065972222223,0.0058311757129098,2,12,22,erdos_renyi,10011,0.3333333333333333,0,2,0,train
G0012,C10,N2,3,COBYLA,512,0.6304253472222222,0.0158055552218347,2,12,22,erdos_renyi,10011,0.3333333333333333,0,2,0,train
G0012,C11,N2,3,SPSA,256,0.6185980902777778,0.0029155878564549,2,12,22,erdos_renyi,10011,0.3333333333333333,1,2,0,train
G0012,C12,N2,3,SPSA,512,0.6226128472222222,0.0055242717280199,2,12,22,erdos_renyi,10011,0.3333333333333333,1,2,0,train
G0013,C01,N2,1,COBYLA,256,0.6313244047619048,0.0031567267017257,2,12,26,erdos_renyi,10012,0.3939393939393939,0,2,0,train
G0013,C02,N2,1,COBYLA,512,0.6289527529761905,0.0197953070254047,2,12,26,erdos_renyi,10012,0.3939393939393939,0,2,0,train
G0013,C03,N2,1,SPSA,256,0.6382068452380952,0.0086809984297456,2,12,26,erdos_renyi,10012,0.3939393939393939,1,2,0,train
G0013,C04,N2,1,SPSA,512,0.6450892857142857,0.0082864075920298,2,12,26,erdos_renyi,10012,0.3939393939393939,1,2,0,train
G0013,C05,N2,2,COBYLA,256,0.6146763392857143,0.0101278315013698,2,12,26,erdos_renyi,10012,0.3939393939393939,0,2,0,train
G0013,C06,N2,2,COBYLA,512,0.6329985119047619,0.0040774386563956,2,12,26,erdos_renyi,10012,0.3939393939393939,0,2,0,train
G0013,C07,N2,2,SPSA,256,0.6275111607142857,0.0056558020072584,2,12,26,erdos_renyi,10012,0.3939393939393939,1,2,0,train
G0013,C08,N2,2,SPSA,512,0.6408110119047619,0.0023675450262942,2,12,26,erdos_renyi,10012,0.3939393939393939,1,2,0,train
G0013,C09,N2,3,COBYLA,256,0.6207217261904763,0.00368284781868,2,12,26,erdos_renyi,10012,0.3939393939393939,0,2,0,train
G0013,C10,N2,3,COBYLA,512,0.6273251488095237,0.0038143780979185,2,12,26,erdos_renyi,10012,0.3939393939393939,0,2,0,train
G0013,C11,N2,3,SPSA,256,0.6301153273809523,0.0027621358640099,2,12,26,erdos_renyi,10012,0.3939393939393939,1,2,0,train
G0013,C12,N2,3,SPSA,512,0.6309058779761905,0.006247688263832,2,12,26,erdos_renyi,10012,0.3939393939393939,1,2,0,train
G0014,C01,N2,1,COBYLA,256,0.5740131578947368,0.0034890137229598,2,12,22,erdos_renyi,10013,0.3333333333333333,0,2,0,train
G0014,C02,N2,1,COBYLA,512,0.578638980263158,0.0056696472998099,2,12,22,erdos_renyi,10013,0.3333333333333333,0,2,0,train
G0014,C03,N2,1,SPSA,256,0.5840871710526316,0.0043612671536999,2,12,22,erdos_renyi,10013,0.3333333333333333,1,2,0,train
G0014,C04,N2,1,SPSA,512,0.5832134046052632,0.000654190073055,2,12,22,erdos_renyi,10013,0.3333333333333333,1,2,0,train
G0014,C05,N2,2,COBYLA,256,0.5750411184210527,0.0107577923124598,2,12,22,erdos_renyi,10013,0.3333333333333333,0,2,0,train
G0014,C06,N2,2,COBYLA,512,0.5808490953947368,0.0079229686625548,2,12,22,erdos_renyi,10013,0.3333333333333333,0,2,0,train
G0014,C07,N2,2,SPSA,256,0.582236842105263,0.0029075114357999,2,12,22,erdos_renyi,10013,0.3333333333333333,1,2,0,train
G0014,C08,N2,2,SPSA,512,0.5843955592105263,0.00087225343074,2,12,22,erdos_renyi,10013,0.3333333333333333,1,2,0,train
G0014,C09,N2,3,COBYLA,256,0.5798725328947368,0.0079956564484498,2,12,22,erdos_renyi,10013,0.3333333333333333,0,2,0,train
G0014,C10,N2,3,COBYLA,512,0.574938322368421,0.00377976486654,2,12,22,erdos_renyi,10013,0.3333333333333333,0,2,0,train
G0014,C11,N2,3,SPSA,256,0.5907689144736843,0.0050881450126499,2,12,22,erdos_renyi,10013,0.3333333333333333,1,2,0,train
G0014,C12,N2,3,SPSA,512,0.5780222039473684,0.0045066427254899,2,12,22,erdos_renyi,10013,0.3333333333333333,1,2,0,train
G0015,C01,N2,1,COBYLA,256,0.6424753289473684,0.0127930503175197,2,12,23,erdos_renyi,10014,0.3484848484848485,0,2,0,train
G0015,C02,N2,1,COBYLA,512,0.6299856085526316,0.0310376845771643,2,12,23,erdos_renyi,10014,0.3484848484848485,0,2,0,train
G0015,C03,N2,1,SPSA,256,0.614514802631579,0.0194803266198596,2,12,23,erdos_renyi,10014,0.3484848484848485,1,2,0,train
G0015,C04,N2,1,SPSA,512,0.600071957236842,0.000218063357685,2,12,23,erdos_renyi,10014,0.3484848484848485,1,2,0,train
G0015,C05,N2,2,COBYLA,256,0.6282894736842106,0.0075595297330798,2,12,23,erdos_renyi,10014,0.3484848484848485,0,2,0,train
G0015,C06,N2,2,COBYLA,512,0.6336348684210527,0.0056696472998099,2,12,23,erdos_renyi,10014,0.3484848484848485,0,2,0,train
G0015,C07,N2,2,SPSA,256,0.6416529605263157,0.0023260091486399,2,12,23,erdos_renyi,10014,0.3484848484848485,1,2,0,train
G0015,C08,N2,2,SPSA,512,0.638209292763158,0.0106851045265648,2,12,23,erdos_renyi,10014,0.3484848484848485,1,2,0,train
G0015,C09,N2,3,COBYLA,256,0.6241776315789473,0.0122115480303598,2,12,23,erdos_renyi,10014,0.3484848484848485,0,2,0,train
G0015,C10,N2,3,COBYLA,512,0.6217105263157894,0.0172996930430097,2,12,23,erdos_renyi,10014,0.3484848484848485,0,2,0,train
G0015,C11,N2,3,SPSA,256,0.6352796052631579,0.0049427694408598,2,12,23,erdos_renyi,10014,0.3484848484848485,1,2,0,train
G0015,C12,N2,3,SPSA,512,0.6227384868421053,0.0056696472998099,2,12,23,erdos_renyi,10014,0.3484848484848485,1,2,0,train
G0016,C01,N2,1,COBYLA,256,0.60283203125,0.0142249996996512,2,12,24,erdos_renyi,10015,0.3636363636363636,0,2,0,validation
G0016,C02,N2,1,COBYLA,512,0.6087890625000001,0.0078720872124283,2,12,24,erdos_renyi,10015,0.3636363636363636,0,2,0,validation
G0016,C03,N2,1,SPSA,256,0.6171875,0.0035907766232129,2,12,24,erdos_renyi,10015,0.3636363636363636,1,2,0,validation
G0016,C04,N2,1,SPSA,512,0.607958984375,0.0010358009490037,2,12,24,erdos_renyi,10015,0.3636363636363636,1,2,0,validation
G0016,C05,N2,2,COBYLA,256,0.63408203125,0.0520662610365875,2,12,24,erdos_renyi,10015,0.3636363636363636,0,2,0,validation
G0016,C06,N2,2,COBYLA,512,0.597412109375,0.0043503639858156,2,12,24,erdos_renyi,10015,0.3636363636363636,0,2,0,validation
G0016,C07,N2,2,SPSA,256,0.6092773437500001,0.0023478154844084,2,12,24,erdos_renyi,10015,0.3636363636363636,1,2,0,validation
G0016,C08,N2,2,SPSA,512,0.614501953125,0.0022787620878081,2,12,24,erdos_renyi,10015,0.3636363636363636,1,2,0,validation
G0016,C09,N2,3,COBYLA,256,0.61220703125,0.0081483007988293,2,12,24,erdos_renyi,10015,0.3636363636363636,0,2,0,validation
G0016,C10,N2,3,COBYLA,512,0.610693359375,0.0029692960538106,2,12,24,erdos_renyi,10015,0.3636363636363636,0,2,0,validation
G0016,C11,N2,3,SPSA,256,0.610546875,0.0019334951048069,2,12,24,erdos_renyi,10015,0.3636363636363636,1,2,0,validation
G0016,C12,N2,3,SPSA,512,0.608447265625,0.009460315334234,2,12,24,erdos_renyi,10015,0.3636363636363636,1,2,0,validation
G0017,C01,N2,1,COBYLA,256,0.635279605263158,0.0029075114357999,2,12,24,erdos_renyi,10016,0.3636363636363636,0,2,0,train
G0017,C02,N2,1,COBYLA,512,0.6301912006578947,0.0045793305113849,2,12,24,erdos_renyi,10016,0.3636363636363636,0,2,0,train
G0017,C03,N2,1,SPSA,256,0.6373355263157895,0.00116300457432,2,12,24,erdos_renyi,10016,0.3636363636363636,1,2,0,train
G0017,C04,N2,1,SPSA,512,0.630396792763158,0.000508814501265,2,12,24,erdos_renyi,10016,0.3636363636363636,1,2,0,train
G0017,C05,N2,2,COBYLA,256,0.6343544407894737,0.0065419007305498,2,12,24,erdos_renyi,10016,0.3636363636363636,0,2,0,train
G0017,C06,N2,2,COBYLA,512,0.6377467105263157,0.0004361267153699,2,12,24,erdos_renyi,10016,0.3636363636363636,0,2,0,train
G0017,C07,N2,2,SPSA,256,0.6330180921052632,0.0113392945996198,2,12,24,erdos_renyi,10016,0.3636363636363636,1,2,0,train
G0017,C08,N2,2,SPSA,512,0.6375925164473684,0.002107945790955,2,12,24,erdos_renyi,10016,0.3636363636363636,1,2,0,train
G0017,C09,N2,3,COBYLA,256,0.6481291118421053,0.0030528870075899,2,12,24,erdos_renyi,10016,0.3636363636363636,0,2,0,train
G0017,C10,N2,3,COBYLA,512,0.6396484375,0.0029801992216949,2,12,24,erdos_renyi,10016,0.3636363636363636,0,2,0,train
G0017,C11,N2,3,SPSA,256,0.6465871710526316,0.0104670411688799,2,12,24,erdos_renyi,10016,0.3636363636363636,1,2,0,train
G0017,C12,N2,3,SPSA,512,0.6443256578947368,0.0045066427254899,2,12,24,erdos_renyi,10016,0.3636363636363636,1,2,0,train
G0018,C01,N2,1,COBYLA,256,0.607077205882353,0.0344454590100064,2,12,20,erdos_renyi,10017,0.303030303030303,0,2,0,train
G0018,C02,N2,1,COBYLA,512,0.6627412683823529,0.0567862637924398,2,12,20,erdos_renyi,10017,0.303030303030303,0,2,0,train
G0018,C03,N2,1,SPSA,256,0.6045496323529411,0.0292461444424583,2,12,20,erdos_renyi,10017,0.303030303030303,1,2,0,train
G0018,C04,N2,1,SPSA,512,0.6040326286764706,0.0262402907080945,2,12,20,erdos_renyi,10017,0.303030303030303,1,2,0,train
G0018,C05,N2,2,COBYLA,256,0.6228170955882353,0.0017872643825946,2,12,20,erdos_renyi,10017,0.303030303030303,0,2,0,train
G0018,C06,N2,2,COBYLA,512,0.6096622242647058,0.0226657619429052,2,12,20,erdos_renyi,10017,0.303030303030303,0,2,0,train
G0018,C07,N2,2,SPSA,256,0.6244255514705883,0.0008123929011794,2,12,20,erdos_renyi,10017,0.303030303030303,1,2,0,train
G0018,C08,N2,2,SPSA,512,0.6111557904411764,0.0186037974370082,2,12,20,erdos_renyi,10017,0.303030303030303,1,2,0,train
G0018,C09,N2,3,COBYLA,256,0.6338465073529411,0.0417569951206209,2,12,20,erdos_renyi,10017,0.303030303030303,0,2,0,train
G0018,C10,N2,3,COBYLA,512,0.6434972426470589,0.048581095490528,2,12,20,erdos_renyi,10017,0.303030303030303,0,2,0,train
G0018,C11,N2,3,SPSA,256,0.6253446691176471,0.0365576805530729,2,12,20,erdos_renyi,10017,0.303030303030303,1,2,0,train
G0018,C12,N2,3,SPSA,512,0.6339613970588236,0.0347704161704782,2,12,20,erdos_renyi,10017,0.303030303030303,1,2,0,train
G0019,C01,N2,1,COBYLA,256,0.6470703124999999,0.0411558243737483,2,12,25,erdos_renyi,10018,0.3787878787878788,0,2,0,train
G0019,C02,N2,1,COBYLA,512,0.6556152343749999,0.0484064310167744,2,12,25,erdos_renyi,10018,0.3787878787878788,0,2,0,train
G0019,C03,N2,1,SPSA,256,0.654296875,0.0613194161810208,2,12,25,erdos_renyi,10018,0.3787878787878788,1,2,0,train
G0019,C04,N2,1,SPSA,512,0.653857421875,0.0490969649827769,2,12,25,erdos_renyi,10018,0.3787878787878788,1,2,0,train
G0019,C05,N2,2,COBYLA,256,0.6759765625,0.0223733004984805,2,12,25,erdos_renyi,10018,0.3787878787878788,0,2,0,train
G0019,C06,N2,2,COBYLA,512,0.66435546875,0.0470944164813696,2,12,25,erdos_renyi,10018,0.3787878787878788,0,2,0,train
G0019,C07,N2,2,SPSA,256,0.6544921875,0.0397747564417432,2,12,25,erdos_renyi,10018,0.3787878787878788,1,2,0,train
G0019,C08,N2,2,SPSA,512,0.654296875,0.0292786401585055,2,12,25,erdos_renyi,10018,0.3787878787878788,1,2,0,train
G0019,C09,N2,3,COBYLA,256,0.67314453125,0.0277594654332999,2,12,25,erdos_renyi,10018,0.3787878787878788,0,2,0,train
G0019,C10,N2,3,COBYLA,512,0.6712890625,0.0296929605381069,2,12,25,erdos_renyi,10018,0.3787878787878788,0,2,0,train
G0019,C11,N2,3,SPSA,256,0.6513671875,0.0290024265721044,2,12,25,erdos_renyi,10018,0.3787878787878788,1,2,0,train
G0019,C12,N2,3,SPSA,512,0.6387695312499999,0.0162966015976587,2,12,25,erdos_renyi,10018,0.3787878787878788,1,2,0,train
G0020,C01,N2,1,COBYLA,256,0.7478412828947368,0.0324187525091694,2,12,27,erdos_renyi,10019,0.4090909090909091,0,2,0,validation
G0020,C02,N2,1,COBYLA,512,0.7117084703947368,0.0071960908036048,2,12,27,erdos_renyi,10019,0.4090909090909091,0,2,0,validation
G0020,C03,N2,1,SPSA,256,0.7166940789473684,0.0037797648665399,2,12,27,erdos_renyi,10019,0.4090909090909091,1,2,0,validation
G0020,C04,N2,1,SPSA,512,0.7134560032894737,0.000654190073055,2,12,27,erdos_renyi,10019,0.4090909090909091,1,2,0,validation
G0020,C05,N2,2,COBYLA,256,0.697985197368421,0.0063965251587599,2,12,27,erdos_renyi,10019,0.4090909090909091,0,2,0,validation
G0020,C06,N2,2,COBYLA,512,0.7129934210526316,0.0081410320202398,2,12,27,erdos_renyi,10019,0.4090909090909091,0,2,0,validation
G0020,C07,N2,2,SPSA,256,0.7067228618421053,0.00101762900253,2,12,27,erdos_renyi,10019,0.4090909090909091,1,2,0,validation
G0020,C08,N2,2,SPSA,512,0.716334292763158,0.0037070770806449,2,12,27,erdos_renyi,10019,0.4090909090909091,1,2,0,validation
G0020,C09,N2,3,COBYLA,256,0.705797697368421,0.0031982625793799,2,12,27,erdos_renyi,10019,0.4090909090909091,0,2,0,validation
G0020,C10,N2,3,COBYLA,512,0.708521792763158,0.0028348236499048,2,12,27,erdos_renyi,10019,0.4090909090909091,0,2,0,validation
G0020,C11,N2,3,SPSA,256,0.7186472039473684,0.0068326518741298,2,12,27,erdos_renyi,10019,0.4090909090909091,1,2,0,validation
G0020,C12,N2,3,SPSA,512,0.7087787828947368,0.0101762900252997,2,12,27,erdos_renyi,10019,0.4090909090909091,1,2,0,validation
G0021,C01,N2,1,COBYLA,256,0.72509765625,0.0281145971872441,2,15,39,erdos_renyi,10020,0.3714285714285714,0,2,0,train
G0021,C02,N2,1,COBYLA,512,0.7280970982142857,0.020124132723501,2,15,39,erdos_renyi,10020,0.3714285714285714,0,2,0,train
G0021,C03,N2,1,SPSA,256,0.7259347098214286,0.0263389384175234,2,15,39,erdos_renyi,10020,0.3714285714285714,1,2,0,train
G0021,C04,N2,1,SPSA,512,0.72216796875,0.0284105403155309,2,15,39,erdos_renyi,10020,0.3714285714285714,1,2,0,train
G0021,C05,N2,2,COBYLA,256,0.7087053571428572,0.0057215671468777,2,15,39,erdos_renyi,10020,0.3714285714285714,0,2,0,train
G0021,C06,N2,2,COBYLA,512,0.7124372209821429,0.0107032764730385,2,15,39,erdos_renyi,10020,0.3714285714285714,0,2,0,train
G0021,C07,N2,2,SPSA,256,0.7087751116071428,0.02298491629694,2,15,39,erdos_renyi,10020,0.3714285714285714,1,2,0,train
G0021,C08,N2,2,SPSA,512,0.7184012276785714,0.0017756587697207,2,15,39,erdos_renyi,10020,0.3714285714285714,1,2,0,train
G0021,C09,N2,3,COBYLA,256,0.7213309151785714,0.0160795766369151,2,15,39,erdos_renyi,10020,0.3714285714285714,0,2,0,train
G0021,C10,N2,3,COBYLA,512,0.7222377232142857,0.0179538831160646,2,15,39,erdos_renyi,10020,0.3714285714285714,0,2,0,train
G0021,C11,N2,3,SPSA,256,0.73046875,0.0011837725131471,2,15,39,erdos_renyi,10020,0.3714285714285714,1,2,0,train
G0021,C12,N2,3,SPSA,512,0.7204938616071428,0.0063134534034514,2,15,39,erdos_renyi,10020,0.3714285714285714,1,2,0,train
G0022,C01,N2,1,COBYLA,256,0.6265024038461539,0.0,2,15,32,erdos_renyi,10021,0.3047619047619048,0,2,0,train
G0022,C02,N2,1,COBYLA,512,0.6218449519230769,0.001912247905853,2,15,32,erdos_renyi,10021,0.3047619047619048,0,2,0,train
G0022,C03,N2,1,SPSA,256,0.6223707932692307,0.0013810679320049,2,15,32,erdos_renyi,10021,0.3047619047619048,1,2,0,train
G0022,C04,N2,1,SPSA,512,0.6195537860576923,0.0023903098823162,2,15,32,erdos_renyi,10021,0.3047619047619048,1,2,0,train
G0022,C05,N2,2,COBYLA,256,0.6192908653846154,0.0019122479058531,2,15,32,erdos_renyi,10021,0.3047619047619048,0,2,0,train
G0022,C06,N2,2,COBYLA,512,0.6175631009615385,0.0023371918849315,2,15,32,erdos_renyi,10021,0.3047619047619048,0,2,0,train
G0022,C07,N2,2,SPSA,256,0.6149338942307692,0.009348767539726,2,15,32,erdos_renyi,10021,0.3047619047619048,1,2,0,train
G0022,C08,N2,2,SPSA,512,0.6146334134615384,0.0008498879581569,2,15,32,erdos_renyi,10021,0.3047619047619048,1,2,0,train
G0022,C09,N2,3,COBYLA,256,0.6083984375,0.000531179973848,2,15,32,erdos_renyi,10021,0.3047619047619048,0,2,0,train
G0022,C10,N2,3,COBYLA,512,0.6127554086538461,0.0009561239529265,2,15,32,erdos_renyi,10021,0.3047619047619048,0,2,0,train
G0022,C11,N2,3,SPSA,256,0.6144080528846154,0.0009561239529264,2,15,32,erdos_renyi,10021,0.3047619047619048,1,2,0,train
G0022,C12,N2,3,SPSA,512,0.6177884615384615,0.0029746078535491,2,15,32,erdos_renyi,10021,0.3047619047619048,1,2,0,train
G0023,C01,N2,1,COBYLA,256,0.6057812499999999,0.0092807765030733,2,15,30,erdos_renyi,10022,0.2857142857142857,0,2,0,train
G0023,C02,N2,1,COBYLA,512,0.6037890625,0.0071263105291456,2,15,30,erdos_renyi,10022,0.2857142857142857,0,2,0,train
G0023,C03,N2,1,SPSA,256,0.600390625,0.0016572815184059,2,15,30,erdos_renyi,10022,0.2857142857142857,1,2,0,train
G0023,C04,N2,1,SPSA,512,0.5993359375,0.0027068931467297,2,15,30,erdos_renyi,10022,0.2857142857142857,1,2,0,train
G0023,C05,N2,2,COBYLA,256,0.6421875,0.0715945615951379,2,15,30,erdos_renyi,10022,0.2857142857142857,0,2,0,train
G0023,C06,N2,2,COBYLA,512,0.6014453125,0.0009391261937633,2,15,30,erdos_renyi,10022,0.2857142857142857,0,2,0,train
G0023,C07,N2,2,SPSA,256,0.6114062499999999,0.028063300378341,2,15,30,erdos_renyi,10022,0.2857142857142857,1,2,0,train
G0023,C08,N2,2,SPSA,512,0.6018359375,0.0063529124872229,2,15,30,erdos_renyi,10022,0.2857142857142857,1,2,0,train
G0023,C09,N2,3,COBYLA,256,0.599375,0.0044194173824159,2,15,30,erdos_renyi,10022,0.2857142857142857,0,2,0,train
G0023,C10,N2,3,COBYLA,512,0.598515625,0.0055242717280199,2,15,30,erdos_renyi,10022,0.2857142857142857,0,2,0,train
G0023,C11,N2,3,SPSA,256,0.602890625,0.0027621358640099,2,15,30,erdos_renyi,10022,0.2857142857142857,1,2,0,train
G0023,C12,N2,3,SPSA,512,0.6050390625,0.0033698057540921,2,15,30,erdos_renyi,10022,0.2857142857142857,1,2,0,train
G0024,C01,N2,1,COBYLA,256,0.7093599759615384,0.0330393943733497,2,15,35,erdos_renyi,10023,0.3333333333333333,0,2,0,validation
G0024,C02,N2,1,COBYLA,512,0.7466571514423077,0.0027090178666251,2,15,35,erdos_renyi,10023,0.3333333333333333,0,2,0,validation
G0024,C03,N2,1,SPSA,256,0.7140174278846154,0.0449378257875465,2,15,35,erdos_renyi,10023,0.3333333333333333,1,2,0,validation
G0024,C04,N2,1,SPSA,512,0.7145808293269231,0.0481780236280197,2,15,35,erdos_renyi,10023,0.3333333333333333,1,2,0,validation
G0024,C05,N2,2,COBYLA,256,0.7050030048076923,0.0103048914926524,2,15,35,erdos_renyi,10023,0.3333333333333333,0,2,0,validation
G0024,C06,N2,2,COBYLA,512,0.71630859375,0.001646657918929,2,15,35,erdos_renyi,10023,0.3333333333333333,0,2,0,validation
G0024,C07,N2,2,SPSA,256,0.7134164663461539,0.0022309558901619,2,15,35,erdos_renyi,10023,0.3333333333333333,1,2,0,validation
G0024,C08,N2,2,SPSA,512,0.7111628605769231,0.0026558998692403,2,15,35,erdos_renyi,10023,0.3333333333333333,1,2,0,validation
G0024,C09,N2,3,COBYLA,256,0.6989933894230769,0.0466376017038603,2,15,35,erdos_renyi,10023,0.3333333333333333,0,2,0,validation
G0024,C10,N2,3,COBYLA,512,0.712890625,0.0300647865198005,2,15,35,erdos_renyi,10023,0.3333333333333333,0,2,0,validation
G0024,C11,N2,3,SPSA,256,0.7003455528846154,0.0128545553671232,2,15,35,erdos_renyi,10023,0.3333333333333333,1,2,0,validation
G0024,C12,N2,3,SPSA,512,0.6927584134615384,0.0046743837698629,2,15,35,erdos_renyi,10023,0.3333333333333333,1,2,0,validation
G0025,C01,N2,1,COBYLA,256,0.640625,0.0028644371923065,2,15,34,erdos_renyi,10024,0.3238095238095238,0,2,0,train
G0025,C02,N2,1,COBYLA,512,0.6394675925925926,0.0021483278942299,2,15,34,erdos_renyi,10024,0.3238095238095238,0,2,0,train
G0025,C03,N2,1,SPSA,256,0.638599537037037,0.0045012584450532,2,15,34,erdos_renyi,10024,0.3238095238095238,1,2,0,train
G0025,C04,N2,1,SPSA,512,0.6391420717592593,0.0007672599622249,2,15,34,erdos_renyi,10024,0.3238095238095238,1,2,0,train
G0025,C05,N2,2,COBYLA,256,0.6227575231481481,0.0033759438337899,2,15,34,erdos_renyi,10024,0.3238095238095238,0,2,0,train
G0025,C06,N2,2,COBYLA,512,0.6290147569444444,0.0083375582561782,2,15,34,erdos_renyi,10024,0.3238095238095238,0,2,0,train
G0025,C07,N2,2,SPSA,256,0.6350549768518519,0.0277236599683962,2,15,34,erdos_renyi,10024,0.3238095238095238,1,2,0,train
G0025,C08,N2,2,SPSA,512,0.6236255787037037,0.0011253146112632,2,15,34,erdos_renyi,10024,0.3238095238095238,1,2,0,train
G0025,C09,N2,3,COBYLA,256,0.6242766203703705,0.0022506292225266,2,15,34,erdos_renyi,10024,0.3238095238095238,0,2,0,train
G0025,C10,N2,3,COBYLA,512,0.6268084490740741,0.0032736425054932,2,15,34,erdos_renyi,10024,0.3238095238095238,0,2,0,train
G0025,C11,N2,3,SPSA,256,0.6271701388888888,0.0008184106263733,2,15,34,erdos_renyi,10024,0.3238095238095238,1,2,0,train
G0025,C12,N2,3,SPSA,512,0.6251808449074074,0.0024040812149716,2,15,34,erdos_renyi,10024,0.3238095238095238,1,2,0,train
G0026,C01,N2,1,COBYLA,256,0.6793981481481481,0.0038874504752732,2,15,37,erdos_renyi,10025,0.3523809523809524,0,2,0,test
G0026,C02,N2,1,COBYLA,512,0.6788194444444444,0.0,2,15,37,erdos_renyi,10025,0.3523809523809524,0,2,0,test
G0026,C03,N2,1,SPSA,256,0.6795428240740741,0.0049104637582398,2,15,37,erdos_renyi,10025,0.3523809523809524,1,2,0,test
G0026,C04,N2,1,SPSA,512,0.6799406828703703,0.0009718626188183,2,15,37,erdos_renyi,10025,0.3523809523809524,1,2,0,test
G0026,C05,N2,2,COBYLA,256,0.6841001157407407,0.0043989571167565,2,15,37,erdos_renyi,10025,0.3523809523809524,0,2,0,test
G0026,C06,N2,2,COBYLA,512,0.6834129050925926,0.0038362998111248,2,15,37,erdos_renyi,10025,0.3523809523809524,0,2,0,test
G0026,C07,N2,2,SPSA,256,0.6779513888888888,0.0008184106263732,2,15,37,erdos_renyi,10025,0.3523809523809524,1,2,0,test
G0026,C08,N2,2,SPSA,512,0.6817491319444444,0.0015856705885983,2,15,37,erdos_renyi,10025,0.3523809523809524,1,2,0,test
G0026,C09,N2,3,COBYLA,256,0.6847511574074074,0.0016368212527465,2,15,37,erdos_renyi,10025,0.3523809523809524,0,2,0,test
G0026,C10,N2,3,COBYLA,512,0.6843894675925926,0.0056265730563165,2,15,37,erdos_renyi,10025,0.3523809523809524,0,2,0,test
G0026,C11,N2,3,SPSA,256,0.6871383101851852,0.0029667385206032,2,15,37,erdos_renyi,10025,0.3523809523809524,1,2,0,test
G0026,C12,N2,3,SPSA,512,0.6909722222222222,0.0035805464903832,2,15,37,erdos_renyi,10025,0.3523809523809524,1,2,0,test
G0027,C01,N2,1,COBYLA,256,0.6385323660714286,0.0147971564143389,2,15,35,erdos_renyi,10026,0.3333333333333333,0,2,0,train
G0027,C02,N2,1,COBYLA,512,0.6478794642857143,0.0274240632212417,2,15,35,erdos_renyi,10026,0.3333333333333333,0,2,0,train
G0027,C03,N2,1,SPSA,256,0.6238141741071428,0.0044391469243016,2,15,35,erdos_renyi,10026,0.3333333333333333,1,2,0,train
G0027,C04,N2,1,SPSA,512,0.6480887276785714,0.0268321769646681,2,15,35,erdos_renyi,10026,0.3333333333333333,1,2,0,train
G0027,C05,N2,2,COBYLA,256,0.6584821428571428,0.0007891816754314,2,15,35,erdos_renyi,10026,0.3333333333333333,0,2,0,train
G0027,C06,N2,2,COBYLA,512,0.6496930803571428,0.003945908377157,2,15,35,erdos_renyi,10026,0.3333333333333333,0,2,0,train
G0027,C07,N2,2,SPSA,256,0.6438337053571428,0.0224916777497953,2,15,35,erdos_renyi,10026,0.3333333333333333,1,2,0,train
G0027,C08,N2,2,SPSA,512,0.6404854910714286,0.0245632796478027,2,15,35,erdos_renyi,10026,0.3333333333333333,1,2,0,train
G0027,C09,N2,3,COBYLA,256,0.6305803571428572,0.0007891816754315,2,15,35,erdos_renyi,10026,0.3333333333333333,0,2,0,train
G0027,C10,N2,3,COBYLA,512,0.6294294084821429,0.0010358009490037,2,15,35,erdos_renyi,10026,0.3333333333333333,0,2,0,train
G0027,C11,N2,3,SPSA,256,0.6330915178571428,0.0043404992148727,2,15,35,erdos_renyi,10026,0.3333333333333333,1,2,0,train
G0027,C12,N2,3,SPSA,512,0.6416015625,0.0169674060217754,2,15,35,erdos_renyi,10026,0.3333333333333333,1,2,0,train
G0028,C01,N2,1,COBYLA,256,0.707976310483871,0.016127309399542,2,15,40,erdos_renyi,10027,0.3809523809523809,0,2,0,test
G0028,C02,N2,1,COBYLA,512,0.6734501008064516,0.0392936101944642,2,15,40,erdos_renyi,10027,0.3809523809523809,0,2,0,test
G0028,C03,N2,1,SPSA,256,0.6735761088709677,0.0396500148220783,2,15,40,erdos_renyi,10027,0.3809523809523809,1,2,0,test
G0028,C04,N2,1,SPSA,512,0.6751512096774194,0.0404519252342102,2,15,40,erdos_renyi,10027,0.3809523809523809,1,2,0,test
G0028,C05,N2,2,COBYLA,256,0.6578251008064516,0.0155927024581206,2,15,40,erdos_renyi,10027,0.3809523809523809,0,2,0,test
G0028,C06,N2,2,COBYLA,512,0.6516192036290323,0.0111821951913951,2,15,40,erdos_renyi,10027,0.3809523809523809,0,2,0,test
G0028,C07,N2,2,SPSA,256,0.6761592741935484,0.000178202313807,2,15,40,erdos_renyi,10027,0.3809523809523809,1,2,0,test
G0028,C08,N2,2,SPSA,512,0.6709614415322581,0.0345266983001243,2,15,40,erdos_renyi,10027,0.3809523809523809,1,2,0,test
G0028,C09,N2,3,COBYLA,256,0.6471774193548387,0.000178202313807,2,15,40,erdos_renyi,10027,0.3809523809523809,0,2,0,test
G0028,C10,N2,3,COBYLA,512,0.6526587701612903,0.0032076416485277,2,15,40,erdos_renyi,10027,0.3809523809523809,0,2,0,test
G0028,C11,N2,3,SPSA,256,0.6537928427419355,0.006682586767766,2,15,40,erdos_renyi,10027,0.3809523809523809,1,2,0,test
G0028,C12,N2,3,SPSA,512,0.6672757056451613,0.0136324770062426,2,15,40,erdos_renyi,10027,0.3809523809523809,1,2,0,test
G0029,C01,N2,1,COBYLA,256,0.6901939655172413,0.0034288583139435,2,15,40,erdos_renyi,10028,0.3809523809523809,0,2,0,test
G0029,C02,N2,1,COBYLA,512,0.6951778017241379,0.0087626379134109,2,15,40,erdos_renyi,10028,0.3809523809523809,0,2,0,test
G0029,C03,N2,1,SPSA,256,0.6898572198275862,0.0025716437354574,2,15,40,erdos_renyi,10028,0.3809523809523809,1,2,0,test
G0029,C04,N2,1,SPSA,512,0.6896551724137931,0.003238366185391,2,15,40,erdos_renyi,10028,0.3809523809523809,1,2,0,test
G0029,C05,N2,2,COBYLA,256,0.6809671336206897,0.0067624705636106,2,15,40,erdos_renyi,10028,0.3809523809523809,0,2,0,test
G0029,C06,N2,2,COBYLA,512,0.6799232219827587,0.0010000836749001,2,15,40,erdos_renyi,10028,0.3809523809523809,0,2,0,test
G0029,C07,N2,2,SPSA,256,0.6896551724137931,0.0118105119702494,2,15,40,erdos_renyi,10028,0.3809523809523809,1,2,0,test
G0029,C08,N2,2,SPSA,512,0.6850754310344828,0.0002857381928286,2,15,40,erdos_renyi,10028,0.3809523809523809,1,2,0,test
G0029,C09,N2,3,COBYLA,256,0.693359375,0.006571978435058,2,15,40,erdos_renyi,10028,0.3809523809523809,0,2,0,test
G0029,C10,N2,3,COBYLA,512,0.6946053340517242,0.0010000836749001,2,15,40,erdos_renyi,10028,0.3809523809523809,0,2,0,test
G0029,C11,N2,3,SPSA,256,0.689520474137931,0.0120010040988018,2,15,40,erdos_renyi,10028,0.3809523809523809,1,2,0,test
G0029,C12,N2,3,SPSA,512,0.6905643857758621,0.0039527116674625,2,15,40,erdos_renyi,10028,0.3809523809523809,1,2,0,test
G0030,C01,N2,1,COBYLA,256,0.6754324776785714,0.0141066224483365,2,15,37,erdos_renyi,10029,0.3523809523809524,0,2,0,train
G0030,C02,N2,1,COBYLA,512,0.674560546875,0.011393810439041,2,15,37,erdos_renyi,10029,0.3523809523809524,0,2,0,train
G0030,C03,N2,1,SPSA,256,0.6649693080357143,0.0018743064791496,2,15,37,erdos_renyi,10029,0.3523809523809524,1,2,0,train
G0030,C04,N2,1,SPSA,512,0.6653180803571428,0.0058202148563067,2,15,37,erdos_renyi,10029,0.3523809523809524,1,2,0,train
G0030,C05,N2,2,COBYLA,256,0.6603655133928572,0.0014797156414339,2,15,37,erdos_renyi,10029,0.3523809523809524,0,2,0,train
G0030,C06,N2,2,COBYLA,512,0.6600516183035714,0.0050803570355897,2,15,37,erdos_renyi,10029,0.3523809523809524,0,2,0,train
G0030,C07,N2,2,SPSA,256,0.66650390625,0.0058202148563066,2,15,37,erdos_renyi,10029,0.3523809523809524,1,2,0,train
G0030,C08,N2,2,SPSA,512,0.6696428571428571,0.0,2,15,37,erdos_renyi,10029,0.3523809523809524,1,2,0,train
G0030,C09,N2,3,COBYLA,256,0.6651088169642857,0.0097661232334637,2,15,37,erdos_renyi,10029,0.3523809523809524,0,2,0,train
G0030,C10,N2,3,COBYLA,512,0.6600864955357143,0.009470180105177,2,15,37,erdos_renyi,10029,0.3523809523809524,0,2,0,train
G0030,C11,N2,3,SPSA,256,0.6581333705357142,0.0058202148563067,2,15,37,erdos_renyi,10029,0.3523809523809524,1,2,0,train
G0030,C12,N2,3,SPSA,512,0.6637486049107143,0.0017263349150062,2,15,37,erdos_renyi,10029,0.3523809523809524,1,2,0,train
G0031,C01,N2,1,COBYLA,256,0.7134021577380952,0.0203214281423588,2,18,59,erdos_renyi,10030,0.3856209150326797,0,2,0,train
G0031,C02,N2,1,COBYLA,512,0.7144019717261905,0.0166056977538693,2,18,59,erdos_renyi,10030,0.3856209150326797,0,2,0,train
G0031,C03,N2,1,SPSA,256,0.7154947916666667,0.0188088299311153,2,18,59,erdos_renyi,10030,0.3856209150326797,1,2,0,train
G0031,C04,N2,1,SPSA,512,0.7136811755952381,0.016901640882156,2,18,59,erdos_renyi,10030,0.3856209150326797,1,2,0,train
G0031,C05,N2,2,COBYLA,256,0.7019624255952381,0.0013810679320049,2,18,59,erdos_renyi,10030,0.3856209150326797,0,2,0,train
G0031,C06,N2,2,COBYLA,512,0.7380487351190477,0.0255826393119018,2,18,59,erdos_renyi,10030,0.3856209150326797,0,2,0,train
G0031,C07,N2,2,SPSA,256,0.7166108630952381,0.0132845582030954,2,18,59,erdos_renyi,10030,0.3856209150326797,1,2,0,train
G0031,C08,N2,2,SPSA,512,0.7335146949404763,0.0045049120639209,2,18,59,erdos_renyi,10030,0.3856209150326797,1,2,0,train
G0031,C09,N2,3,COBYLA,256,0.7146577380952381,0.0002630605584771,2,18,59,erdos_renyi,10030,0.3856209150326797,0,2,0,train
G0031,C10,N2,3,COBYLA,512,0.7041248139880952,0.0047022074827788,2,18,59,erdos_renyi,10030,0.3856209150326797,0,2,0,train
G0031,C11,N2,3,SPSA,256,0.7278180803571428,0.0058530974261163,2,18,59,erdos_renyi,10030,0.3856209150326797,1,2,0,train
G0031,C12,N2,3,SPSA,512,0.7158203125,0.0013153027923857,2,18,59,erdos_renyi,10030,0.3856209150326797,1,2,0,train
G0032,C01,N2,1,COBYLA,256,0.6949037063953489,0.0080294647209591,2,18,60,erdos_renyi,10031,0.392156862745098,0,2,0,train
G0032,C02,N2,1,COBYLA,512,0.6973791787790697,0.0003532964477222,2,18,60,erdos_renyi,10031,0.392156862745098,0,2,0,train
G0032,C03,N2,1,SPSA,256,0.6988553779069768,0.0050103859858785,2,18,60,erdos_renyi,10031,0.392156862745098,1,2,0,train
G0032,C04,N2,1,SPSA,512,0.6918150436046512,0.0001927071533029,2,18,60,erdos_renyi,10031,0.392156862745098,1,2,0,train
G0032,C05,N2,2,COBYLA,256,0.6999454941860466,0.0010277714842827,2,18,60,erdos_renyi,10031,0.392156862745098,0,2,0,train
G0032,C06,N2,2,COBYLA,512,0.6978788154069767,0.0006744750365605,2,18,60,erdos_renyi,10031,0.392156862745098,0,2,0,train
G0032,C07,N2,2,SPSA,256,0.7053506540697674,6.423571776769794e-05,2,18,60,erdos_renyi,10031,0.392156862745098,1,2,0,train
G0032,C08,N2,2,SPSA,512,0.697742550872093,0.0004817678832575,2,18,60,erdos_renyi,10031,0.392156862745098,1,2,0,train
G0032,C09,N2,3,COBYLA,256,0.6970839389534884,0.0030190787350807,2,18,60,erdos_renyi,10031,0.392156862745098,0,2,0,train
G0032,C10,N2,3,COBYLA,512,0.6975608648255813,0.0022803679807524,2,18,60,erdos_renyi,10031,0.392156862745098,0,2,0,train
G0032,C11,N2,3,SPSA,256,0.694313226744186,0.0016701286619594,2,18,60,erdos_renyi,10031,0.392156862745098,1,2,0,train
G0032,C12,N2,3,SPSA,512,0.694313226744186,0.0013489500731211,2,18,60,erdos_renyi,10031,0.392156862745098,1,2,0,train
G0033,C01,N2,1,COBYLA,256,0.6899539262820513,0.0014873039267745,2,18,54,erdos_renyi,10032,0.3529411764705882,0,2,0,train
G0033,C02,N2,1,COBYLA,512,0.6921824919871795,0.0009561239529264,2,18,54,erdos_renyi,10032,0.3529411764705882,0,2,0,train
G0033,C03,N2,1,SPSA,256,0.7060296474358974,0.0138815033165628,2,18,54,erdos_renyi,10032,0.3529411764705882,1,2,0,train
G0033,C04,N2,1,SPSA,512,0.7116135817307692,0.01830800309863,2,18,54,erdos_renyi,10032,0.3529411764705882,1,2,0,train
G0033,C05,N2,2,COBYLA,256,0.6981169871794872,0.0048160317628891,2,18,54,erdos_renyi,10032,0.3529411764705882,0,2,0,train
G0033,C06,N2,2,COBYLA,512,0.7013721955128205,0.0133149113444582,2,18,54,erdos_renyi,10032,0.3529411764705882,0,2,0,train
G0033,C07,N2,2,SPSA,256,0.703125,0.0188391830724781,2,18,54,erdos_renyi,10032,0.3529411764705882,1,2,0,train
G0033,C08,N2,2,SPSA,512,0.7054036458333333,0.0143418592938979,2,18,54,erdos_renyi,10032,0.3529411764705882,1,2,0,train
G0033,C09,N2,3,COBYLA,256,0.6985176282051282,0.0041077917977584,2,18,54,erdos_renyi,10032,0.3529411764705882,0,2,0,train
G0033,C10,N2,3,COBYLA,512,0.7081330128205128,0.0127483193723535,2,18,54,erdos_renyi,10032,0.3529411764705882,0,2,0,train
G0033,C11,N2,3,SPSA,256,0.7024238782051282,0.0026913118674968,2,18,54,erdos_renyi,10032,0.3529411764705882,1,2,0,train
G0033,C12,N2,3,SPSA,512,0.7012219551282051,0.0010623599476961,2,18,54,erdos_renyi,10032,0.3529411764705882,1,2,0,train
G0034,C01,N2,1,COBYLA,256,0.64599609375,0.0029923138526773,2,18,46,erdos_renyi,10033,0.3006535947712418,0,2,0,train
G0034,C02,N2,1,COBYLA,512,0.6459418402777778,7.67259962224812e-05,2,18,46,erdos_renyi,10033,0.3006535947712418,0,2,0,train
G0034,C03,N2,1,SPSA,256,0.6468098958333333,0.0018414239093399,2,18,46,erdos_renyi,10033,0.3006535947712418,1,2,0,train
G0034,C04,N2,1,SPSA,512,0.6479220920138888,0.0002685409867787,2,18,46,erdos_renyi,10033,0.3006535947712418,1,2,0,train
G0034,C05,N2,2,COBYLA,256,0.6427408854166666,0.0048337377620174,2,18,46,erdos_renyi,10033,0.3006535947712418,0,2,0,train
G0034,C06,N2,2,COBYLA,512,0.6706814236111112,0.0342197943152343,2,18,46,erdos_renyi,10033,0.3006535947712418,0,2,0,train
G0034,C07,N2,2,SPSA,256,0.6376953125,0.00245523187912,2,18,46,erdos_renyi,10033,0.3006535947712418,1,2,0,train
G0034,C08,N2,2,SPSA,512,0.6473795572916666,0.0009590749527812,2,18,46,erdos_renyi,10033,0.3006535947712418,1,2,0,train
G0034,C09,N2,3,COBYLA,256,0.6483289930555556,0.0038362998111249,2,18,46,erdos_renyi,10033,0.3006535947712418,0,2,0,train
G0034,C10,N2,3,COBYLA,512,0.6494954427083333,0.0053324567374637,2,18,46,erdos_renyi,10033,0.3006535947712418,0,2,0,train
G0034,C11,N2,3,SPSA,256,0.6548936631944444,0.0002301779886674,2,18,46,erdos_renyi,10033,0.3006535947712418,1,2,0,train
G0034,C12,N2,3,SPSA,512,0.6483018663194444,0.0044884707790161,2,18,46,erdos_renyi,10033,0.3006535947712418,1,2,0,train
G0035,C01,N2,1,COBYLA,256,0.669921875,0.0011197848097337,2,18,50,erdos_renyi,10034,0.326797385620915,0,2,0,train
G0035,C02,N2,1,COBYLA,512,0.6750422297297297,0.0016423510542761,2,18,50,erdos_renyi,10034,0.326797385620915,0,2,0,train
G0035,C03,N2,1,SPSA,256,0.6756756756756757,0.002687483543361,2,18,50,erdos_renyi,10034,0.326797385620915,1,2,0,train
G0035,C04,N2,1,SPSA,512,0.6769689611486487,0.0033966805895256,2,18,50,erdos_renyi,10034,0.326797385620915,1,2,0,train
G0035,C05,N2,2,COBYLA,256,0.6701858108108107,0.0004479139238935,2,18,50,erdos_renyi,10034,0.326797385620915,0,2,0,train
G0035,C06,N2,2,COBYLA,512,0.6729835304054054,0.0056735763693177,2,18,50,erdos_renyi,10034,0.326797385620915,0,2,0,train
G0035,C07,N2,2,SPSA,256,0.6778399493243243,0.0093315400811147,2,18,50,erdos_renyi,10034,0.326797385620915,1,2,0,train
G0035,C08,N2,2,SPSA,512,0.6757548564189189,0.0057855548502911,2,18,50,erdos_renyi,10034,0.326797385620915,1,2,0,train
G0035,C09,N2,3,COBYLA,256,0.6843327702702703,0.005374967086722,2,18,50,erdos_renyi,10034,0.326797385620915,0,2,0,train
G0035,C10,N2,3,COBYLA,512,0.6797402871621621,0.0032100497879034,2,18,50,erdos_renyi,10034,0.326797385620915,0,2,0,train
G0035,C11,N2,3,SPSA,256,0.6833298141891893,0.0011197848097337,2,18,50,erdos_renyi,10034,0.326797385620915,1,2,0,train
G0035,C12,N2,3,SPSA,512,0.6797402871621622,0.0038072683530948,2,18,50,erdos_renyi,10034,0.326797385620915,1,2,0,train
G0036,C01,N2,1,COBYLA,256,0.6732204861111111,0.0091457387497218,2,18,60,erdos_renyi,10035,0.392156862745098,0,2,0,train
G0036,C02,N2,1,COBYLA,512,0.6720920138888888,0.0077953612162059,2,18,60,erdos_renyi,10035,0.392156862745098,0,2,0,train
G0036,C03,N2,1,SPSA,256,0.6709635416666666,0.0093912619376338,2,18,60,erdos_renyi,10035,0.392156862745098,1,2,0,train
G0036,C04,N2,1,SPSA,512,0.6713541666666667,0.0114168282379077,2,18,60,erdos_renyi,10035,0.392156862745098,1,2,0,train
G0036,C05,N2,2,COBYLA,256,0.6717881944444444,0.001350377533516,2,18,60,erdos_renyi,10035,0.392156862745098,0,2,0,train
G0036,C06,N2,2,COBYLA,512,0.6750651041666667,0.0005217367743129,2,18,60,erdos_renyi,10035,0.392156862745098,0,2,0,train
G0036,C07,N2,2,SPSA,256,0.6748697916666666,0.0048490829612619,2,18,60,erdos_renyi,10035,0.392156862745098,1,2,0,train
G0036,C08,N2,2,SPSA,512,0.6782769097222223,0.0026700646685429,2,18,60,erdos_renyi,10035,0.392156862745098,1,2,0,train
G0036,C09,N2,3,COBYLA,256,0.6766493055555556,0.0071201724494478,2,18,60,erdos_renyi,10035,0.392156862745098,0,2,0,train
G0036,C10,N2,3,COBYLA,512,0.6734157986111111,0.0066598164721128,2,18,60,erdos_renyi,10035,0.392156862745098,0,2,0,train
G0036,C11,N2,3,SPSA,256,0.6729166666666666,0.0088388347648319,2,18,60,erdos_renyi,10035,0.392156862745098,1,2,0,train
G0036,C12,N2,3,SPSA,512,0.6756944444444444,0.0023938510821419,2,18,60,erdos_renyi,10035,0.392156862745098,1,2,0,train
G0037,C01,N2,1,COBYLA,256,0.7203776041666666,0.0013810679320049,2,18,49,erdos_renyi,10036,0.3202614379084967,0,2,0,train
G0037,C02,N2,1,COBYLA,512,0.7000868055555556,0.025396304749647,2,18,49,erdos_renyi,10036,0.3202614379084967,0,2,0,train
G0037,C03,N2,1,SPSA,256,0.7018229166666667,0.0253195787534244,2,18,49,erdos_renyi,10036,0.3202614379084967,1,2,0,train
G0037,C04,N2,1,SPSA,512,0.7033962673611112,0.0281584406136569,2,18,49,erdos_renyi,10036,0.3202614379084967,1,2,0,train
G0037,C05,N2,2,COBYLA,256,0.6913519965277778,0.0157288292256122,2,18,49,erdos_renyi,10036,0.3202614379084967,0,2,0,train
G0037,C06,N2,2,COBYLA,512,0.7271050347222223,0.0410484079790368,2,18,49,erdos_renyi,10036,0.3202614379084967,0,2,0,train
G0037,C07,N2,2,SPSA,256,0.7225477430555556,0.0093605715391448,2,18,49,erdos_renyi,10036,0.3202614379084967,1,2,0,train
G0037,C08,N2,2,SPSA,512,0.6990559895833333,0.029846412530552,2,18,49,erdos_renyi,10036,0.3202614379084967,1,2,0,train
G0037,C09,N2,3,COBYLA,256,0.6925455729166667,0.0094372975353672,2,18,49,erdos_renyi,10036,0.3202614379084967,0,2,0,train
G0037,C10,N2,3,COBYLA,512,0.6900770399305556,0.007710962620361,2,18,49,erdos_renyi,10036,0.3202614379084967,0,2,0,train
G0037,C11,N2,3,SPSA,256,0.7000325520833334,0.0040664777997924,2,18,49,erdos_renyi,10036,0.3202614379084967,1,2,0,train
G0037,C12,N2,3,SPSA,512,0.7026095920138888,0.0010358009490037,2,18,49,erdos_renyi,10036,0.3202614379084967,1,2,0,train
G0038,C01,N2,1,COBYLA,256,0.6678710937500001,0.0073196600396263,2,18,53,erdos_renyi,10037,0.3464052287581699,0,2,0,train
G0038,C02,N2,1,COBYLA,512,0.6561279296875,0.0032800363385118,2,18,53,erdos_renyi,10037,0.3464052287581699,0,2,0,train
G0038,C03,N2,1,SPSA,256,0.66357421875,0.0026240290708094,2,18,53,erdos_renyi,10037,0.3464052287581699,1,2,0,train
G0038,C04,N2,1,SPSA,512,0.656298828125,0.0009667475524034,2,18,53,erdos_renyi,10037,0.3464052287581699,1,2,0,train
G0038,C05,N2,2,COBYLA,256,0.660009765625,0.0004833737762017,2,18,53,erdos_renyi,10037,0.3464052287581699,0,2,0,train
G0038,C06,N2,2,COBYLA,512,0.6599853515625,0.0018989684065068,2,18,53,erdos_renyi,10037,0.3464052287581699,0,2,0,train
G0038,C07,N2,2,SPSA,256,0.66484375,0.0040050970028144,2,18,53,erdos_renyi,10037,0.3464052287581699,1,2,0,train
G0038,C08,N2,2,SPSA,512,0.6608642578125,0.0023823421827086,2,18,53,erdos_renyi,10037,0.3464052287581699,1,2,0,train
G0038,C09,N2,3,COBYLA,256,0.66357421875,0.0045575241756163,2,18,53,erdos_renyi,10037,0.3464052287581699,0,2,0,train
G0038,C10,N2,3,COBYLA,512,0.665380859375,0.0072506066430261,2,18,53,erdos_renyi,10037,0.3464052287581699,0,2,0,train
G0038,C11,N2,3,SPSA,256,0.669921875,0.0071815532464259,2,18,53,erdos_renyi,10037,0.3464052287581699,1,2,0,train
G0038,C12,N2,3,SPSA,512,0.666259765625,0.0032455096402117,2,18,53,erdos_renyi,10037,0.3464052287581699,1,2,0,train
G0039,C01,N2,1,COBYLA,256,0.7122395833333333,0.0410779179775839,2,18,52,erdos_renyi,10038,0.3398692810457516,0,2,0,validation
G0039,C02,N2,1,COBYLA,512,0.7157702323717949,0.0513119854737233,2,18,52,erdos_renyi,10038,0.3398692810457516,0,2,0,validation
G0039,C03,N2,1,SPSA,256,0.6721254006410255,0.0046035597733498,2,18,52,erdos_renyi,10038,0.3398692810457516,1,2,0,validation
G0039,C04,N2,1,SPSA,512,0.6731520432692308,0.0045681477750933,2,18,52,erdos_renyi,10038,0.3398692810457516,1,2,0,validation
G0039,C05,N2,2,COBYLA,256,0.6756310096153846,0.0009207119546699,2,18,52,erdos_renyi,10038,0.3398692810457516,0,2,0,validation
G0039,C06,N2,2,COBYLA,512,0.6760566907051282,0.0066928676704856,2,18,52,erdos_renyi,10038,0.3398692810457516,0,2,0,validation
G0039,C07,N2,2,SPSA,256,0.6719250801282051,0.0077198156199252,2,18,52,erdos_renyi,10038,0.3398692810457516,1,2,0,validation
G0039,C08,N2,2,SPSA,512,0.6710486778846154,0.0060554517018679,2,18,52,erdos_renyi,10038,0.3398692810457516,1,2,0,validation
G0039,C09,N2,3,COBYLA,256,0.6742788461538461,0.0001416479930261,2,18,52,erdos_renyi,10038,0.3398692810457516,0,2,0,validation
G0039,C10,N2,3,COBYLA,512,0.672275641025641,0.0004249439790784,2,18,52,erdos_renyi,10038,0.3398692810457516,0,2,0,validation
G0039,C11,N2,3,SPSA,256,0.6830428685897436,0.002903783857036,2,18,52,erdos_renyi,10038,0.3398692810457516,1,2,0,validation
G0039,C12,N2,3,SPSA,512,0.6741536458333333,0.0034349638308841,2,18,52,erdos_renyi,10038,0.3398692810457516,1,2,0,validation
G0040,C01,N2,1,COBYLA,256,0.6759440104166667,0.0014961569263386,2,18,65,erdos_renyi,10039,0.4248366013071895,0,2,0,train
G0040,C02,N2,1,COBYLA,512,0.687744140625,0.0040281148016811,2,18,65,erdos_renyi,10039,0.4248366013071895,0,2,0,train
G0040,C03,N2,1,SPSA,256,0.6732177734375,0.0037403923158468,2,18,65,erdos_renyi,10039,0.4248366013071895,1,2,0,train
G0040,C04,N2,1,SPSA,512,0.6787109375,0.0020140574008406,2,18,65,erdos_renyi,10039,0.4248366013071895,1,2,0,train
G0040,C05,N2,2,COBYLA,256,0.6815999348958334,0.0018989684065068,2,18,65,erdos_renyi,10039,0.4248366013071895,0,2,0,train
G0040,C06,N2,2,COBYLA,512,0.6799519856770834,0.0012947511862546,2,18,65,erdos_renyi,10039,0.4248366013071895,0,2,0,train
G0040,C07,N2,2,SPSA,256,0.6803792317708333,0.0035102143271793,2,18,65,erdos_renyi,10039,0.4248366013071895,1,2,0,train
G0040,C08,N2,2,SPSA,512,0.68096923828125,0.0033088085870953,2,18,65,erdos_renyi,10039,0.4248366013071895,1,2,0,train
G0040,C09,N2,3,COBYLA,256,0.6785888671875,0.001783879412173,2,18,65,erdos_renyi,10039,0.4248366013071895,0,2,0,train
G0040,C10,N2,3,COBYLA,512,0.6800130208333334,0.0008631674575031,2,18,65,erdos_renyi,10039,0.4248366013071895,0,2,0,train
G0040,C11,N2,3,SPSA,256,0.679443359375,0.0033375808356786,2,18,65,erdos_renyi,10039,0.4248366013071895,1,2,0,train
G0040,C12,N2,3,SPSA,512,0.6803792317708333,0.0023593243838417,2,18,65,erdos_renyi,10039,0.4248366013071895,1,2,0,train
G0041,C01,N2,1,COBYLA,256,0.7032445790816326,0.000507331077063,2,20,68,erdos_renyi,10040,0.3578947368421052,0,2,0,train
G0041,C02,N2,1,COBYLA,512,0.6983816964285714,0.0027621358640099,2,20,68,erdos_renyi,10040,0.3578947368421052,0,2,0,train
G0041,C03,N2,1,SPSA,256,0.7030452806122449,0.0004509609573893,2,20,68,erdos_renyi,10040,0.3578947368421052,1,2,0,train
G0041,C04,N2,1,SPSA,512,0.6989198022959183,0.0007609966155945,2,20,68,erdos_renyi,10040,0.3578947368421052,1,2,0,train
G0041,C05,N2,2,COBYLA,256,0.6916852678571428,0.0010710322737998,2,20,68,erdos_renyi,10040,0.3578947368421052,0,2,0,train
G0041,C06,N2,2,COBYLA,512,0.697524713010204,0.0018320288893943,2,20,68,erdos_renyi,10040,0.3578947368421052,0,2,0,train
G0041,C07,N2,2,SPSA,256,0.6947146045918368,0.0015219932311891,2,20,68,erdos_renyi,10040,0.3578947368421052,1,2,0,train
G0041,C08,N2,2,SPSA,512,0.7005939094387754,0.0030158014025415,2,20,68,erdos_renyi,10040,0.3578947368421052,1,2,0,train
G0041,C09,N2,3,COBYLA,256,0.6992586096938775,0.0027621358640099,2,20,68,erdos_renyi,10040,0.3578947368421052,0,2,0,train
G0041,C10,N2,3,COBYLA,512,0.6943359375,0.0008737368549418,2,20,68,erdos_renyi,10040,0.3578947368421052,0,2,0,train
G0041,C11,N2,3,SPSA,256,0.6937978316326531,0.000676441436084,2,20,68,erdos_renyi,10040,0.3578947368421052,1,2,0,train
G0041,C12,N2,3,SPSA,512,0.6951331313775511,0.0007609966155945,2,20,68,erdos_renyi,10040,0.3578947368421052,1,2,0,train
G0042,C01,N2,1,COBYLA,256,0.6638997395833333,0.00368284781868,2,20,64,erdos_renyi,10041,0.3368421052631579,0,2,0,test
G0042,C02,N2,1,COBYLA,512,0.6702880859375,0.0009207119546699,2,20,64,erdos_renyi,10041,0.3368421052631579,0,2,0,test
G0042,C03,N2,1,SPSA,256,0.6669921875,0.0008056229603362,2,20,64,erdos_renyi,10041,0.3368421052631579,1,2,0,test
G0042,C04,N2,1,SPSA,512,0.67010498046875,0.0008919397060865,2,20,64,erdos_renyi,10041,0.3368421052631579,1,2,0,test
G0042,C05,N2,2,COBYLA,256,0.6656087239583333,0.0032224918413449,2,20,64,erdos_renyi,10041,0.3368421052631579,0,2,0,test
G0042,C06,N2,2,COBYLA,512,0.6695556640625,0.0008631674575031,2,20,64,erdos_renyi,10041,0.3368421052631579,0,2,0,test
G0042,C07,N2,2,SPSA,256,0.663818359375,0.0029923138526773,2,20,64,erdos_renyi,10041,0.3368421052631579,1,2,0,test
G0042,C08,N2,2,SPSA,512,0.67449951171875,0.0112499491961239,2,20,64,erdos_renyi,10041,0.3368421052631579,1,2,0,test
G0042,C09,N2,3,COBYLA,256,0.6587320963541667,0.0017838794121731,2,20,64,erdos_renyi,10041,0.3368421052631579,0,2,0,test
G0042,C10,N2,3,COBYLA,512,0.6601359049479167,0.0012372066890877,2,20,64,erdos_renyi,10041,0.3368421052631579,0,2,0,test
G0042,C11,N2,3,SPSA,256,0.6641031901041666,0.0005179004745018,2,20,64,erdos_renyi,10041,0.3368421052631579,1,2,0,test
G0042,C12,N2,3,SPSA,512,0.66046142578125,0.0039993425530977,2,20,64,erdos_renyi,10041,0.3368421052631579,1,2,0,test
G0043,C01,N2,1,COBYLA,256,0.6894097222222222,0.001718662315384,2,20,62,erdos_renyi,10042,0.3263157894736842,0,2,0,train
G0043,C02,N2,1,COBYLA,512,0.6885633680555555,0.0029769686534329,2,20,62,erdos_renyi,10042,0.3263157894736842,0,2,0,train
G0043,C03,N2,1,SPSA,256,0.7092447916666667,0.0089002155618098,2,20,62,erdos_renyi,10042,0.3263157894736842,1,2,0,train
G0043,C04,N2,1,SPSA,512,0.7222439236111111,0.0003375943833789,2,20,62,erdos_renyi,10042,0.3263157894736842,1,2,0,train
G0043,C05,N2,2,COBYLA,256,0.6999131944444444,0.0149769144626317,2,20,62,erdos_renyi,10042,0.3263157894736842,0,2,0,train
G0043,C06,N2,2,COBYLA,512,0.6963758680555556,0.0089309059602987,2,20,62,erdos_renyi,10042,0.3263157894736842,0,2,0,train
G0043,C07,N2,2,SPSA,256,0.6957899305555555,0.0095140235315898,2,20,62,erdos_renyi,10042,0.3263157894736842,1,2,0,train
G0043,C08,N2,2,SPSA,512,0.6962239583333334,0.0066905068706019,2,20,62,erdos_renyi,10042,0.3263157894736842,1,2,0,train
G0043,C09,N2,3,COBYLA,256,0.6983506944444444,0.0078567420131838,2,20,62,erdos_renyi,10042,0.3263157894736842,0,2,0,train
G0043,C10,N2,3,COBYLA,512,0.6959418402777777,0.0137799889215608,2,20,62,erdos_renyi,10042,0.3263157894736842,0,2,0,train
G0043,C11,N2,3,SPSA,256,0.6909288194444445,0.0152838184475217,2,20,62,erdos_renyi,10042,0.3263157894736842,1,2,0,train
G0043,C12,N2,3,SPSA,512,0.6881727430555555,0.0052480581416188,2,20,62,erdos_renyi,10042,0.3263157894736842,1,2,0,train
G0044,C01,N2,1,COBYLA,256,0.7451685855263157,0.0013083801461099,2,20,85,erdos_renyi,10043,0.4473684210526316,0,2,0,train
G0044,C02,N2,1,COBYLA,512,0.7532723410087719,0.0059361691814248,2,20,85,erdos_renyi,10043,0.4473684210526316,0,2,0,train
G0044,C03,N2,1,SPSA,256,0.7447231359649122,0.0026167602922199,2,20,85,erdos_renyi,10043,0.4473684210526316,1,2,0,train
G0044,C04,N2,1,SPSA,512,0.7499314692982456,0.0004361267153699,2,20,85,erdos_renyi,10043,0.4473684210526316,1,2,0,train
G0044,C05,N2,2,COBYLA,256,0.750513980263158,0.0042158915819099,2,20,85,erdos_renyi,10043,0.4473684210526316,0,2,0,train
G0044,C06,N2,2,COBYLA,512,0.7471902412280702,0.00087225343074,2,20,85,erdos_renyi,10043,0.4473684210526316,0,2,0,train
G0044,C07,N2,2,SPSA,256,0.7548656798245614,0.0030044284836599,2,20,85,erdos_renyi,10043,0.4473684210526316,1,2,0,train
G0044,C08,N2,2,SPSA,512,0.7484580592105263,0.00174450686148,2,20,85,erdos_renyi,10043,0.4473684210526316,1,2,0,train
G0044,C09,N2,3,COBYLA,256,0.7462308114035088,0.00106608752646,2,20,85,erdos_renyi,10043,0.4473684210526316,0,2,0,train
G0044,C10,N2,3,COBYLA,512,0.7474814967105263,0.0023017798866749,2,20,85,erdos_renyi,10043,0.4473684210526316,0,2,0,train
G0044,C11,N2,3,SPSA,256,0.7486293859649122,0.0057181058237399,2,20,85,erdos_renyi,10043,0.4473684210526316,1,2,0,train
G0044,C12,N2,3,SPSA,512,0.7465905975877193,0.0033194088892049,2,20,85,erdos_renyi,10043,0.4473684210526316,1,2,0,train
G0045,C01,N2,1,COBYLA,256,0.7052176339285714,0.0645156019665181,2,20,56,erdos_renyi,10044,0.2947368421052631,0,2,0,train
G0045,C02,N2,1,COBYLA,512,0.6786179315476191,0.0209133143989324,2,20,56,erdos_renyi,10044,0.2947368421052631,0,2,0,train
G0045,C03,N2,1,SPSA,256,0.6744791666666667,0.0189403602103539,2,20,56,erdos_renyi,10044,0.2947368421052631,1,2,0,train
G0045,C04,N2,1,SPSA,512,0.6633649553571429,0.0006576513961928,2,20,56,erdos_renyi,10044,0.2947368421052631,1,2,0,train
G0045,C05,N2,2,COBYLA,256,0.6723400297619048,0.0084179378712683,2,20,56,erdos_renyi,10044,0.2947368421052631,0,2,0,train
G0045,C06,N2,2,COBYLA,512,0.6669224330357142,0.0059517451355452,2,20,56,erdos_renyi,10044,0.2947368421052631,0,2,0,train
G0045,C07,N2,2,SPSA,256,0.6757347470238095,0.0037486129582992,2,20,56,erdos_renyi,10044,0.2947368421052631,1,2,0,train
G0045,C08,N2,2,SPSA,512,0.6727585565476191,0.0088782938486034,2,20,56,erdos_renyi,10044,0.2947368421052631,1,2,0,train
G0045,C09,N2,3,COBYLA,256,0.6755487351190477,0.0024333101659134,2,20,56,erdos_renyi,10044,0.2947368421052631,0,2,0,train
G0045,C10,N2,3,COBYLA,512,0.6765718005952381,0.0072341653581212,2,20,56,erdos_renyi,10044,0.2947368421052631,0,2,0,train
G0045,C11,N2,3,SPSA,256,0.6732700892857142,0.0010522422339085,2,20,56,erdos_renyi,10044,0.2947368421052631,1,2,0,train
G0045,C12,N2,3,SPSA,512,0.6702008928571428,0.0001972954188579,2,20,56,erdos_renyi,10044,0.2947368421052631,1,2,0,train
G0046,C01,N2,1,COBYLA,256,0.7070756392045454,0.0010671888565493,2,20,61,erdos_renyi,10045,0.3210526315789473,0,2,0,validation
G0046,C02,N2,1,COBYLA,512,0.6994185014204546,0.0130259816314105,2,20,61,erdos_renyi,10045,0.3210526315789473,0,2,0,validation
G0046,C03,N2,1,SPSA,256,0.7014382102272727,0.0209671222404392,2,20,61,erdos_renyi,10045,0.3210526315789473,1,2,0,validation
G0046,C04,N2,1,SPSA,512,0.6948908025568181,0.0002197153528189,2,20,61,erdos_renyi,10045,0.3210526315789473,1,2,0,validation
G0046,C05,N2,2,COBYLA,256,0.6993963068181819,0.0080353043316653,2,20,61,erdos_renyi,10045,0.3210526315789473,0,2,0,validation
G0046,C06,N2,2,COBYLA,512,0.7029696377840909,0.005367332190292,2,20,61,erdos_renyi,10045,0.3210526315789473,0,2,0,validation
G0046,C07,N2,2,SPSA,256,0.6993519176136364,0.0052103926525641,2,20,61,erdos_renyi,10045,0.3210526315789473,1,2,0,validation
G0046,C08,N2,2,SPSA,512,0.7014825994318181,0.0085375108523944,2,20,61,erdos_renyi,10045,0.3210526315789473,1,2,0,validation
G0046,C09,N2,3,COBYLA,256,0.6913174715909091,0.0041432037960149,2,20,61,erdos_renyi,10045,0.3210526315789473,0,2,0,validation
G0046,C10,N2,3,COBYLA,512,0.6873668323863636,0.0007533097810935,2,20,61,erdos_renyi,10045,0.3210526315789473,0,2,0,validation
G0046,C11,N2,3,SPSA,256,0.6921164772727273,0.0069053396600248,2,20,61,erdos_renyi,10045,0.3210526315789473,1,2,0,validation
G0046,C12,N2,3,SPSA,512,0.6940474076704546,0.00580676289593,2,20,61,erdos_renyi,10045,0.3210526315789473,1,2,0,validation
G0047,C01,N2,1,COBYLA,256,0.69,0.0165728151840597,2,20,68,erdos_renyi,10046,0.3578947368421052,0,2,0,train
G0047,C02,N2,1,COBYLA,512,0.68677734375,0.0126782036158057,2,20,68,erdos_renyi,10046,0.3578947368421052,0,2,0,train
G0047,C03,N2,1,SPSA,256,0.6930468750000001,0.0223180577812004,2,20,68,erdos_renyi,10046,0.3578947368421052,1,2,0,train
G0047,C04,N2,1,SPSA,512,0.6902734374999999,0.0149707763829339,2,20,68,erdos_renyi,10046,0.3578947368421052,1,2,0,train
G0047,C05,N2,2,COBYLA,256,0.6861328125,0.005027087272498,2,20,68,erdos_renyi,10046,0.3578947368421052,0,2,0,train
G0047,C06,N2,2,COBYLA,512,0.716484375,0.0346924264519649,2,20,68,erdos_renyi,10046,0.3578947368421052,0,2,0,train
G0047,C07,N2,2,SPSA,256,0.7093359375,0.0222628150639202,2,20,68,erdos_renyi,10046,0.3578947368421052,1,2,0,train
G0047,C08,N2,2,SPSA,512,0.691875,0.0090045629166724,2,20,68,erdos_renyi,10046,0.3578947368421052,1,2,0,train
G0047,C09,N2,3,COBYLA,256,0.6783984375000001,0.0040327183614545,2,20,68,erdos_renyi,10046,0.3578947368421052,0,2,0,train
G0047,C10,N2,3,COBYLA,512,0.6769921875,0.0041432037960149,2,20,68,erdos_renyi,10046,0.3578947368421052,0,2,0,train
G0047,C11,N2,3,SPSA,256,0.6800781250000001,0.0035355339059327,2,20,68,erdos_renyi,10046,0.3578947368421052,1,2,0,train
G0047,C12,N2,3,SPSA,512,0.68177734375,0.0013534465733649,2,20,68,erdos_renyi,10046,0.3578947368421052,1,2,0,train
G0048,C01,N2,1,COBYLA,256,0.6749493634259259,0.0002557533207417,2,20,73,erdos_renyi,10047,0.3842105263157894,0,2,0,test
G0048,C02,N2,1,COBYLA,512,0.6766493055555556,0.0036828478186799,2,20,73,erdos_renyi,10047,0.3842105263157894,0,2,0,test
G0048,C03,N2,1,SPSA,256,0.6786024305555556,0.0051150664148332,2,20,73,erdos_renyi,10047,0.3842105263157894,1,2,0,test
G0048,C04,N2,1,SPSA,512,0.6802842881944444,0.0037595738149024,2,20,73,erdos_renyi,10047,0.3842105263157894,1,2,0,test
G0048,C05,N2,2,COBYLA,256,0.6795066550925926,0.0040409024677182,2,20,73,erdos_renyi,10047,0.3842105263157894,0,2,0,test
G0048,C06,N2,2,COBYLA,512,0.6816767939814814,0.0055754223921682,2,20,73,erdos_renyi,10047,0.3842105263157894,0,2,0,test
G0048,C07,N2,2,SPSA,256,0.6805193865740741,0.0028132865281583,2,20,73,erdos_renyi,10047,0.3842105263157894,1,2,0,test
G0048,C08,N2,2,SPSA,512,0.6818757233796295,0.0021739032263041,2,20,73,erdos_renyi,10047,0.3842105263157894,1,2,0,test
G0048,C09,N2,3,COBYLA,256,0.681712962962963,0.0013299172678567,2,20,73,erdos_renyi,10047,0.3842105263157894,0,2,0,test
G0048,C10,N2,3,COBYLA,512,0.6834671585648149,0.0039641764714958,2,20,73,erdos_renyi,10047,0.3842105263157894,0,2,0,test
G0048,C11,N2,3,SPSA,256,0.6808810763888888,0.0015856705885983,2,20,73,erdos_renyi,10047,0.3842105263157894,1,2,0,test
G0048,C12,N2,3,SPSA,512,0.6807906539351851,7.672599622259896e-05,2,20,73,erdos_renyi,10047,0.3842105263157894,1,2,0,test
G0049,C01,N2,1,COBYLA,256,0.6805121527777778,0.0034987054277458,2,20,61,erdos_renyi,10048,0.3210526315789473,0,2,0,test
G0049,C02,N2,1,COBYLA,512,0.6855251736111111,0.0119999458091987,2,20,61,erdos_renyi,10048,0.3210526315789473,0,2,0,test
G0049,C03,N2,1,SPSA,256,0.6708333333333334,0.0012276159395598,2,20,61,erdos_renyi,10048,0.3210526315789473,1,2,0,test
G0049,C04,N2,1,SPSA,512,0.6738498263888889,0.001442448728983,2,20,61,erdos_renyi,10048,0.3210526315789473,1,2,0,test
G0049,C05,N2,2,COBYLA,256,0.6860677083333333,0.0041125133975259,2,20,61,erdos_renyi,10048,0.3210526315789473,0,2,0,test
G0049,C06,N2,2,COBYLA,512,0.6863932291666667,0.0009514023531589,2,20,61,erdos_renyi,10048,0.3210526315789473,0,2,0,test
G0049,C07,N2,2,SPSA,256,0.6846354166666666,0.0076112188252718,2,20,61,erdos_renyi,10048,0.3210526315789473,1,2,0,test
G0049,C08,N2,2,SPSA,512,0.6840928819444445,0.0006444983682689,2,20,61,erdos_renyi,10048,0.3210526315789473,1,2,0,test
G0049,C09,N2,3,COBYLA,256,0.683984375,0.0007979503607139,2,20,61,erdos_renyi,10048,0.3210526315789473,0,2,0,test
G0049,C10,N2,3,COBYLA,512,0.6807074652777778,0.0005217367743129,2,20,61,erdos_renyi,10048,0.3210526315789473,0,2,0,test
G0049,C11,N2,3,SPSA,256,0.6831163194444445,0.0026393742700539,2,20,61,erdos_renyi,10048,0.3210526315789473,1,2,0,test
G0049,C12,N2,3,SPSA,512,0.6850477430555555,0.0091764291482108,2,20,61,erdos_renyi,10048,0.3210526315789473,1,2,0,test
G0050,C01,N2,1,COBYLA,256,0.6738757621951219,0.0068716550763173,2,20,55,erdos_renyi,10049,0.2894736842105263,0,2,0,test
G0050,C02,N2,1,COBYLA,512,0.6762576219512195,0.0059284867325091,2,20,55,erdos_renyi,10049,0.2894736842105263,0,2,0,test
G0050,C03,N2,1,SPSA,256,0.6713986280487805,0.0055242717280199,2,20,55,erdos_renyi,10049,0.2894736842105263,1,2,0,test
G0050,C04,N2,1,SPSA,512,0.6735899390243902,0.0001347383348297,2,20,55,erdos_renyi,10049,0.2894736842105263,1,2,0,test
G0050,C05,N2,2,COBYLA,256,0.6697789634146342,0.0010779066786379,2,20,55,erdos_renyi,10049,0.2894736842105263,0,2,0,test
G0050,C06,N2,2,COBYLA,512,0.6741139481707317,0.0020210750224463,2,20,55,erdos_renyi,10049,0.2894736842105263,0,2,0,test
G0050,C07,N2,2,SPSA,256,0.6678734756097562,0.0033684583707438,2,20,55,erdos_renyi,10049,0.2894736842105263,1,2,0,test
G0050,C08,N2,2,SPSA,512,0.6724466463414633,0.0004042150044893,2,20,55,erdos_renyi,10049,0.2894736842105263,1,2,0,test
G0050,C09,N2,3,COBYLA,256,0.6695884146341463,0.0005389533393189,2,20,55,erdos_renyi,10049,0.2894736842105263,0,2,0,test
G0050,C10,N2,3,COBYLA,512,0.6705887957317074,0.0046484725516263,2,20,55,erdos_renyi,10049,0.2894736842105263,0,2,0,test
G0050,C11,N2,3,SPSA,256,0.6690167682926829,0.0039074117100627,2,20,55,erdos_renyi,10049,0.2894736842105263,1,2,0,test
G0050,C12,N2,3,SPSA,512,0.6742092225609756,0.0044463650493819,2,20,55,erdos_renyi,10049,0.2894736842105263,1,2,0,test
G0051,C01,N2,1,COBYLA,256,0.7731584821428572,0.0879937568106027,2,10,20,random_regular,10050,0.4444444444444444,0,2,1,train
G0051,C02,N2,1,COBYLA,512,0.7659040178571428,0.0631345340345131,2,10,20,random_regular,10050,0.4444444444444444,0,2,1,train
G0051,C03,N2,1,SPSA,256,0.7804129464285714,0.0808911217317199,2,10,20,random_regular,10050,0.4444444444444444,1,2,1,train
G0051,C04,N2,1,SPSA,512,0.77734375,0.0891775293237498,2,10,20,random_regular,10050,0.4444444444444444,1,2,1,train
G0051,C05,N2,2,COBYLA,256,0.7726004464285714,0.0209133143989325,2,10,20,random_regular,10050,0.4444444444444444,0,2,1,train
G0051,C06,N2,2,COBYLA,512,0.7855747767857142,0.0065107488223091,2,10,20,random_regular,10050,0.4444444444444444,0,2,1,train
G0051,C07,N2,2,SPSA,256,0.7606026785714286,0.0086809984297455,2,10,20,random_regular,10050,0.4444444444444444,1,2,1,train
G0051,C08,N2,2,SPSA,512,0.7533482142857142,0.0639237157099446,2,10,20,random_regular,10050,0.4444444444444444,1,2,1,train
G0051,C09,N2,3,COBYLA,256,0.7502790178571428,0.0501130363898948,2,10,20,random_regular,10050,0.4444444444444444,0,2,1,train
G0051,C10,N2,3,COBYLA,512,0.7462332589285714,0.0542562401859097,2,10,20,random_regular,10050,0.4444444444444444,0,2,1,train
G0051,C11,N2,3,SPSA,256,0.7625558035714286,0.0666858515739544,2,10,20,random_regular,10050,0.4444444444444444,1,2,1,train
G0051,C12,N2,3,SPSA,512,0.7575334821428572,0.0560318989556304,2,10,20,random_regular,10050,0.4444444444444444,1,2,1,train
G0052,C01,N2,1,COBYLA,256,0.631103515625,0.0224423538950808,2,10,20,random_regular,10051,0.4444444444444444,0,2,1,train
G0052,C02,N2,1,COBYLA,512,0.6417236328125,0.0229602543695827,2,10,20,random_regular,10051,0.4444444444444444,0,2,1,train
G0052,C03,N2,1,SPSA,256,0.722900390625,0.0031074028470111,2,10,20,random_regular,10051,0.4444444444444444,1,2,1,train
G0052,C04,N2,1,SPSA,512,0.7327880859375,0.0008631674575031,2,10,20,random_regular,10051,0.4444444444444444,1,2,1,train
G0052,C05,N2,2,COBYLA,256,0.69482421875,0.0096674755240348,2,10,20,random_regular,10051,0.4444444444444444,0,2,1,train
G0052,C06,N2,2,COBYLA,512,0.7021484375,0.0172633491500621,2,10,20,random_regular,10051,0.4444444444444444,0,2,1,train
G0052,C07,N2,2,SPSA,256,0.680419921875,0.0058695387110211,2,10,20,random_regular,10051,0.4444444444444444,1,2,1,train
G0052,C08,N2,2,SPSA,512,0.709228515625,0.010012742507036,2,10,20,random_regular,10051,0.4444444444444444,1,2,1,train
G0052,C09,N2,3,COBYLA,256,0.66162109375,0.0690533966002487,2,10,20,random_regular,10051,0.4444444444444444,0,2,1,train
G0052,C10,N2,3,COBYLA,512,0.6956787109375,0.0236507883355852,2,10,20,random_regular,10051,0.4444444444444444,0,2,1,train
G0052,C11,N2,3,SPSA,256,0.658203125,0.0379793681301368,2,10,20,random_regular,10051,0.4444444444444444,1,2,1,train
G0052,C12,N2,3,SPSA,512,0.67529296875,0.0569690521952052,2,10,20,random_regular,10051,0.4444444444444444,1,2,1,train
G0053,C01,N2,1,COBYLA,256,0.70751953125,0.0580048531442089,2,10,20,random_regular,10052,0.4444444444444444,0,2,1,train
G0053,C02,N2,1,COBYLA,512,0.739013671875,0.0020716018980074,2,10,20,random_regular,10052,0.4444444444444444,0,2,1,train
G0053,C03,N2,1,SPSA,256,0.748046875,0.0006905339660024,2,10,20,random_regular,10052,0.4444444444444444,1,2,1,train
G0053,C04,N2,1,SPSA,512,0.7406005859375,0.0018989684065068,2,10,20,random_regular,10052,0.4444444444444444,1,2,1,train
G0053,C05,N2,2,COBYLA,256,0.716064453125,0.011393810439041,2,10,20,random_regular,10052,0.4444444444444444,0,2,1,train
G0053,C06,N2,2,COBYLA,512,0.7054443359375,0.0025895023725093,2,10,20,random_regular,10052,0.4444444444444444,0,2,1,train
G0053,C07,N2,2,SPSA,256,0.728759765625,0.0459205087391654,2,10,20,random_regular,10052,0.4444444444444444,1,2,1,train
G0053,C08,N2,2,SPSA,512,0.6942138671875,0.0108759099645391,2,10,20,random_regular,10052,0.4444444444444444,1,2,1,train
G0053,C09,N2,3,COBYLA,256,0.68115234375,0.0517900474501865,2,10,20,random_regular,10052,0.4444444444444444,0,2,1,train
G0053,C10,N2,3,COBYLA,512,0.6732177734375,0.0657733602617369,2,10,20,random_regular,10052,0.4444444444444444,0,2,1,train
G0053,C11,N2,3,SPSA,256,0.6591796875,0.0545521833141965,2,10,20,random_regular,10052,0.4444444444444444,1,2,1,train
G0053,C12,N2,3,SPSA,512,0.6767578125,0.0286571595891032,2,10,20,random_regular,10052,0.4444444444444444,1,2,1,train
G0054,C01,N2,1,COBYLA,256,0.6748046875,0.084935677818306,2,10,20,random_regular,10053,0.4444444444444444,0,2,1,train
G0054,C02,N2,1,COBYLA,512,0.7164306640625,0.0143285797945516,2,10,20,random_regular,10053,0.4444444444444444,0,2,1,train
G0054,C03,N2,1,SPSA,256,0.679931640625,0.0818282749712948,2,10,20,random_regular,10053,0.4444444444444444,1,2,1,train
G0054,C04,N2,1,SPSA,512,0.694580078125,0.0662912607362388,2,10,20,random_regular,10053,0.4444444444444444,1,2,1,train
G0054,C05,N2,2,COBYLA,256,0.680419921875,0.0189896840650684,2,10,20,random_regular,10053,0.4444444444444444,0,2,1,train
G0054,C06,N2,2,COBYLA,512,0.7032470703125,0.0084590410835304,2,10,20,random_regular,10053,0.4444444444444444,0,2,1,train
G0054,C07,N2,2,SPSA,256,0.726318359375,0.039705703045143,2,10,20,random_regular,10053,0.4444444444444444,1,2,1,train
G0054,C08,N2,2,SPSA,512,0.6663818359375,0.047474210162671,2,10,20,random_regular,10053,0.4444444444444444,1,2,1,train
G0054,C09,N2,3,COBYLA,256,0.662841796875,0.0555879842632002,2,10,20,random_regular,10053,0.4444444444444444,0,2,1,train
G0054,C10,N2,3,COBYLA,512,0.6729736328125,0.074405034836768,2,10,20,random_regular,10053,0.4444444444444444,0,2,1,train
G0054,C11,N2,3,SPSA,256,0.658447265625,0.039705703045143,2,10,20,random_regular,10053,0.4444444444444444,1,2,1,train
G0054,C12,N2,3,SPSA,512,0.65576171875,0.0376341011471355,2,10,20,random_regular,10053,0.4444444444444444,1,2,1,train
G0055,C01,N2,1,COBYLA,256,0.6508246527777778,0.0070587916524698,2,10,20,random_regular,10054,0.4444444444444444,0,2,1,train
G0055,C02,N2,1,COBYLA,512,0.5877821180555556,0.0385164501036943,2,10,20,random_regular,10054,0.4444444444444444,0,2,1,train
G0055,C03,N2,1,SPSA,256,0.65625,0.00061380796978,2,10,20,random_regular,10054,0.4444444444444444,1,2,1,train
G0055,C04,N2,1,SPSA,512,0.6584201388888888,0.0024552318791199,2,10,20,random_regular,10054,0.4444444444444444,1,2,1,train
G0055,C05,N2,2,COBYLA,256,0.6323784722222222,0.00184142390934,2,10,20,random_regular,10054,0.4444444444444444,0,2,1,train
G0055,C06,N2,2,COBYLA,512,0.6324869791666667,0.0050639157506849,2,10,20,random_regular,10054,0.4444444444444444,0,2,1,train
G0055,C07,N2,2,SPSA,256,0.6204427083333333,0.0672119726909088,2,10,20,random_regular,10054,0.4444444444444444,1,2,1,train
G0055,C08,N2,2,SPSA,512,0.5928819444444444,0.0328387263832294,2,10,20,random_regular,10054,0.4444444444444444,1,2,1,train
G0055,C09,N2,3,COBYLA,256,0.6046006944444444,0.0742707643433787,2,10,20,random_regular,10054,0.4444444444444444,0,2,1,train
G0055,C10,N2,3,COBYLA,512,0.6251085069444444,0.053861649348194,2,10,20,random_regular,10054,0.4444444444444444,0,2,1,train
G0055,C11,N2,3,SPSA,256,0.5837673611111112,0.052787485401079,2,10,20,random_regular,10054,0.4444444444444444,1,2,1,train
G0055,C12,N2,3,SPSA,512,0.6004774305555556,0.0586186611139889,2,10,20,random_regular,10054,0.4444444444444444,1,2,1,train
G0056,C01,N2,1,COBYLA,256,0.681884765625,0.0645649258212326,2,10,20,random_regular,10055,0.4444444444444444,0,2,1,train
G0056,C02,N2,1,COBYLA,512,0.6865234375,0.0407415039941467,2,10,20,random_regular,10055,0.4444444444444444,0,2,1,train
G0056,C03,N2,1,SPSA,256,0.71484375,0.0200254850140721,2,10,20,random_regular,10055,0.4444444444444444,1,2,1,train
G0056,C04,N2,1,SPSA,512,0.683349609375,0.0669817947022413,2,10,20,random_regular,10055,0.4444444444444444,1,2,1,train
G0056,C05,N2,2,COBYLA,256,0.691162109375,0.0017263349150062,2,10,20,random_regular,10055,0.4444444444444444,0,2,1,train
G0056,C06,N2,2,COBYLA,512,0.69921875,0.0044884707790161,2,10,20,random_regular,10055,0.4444444444444444,0,2,1,train
G0056,C07,N2,2,SPSA,256,0.688232421875,0.0072506066430261,2,10,20,random_regular,10055,0.4444444444444444,1,2,1,train
G0056,C08,N2,2,SPSA,512,0.662353515625,0.0479921106371729,2,10,20,random_regular,10055,0.4444444444444444,1,2,1,train
G0056,C09,N2,3,COBYLA,256,0.6650390625,0.0573143191782064,2,10,20,random_regular,10055,0.4444444444444444,0,2,1,train
G0056,C10,N2,3,COBYLA,512,0.6627197265625,0.0567964187037046,2,10,20,random_regular,10055,0.4444444444444444,0,2,1,train
G0056,C11,N2,3,SPSA,256,0.655517578125,0.0452299747731629,2,10,20,random_regular,10055,0.4444444444444444,1,2,1,train
G0056,C12,N2,3,SPSA,512,0.664794921875,0.0569690521952052,2,10,20,random_regular,10055,0.4444444444444444,1,2,1,train
G0057,C01,N2,1,COBYLA,256,0.67236328125,0.0725060664302612,2,10,20,random_regular,10056,0.4444444444444444,0,2,1,validation
G0057,C02,N2,1,COBYLA,512,0.6890869140625,0.077167170700778,2,10,20,random_regular,10056,0.4444444444444444,0,2,1,validation
G0057,C03,N2,1,SPSA,256,0.680908203125,0.0832093429032997,2,10,20,random_regular,10056,0.4444444444444444,1,2,1,validation
G0057,C04,N2,1,SPSA,512,0.68603515625,0.0790661391072848,2,10,20,random_regular,10056,0.4444444444444444,1,2,1,validation
G0057,C05,N2,2,COBYLA,256,0.7041015625,0.0020716018980074,2,10,20,random_regular,10056,0.4444444444444444,0,2,1,validation
G0057,C06,N2,2,COBYLA,512,0.6859130859375,0.0146738467775528,2,10,20,random_regular,10056,0.4444444444444444,0,2,1,validation
G0057,C07,N2,2,SPSA,256,0.661865234375,0.0507542465011828,2,10,20,random_regular,10056,0.4444444444444444,1,2,1,validation
G0057,C08,N2,2,SPSA,512,0.65625,0.0504089795181816,2,10,20,random_regular,10056,0.4444444444444444,1,2,1,validation
G0057,C09,N2,3,COBYLA,256,0.666015625,0.0614575229742214,2,10,20,random_regular,10056,0.4444444444444444,0,2,1,validation
G0057,C10,N2,3,COBYLA,512,0.7264404296875,0.0150191137605541,2,10,20,random_regular,10056,0.4444444444444444,0,2,1,validation
G0057,C11,N2,3,SPSA,256,0.66357421875,0.0676723286682438,2,10,20,random_regular,10056,0.4444444444444444,1,2,1,validation
G0057,C12,N2,3,SPSA,512,0.659423828125,0.028311892606102,2,10,20,random_regular,10056,0.4444444444444444,1,2,1,validation
G0058,C01,N2,1,COBYLA,256,0.72998046875,0.0124296113880447,2,10,20,random_regular,10057,0.4444444444444444,0,2,1,train
G0058,C02,N2,1,COBYLA,512,0.7293701171875,0.0091495750495329,2,10,20,random_regular,10057,0.4444444444444444,0,2,1,train
G0058,C03,N2,1,SPSA,256,0.736572265625,0.0044884707790161,2,10,20,random_regular,10057,0.4444444444444444,1,2,1,train
G0058,C04,N2,1,SPSA,512,0.7293701171875,0.0215791864375777,2,10,20,random_regular,10057,0.4444444444444444,1,2,1,train
G0058,C05,N2,2,COBYLA,256,0.676513671875,0.0093222085410335,2,10,20,random_regular,10057,0.4444444444444444,0,2,1,train
G0058,C06,N2,2,COBYLA,512,0.69384765625,0.0017263349150062,2,10,20,random_regular,10057,0.4444444444444444,0,2,1,train
G0058,C07,N2,2,SPSA,256,0.710693359375,0.0093222085410335,2,10,20,random_regular,10057,0.4444444444444444,1,2,1,train
G0058,C08,N2,2,SPSA,512,0.72021484375,0.0169180821670609,2,10,20,random_regular,10057,0.4444444444444444,1,2,1,train
G0058,C09,N2,3,COBYLA,256,0.671875,0.0897694155803234,2,10,20,random_regular,10057,0.4444444444444444,0,2,1,train
G0058,C10,N2,3,COBYLA,512,0.72265625,0.0203707519970733,2,10,20,random_regular,10057,0.4444444444444444,0,2,1,train
G0058,C11,N2,3,SPSA,256,0.66552734375,0.0407415039941467,2,10,20,random_regular,10057,0.4444444444444444,1,2,1,train
G0058,C12,N2,3,SPSA,512,0.662353515625,0.0466110427051679,2,10,20,random_regular,10057,0.4444444444444444,1,2,1,train
G0059,C01,N2,1,COBYLA,256,0.6032986111111112,0.057697949159319,2,10,20,random_regular,10058,0.4444444444444444,0,2,1,train
G0059,C02,N2,1,COBYLA,512,0.6620008680555556,0.0001534519924449,2,10,20,random_regular,10058,0.4444444444444444,0,2,1,train
G0059,C03,N2,1,SPSA,256,0.6182725694444444,0.0659843567513488,2,10,20,random_regular,10058,0.4444444444444444,1,2,1,train
G0059,C04,N2,1,SPSA,512,0.6156684027777778,0.0702810125398088,2,10,20,random_regular,10058,0.4444444444444444,1,2,1,train
G0059,C05,N2,2,COBYLA,256,0.6506076388888888,0.0214832789422996,2,10,20,random_regular,10058,0.4444444444444444,0,2,1,train
G0059,C06,N2,2,COBYLA,512,0.6212022569444444,0.0409716819828143,2,10,20,random_regular,10058,0.4444444444444444,0,2,1,train
G0059,C07,N2,2,SPSA,256,0.6286892361111112,0.0788743241167286,2,10,20,random_regular,10058,0.4444444444444444,1,2,1,train
G0059,C08,N2,2,SPSA,512,0.6161024305555556,0.0690533966002487,2,10,20,random_regular,10058,0.4444444444444444,1,2,1,train
G0059,C09,N2,3,COBYLA,256,0.6245659722222222,0.0282351666098795,2,10,20,random_regular,10058,0.4444444444444444,0,2,1,train
G0059,C10,N2,3,COBYLA,512,0.6667751736111112,0.0182607871009547,2,10,20,random_regular,10058,0.4444444444444444,0,2,1,train
G0059,C11,N2,3,SPSA,256,0.5978732638888888,0.0678257806606888,2,10,20,random_regular,10058,0.4444444444444444,1,2,1,train
G0059,C12,N2,3,SPSA,512,0.5980902777777777,0.0632222208873389,2,10,20,random_regular,10058,0.4444444444444444,1,2,1,train
G0060,C01,N2,1,COBYLA,256,0.66845703125,0.0870072797163134,2,10,20,random_regular,10059,0.4444444444444444,0,2,1,train
G0060,C02,N2,1,COBYLA,512,0.6639404296875,0.0726786999217618,2,10,20,random_regular,10059,0.4444444444444444,0,2,1,train
G0060,C03,N2,1,SPSA,256,0.672119140625,0.0880430806653172,2,10,20,random_regular,10059,0.4444444444444444,1,2,1,train
G0060,C04,N2,1,SPSA,512,0.6815185546875,0.0654280932787357,2,10,20,random_regular,10059,0.4444444444444444,1,2,1,train
G0060,C05,N2,2,COBYLA,256,0.684326171875,0.0300382275211082,2,10,20,random_regular,10059,0.4444444444444444,0,2,1,train
G0060,C06,N2,2,COBYLA,512,0.6881103515625,0.0101853759985366,2,10,20,random_regular,10059,0.4444444444444444,0,2,1,train
G0060,C07,N2,2,SPSA,256,0.667236328125,0.0376341011471355,2,10,20,random_regular,10059,0.4444444444444444,1,2,1,train
G0060,C08,N2,2,SPSA,512,0.6829833984375,0.0740597678537668,2,10,20,random_regular,10059,0.4444444444444444,1,2,1,train
G0060,C09,N2,3,COBYLA,256,0.69189453125,0.0545521833141965,2,10,20,random_regular,10059,0.4444444444444444,0,2,1,train
G0060,C10,N2,3,COBYLA,512,0.681884765625,0.0624933239232251,2,10,20,random_regular,10059,0.4444444444444444,0,2,1,train
G0060,C11,N2,3,SPSA,256,0.6572265625,0.0462657757221666,2,10,20,random_regular,10059,0.4444444444444444,1,2,1,train
G0060,C12,N2,3,SPSA,512,0.6898193359375,0.0315919289446138,2,10,20,random_regular,10059,0.4444444444444444,1,2,1,train
G0061,C01,N2,1,COBYLA,256,0.7248263888888888,0.0865469237389784,2,12,24,random_regular,10060,0.3636363636363636,0,2,1,train
G0061,C02,N2,1,COBYLA,512,0.7260199652777778,0.0860865677616435,2,12,24,random_regular,10060,0.3636363636363636,0,2,1,train
G0061,C03,N2,1,SPSA,256,0.73046875,0.0853193077994185,2,12,24,random_regular,10060,0.3636363636363636,1,2,1,train
G0061,C04,N2,1,SPSA,512,0.7888454861111112,0.00030690398489,2,12,24,random_regular,10060,0.3636363636363636,1,2,1,train
G0061,C05,N2,2,COBYLA,256,0.7454427083333333,0.0174935271387297,2,12,24,random_regular,10060,0.3636363636363636,0,2,1,train
G0061,C06,N2,2,COBYLA,512,0.7464192708333333,0.0023017798866749,2,12,24,random_regular,10060,0.3636363636363636,0,2,1,train
G0061,C07,N2,2,SPSA,256,0.7309027777777777,0.0748845723131587,2,12,24,random_regular,10060,0.3636363636363636,1,2,1,train
G0061,C08,N2,2,SPSA,512,0.7160373263888888,0.0372888341641343,2,12,24,random_regular,10060,0.3636363636363636,1,2,1,train
G0061,C09,N2,3,COBYLA,256,0.7176649305555556,0.0635291248722288,2,12,24,random_regular,10060,0.3636363636363636,0,2,1,train
G0061,C10,N2,3,COBYLA,512,0.7294921875,0.0078260516146948,2,12,24,random_regular,10060,0.3636363636363636,0,2,1,train
G0061,C11,N2,3,SPSA,256,0.6940104166666666,0.0,2,12,24,random_regular,10060,0.3636363636363636,1,2,1,train
G0061,C12,N2,3,SPSA,512,0.7077907986111112,0.0299231385267744,2,12,24,random_regular,10060,0.3636363636363636,1,2,1,train
G0062,C01,N2,1,COBYLA,256,0.6585937500000001,0.0872834933027144,2,12,24,random_regular,10061,0.3636363636363636,0,2,1,train
G0062,C02,N2,1,COBYLA,512,0.71787109375,0.0042813105892154,2,12,24,random_regular,10061,0.3636363636363636,0,2,1,train
G0062,C03,N2,1,SPSA,256,0.716796875,0.001657281518406,2,12,24,random_regular,10061,0.3636363636363636,1,2,1,train
G0062,C04,N2,1,SPSA,512,0.7228515625,0.0022097086912079,2,12,24,random_regular,10061,0.3636363636363636,1,2,1,train
G0062,C05,N2,2,COBYLA,256,0.674609375,0.0049718445552179,2,12,24,random_regular,10061,0.3636363636363636,0,2,1,train
G0062,C06,N2,2,COBYLA,512,0.6802734374999999,0.0127058249744457,2,12,24,random_regular,10061,0.3636363636363636,0,2,1,train
G0062,C07,N2,2,SPSA,256,0.657421875,0.0751300955010706,2,12,24,random_regular,10061,0.3636363636363636,1,2,1,train
G0062,C08,N2,2,SPSA,512,0.66650390625,0.0832783962998999,2,12,24,random_regular,10061,0.3636363636363636,1,2,1,train
G0062,C09,N2,3,COBYLA,256,0.6556640625,0.0847975710251054,2,12,24,random_regular,10061,0.3636363636363636,0,2,1,train
G0062,C10,N2,3,COBYLA,512,0.6568359374999999,0.0715393188778577,2,12,24,random_regular,10061,0.3636363636363636,0,2,1,train
G0062,C11,N2,3,SPSA,256,0.6556640625000001,0.0024859222776089,2,12,24,random_regular,10061,0.3636363636363636,1,2,1,train
G0062,C12,N2,3,SPSA,512,0.6412109374999999,0.0383936885097383,2,12,24,random_regular,10061,0.3636363636363636,1,2,1,train
G0063,C01,N2,1,COBYLA,256,0.6638671875,0.0571762123850059,2,12,24,random_regular,10062,0.3636363636363636,0,2,1,train
G0063,C02,N2,1,COBYLA,512,0.7025390625000001,0.0127058249744457,2,12,24,random_regular,10062,0.3636363636363636,0,2,1,train
G0063,C03,N2,1,SPSA,256,0.6525390625,0.0930839786171353,2,12,24,random_regular,10062,0.3636363636363636,1,2,1,train
G0063,C04,N2,1,SPSA,512,0.702734375,0.0104961162832378,2,12,24,random_regular,10062,0.3636363636363636,1,2,1,train
G0063,C05,N2,2,COBYLA,256,0.6480468749999999,0.0259640771216935,2,12,24,random_regular,10062,0.3636363636363636,0,2,1,train
G0063,C06,N2,2,COBYLA,512,0.6787109375,0.0171252423568616,2,12,24,random_regular,10062,0.3636363636363636,0,2,1,train
G0063,C07,N2,2,SPSA,256,0.6443359375,0.0494422319657781,2,12,24,random_regular,10062,0.3636363636363636,1,2,1,train
G0063,C08,N2,2,SPSA,512,0.63955078125,0.0332837371613199,2,12,24,random_regular,10062,0.3636363636363636,1,2,1,train
G0063,C09,N2,3,COBYLA,256,0.698828125,0.0055242717280199,2,12,24,random_regular,10062,0.3636363636363636,0,2,1,train
G0063,C10,N2,3,COBYLA,512,0.703515625,0.0240305820168865,2,12,24,random_regular,10062,0.3636363636363636,0,2,1,train
G0063,C11,N2,3,SPSA,256,0.6402343749999999,0.0430893194785552,2,12,24,random_regular,10062,0.3636363636363636,1,2,1,train
G0063,C12,N2,3,SPSA,512,0.6833984375,0.0215446597392775,2,12,24,random_regular,10062,0.3636363636363636,1,2,1,train
G0064,C01,N2,1,COBYLA,256,0.670703125,0.0646339792178329,2,12,24,random_regular,10063,0.3636363636363636,0,2,1,train
G0064,C02,N2,1,COBYLA,512,0.66044921875,0.0852118914047069,2,12,24,random_regular,10063,0.3636363636363636,0,2,1,train
G0064,C03,N2,1,SPSA,256,0.65546875,0.0839689302659024,2,12,24,random_regular,10063,0.3636363636363636,1,2,1,train
G0064,C04,N2,1,SPSA,512,0.7189453125,0.0027621358640099,2,12,24,random_regular,10063,0.3636363636363636,1,2,1,train
G0064,C05,N2,2,COBYLA,256,0.6939453125,0.0035907766232129,2,12,24,random_regular,10063,0.3636363636363636,0,2,1,train
G0064,C06,N2,2,COBYLA,512,0.689453125,0.0074577668328268,2,12,24,random_regular,10063,0.3636363636363636,0,2,1,train
G0064,C07,N2,2,SPSA,256,0.6468750000000001,0.0430893194785551,2,12,24,random_regular,10063,0.3636363636363636,1,2,1,train
G0064,C08,N2,2,SPSA,512,0.69482421875,0.0526186882093896,2,12,24,random_regular,10063,0.3636363636363636,1,2,1,train
G0064,C09,N2,3,COBYLA,256,0.7015625,0.0110485434560398,2,12,24,random_regular,10063,0.3636363636363636,0,2,1,train
G0064,C10,N2,3,COBYLA,512,0.7191406250000001,0.0113247570424408,2,12,24,random_regular,10063,0.3636363636363636,0,2,1,train
G0064,C11,N2,3,SPSA,256,0.6392578125,0.0284499993993025,2,12,24,random_regular,10063,0.3636363636363636,1,2,1,train
G0064,C12,N2,3,SPSA,512,0.6416015625,0.0220970869120796,2,12,24,random_regular,10063,0.3636363636363636,1,2,1,train
G0065,C01,N2,1,COBYLA,256,0.7254774305555556,0.0825571719354085,2,12,24,random_regular,10064,0.3636363636363636,0,2,1,train
G0065,C02,N2,1,COBYLA,512,0.6755642361111112,0.0153451992444998,2,12,24,random_regular,10064,0.3636363636363636,0,2,1,train
G0065,C03,N2,1,SPSA,256,0.7899305555555556,0.0055242717280199,2,12,24,random_regular,10064,0.3636363636363636,1,2,1,train
G0065,C04,N2,1,SPSA,512,0.7853732638888888,0.0024552318791199,2,12,24,random_regular,10064,0.3636363636363636,1,2,1,train
G0065,C05,N2,2,COBYLA,256,0.73046875,0.0159590072142797,2,12,24,random_regular,10064,0.3636363636363636,0,2,1,train
G0065,C06,N2,2,COBYLA,512,0.7400173611111112,0.0119692554107098,2,12,24,random_regular,10064,0.3636363636363636,0,2,1,train
G0065,C07,N2,2,SPSA,256,0.7133246527777778,0.0567772372046489,2,12,24,random_regular,10064,0.3636363636363636,1,2,1,train
G0065,C08,N2,2,SPSA,512,0.7058376736111112,0.0412785859677041,2,12,24,random_regular,10064,0.3636363636363636,1,2,1,train
G0065,C09,N2,3,COBYLA,256,0.7254774305555556,0.0708948205095886,2,12,24,random_regular,10064,0.3636363636363636,0,2,1,train
G0065,C10,N2,3,COBYLA,512,0.72265625,0.0712017244944787,2,12,24,random_regular,10064,0.3636363636363636,0,2,1,train
G0065,C11,N2,3,SPSA,256,0.7170138888888888,0.058311757129099,2,12,24,random_regular,10064,0.3636363636363636,1,2,1,train
G0065,C12,N2,3,SPSA,512,0.6949869791666667,0.0412785859677041,2,12,24,random_regular,10064,0.3636363636363636,1,2,1,train
G0066,C01,N2,1,COBYLA,256,0.7335069444444444,0.0871607317087584,2,12,24,random_regular,10065,0.3636363636363636,0,2,1,validation
G0066,C02,N2,1,COBYLA,512,0.7296006944444444,0.0877745396785384,2,12,24,random_regular,10065,0.3636363636363636,0,2,1,validation
G0066,C03,N2,1,SPSA,256,0.7918836805555556,0.0021483278942299,2,12,24,random_regular,10065,0.3636363636363636,1,2,1,validation
G0066,C04,N2,1,SPSA,512,0.7890625,0.0046035597733499,2,12,24,random_regular,10065,0.3636363636363636,1,2,1,validation
G0066,C05,N2,2,COBYLA,256,0.7393663194444444,0.0150382952596097,2,12,24,random_regular,10065,0.3636363636363636,0,2,1,validation
G0066,C06,N2,2,COBYLA,512,0.7393663194444444,0.0095140235315898,2,12,24,random_regular,10065,0.3636363636363636,0,2,1,validation
G0066,C07,N2,2,SPSA,256,0.7020399305555556,0.0555496212650889,2,12,24,random_regular,10065,0.3636363636363636,1,2,1,validation
G0066,C08,N2,2,SPSA,512,0.6954210069444444,0.0388233540885842,2,12,24,random_regular,10065,0.3636363636363636,1,2,1,validation
G0066,C09,N2,3,COBYLA,256,0.7248263888888888,0.0797950360713986,2,12,24,random_regular,10065,0.3636363636363636,0,2,1,validation
G0066,C10,N2,3,COBYLA,512,0.7183159722222222,0.0758052842678287,2,12,24,random_regular,10065,0.3636363636363636,0,2,1,validation
G0066,C11,N2,3,SPSA,256,0.7194010416666666,0.0475701176579491,2,12,24,random_regular,10065,0.3636363636363636,1,2,1,validation
G0066,C12,N2,3,SPSA,512,0.7555338541666667,0.0271610026627645,2,12,24,random_regular,10065,0.3636363636363636,1,2,1,validation
G0067,C01,N2,1,COBYLA,256,0.6451171875,0.053861649348194,2,12,24,random_regular,10066,0.3636363636363636,0,2,1,train
G0067,C02,N2,1,COBYLA,512,0.656640625,0.0723679596370606,2,12,24,random_regular,10066,0.3636363636363636,0,2,1,train
G0067,C03,N2,1,SPSA,256,0.712109375,0.0005524271728019,2,12,24,random_regular,10066,0.3636363636363636,1,2,1,train
G0067,C04,N2,1,SPSA,512,0.70693359375,0.0040050970028143,2,12,24,random_regular,10066,0.3636363636363636,1,2,1,train
G0067,C05,N2,2,COBYLA,256,0.6865234375,0.0074577668328268,2,12,24,random_regular,10066,0.3636363636363636,0,2,1,train
G0067,C06,N2,2,COBYLA,512,0.6783203125,0.0116009706288417,2,12,24,random_regular,10066,0.3636363636363636,0,2,1,train
G0067,C07,N2,2,SPSA,256,0.6349609375,0.0638053384586298,2,12,24,random_regular,10066,0.3636363636363636,1,2,1,train
G0067,C08,N2,2,SPSA,512,0.63603515625,0.0592478142830135,2,12,24,random_regular,10066,0.3636363636363636,1,2,1,train
G0067,C09,N2,3,COBYLA,256,0.6490234375,0.0814830079882935,2,12,24,random_regular,10066,0.3636363636363636,0,2,1,train
G0067,C10,N2,3,COBYLA,512,0.6462890625,0.0682247558410458,2,12,24,random_regular,10066,0.3636363636363636,0,2,1,train
G0067,C11,N2,3,SPSA,256,0.621875,0.0049718445552178,2,12,24,random_regular,10066,0.3636363636363636,1,2,1,train
G0067,C12,N2,3,SPSA,512,0.67451171875,0.028311892606102,2,12,24,random_regular,10066,0.3636363636363636,1,2,1,train
G0068,C01,N2,1,COBYLA,256,0.64765625,0.0850737846115065,2,12,24,random_regular,10067,0.3636363636363636,0,2,1,test
G0068,C02,N2,1,COBYLA,512,0.6505859375,0.0723679596370608,2,12,24,random_regular,10067,0.3636363636363636,0,2,1,test
G0068,C03,N2,1,SPSA,256,0.6474609375,0.0825878623338974,2,12,24,random_regular,10067,0.3636363636363636,1,2,1,test
G0068,C04,N2,1,SPSA,512,0.6932617187500001,0.023892475223686,2,12,24,random_regular,10067,0.3636363636363636,1,2,1,test
G0068,C05,N2,2,COBYLA,256,0.6703125,0.0,2,12,24,random_regular,10067,0.3636363636363636,0,2,1,test
G0068,C06,N2,2,COBYLA,512,0.6768554687499999,0.0017953883116064,2,12,24,random_regular,10067,0.3636363636363636,0,2,1,test
G0068,C07,N2,2,SPSA,256,0.6451171875,0.0013810679320049,2,12,24,random_regular,10067,0.3636363636363636,1,2,1,test
G0068,C08,N2,2,SPSA,512,0.6353515624999999,0.0439179602377582,2,12,24,random_regular,10067,0.3636363636363636,1,2,1,test
G0068,C09,N2,3,COBYLA,256,0.643359375,0.0740252411554666,2,12,24,random_regular,10067,0.3636363636363636,0,2,1,test
G0068,C10,N2,3,COBYLA,512,0.7033203125,0.0124296113880447,2,12,24,random_regular,10067,0.3636363636363636,0,2,1,test
G0068,C11,N2,3,SPSA,256,0.630078125,0.0215446597392775,2,12,24,random_regular,10067,0.3636363636363636,1,2,1,test
G0068,C12,N2,3,SPSA,512,0.64765625,0.0400509700281442,2,12,24,random_regular,10067,0.3636363636363636,1,2,1,test
G0069,C01,N2,1,COBYLA,256,0.7202690972222222,0.0684395886304687,2,12,24,random_regular,10068,0.3636363636363636,0,2,1,validation
G0069,C02,N2,1,COBYLA,512,0.7805989583333333,0.0067518876675797,2,12,24,random_regular,10068,0.3636363636363636,0,2,1,validation
G0069,C03,N2,1,SPSA,256,0.7289496527777778,0.0813295559958486,2,12,24,random_regular,10068,0.3636363636363636,1,2,1,validation
G0069,C04,N2,1,SPSA,512,0.7297092013888888,0.0744242163358236,2,12,24,random_regular,10068,0.3636363636363636,1,2,1,validation
G0069,C05,N2,2,COBYLA,256,0.7586805555555556,0.0233247028516396,2,12,24,random_regular,10068,0.3636363636363636,0,2,1,validation
G0069,C06,N2,2,COBYLA,512,0.7543402777777777,0.0113554474409298,2,12,24,random_regular,10068,0.3636363636363636,0,2,1,validation
G0069,C07,N2,2,SPSA,256,0.693359375,0.0322249184134494,2,12,24,random_regular,10068,0.3636363636363636,1,2,1,validation
G0069,C08,N2,2,SPSA,512,0.6974826388888888,0.0374422861565794,2,12,24,random_regular,10068,0.3636363636363636,1,2,1,validation
G0069,C09,N2,3,COBYLA,256,0.7641059027777778,0.0156521032293897,2,12,24,random_regular,10068,0.3636363636363636,0,2,1,validation
G0069,C10,N2,3,COBYLA,512,0.7521701388888888,0.0193349510480696,2,12,24,random_regular,10068,0.3636363636363636,0,2,1,validation
G0069,C11,N2,3,SPSA,256,0.7456597222222223,0.0024552318791199,2,12,24,random_regular,10068,0.3636363636363636,1,2,1,validation
G0069,C12,N2,3,SPSA,512,0.7495659722222222,0.0070587916524698,2,12,24,random_regular,10068,0.3636363636363636,1,2,1,validation
G0070,C01,N2,1,COBYLA,256,0.6517578125,0.0676723286682438,2,12,24,random_regular,10069,0.3636363636363636,0,2,1,test
G0070,C02,N2,1,COBYLA,512,0.715625,0.0016572815184059,2,12,24,random_regular,10069,0.3636363636363636,0,2,1,test
G0070,C03,N2,1,SPSA,256,0.662890625,0.0872834933027144,2,12,24,random_regular,10069,0.3636363636363636,1,2,1,test
G0070,C04,N2,1,SPSA,512,0.7056640625,0.0187825238752677,2,12,24,random_regular,10069,0.3636363636363636,1,2,1,test
G0070,C05,N2,2,COBYLA,256,0.6751953125000001,0.000276213586401,2,12,24,random_regular,10069,0.3636363636363636,0,2,1,test
G0070,C06,N2,2,COBYLA,512,0.66591796875,0.0089769415580323,2,12,24,random_regular,10069,0.3636363636363636,0,2,1,test
G0070,C07,N2,2,SPSA,256,0.6449218750000001,0.0430893194785551,2,12,24,random_regular,10069,0.3636363636363636,1,2,1,test
G0070,C08,N2,2,SPSA,512,0.6369140625,0.0441941738241592,2,12,24,random_regular,10069,0.3636363636363636,1,2,1,test
G0070,C09,N2,3,COBYLA,256,0.696484375,0.0099436891104357,2,12,24,random_regular,10069,0.3636363636363636,0,2,1,test
G0070,C10,N2,3,COBYLA,512,0.7017578125,0.0046956309688168,2,12,24,random_regular,10069,0.3636363636363636,0,2,1,test
G0070,C11,N2,3,SPSA,256,0.6677734375,0.0002762135864009,2,12,24,random_regular,10069,0.3636363636363636,1,2,1,test
G0070,C12,N2,3,SPSA,512,0.6234375,0.0055242717280199,2,12,24,random_regular,10069,0.3636363636363636,1,2,1,test
G0071,C01,N2,1,COBYLA,256,0.6352163461538461,0.0667162047153172,2,15,30,random_regular,10070,0.2857142857142857,0,2,1,train
G0071,C02,N2,1,COBYLA,512,0.6852463942307693,0.0006374159686176,2,15,30,random_regular,10070,0.2857142857142857,0,2,1,train
G0071,C03,N2,1,SPSA,256,0.6826923076923077,0.0012748319372353,2,15,30,random_regular,10070,0.2857142857142857,1,2,1,train
G0071,C04,N2,1,SPSA,512,0.6806640625,0.0013810679320049,2,15,30,random_regular,10070,0.2857142857142857,1,2,1,train
G0071,C05,N2,2,COBYLA,256,0.6331129807692307,0.0055242717280199,2,15,30,random_regular,10070,0.2857142857142857,0,2,1,train
G0071,C06,N2,2,COBYLA,512,0.6362680288461539,0.0002124719895392,2,15,30,random_regular,10070,0.2857142857142857,0,2,1,train
G0071,C07,N2,2,SPSA,256,0.6648137019230769,0.0116859594246575,2,15,30,random_regular,10070,0.2857142857142857,1,2,1,train
G0071,C08,N2,2,SPSA,512,0.6633864182692308,0.0236906268336238,2,15,30,random_regular,10070,0.2857142857142857,1,2,1,train
G0071,C09,N2,3,COBYLA,256,0.6176382211538461,0.0575799091651305,2,15,30,random_regular,10070,0.2857142857142857,0,2,1,train
G0071,C10,N2,3,COBYLA,512,0.6578275240384616,0.0213534349486923,2,15,30,random_regular,10070,0.2857142857142857,0,2,1,train
G0071,C11,N2,3,SPSA,256,0.6374699519230769,0.0320832704204233,2,15,30,random_regular,10070,0.2857142857142857,1,2,1,train
G0071,C12,N2,3,SPSA,512,0.5996844951923077,0.0137044433252801,2,15,30,random_regular,10070,0.2857142857142857,1,2,1,train
G0072,C01,N2,1,COBYLA,256,0.6506911057692308,0.0652289007885426,2,15,30,random_regular,10071,0.2857142857142857,0,2,1,validation
G0072,C02,N2,1,COBYLA,512,0.697265625,0.0006374159686176,2,15,30,random_regular,10071,0.2857142857142857,0,2,1,validation
G0072,C03,N2,1,SPSA,256,0.6966646634615384,0.0006374159686176,2,15,30,random_regular,10071,0.2857142857142857,1,2,1,validation
G0072,C04,N2,1,SPSA,512,0.693359375,0.0048868557594022,2,15,30,random_regular,10071,0.2857142857142857,1,2,1,validation
G0072,C05,N2,2,COBYLA,256,0.6379206730769231,0.0123233753932751,2,15,30,random_regular,10071,0.2857142857142857,0,2,1,validation
G0072,C06,N2,2,COBYLA,512,0.6538461538461539,0.0078614636129514,2,15,30,random_regular,10071,0.2857142857142857,0,2,1,validation
G0072,C07,N2,2,SPSA,256,0.6440805288461539,0.1098480185917803,2,15,30,random_regular,10071,0.2857142857142857,1,2,1,validation
G0072,C08,N2,2,SPSA,512,0.6096003605769231,0.0519494014423409,2,15,30,random_regular,10071,0.2857142857142857,1,2,1,validation
G0072,C09,N2,3,COBYLA,256,0.6612079326923077,0.0172102311526773,2,15,30,random_regular,10071,0.2857142857142857,0,2,1,validation
G0072,C10,N2,3,COBYLA,512,0.6684194711538461,0.029958550525031,2,15,30,random_regular,10071,0.2857142857142857,0,2,1,validation
G0072,C11,N2,3,SPSA,256,0.6096754807692308,0.0212471989539227,2,15,30,random_regular,10071,0.2857142857142857,1,2,1,validation
G0072,C12,N2,3,SPSA,512,0.6379206730769231,0.0133857353409713,2,15,30,random_regular,10071,0.2857142857142857,1,2,1,validation
G0073,C01,N2,1,COBYLA,256,0.68212890625,0.0582350311328764,2,15,30,random_regular,10072,0.2857142857142857,0,2,1,train
G0073,C02,N2,1,COBYLA,512,0.748291015625,0.0024168688810087,2,15,30,random_regular,10072,0.2857142857142857,0,2,1,train
G0073,C03,N2,1,SPSA,256,0.74462890625,0.0029923138526773,2,15,30,random_regular,10072,0.2857142857142857,1,2,1,train
G0073,C04,N2,1,SPSA,512,0.748046875,0.0032224918413449,2,15,30,random_regular,10072,0.2857142857142857,1,2,1,train
G0073,C05,N2,2,COBYLA,256,0.6930338541666667,0.0032224918413449,2,15,30,random_regular,10072,0.2857142857142857,0,2,1,train
G0073,C06,N2,2,COBYLA,512,0.7083333333333334,0.0082864075920298,2,15,30,random_regular,10072,0.2857142857142857,0,2,1,train
G0073,C07,N2,2,SPSA,256,0.6647135416666666,0.0234781548440845,2,15,30,random_regular,10072,0.2857142857142857,1,2,1,train
G0073,C08,N2,2,SPSA,512,0.6792805989583334,0.0279666256231007,2,15,30,random_regular,10072,0.2857142857142857,1,2,1,train
G0073,C09,N2,3,COBYLA,256,0.7177734375,0.0,2,15,30,random_regular,10072,0.2857142857142857,0,2,1,train
G0073,C10,N2,3,COBYLA,512,0.715576171875,0.0173784381443959,2,15,30,random_regular,10072,0.2857142857142857,0,2,1,train
G0073,C11,N2,3,SPSA,256,0.6809895833333334,0.052480581416189,2,15,30,random_regular,10072,0.2857142857142857,1,2,1,train
G0073,C12,N2,3,SPSA,512,0.642578125,0.000460355977335,2,15,30,random_regular,10072,0.2857142857142857,1,2,1,train
G0074,C01,N2,1,COBYLA,256,0.6096754807692308,0.0263465267028641,2,15,30,random_regular,10073,0.2857142857142857,0,2,1,validation
G0074,C02,N2,1,COBYLA,512,0.6912560096153846,0.0004249439790784,2,15,30,random_regular,10073,0.2857142857142857,0,2,1,validation
G0074,C03,N2,1,SPSA,256,0.6903545673076923,0.0010623599476961,2,15,30,random_regular,10073,0.2857142857142857,1,2,1,validation
G0074,C04,N2,1,SPSA,512,0.6908804086538461,0.0022309558901619,2,15,30,random_regular,10073,0.2857142857142857,1,2,1,validation
G0074,C05,N2,2,COBYLA,256,0.6403245192307693,0.013173263351432,2,15,30,random_regular,10073,0.2857142857142857,0,2,1,validation
G0074,C06,N2,2,COBYLA,512,0.6579777644230769,0.0026558998692403,2,15,30,random_regular,10073,0.2857142857142857,0,2,1,validation
G0074,C07,N2,2,SPSA,256,0.6177884615384615,0.0416445099496885,2,15,30,random_regular,10073,0.2857142857142857,1,2,1,validation
G0074,C08,N2,2,SPSA,512,0.5979567307692308,0.0259215827237856,2,15,30,random_regular,10073,0.2857142857142857,1,2,1,validation
G0074,C09,N2,3,COBYLA,256,0.6672175480769231,0.0070115756547943,2,15,30,random_regular,10073,0.2857142857142857,0,2,1,validation
G0074,C10,N2,3,COBYLA,512,0.6533203125,0.0241155708127022,2,15,30,random_regular,10073,0.2857142857142857,0,2,1,validation
G0074,C11,N2,3,SPSA,256,0.6141826923076923,0.0267714706819425,2,15,30,random_regular,10073,0.2857142857142857,1,2,1,validation
G0074,C12,N2,3,SPSA,512,0.6008864182692307,0.0041432037960149,2,15,30,random_regular,10073,0.2857142857142857,1,2,1,validation
G0075,C01,N2,1,COBYLA,256,0.7487571022727273,0.076586494411185,2,15,30,random_regular,10074,0.2857142857142857,0,2,1,train
G0075,C02,N2,1,COBYLA,512,0.7531960227272727,0.0793486302751949,2,15,30,random_regular,10074,0.2857142857142857,0,2,1,train
G0075,C03,N2,1,SPSA,256,0.7535511363636364,0.0883883476483184,2,15,30,random_regular,10074,0.2857142857142857,1,2,1,train
G0075,C04,N2,1,SPSA,512,0.8135653409090908,0.0042687554261971,2,15,30,random_regular,10074,0.2857142857142857,1,2,1,train
G0075,C05,N2,2,COBYLA,256,0.740234375,0.0268680488590059,2,15,30,random_regular,10074,0.2857142857142857,0,2,1,train
G0075,C06,N2,2,COBYLA,512,0.7639382102272727,0.004645410316744,2,15,30,random_regular,10074,0.2857142857142857,0,2,1,train
G0075,C07,N2,2,SPSA,256,0.7737926136363636,0.0286257716815577,2,15,30,random_regular,10074,0.2857142857142857,1,2,1,train
G0075,C08,N2,2,SPSA,512,0.7467151988636364,0.0124296113880447,2,15,30,random_regular,10074,0.2857142857142857,1,2,1,train
G0075,C09,N2,3,COBYLA,256,0.7322443181818181,0.0683000868191551,2,15,30,random_regular,10074,0.2857142857142857,0,2,1,train
G0075,C10,N2,3,COBYLA,512,0.7358842329545454,0.0485884808805387,2,15,30,random_regular,10074,0.2857142857142857,0,2,1,train
G0075,C11,N2,3,SPSA,256,0.7574573863636364,0.0075330978109362,2,15,30,random_regular,10074,0.2857142857142857,1,2,1,train
G0075,C12,N2,3,SPSA,512,0.7759232954545454,0.0205904673498924,2,15,30,random_regular,10074,0.2857142857142857,1,2,1,train
G0076,C01,N2,1,COBYLA,256,0.5985576923076923,0.0165728151840597,2,15,30,random_regular,10075,0.2857142857142857,0,2,1,train
G0076,C02,N2,1,COBYLA,512,0.6834435096153846,0.0025496638744707,2,15,30,random_regular,10075,0.2857142857142857,0,2,1,train
G0076,C03,N2,1,SPSA,256,0.6314603365384615,0.066503732725778,2,15,30,random_regular,10075,0.2857142857142857,1,2,1,train
G0076,C04,N2,1,SPSA,512,0.6844951923076923,0.0014873039267746,2,15,30,random_regular,10075,0.2857142857142857,1,2,1,train
G0076,C05,N2,2,COBYLA,256,0.6478365384615384,0.0110485434560398,2,15,30,random_regular,10075,0.2857142857142857,0,2,1,train
G0076,C06,N2,2,COBYLA,512,0.6449068509615385,0.005205563743711,2,15,30,random_regular,10075,0.2857142857142857,0,2,1,train
G0076,C07,N2,2,SPSA,256,0.6014122596153846,0.0384574301066001,2,15,30,random_regular,10075,0.2857142857142857,1,2,1,train
G0076,C08,N2,2,SPSA,512,0.6275540865384616,0.0801019400562885,2,15,30,random_regular,10075,0.2857142857142857,1,2,1,train
G0076,C09,N2,3,COBYLA,256,0.6206430288461539,0.0699032845584057,2,15,30,random_regular,10075,0.2857142857142857,0,2,1,train
G0076,C10,N2,3,COBYLA,512,0.6217698317307692,0.0700095205531753,2,15,30,random_regular,10075,0.2857142857142857,0,2,1,train
G0076,C11,N2,3,SPSA,256,0.6059194711538461,0.0325082143995017,2,15,30,random_regular,10075,0.2857142857142857,1,2,1,train
G0076,C12,N2,3,SPSA,512,0.6065955528846154,0.006055451701868,2,15,30,random_regular,10075,0.2857142857142857,1,2,1,train
G0077,C01,N2,1,COBYLA,256,0.6951497395833333,0.078490694135616,2,15,30,random_regular,10076,0.2857142857142857,0,2,1,train
G0077,C02,N2,1,COBYLA,512,0.7205403645833333,0.0391302580734743,2,15,30,random_regular,10076,0.2857142857142857,0,2,1,train
G0077,C03,N2,1,SPSA,256,0.6927083333333333,0.0722758884415937,2,15,30,random_regular,10076,0.2857142857142857,1,2,1,train
G0077,C04,N2,1,SPSA,512,0.7467447916666667,0.0025319578753423,2,15,30,random_regular,10076,0.2857142857142857,1,2,1,train
G0077,C05,N2,2,COBYLA,256,0.6780598958333333,0.0142710352973846,2,15,30,random_regular,10076,0.2857142857142857,0,2,1,train
G0077,C06,N2,2,COBYLA,512,0.687744140625,0.0010358009490037,2,15,30,random_regular,10076,0.2857142857142857,0,2,1,train
G0077,C07,N2,2,SPSA,256,0.65087890625,0.0517900474501865,2,15,30,random_regular,10076,0.2857142857142857,1,2,1,train
G0077,C08,N2,2,SPSA,512,0.6764322916666667,0.0513296914728515,2,15,30,random_regular,10076,0.2857142857142857,1,2,1,train
G0077,C09,N2,3,COBYLA,256,0.6666666666666667,0.0699741085549187,2,15,30,random_regular,10076,0.2857142857142857,0,2,1,train
G0077,C10,N2,3,COBYLA,512,0.6993815104166667,0.0340663423227893,2,15,30,random_regular,10076,0.2857142857142857,0,2,1,train
G0077,C11,N2,3,SPSA,256,0.6432291666666667,0.0023017798866749,2,15,30,random_regular,10076,0.2857142857142857,1,2,1,train
G0077,C12,N2,3,SPSA,512,0.633544921875,0.0111636324503736,2,15,30,random_regular,10076,0.2857142857142857,1,2,1,train
G0078,C01,N2,1,COBYLA,256,0.7521158854166666,0.0006905339660024,2,15,30,random_regular,10077,0.2857142857142857,0,2,1,train
G0078,C02,N2,1,COBYLA,512,0.747314453125,0.0008056229603362,2,15,30,random_regular,10077,0.2857142857142857,0,2,1,train
G0078,C03,N2,1,SPSA,256,0.7469075520833333,0.0052940937393523,2,15,30,random_regular,10077,0.2857142857142857,1,2,1,train
G0078,C04,N2,1,SPSA,512,0.7516276041666666,0.0020716018980074,2,15,30,random_regular,10077,0.2857142857142857,1,2,1,train
G0078,C05,N2,2,COBYLA,256,0.6982421875,0.0027621358640099,2,15,30,random_regular,10077,0.2857142857142857,0,2,1,train
G0078,C06,N2,2,COBYLA,512,0.699951171875,0.0077109626203611,2,15,30,random_regular,10077,0.2857142857142857,0,2,1,train
G0078,C07,N2,2,SPSA,256,0.6746419270833333,0.0057544497166873,2,15,30,random_regular,10077,0.2857142857142857,1,2,1,train
G0078,C08,N2,2,SPSA,512,0.686767578125,0.039705703045143,2,15,30,random_regular,10077,0.2857142857142857,1,2,1,train
G0078,C09,N2,3,COBYLA,256,0.6798502604166666,0.0780303381582811,2,15,30,random_regular,10077,0.2857142857142857,0,2,1,train
G0078,C10,N2,3,COBYLA,512,0.706298828125,0.0300382275211082,2,15,30,random_regular,10077,0.2857142857142857,0,2,1,train
G0078,C11,N2,3,SPSA,256,0.6710611979166667,0.0209461969687421,2,15,30,random_regular,10077,0.2857142857142857,1,2,1,train
G0078,C12,N2,3,SPSA,512,0.628662109375,0.0097825645183686,2,15,30,random_regular,10077,0.2857142857142857,1,2,1,train
G0079,C01,N2,1,COBYLA,256,0.7522786458333334,0.0041432037960149,2,15,30,random_regular,10078,0.2857142857142857,0,2,1,train
G0079,C02,N2,1,COBYLA,512,0.757568359375,0.0008056229603362,2,15,30,random_regular,10078,0.2857142857142857,0,2,1,train
G0079,C03,N2,1,SPSA,256,0.7574869791666667,0.0018414239093399,2,15,30,random_regular,10078,0.2857142857142857,1,2,1,train
G0079,C04,N2,1,SPSA,512,0.7547200520833333,0.0057544497166873,2,15,30,random_regular,10078,0.2857142857142857,1,2,1,train
G0079,C05,N2,2,COBYLA,256,0.703125,0.0087467635693648,2,15,30,random_regular,10078,0.2857142857142857,0,2,1,train
G0079,C06,N2,2,COBYLA,512,0.702880859375,0.0014961569263387,2,15,30,random_regular,10078,0.2857142857142857,0,2,1,train
G0079,C07,N2,2,SPSA,256,0.66259765625,0.0034526698300124,2,15,30,random_regular,10078,0.2857142857142857,1,2,1,train
G0079,C08,N2,2,SPSA,512,0.676025390625,0.009552386529701,2,15,30,random_regular,10078,0.2857142857142857,1,2,1,train
G0079,C09,N2,3,COBYLA,256,0.7278645833333333,0.0009207119546699,2,15,30,random_regular,10078,0.2857142857142857,0,2,1,train
G0079,C10,N2,3,COBYLA,512,0.7200520833333333,0.0080562296033623,2,15,30,random_regular,10078,0.2857142857142857,0,2,1,train
G0079,C11,N2,3,SPSA,256,0.6614583333333333,0.0073656956373598,2,15,30,random_regular,10078,0.2857142857142857,1,2,1,train
G0079,C12,N2,3,SPSA,512,0.6591796875,0.0276213586400995,2,15,30,random_regular,10078,0.2857142857142857,1,2,1,train
G0080,C01,N2,1,COBYLA,256,0.7008713942307692,0.0010623599476961,2,15,30,random_regular,10079,0.2857142857142857,0,2,1,train
G0080,C02,N2,1,COBYLA,512,0.6084735576923077,0.0378200141379823,2,15,30,random_regular,10079,0.2857142857142857,0,2,1,train
G0080,C03,N2,1,SPSA,256,0.7023737980769231,0.0010623599476961,2,15,30,random_regular,10079,0.2857142857142857,1,2,1,train
G0080,C04,N2,1,SPSA,512,0.6981670673076923,0.0025496638744706,2,15,30,random_regular,10079,0.2857142857142857,1,2,1,train
G0080,C05,N2,2,COBYLA,256,0.6293569711538461,0.0371825981693647,2,15,30,random_regular,10079,0.2857142857142857,0,2,1,train
G0080,C06,N2,2,COBYLA,512,0.6645132211538461,0.0014873039267746,2,15,30,random_regular,10079,0.2857142857142857,0,2,1,train
G0080,C07,N2,2,SPSA,256,0.6443810096153846,0.094550035344956,2,15,30,random_regular,10079,0.2857142857142857,1,2,1,train
G0080,C08,N2,2,SPSA,512,0.6141075721153846,0.0513119854737233,2,15,30,random_regular,10079,0.2857142857142857,1,2,1,train
G0080,C09,N2,3,COBYLA,256,0.6705228365384616,0.0091362955501867,2,15,30,random_regular,10079,0.2857142857142857,0,2,1,train
G0080,C10,N2,3,COBYLA,512,0.6681941105769231,0.0232656828545453,2,15,30,random_regular,10079,0.2857142857142857,0,2,1,train
G0080,C11,N2,3,SPSA,256,0.6514423076923077,0.0165728151840597,2,15,30,random_regular,10079,0.2857142857142857,1,2,1,train
G0080,C12,N2,3,SPSA,512,0.6188401442307692,0.0169977591631382,2,15,30,random_regular,10079,0.2857142857142857,1,2,1,train
G0081,C01,N2,1,COBYLA,256,0.7074497767857143,0.0834559621768721,2,18,36,random_regular,10080,0.2352941176470588,0,2,1,test
G0081,C02,N2,1,COBYLA,512,0.76611328125,0.0008878293848602,2,18,36,random_regular,10080,0.2352941176470588,0,2,1,test
G0081,C03,N2,1,SPSA,256,0.7018694196428572,0.0933207331197648,2,18,36,random_regular,10080,0.2352941176470588,1,2,1,test
G0081,C04,N2,1,SPSA,512,0.7647181919642857,0.0020716018980074,2,18,36,random_regular,10080,0.2352941176470588,1,2,1,test
G0081,C05,N2,2,COBYLA,256,0.7124720982142857,0.005326976309162,2,18,36,random_regular,10080,0.2352941176470588,0,2,1,test
G0081,C06,N2,2,COBYLA,512,0.7198660714285714,0.0013810679320049,2,18,36,random_regular,10080,0.2352941176470588,0,2,1,test
G0081,C07,N2,2,SPSA,256,0.6962890625,0.0692506920191066,2,18,36,random_regular,10080,0.2352941176470588,1,2,1,test
G0081,C08,N2,2,SPSA,512,0.6852678571428572,0.0528751722539047,2,18,36,random_regular,10080,0.2352941176470588,1,2,1,test
G0081,C09,N2,3,COBYLA,256,0.6813616071428572,0.0615561706836503,2,18,36,random_regular,10080,0.2352941176470588,0,2,1,test
G0081,C10,N2,3,COBYLA,512,0.7504185267857143,0.009470180105177,2,18,36,random_regular,10080,0.2352941176470588,0,2,1,test
G0081,C11,N2,3,SPSA,256,0.6648995535714286,0.0067080442411669,2,18,36,random_regular,10080,0.2352941176470588,1,2,1,test
G0081,C12,N2,3,SPSA,512,0.6793387276785714,0.0365983001981318,2,18,36,random_regular,10080,0.2352941176470588,1,2,1,test
G0082,C01,N2,1,COBYLA,256,0.6650390625,0.0159809289274861,2,18,36,random_regular,10081,0.2352941176470588,0,2,1,test
G0082,C02,N2,1,COBYLA,512,0.7083565848214286,0.0693493397285356,2,18,36,random_regular,10081,0.2352941176470588,0,2,1,test
G0082,C03,N2,1,SPSA,256,0.7576729910714286,0.0021702496074363,2,18,36,random_regular,10081,0.2352941176470588,1,2,1,test
G0082,C04,N2,1,SPSA,512,0.7560686383928571,0.0006905339660024,2,18,36,random_regular,10081,0.2352941176470588,1,2,1,test
G0082,C05,N2,2,COBYLA,256,0.7241908482142857,0.0112458388748976,2,18,36,random_regular,10081,0.2352941176470588,0,2,1,test
G0082,C06,N2,2,COBYLA,512,0.7268415178571429,0.0,2,18,36,random_regular,10081,0.2352941176470588,0,2,1,test
G0082,C07,N2,2,SPSA,256,0.6821986607142857,0.0441941738241592,2,18,36,random_regular,10081,0.2352941176470588,1,2,1,test
G0082,C08,N2,2,SPSA,512,0.6936383928571428,0.0092728846863191,2,18,36,random_regular,10081,0.2352941176470588,1,2,1,test
G0082,C09,N2,3,COBYLA,256,0.6837332589285714,0.0692506920191067,2,18,36,random_regular,10081,0.2352941176470588,0,2,1,test
G0082,C10,N2,3,COBYLA,512,0.728515625,0.0325537441115458,2,18,36,random_regular,10081,0.2352941176470588,0,2,1,test
G0082,C11,N2,3,SPSA,256,0.6918247767857143,0.028213244896673,2,18,36,random_regular,10081,0.2352941176470588,1,2,1,test
G0082,C12,N2,3,SPSA,512,0.6859654017857142,0.018940360210354,2,18,36,random_regular,10081,0.2352941176470588,1,2,1,test
G0083,C01,N2,1,COBYLA,256,0.7197916666666666,0.0062608412917559,2,18,36,random_regular,10082,0.2352941176470588,0,2,1,test
G0083,C02,N2,1,COBYLA,512,0.662890625,0.0848896422205724,2,18,36,random_regular,10082,0.2352941176470588,0,2,1,test
G0083,C03,N2,1,SPSA,256,0.7131510416666667,0.0049718445552179,2,18,36,random_regular,10082,0.2352941176470588,1,2,1,test
G0083,C04,N2,1,SPSA,512,0.7201171875,0.0017493527138729,2,18,36,random_regular,10082,0.2352941176470588,1,2,1,test
G0083,C05,N2,2,COBYLA,256,0.684375,0.0014731391274719,2,18,36,random_regular,10082,0.2352941176470588,0,2,1,test
G0083,C06,N2,2,COBYLA,512,0.6804036458333333,0.0024859222776089,2,18,36,random_regular,10082,0.2352941176470588,0,2,1,test
G0083,C07,N2,2,SPSA,256,0.6799479166666667,0.0250433651670235,2,18,36,random_regular,10082,0.2352941176470588,1,2,1,test
G0083,C08,N2,2,SPSA,512,0.6444661458333334,0.0431813906740222,2,18,36,random_regular,10082,0.2352941176470588,1,2,1,test
G0083,C09,N2,3,COBYLA,256,0.70390625,0.003314563036812,2,18,36,random_regular,10082,0.2352941176470588,0,2,1,test
G0083,C10,N2,3,COBYLA,512,0.6796223958333334,0.0302914233086424,2,18,36,random_regular,10082,0.2352941176470588,0,2,1,test
G0083,C11,N2,3,SPSA,256,0.6759114583333333,0.0023938510821419,2,18,36,random_regular,10082,0.2352941176470588,1,2,1,test
G0083,C12,N2,3,SPSA,512,0.6529296874999999,0.057728639557808,2,18,36,random_regular,10082,0.2352941176470588,1,2,1,test
G0084,C01,N2,1,COBYLA,256,0.66015625,0.0828640759202985,2,18,36,random_regular,10083,0.2352941176470588,0,2,1,validation
G0084,C02,N2,1,COBYLA,512,0.662890625,0.0880200628664503,2,18,36,random_regular,10083,0.2352941176470588,0,2,1,validation
G0084,C03,N2,1,SPSA,256,0.6580729166666667,0.0780763737560145,2,18,36,random_regular,10083,0.2352941176470588,1,2,1,validation
G0084,C04,N2,1,SPSA,512,0.7193359375,0.0061687700962889,2,18,36,random_regular,10083,0.2352941176470588,1,2,1,validation
G0084,C05,N2,2,COBYLA,256,0.6790364583333333,0.0068132684645579,2,18,36,random_regular,10083,0.2352941176470588,0,2,1,validation
G0084,C06,N2,2,COBYLA,512,0.6840494791666667,0.0037749190141469,2,18,36,random_regular,10083,0.2352941176470588,0,2,1,validation
G0084,C07,N2,2,SPSA,256,0.6427083333333333,0.0217288021302116,2,18,36,random_regular,10083,0.2352941176470588,1,2,1,validation
G0084,C08,N2,2,SPSA,512,0.6373697916666667,0.048613591206575,2,18,36,random_regular,10083,0.2352941176470588,1,2,1,validation
G0084,C09,N2,3,COBYLA,256,0.6468750000000001,0.0788129433197505,2,18,36,random_regular,10083,0.2352941176470588,0,2,1,validation
G0084,C10,N2,3,COBYLA,512,0.6544270833333333,0.0777080889741466,2,18,36,random_regular,10083,0.2352941176470588,0,2,1,validation
G0084,C11,N2,3,SPSA,256,0.666796875,0.0241226532123535,2,18,36,random_regular,10083,0.2352941176470588,1,2,1,validation
G0084,C12,N2,3,SPSA,512,0.6652994791666667,0.0183221678979326,2,18,36,random_regular,10083,0.2352941176470588,1,2,1,validation
G0085,C01,N2,1,COBYLA,256,0.708984375,0.0820748942448671,2,18,36,random_regular,10084,0.2352941176470588,0,2,1,train
G0085,C02,N2,1,COBYLA,512,0.7112862723214286,0.080792474022291,2,18,36,random_regular,10084,0.2352941176470588,0,2,1,train
G0085,C03,N2,1,SPSA,256,0.7681361607142857,0.0011837725131471,2,18,36,random_regular,10084,0.2352941176470588,1,2,1,train
G0085,C04,N2,1,SPSA,512,0.7673688616071428,0.0008878293848604,2,18,36,random_regular,10084,0.2352941176470588,1,2,1,train
G0085,C05,N2,2,COBYLA,256,0.7239118303571428,0.008089112173172,2,18,36,random_regular,10084,0.2352941176470588,0,2,1,train
G0085,C06,N2,2,COBYLA,512,0.7210518973214286,0.0004932385471445,2,18,36,random_regular,10084,0.2352941176470588,0,2,1,train
G0085,C07,N2,2,SPSA,256,0.7021484375,0.0084837030108876,2,18,36,random_regular,10084,0.2352941176470588,1,2,1,train
G0085,C08,N2,2,SPSA,512,0.7112165178571428,0.0280159494778152,2,18,36,random_regular,10084,0.2352941176470588,1,2,1,train
G0085,C09,N2,3,COBYLA,256,0.7398158482142857,0.0167701106029175,2,18,36,random_regular,10084,0.2352941176470588,0,2,1,train
G0085,C10,N2,3,COBYLA,512,0.7380719866071428,0.02298491629694,2,18,36,random_regular,10084,0.2352941176470588,0,2,1,train
G0085,C11,N2,3,SPSA,256,0.6976841517857142,0.0120350205503291,2,18,36,random_regular,10084,0.2352941176470588,1,2,1,train
G0085,C12,N2,3,SPSA,512,0.7041015625,0.04044556086586,2,18,36,random_regular,10084,0.2352941176470588,1,2,1,train
G0086,C01,N2,1,COBYLA,256,0.7127604166666667,0.0011048543456039,2,18,36,random_regular,10085,0.2352941176470588,0,2,1,train
G0086,C02,N2,1,COBYLA,512,0.664453125,0.0659229759543708,2,18,36,random_regular,10085,0.2352941176470588,0,2,1,train
G0086,C03,N2,1,SPSA,256,0.7085937499999999,0.0040511326005478,2,18,36,random_regular,10085,0.2352941176470588,1,2,1,train
G0086,C04,N2,1,SPSA,512,0.71484375,0.0053401293370859,2,18,36,random_regular,10085,0.2352941176470588,1,2,1,train
G0086,C05,N2,2,COBYLA,256,0.6583333333333333,0.0007365695637359,2,18,36,random_regular,10085,0.2352941176470588,0,2,1,train
G0086,C06,N2,2,COBYLA,512,0.6795572916666667,0.0051559869461519,2,18,36,random_regular,10085,0.2352941176470588,0,2,1,train
G0086,C07,N2,2,SPSA,256,0.64765625,0.0029462782549439,2,18,36,random_regular,10085,0.2352941176470588,1,2,1,train
G0086,C08,N2,2,SPSA,512,0.6264322916666667,0.0377491901414692,2,18,36,random_regular,10085,0.2352941176470588,1,2,1,train
G0086,C09,N2,3,COBYLA,256,0.6587239583333333,0.050270872724981,2,18,36,random_regular,10085,0.2352941176470588,0,2,1,train
G0086,C10,N2,3,COBYLA,512,0.6560546875,0.0674881862773098,2,18,36,random_regular,10085,0.2352941176470588,0,2,1,train
G0086,C11,N2,3,SPSA,256,0.6391927083333333,0.0127058249744457,2,18,36,random_regular,10085,0.2352941176470588,1,2,1,train
G0086,C12,N2,3,SPSA,512,0.6657552083333333,0.0226495140848815,2,18,36,random_regular,10085,0.2352941176470588,1,2,1,train
G0087,C01,N2,1,COBYLA,256,0.641796875,0.0638974096540969,2,18,36,random_regular,10086,0.2352941176470588,0,2,1,test
G0087,C02,N2,1,COBYLA,512,0.7099609375,0.0126137537789787,2,18,36,random_regular,10086,0.2352941176470588,0,2,1,test
G0087,C03,N2,1,SPSA,256,0.7092447916666667,0.0031304206458779,2,18,36,random_regular,10086,0.2352941176470588,1,2,1,test
G0087,C04,N2,1,SPSA,512,0.6578125,0.0793653704925526,2,18,36,random_regular,10086,0.2352941176470588,1,2,1,test
G0087,C05,N2,2,COBYLA,256,0.6729166666666666,0.0062608412917559,2,18,36,random_regular,10086,0.2352941176470588,0,2,1,test
G0087,C06,N2,2,COBYLA,512,0.6776692708333334,0.0061687700962888,2,18,36,random_regular,10086,0.2352941176470588,0,2,1,test
G0087,C07,N2,2,SPSA,256,0.6605468750000001,0.050639157506849,2,18,36,random_regular,10086,0.2352941176470588,1,2,1,test
G0087,C08,N2,2,SPSA,512,0.6343749999999999,0.0287262129857035,2,18,36,random_regular,10086,0.2352941176470588,1,2,1,test
G0087,C09,N2,3,COBYLA,256,0.6563802083333333,0.0690533966002487,2,18,36,random_regular,10086,0.2352941176470588,0,2,1,test
G0087,C10,N2,3,COBYLA,512,0.6525390625,0.0706186069231877,2,18,36,random_regular,10086,0.2352941176470588,0,2,1,test
G0087,C11,N2,3,SPSA,256,0.67890625,0.0165728151840597,2,18,36,random_regular,10086,0.2352941176470588,1,2,1,test
G0087,C12,N2,3,SPSA,512,0.6530598958333333,0.0065370548781569,2,18,36,random_regular,10086,0.2352941176470588,1,2,1,test
G0088,C01,N2,1,COBYLA,256,0.7188895089285714,0.0518886951596154,2,18,36,random_regular,10087,0.2352941176470588,0,2,1,train
G0088,C02,N2,1,COBYLA,512,0.7660435267857142,0.0023675450262942,2,18,36,random_regular,10087,0.2352941176470588,0,2,1,train
G0088,C03,N2,1,SPSA,256,0.7367466517857143,0.0357104708132715,2,18,36,random_regular,10087,0.2352941176470588,1,2,1,train
G0088,C04,N2,1,SPSA,512,0.7604631696428571,0.0069053396600248,2,18,36,random_regular,10087,0.2352941176470588,1,2,1,train
G0088,C05,N2,2,COBYLA,256,0.6986607142857143,0.0288051311532466,2,18,36,random_regular,10087,0.2352941176470588,0,2,1,train
G0088,C06,N2,2,COBYLA,512,0.7300502232142857,0.0090755892674612,2,18,36,random_regular,10087,0.2352941176470588,0,2,1,train
G0088,C07,N2,2,SPSA,256,0.7123325892857143,0.043010401311012,2,18,36,random_regular,10087,0.2352941176470588,1,2,1,train
G0088,C08,N2,2,SPSA,512,0.7005440848214286,0.087500518263458,2,18,36,random_regular,10087,0.2352941176470588,1,2,1,train
G0088,C09,N2,3,COBYLA,256,0.6948939732142858,0.0763533270979893,2,18,36,random_regular,10087,0.2352941176470588,0,2,1,train
G0088,C10,N2,3,COBYLA,512,0.6921037946428572,0.0666858515739544,2,18,36,random_regular,10087,0.2352941176470588,0,2,1,train
G0088,C11,N2,3,SPSA,256,0.7075892857142857,0.006708044241167,2,18,36,random_regular,10087,0.2352941176470588,1,2,1,train
G0088,C12,N2,3,SPSA,512,0.7073102678571428,0.0305807899229673,2,18,36,random_regular,10087,0.2352941176470588,1,2,1,train
G0089,C01,N2,1,COBYLA,256,0.7109375,0.0033145630368119,2,18,36,random_regular,10088,0.2352941176470588,0,2,1,validation
G0089,C02,N2,1,COBYLA,512,0.658203125,0.0762349498466747,2,18,36,random_regular,10088,0.2352941176470588,0,2,1,validation
G0089,C03,N2,1,SPSA,256,0.7093750000000001,0.0018414239093399,2,18,36,random_regular,10088,0.2352941176470588,1,2,1,validation
G0089,C04,N2,1,SPSA,512,0.7097005208333333,0.0039590614050809,2,18,36,random_regular,10088,0.2352941176470588,1,2,1,validation
G0089,C05,N2,2,COBYLA,256,0.6497395833333334,0.0497184455521791,2,18,36,random_regular,10088,0.2352941176470588,0,2,1,validation
G0089,C06,N2,2,COBYLA,512,0.6785807291666667,0.0105881874787047,2,18,36,random_regular,10088,0.2352941176470588,0,2,1,validation
G0089,C07,N2,2,SPSA,256,0.6583333333333333,0.0106802586741718,2,18,36,random_regular,10088,0.2352941176470588,1,2,1,validation
G0089,C08,N2,2,SPSA,512,0.7003255208333333,0.0326852743907843,2,18,36,random_regular,10088,0.2352941176470588,1,2,1,validation
G0089,C09,N2,3,COBYLA,256,0.6812499999999999,0.0316724912406474,2,18,36,random_regular,10088,0.2352941176470588,0,2,1,validation
G0089,C10,N2,3,COBYLA,512,0.6992838541666667,0.0124296113880447,2,18,36,random_regular,10088,0.2352941176470588,0,2,1,validation
G0089,C11,N2,3,SPSA,256,0.648046875,0.0104961162832378,2,18,36,random_regular,10088,0.2352941176470588,1,2,1,validation
G0089,C12,N2,3,SPSA,512,0.6550130208333333,0.0190587374616686,2,18,36,random_regular,10088,0.2352941176470588,1,2,1,validation
